praise_chr_site	src_chrom	src_start	src_end	source_interval_flag	coordinate_parser_mode	coordinate_usable	source_signal	gene	n_source_records	source_signal_rank	writer_set	n_writer_assignments	writer_assigned	BID_support	BID_strand_ambiguous	BID_matching_strands	ELAP_support	ELAP_strand_ambiguous	ELAP_matching_strands	analysis_included	support_pattern	assay_breadth	chemistry_breadth
NONE					unparsed	False	0.15886305555555555	ALDH18A1|EPB41L2|FN1|LUZP6|NPM3|SLC4A1AP|TUG1	9	0.6915038618809632	DKC1,PUS7,TRUB1	3	1							False	coordinate_unknown_excluded		
chr10_100362656-100362657	chr10	100362656.0	100362657.0	1.0	tail_pattern_1	True	0.058274000000000006	SCD	1	0.05724670604270786		0	0	0.0	0.0		0.0	0.0		True	PRAISE_only	1.0	1.0
chr10_100552574-100552575	chr10	100552574.0	100552575.0	1.0	tail_pattern_1	True	0.2320235	HIF1AN	1	0.793730122671513	TRUB1	1	1	0.0	0.0		1.0	0.0	+	True	PRAISE+ELAP_cross_chemistry	2.0	2.0
chr10_1010457	chr10	1010457.0	1010457.0	0.0	tail_pattern_1	True	0.065308	GTPBP4	1	0.13266696955929122		0	0	0.0	0.0		0.0	0.0		True	PRAISE_only	1.0	1.0
chr10_101612402-101612400	chr10	101612400.0	101612402.0	1.0	tail_pattern_1	True	0.18700899999999998	FBXW4	1	0.7464788732394366	DKC1	1	1	0.0	0.0		1.0	0.0	-	True	PRAISE+ELAP_cross_chemistry	2.0	2.0
chr10_101784908-101784907	chr10	101784907.0	101784908.0	1.0	tail_pattern_1	True	0.1084725	OGA	1	0.5097682871422081	TRUB1	1	1	0.0	0.0		0.0	0.0		True	PRAISE_only	1.0	1.0
chr10_102362518	chr10	102362518.0	102362518.0	0.0	tail_pattern_1	True	0.067107	GBF1	1	0.15810995002271694		0	0	0.0	0.0		0.0	0.0		True	PRAISE_only	1.0	1.0
chr10_102456105-102456107	chr10	102456105.0	102456107.0	1.0	tail_pattern_1	True	0.0760025	C10orf95-AS1	1	0.25124943207632894		0	0	0.0	0.0		1.0	0.0	+	True	PRAISE+ELAP_cross_chemistry	2.0	2.0
chr10_102737663	chr10	102737663.0	102737663.0	0.0	tail_pattern_1	True	0.1642675	SFXN2	1	0.7033166742389823	DKC1	1	1	0.0	0.0		0.0	0.0		True	PRAISE_only	1.0	1.0
chr10_102874649	chr10	102874649.0	102874649.0	0.0	tail_pattern_1	True	0.1066195	BORCS7-ASMT	1	0.49977283053157656		0	0	0.0	0.0		0.0	0.0		True	PRAISE_only	1.0	1.0
chr10_103425426	chr10	103425426.0	103425426.0	0.0	tail_pattern_1	True	0.150223	PDCD11	1	0.6692412539754657	PUS7	1	1	1.0	0.0	+	0.0	0.0		True	PRAISE+BID_same_family	2.0	1.0
chr10_103595620-103595619	chr10	103595619.0	103595620.0	1.0	tail_pattern_1	True	0.5714475	SH3PXD2A	1	0.927305770104498	TRUB1	1	1	1.0	0.0	-	1.0	0.0	-	True	PRAISE+BID+ELAP	3.0	2.0
chr10_1044100-1044099	chr10	1044099.0	1044100.0	1.0	tail_pattern_1	True	0.9166399999999999	IDI1	1	0.987732848705134	TRUB1	1	1	0.0	0.0		1.0	0.0	-	True	PRAISE+ELAP_cross_chemistry	2.0	2.0
chr10_114431496-114431495	chr10	114431495.0	114431496.0	1.0	tail_pattern_1	True	0.089474	ABLIM1	1	0.37891867333030443		0	0	0.0	0.0		0.0	0.0		True	PRAISE_only	1.0	1.0
chr10_119072982-119072981	chr10	119072981.0	119072982.0	1.0	tail_pattern_1	True	0.593747	EIF3A	1	0.9327578373466606	TRUB1	1	1	1.0	0.0	-	1.0	0.0	-	True	PRAISE+BID+ELAP	3.0	2.0
chr10_119111884-119111887	chr10	119111884.0	119111887.0	1.0	tail_pattern_1	True	0.09086649999999999	DENND10	1	0.38891412994093594		0	0	0.0	0.0		0.0	0.0		True	PRAISE_only	1.0	1.0
chr10_119168303-119168302	chr10	119168302.0	119168303.0	1.0	tail_pattern_1	True	0.0666055	PRDX3	1	0.15038618809631984		0	0	0.0	0.0		1.0	0.0	-	True	PRAISE+ELAP_cross_chemistry	2.0	2.0
chr10_119168413-119168410	chr10	119168410.0	119168413.0	1.0	tail_pattern_1	True	0.14788099999999998	PRDX3	1	0.6628805088596093	DKC1	1	1	0.0	0.0		1.0	0.0	-	True	PRAISE+ELAP_cross_chemistry	2.0	2.0
chr10_119596637-119596636	chr10	119596636.0	119596637.0	1.0	tail_pattern_1	True	0.366734	TIAL1	1	0.8709677419354839		0	0	0.0	0.0		1.0	0.0	-	True	PRAISE+ELAP_cross_chemistry	2.0	2.0
chr10_120889165-120889166	chr10	120889165.0	120889166.0	1.0	tail_pattern_1	True	0.0625305	WDR11	1	0.1040436165379373		0	0	0.0	0.0		0.0	0.0		True	PRAISE_only	1.0	1.0
chr10_120903227-120903229	chr10	120903227.0	120903229.0	1.0	tail_pattern_1	True	0.11720449999999999	WDR11	1	0.5561108587005906		0	0	0.0	0.0		1.0	0.0	+	True	PRAISE+ELAP_cross_chemistry	2.0	2.0
chr10_124988507	chr10	124988507.0	124988507.0	0.0	tail_pattern_1	True	0.070847	CTBP2	1	0.19900045433893684		0	0	0.0	0.0		0.0	0.0		True	PRAISE_only	1.0	1.0
chr10_130174869-130174870	chr10	130174869.0	130174870.0	1.0	tail_pattern_1	True	0.229686	GLRX3	1	0.7914584279872785	DKC1	1	1	0.0	0.0		1.0	0.0	+	True	PRAISE+ELAP_cross_chemistry	2.0	2.0
chr10_133292551-133292550	chr10	133292550.0	133292551.0	1.0	tail_pattern_1	True	0.106288	TUBGCP2	1	0.4984098137210359	DKC1	1	1	0.0	0.0		0.0	0.0		True	PRAISE_only	1.0	1.0
chr10_133309011	chr10	133309011.0	133309011.0	0.0	tail_pattern_1	True	0.129072	ZNF511	1	0.6029077691958201	PUS7	1	1	0.0	0.0		1.0	0.0	+	True	PRAISE+ELAP_cross_chemistry	2.0	2.0
chr10_133362756-133362755	chr10	133362755.0	133362756.0	1.0	tail_pattern_1	True	0.057747	ECHS1	1	0.0481599273057701		0	0	0.0	0.0		1.0	0.0	-	True	PRAISE+ELAP_cross_chemistry	2.0	2.0
chr10_14852442	chr10	14852442.0	14852442.0	0.0	tail_pattern_1	True	0.1109855	HSPA14	1	0.5274875056792367	DKC1	1	1	1.0	0.0	+	0.0	0.0		True	PRAISE+BID_same_family	2.0	1.0
chr10_15214124-15214123	chr10	15214123.0	15214124.0	1.0	tail_pattern_1	True	0.116398	FAM171A1	1	0.5529304861426624		0	0	0.0	0.0		0.0	0.0		True	PRAISE_only	1.0	1.0
chr10_17235211-17235213	chr10	17235211.0	17235213.0	1.0	tail_pattern_1	True	0.0725375	VIM	1	0.2199000454338937		0	0	0.0	0.0		1.0	0.0	+	True	PRAISE+ELAP_cross_chemistry	2.0	2.0
chr10_27538845-27538848	chr10	27538845.0	27538848.0	1.0	tail_pattern_1	True	0.188486	RAB18	1	0.749204906860518	DKC1	1	1	0.0	0.0		1.0	0.0	+	True	PRAISE+ELAP_cross_chemistry	2.0	2.0
chr10_3112271-3112272	chr10	3112271.0	3112272.0	1.0	tail_pattern_1	True	0.404911	PFKP	1	0.8855065879145843	TRUB1	1	1	1.0	0.0	+	0.0	0.0		True	PRAISE+BID_same_family	2.0	1.0
chr10_3145713-3145712	chr10	3145712.0	3145713.0	1.0	tail_pattern_1	True	0.418739	PITRM1	1	0.8882326215356656		0	0	0.0	0.0		0.0	0.0		True	PRAISE_only	1.0	1.0
chr10_42785491-42785493	chr10	42785491.0	42785493.0	1.0	tail_pattern_1	True	0.09382850000000001	BMS1	1	0.4175374829622899		0	0	0.0	0.0		0.0	0.0		True	PRAISE_only	1.0	1.0
chr10_43184001-43184002	chr10	43184001.0	43184002.0	1.0	tail_pattern_1	True	0.08938850000000001	CSGALNACT2	1	0.37755565651976375		0	0	0.0	0.0		0.0	0.0		True	PRAISE_only	1.0	1.0
chr10_45003653-45003654	chr10	45003653.0	45003654.0	1.0	tail_pattern_1	True	0.410208	ZNF22	1	0.886415265788278	TRUB1	1	1	1.0	0.0	+	1.0	0.0	+	True	PRAISE+BID+ELAP	3.0	2.0
chr10_45787196	chr10	45787196.0	45787196.0	0.0	tail_pattern_1	True	0.3653615	WASHC2C	1	0.8700590640617901		0	0	0.0	0.0		0.0	0.0		True	PRAISE_only	1.0	1.0
chr10_50127744	chr10	50127744.0	50127744.0	0.0	tail_pattern_1	True	0.3646665	WASHC2A	1	0.8691503861880964		0	0	1.0	0.0	+	0.0	0.0		True	PRAISE+BID_same_family	2.0	1.0
chr10_51698425-51698424	chr10	51698424.0	51698425.0	1.0	tail_pattern_1	True	0.06256199999999999	CSTF2T	1	0.10472512494320764		0	0	0.0	0.0		0.0	0.0		True	PRAISE_only	1.0	1.0
chr10_58368878-58368882	chr10	58368878.0	58368882.0	1.0	tail_pattern_1	True	0.1123035	UBE2D1	1	0.5324852339845525	DKC1	1	1	0.0	0.0		1.0	0.0	+	True	PRAISE+ELAP_cross_chemistry	2.0	2.0
chr10_59789543-59789542	chr10	59789542.0	59789543.0	1.0	tail_pattern_1	True	0.055575	CCDC6	1	0.028169014084507043		0	0	0.0	0.0		0.0	0.0		True	PRAISE_only	1.0	1.0
chr10_62194185-62194184	chr10	62194184.0	62194185.0	1.0	tail_pattern_1	True	0.181967	RTKN2	1	0.7419354838709677		0	0	0.0	0.0		0.0	0.0		True	PRAISE_only	1.0	1.0
chr10_68414550-68414549	chr10	68414549.0	68414550.0	1.0	tail_pattern_1	True	0.0674145	DNA2	1	0.16038164470695138	DKC1	1	1	0.0	0.0		1.0	0.0	-	True	PRAISE+ELAP_cross_chemistry	2.0	2.0
chr10_70146136-70146135	chr10	70146135.0	70146136.0	1.0	tail_pattern_1	True	0.1604825	TYSND1	1	0.6955929123125852		0	0	0.0	0.0		1.0	0.0	-	True	PRAISE+ELAP_cross_chemistry	2.0	2.0
chr10_70422027-70422028	chr10	70422027.0	70422028.0	1.0	tail_pattern_1	True	0.9132629999999999	EIF4EBP2	1	0.9863698318945934	TRUB1	1	1	1.0	0.0	+	0.0	0.0		True	PRAISE+BID_same_family	2.0	1.0
chr10_70539652-70539653	chr10	70539652.0	70539653.0	1.0	tail_pattern_1	True	0.4760275	PALD1	1	0.9036801453884598	TRUB1	1	1	0.0	0.0		1.0	0.0	+	True	PRAISE+ELAP_cross_chemistry	2.0	2.0
chr10_71816375-71816374	chr10	71816374.0	71816375.0	1.0	tail_pattern_1	True	0.2085185	PSAP	1	0.7687414811449341		0	0	0.0	0.0		1.0	0.0	-	True	PRAISE+ELAP_cross_chemistry	2.0	2.0
chr10_71816664	chr10	71816664.0	71816664.0	0.0	tail_pattern_1	True	0.511685	PSAP	1	0.9095865515674694		0	0	1.0	0.0	-	1.0	0.0	-	True	PRAISE+BID+ELAP	3.0	2.0
chr10_71817049-71817048	chr10	71817048.0	71817049.0	1.0	tail_pattern_1	True	0.0860055	PSAP	1	0.3448432530667878		0	0	0.0	0.0		1.0	0.0	-	True	PRAISE+ELAP_cross_chemistry	2.0	2.0
chr10_71819612	chr10	71819612.0	71819612.0	0.0	tail_pattern_1	True	0.083558	PSAP	1	0.319854611540209		0	0	0.0	0.0		0.0	0.0		True	PRAISE_only	1.0	1.0
chr10_72334148	chr10	72334148.0	72334148.0	0.0	tail_pattern_1	True	0.086532	DNAJB12	1	0.3493866424352567	PUS1	1	1	0.0	0.0		0.0	0.0		True	PRAISE_only	1.0	1.0
chr10_73148281-73148279	chr10	73148279.0	73148281.0	1.0	tail_pattern_1	True	0.06984599999999999	ECD	1	0.1890049977283053		0	0	0.0	0.0		0.0	0.0		True	PRAISE_only	1.0	1.0
chr10_73770749-73770750	chr10	73770749.0	73770750.0	1.0	tail_pattern_1	True	0.06715	SEC24C	1	0.15901862789641072	TRUB1	1	1	0.0	0.0		1.0	0.0	+	True	PRAISE+ELAP_cross_chemistry	2.0	2.0
chr10_73782390	chr10	73782390.0	73782390.0	0.0	tail_pattern_1	True	0.057496000000000005	CHCHD1	1	0.044525215810995		0	0	0.0	0.0		0.0	0.0		True	PRAISE_only	1.0	1.0
chr10_74118379-74118380	chr10	74118379.0	74118380.0	1.0	tail_pattern_1	True	0.10438149999999999	VCL	1	0.4906860517946388	DKC1	1	1	0.0	0.0		1.0	0.0	+	True	PRAISE+ELAP_cross_chemistry	2.0	2.0
chr10_74224541-74224542	chr10	74224541.0	74224542.0	1.0	tail_pattern_1	True	0.059825500000000004	ADK	1	0.07632894139027714		0	0	0.0	0.0		0.0	0.0		True	PRAISE_only	1.0	1.0
chr10_77835876-77835875	chr10	77835875.0	77835876.0	1.0	tail_pattern_1	True	0.8448519999999999	DLG5	1	0.9702407996365289		0	0	1.0	0.0	-	0.0	0.0		True	PRAISE+BID_same_family	2.0	1.0
chr10_78035401-78035402	chr10	78035401.0	78035402.0	1.0	tail_pattern_1	True	0.20091150000000002	RPS24	1	0.7641980917764652	DKC1	1	1	0.0	0.0		1.0	0.0	+	True	PRAISE+ELAP_cross_chemistry	2.0	2.0
chr10_79513511-79513512	chr10	79513511.0	79513512.0	1.0	tail_pattern_1	True	0.055640499999999996	EIF5AL1	1	0.029077691958200817		0	0	0.0	0.0		1.0	0.0	+	True	PRAISE+ELAP_cross_chemistry	2.0	2.0
chr10_80432038-80432040	chr10	80432038.0	80432040.0	1.0	tail_pattern_1	True	0.09305350000000001	PRXL2A	1	0.41072239890958656	DKC1	1	1	0.0	0.0		1.0	0.0	+	True	PRAISE+ELAP_cross_chemistry	2.0	2.0
chr10_810246	chr10	810246.0	810246.0	0.0	tail_pattern_1	True	0.2354505	LARP4B	1	0.797819173103135	PUS1	1	1	0.0	0.0		0.0	0.0		True	PRAISE_only	1.0	1.0
chr10_84141542	chr10	84141542.0	84141542.0	0.0	tail_pattern_1	True	0.0879125	GHITM	1	0.3630168105406633	PUS7	1	1	0.0	0.0		1.0	0.0	+	True	PRAISE+ELAP_cross_chemistry	2.0	2.0
chr10_84144041	chr10	84144041.0	84144041.0	0.0	tail_pattern_1	True	0.07929149999999999	GHITM	1	0.2853248523398455		0	0	0.0	0.0		0.0	0.0		True	PRAISE_only	1.0	1.0
chr10_89709243-89709244	chr10	89709243.0	89709244.0	1.0	tail_pattern_1	True	0.14056649999999998	KIF20B	1	0.64379827351204		0	0	0.0	0.0		0.0	0.0		True	PRAISE_only	1.0	1.0
chr10_92534728-92534722	chr10	92534722.0	92534728.0	1.0	tail_pattern_1	True	0.1194235	IDE	1	0.5656519763743753	DKC1	1	1	0.0	0.0		1.0	0.0	-	True	PRAISE+ELAP_cross_chemistry	2.0	2.0
chr10_92630271-92630273	chr10	92630271.0	92630273.0	1.0	tail_pattern_1	True	0.0836005	KIF11	1	0.32076328941390275		0	0	0.0	0.0		0.0	0.0		True	PRAISE_only	1.0	1.0
chr10_95271652-95271651	chr10	95271651.0	95271652.0	1.0	tail_pattern_1	True	0.0836665	PDLIM1	1	0.3212176283507497		0	0	0.0	0.0		1.0	0.0	-	True	PRAISE+ELAP_cross_chemistry	2.0	2.0
chr10_95611409	chr10	95611409.0	95611409.0	0.0	tail_pattern_1	True	0.142157	ALDH18A1	1	0.6497046796910495	DKC1	1	1	1.0	0.0	-	0.0	0.0		True	PRAISE+BID_same_family	2.0	1.0
chr10_95621139	chr10	95621139.0	95621139.0	0.0	tail_pattern_1	True	0.083914	ALDH18A1	1	0.32576101771921856		0	0	0.0	0.0		1.0	0.0	-	True	PRAISE+ELAP_cross_chemistry	2.0	2.0
chr10_95637330	chr10	95637330.0	95637330.0	0.0	tail_pattern_1	True	0.0712505	ALDH18A1	1	0.20536119945479328		0	0	0.0	0.0		0.0	0.0		True	PRAISE_only	1.0	1.0
chr10_95653350-95653349	chr10	95653349.0	95653350.0	1.0	tail_pattern_1	True	0.3058435	ALDH18A1	1	0.8482507950931395	TRUB1	1	1	1.0	0.0	-	1.0	0.0	-	True	PRAISE+BID+ELAP	3.0	2.0
chr10_96750721-96750722	chr10	96750721.0	96750722.0	1.0	tail_pattern_1	True	0.189147	RPL13AP5	1	0.7501135847342117	DKC1	1	1	0.0	0.0		1.0	0.0	+	True	PRAISE+ELAP_cross_chemistry	2.0	2.0
chr10_97222939	chr10	97222939.0	97222939.0	0.0	tail_pattern_1	True	0.1878205	ARHGAP19	1	0.7482962289868241	TRUB1	1	1	0.0	0.0		0.0	0.0		True	PRAISE_only	1.0	1.0
chr10_97358605	chr10	97358605.0	97358605.0	0.0	tail_pattern_1	True	0.057841000000000004	RRP12	1	0.05088596092685143		0	0	0.0	0.0		0.0	0.0		True	PRAISE_only	1.0	1.0
chr10_97401304	chr10	97401304.0	97401304.0	0.0	tail_pattern_1	True	0.36941250000000003	RRP12	1	0.8727850976828714		0	0	0.0	0.0		0.0	0.0		True	PRAISE_only	1.0	1.0
chr10_97431121	chr10	97431121.0	97431121.0	0.0	tail_pattern_1	True	0.108203	PGAM1	1	0.5074965924579736	DKC1	1	1	0.0	0.0		1.0	0.0	+	True	PRAISE+ELAP_cross_chemistry	2.0	2.0
chr10_97433373	chr10	97433373.0	97433373.0	0.0	tail_pattern_1	True	0.3758345	PGAM1	1	0.8759654702407996		0	0	1.0	0.0	+	1.0	0.0	+	True	PRAISE+BID+ELAP	3.0	2.0
chr10_97459724-97459723	chr10	97459723.0	97459724.0	1.0	tail_pattern_1	True	0.161644	MMS19	1	0.6974102680599727	DKC1	1	1	0.0	0.0		1.0	0.0	-	True	PRAISE+ELAP_cross_chemistry	2.0	2.0
chr10_98423829-98423827	chr10	98423827.0	98423829.0	1.0	tail_pattern_1	True	0.115266	HPS1	1	0.5433893684688778	DKC1	1	1	0.0	0.0		0.0	0.0		True	PRAISE_only	1.0	1.0
chr10_99406832-99406830	chr10	99406830.0	99406832.0	1.0	tail_pattern_1	True	0.067201	GOT1	1	0.15947296683325762	DKC1	1	1	0.0	0.0		0.0	0.0		True	PRAISE_only	1.0	1.0
chr10_KI270825v1_alt_74568-74567	chr10_KI270825v1_alt	74567.0	74568.0	1.0	tail_pattern_1	True	0.8448519999999999	DLG5	1	0.9702407996365289	TRUB1	1	1	0.0	0.0		0.0	0.0		True	PRAISE_only	1.0	1.0
chr11_103066548-103066547	chr11	103066547.0	103066548.0	1.0	tail_pattern_1	True	0.253462	DCUN1D5	1	0.8159927305770105		0	0	0.0	0.0		1.0	0.0	-	True	PRAISE+ELAP_cross_chemistry	2.0	2.0
chr11_103160987-103160989	chr11	103160987.0	103160989.0	1.0	tail_pattern_1	True	0.11066300000000001	DYNC2H1	1	0.526124488868696	DKC1	1	1	0.0	0.0		0.0	0.0		True	PRAISE_only	1.0	1.0
chr11_103176265	chr11	103176265.0	103176265.0	0.0	tail_pattern_1	True	0.13049149999999998	DYNC2H1	1	0.6060881417537483	DKC1	1	1	0.0	0.0		0.0	0.0		True	PRAISE_only	1.0	1.0
chr11_106090564-106090565	chr11	106090564.0	106090565.0	1.0	tail_pattern_1	True	0.516042	AASDHPPT	1	0.91094956837801	TRUB1	1	1	1.0	0.0	+	1.0	0.0	+	True	PRAISE+BID+ELAP	3.0	2.0
chr11_10799032	chr11	10799032.0	10799032.0	0.0	tail_pattern_1	True	0.05144	EIF4G2	1	0.001817355747387551		0	0	0.0	0.0		1.0	0.0	-	True	PRAISE+ELAP_cross_chemistry	2.0	2.0
chr11_108104658-108104660	chr11	108104658.0	108104660.0	1.0	tail_pattern_1	True	0.0764215	CUL5	1	0.25533848250795094		0	0	0.0	0.0		0.0	0.0		True	PRAISE_only	1.0	1.0
chr11_111882568	chr11	111882568.0	111882568.0	0.0	tail_pattern_1	True	0.1636245	C11orf1	1	0.700590640617901	DKC1	1	1	0.0	0.0		1.0	0.0	+	True	PRAISE+ELAP_cross_chemistry	2.0	2.0
chr11_112094819-112094820	chr11	112094819.0	112094820.0	1.0	tail_pattern_1	True	0.087618	SDHD	1	0.3616537937301227		0	0	0.0	0.0		0.0	0.0		True	PRAISE_only	1.0	1.0
chr11_113736795-113736794	chr11	113736794.0	113736795.0	1.0	tail_pattern_1	True	0.21579399999999999	ZW10	1	0.7796456156292594		0	0	0.0	0.0		0.0	0.0		True	PRAISE_only	1.0	1.0
chr11_116782230-116782228	chr11	116782228.0	116782230.0	1.0	tail_pattern_1	True	0.1391905	ZPR1	1	0.6388005452067242	DKC1	1	1	0.0	0.0		0.0	0.0		True	PRAISE_only	1.0	1.0
chr11_117167797	chr11	117167797.0	117167797.0	0.0	tail_pattern_1	True	0.0632575	PAFAH1B2	1	0.11176737846433439	PUS7	1	1	0.0	0.0		0.0	0.0		True	PRAISE_only	1.0	1.0
chr11_117190700-117190701	chr11	117190700.0	117190701.0	1.0	tail_pattern_1	True	0.255102	SIDT2	1	0.8169014084507042		0	0	0.0	0.0		0.0	0.0		True	PRAISE_only	1.0	1.0
chr11_118397258	chr11	118397258.0	118397258.0	0.0	tail_pattern_1	True	0.1531785	UBE4A	1	0.6769650159018628	PUS1	1	1	0.0	0.0		0.0	0.0		True	PRAISE_only	1.0	1.0
chr11_118407093-118407094	chr11	118407093.0	118407094.0	1.0	tail_pattern_1	True	0.056302	ATP5MG	1	0.03225806451612903		0	0	0.0	0.0		1.0	0.0	+	True	PRAISE+ELAP_cross_chemistry	2.0	2.0
chr11_118409636	chr11	118409636.0	118409636.0	0.0	tail_pattern_1	True	0.333913	ATP5MG	1	0.8596092685143116		0	0	0.0	0.0		1.0	0.0	+	True	PRAISE+ELAP_cross_chemistry	2.0	2.0
chr11_119048493-119048492	chr11	119048492.0	119048493.0	1.0	tail_pattern_1	True	0.115484	HYOU1	1	0.5461154020899591		0	0	1.0	0.0	-	1.0	0.0	-	True	PRAISE+BID+ELAP	3.0	2.0
chr11_119055266	chr11	119055266.0	119055266.0	0.0	tail_pattern_1	True	0.1265445	HYOU1	1	0.593139482053612		0	0	1.0	0.0	-	0.0	0.0		True	PRAISE+BID_same_family	2.0	1.0
chr11_119311595-119311594	chr11	119311594.0	119311595.0	1.0	tail_pattern_1	True	0.085172	MCAM	1	0.33711949114039075		0	0	0.0	0.0		0.0	0.0		True	PRAISE_only	1.0	1.0
chr11_11956575	chr11	11956575.0	11956575.0	0.0	tail_pattern_1	True	0.0820855	USP47	1	0.307587460245343	DKC1	1	1	0.0	0.0		0.0	0.0		True	PRAISE_only	1.0	1.0
chr11_120485114-120485116	chr11	120485114.0	120485116.0	1.0	tail_pattern_1	True	0.071912	ARHGEF12	1	0.21399363925488415	DKC1	1	1	0.0	0.0		0.0	0.0		True	PRAISE_only	1.0	1.0
chr11_123060134-123060133	chr11	123060133.0	123060134.0	1.0	tail_pattern_1	True	0.124921	HSPA8	1	0.5865515674693321	DKC1	1	1	0.0	0.0		0.0	0.0		True	PRAISE_only	1.0	1.0
chr11_126273378-126273379	chr11	126273378.0	126273379.0	1.0	tail_pattern_1	True	0.111375	FOXRED1	1	0.5306678782371649	TRUB1	1	1	0.0	0.0		1.0	0.0	+	True	PRAISE+ELAP_cross_chemistry	2.0	2.0
chr11_126345520	chr11	126345520.0	126345520.0	0.0	tail_pattern_1	True	0.0867855	DCPS	1	0.3516583371194911		0	0	0.0	0.0		0.0	0.0		True	PRAISE_only	1.0	1.0
chr11_130109486-130109489	chr11	130109486.0	130109489.0	1.0	tail_pattern_1	True	0.064162	APLP2	1	0.12039981826442527		0	0	0.0	0.0		0.0	0.0		True	PRAISE_only	1.0	1.0
chr11_130141946-130141947	chr11	130141946.0	130141947.0	1.0	tail_pattern_1	True	0.08867549999999999	APLP2	1	0.3716492503407542		0	0	0.0	0.0		1.0	0.0	+	True	PRAISE+ELAP_cross_chemistry	2.0	2.0
chr11_13388421-13388420	chr11	13388420.0	13388421.0	1.0	tail_pattern_1	True	0.2902095	BTBD10	1	0.8359836437982735	TRUB1	1	1	0.0	0.0		0.0	0.0		True	PRAISE_only	1.0	1.0
chr11_133907763-133907762	chr11	133907762.0	133907763.0	1.0	tail_pattern_1	True	0.9642855	IGSF9B	1	0.9968196274420718		0	0	0.0	0.0		1.0	0.0	-	True	PRAISE+ELAP_cross_chemistry	2.0	2.0
chr11_134202822	chr11	134202822.0	134202822.0	0.0	tail_pattern_1	True	0.0743225	NCAPD3	1	0.23580190822353475		0	0	0.0	0.0		0.0	0.0		True	PRAISE_only	1.0	1.0
chr11_134253624-134253626	chr11	134253624.0	134253626.0	1.0	tail_pattern_1	True	0.09350449999999999	ACAD8	1	0.41435711040436163		0	0	0.0	0.0		1.0	0.0	+	True	PRAISE+ELAP_cross_chemistry	2.0	2.0
chr11_14517896-14517893	chr11	14517893.0	14517896.0	1.0	tail_pattern_1	True	0.0837395	PSMA1	1	0.3230349840981372		0	0	0.0	0.0		1.0	0.0	-	True	PRAISE+ELAP_cross_chemistry	2.0	2.0
chr11_14520298	chr11	14520298.0	14520298.0	0.0	tail_pattern_1	True	0.071192	PSMA1	1	0.20263516583371194	DKC1	1	1	0.0	0.0		1.0	0.0	-	True	PRAISE+ELAP_cross_chemistry	2.0	2.0
chr11_16756617	chr11	16756617.0	16756617.0	0.0	tail_pattern_1	True	0.1034835	C11orf58	1	0.4838709677419355	PUS7	1	1	1.0	0.0	+	0.0	0.0		True	PRAISE+BID_same_family	2.0	1.0
chr11_17385488-17385487	chr11	17385487.0	17385488.0	1.0	tail_pattern_1	True	0.7850874999999999	KCNJ11	1	0.9627442071785552		0	0	0.0	0.0		0.0	0.0		True	PRAISE_only	1.0	1.0
chr11_18083619-18083617	chr11	18083617.0	18083619.0	1.0	tail_pattern_1	True	0.1215465	SAAL1	1	0.574738755111313	DKC1	1	1	0.0	0.0		1.0	0.0	-	True	PRAISE+ELAP_cross_chemistry	2.0	2.0
chr11_20367210	chr11	20367210.0	20367210.0	0.0	tail_pattern_1	True	0.07845150000000001	HTATIP2	1	0.2780554293502953		0	0	0.0	0.0		1.0	0.0	+	True	PRAISE+ELAP_cross_chemistry	2.0	2.0
chr11_20462023	chr11	20462023.0	20462023.0	0.0	tail_pattern_1	True	0.1327375	PRMT3	1	0.615174920490686	DKC1	1	1	0.0	0.0		0.0	0.0		True	PRAISE_only	1.0	1.0
chr11_20464510-20464513	chr11	20464510.0	20464513.0	1.0	tail_pattern_1	True	0.066038	PRMT3	1	0.1449341208541572	DKC1	1	1	0.0	0.0		0.0	0.0		True	PRAISE_only	1.0	1.0
chr11_20510186-20510187	chr11	20510186.0	20510187.0	1.0	tail_pattern_1	True	0.96875	PRMT3	1	0.9977283053157655	TRUB1	1	1	0.0	0.0		0.0	0.0		True	PRAISE_only	1.0	1.0
chr11_239043	chr11	239043.0	239043.0	0.0	tail_pattern_1	True	0.19137300000000002	PSMD13	1	0.752839618355293	DKC1	1	1	1.0	0.0	+	1.0	0.0	+	True	PRAISE+BID+ELAP	3.0	2.0
chr11_295501-295502	chr11	295501.0	295502.0	1.0	tail_pattern_1	True	0.9189815	PGGHG	1	0.9881871876419809	TRUB1	1	1	1.0	0.0	+	1.0	0.0	+	True	PRAISE+BID+ELAP	3.0	2.0
chr11_32587092-32587094	chr11	32587092.0	32587094.0	1.0	tail_pattern_1	True	0.051649	EIF3M	1	0.0031803725579282144		0	0	0.0	0.0		1.0	0.0	+	True	PRAISE+ELAP_cross_chemistry	2.0	2.0
chr11_32600732-32600735	chr11	32600732.0	32600735.0	1.0	tail_pattern_1	True	0.076012	EIF3M	1	0.2517037710131758	DKC1	1	1	0.0	0.0		1.0	0.0	+	True	PRAISE+ELAP_cross_chemistry	2.0	2.0
chr11_32933294-32933295	chr11	32933294.0	32933295.0	1.0	tail_pattern_1	True	0.08410200000000001	QSER1	1	0.328032712403453		0	0	0.0	0.0		0.0	0.0		True	PRAISE_only	1.0	1.0
chr11_34100992-34100993	chr11	34100992.0	34100993.0	1.0	tail_pattern_1	True	0.09157	CAPRIN1	1	0.39572921399363925	DKC1	1	1	0.0	0.0		0.0	0.0		True	PRAISE_only	1.0	1.0
chr11_3706563	chr11	3706563.0	3706563.0	0.0	tail_pattern_1	True	0.10009599999999999	NUP98	1	0.45979100408905044		0	0	0.0	0.0		0.0	0.0		True	PRAISE_only	1.0	1.0
chr11_3723354-3723353	chr11	3723353.0	3723354.0	1.0	tail_pattern_1	True	0.073514	NUP98	1	0.22898682417083144		0	0	0.0	0.0		0.0	0.0		True	PRAISE_only	1.0	1.0
chr11_3823905	chr11	3823905.0	3823905.0	0.0	tail_pattern_1	True	0.4384975	PGAP2	1	0.8932303498409814		0	0	0.0	0.0		0.0	0.0		True	PRAISE_only	1.0	1.0
chr11_4092507	chr11	4092507.0	4092507.0	0.0	tail_pattern_1	True	0.3806095	STIM1	1	0.8782371649250341	PUS7	1	1	1.0	0.0	+	0.0	0.0		True	PRAISE+BID_same_family	2.0	1.0
chr11_4121710-4121713	chr11	4121710.0	4121713.0	1.0	tail_pattern_1	True	0.053961	RRM1	1	0.014993184915947297		0	0	0.0	0.0		1.0	0.0	+	True	PRAISE+ELAP_cross_chemistry	2.0	2.0
chr11_4127108	chr11	4127108.0	4127108.0	0.0	tail_pattern_1	True	0.12068999999999999	RRM1	1	0.5701953657428441		0	0	1.0	0.0	+	0.0	0.0		True	PRAISE+BID_same_family	2.0	1.0
chr11_43855271-43855272	chr11	43855271.0	43855272.0	1.0	tail_pattern_1	True	0.08011599999999999	HSD17B12	1	0.2907769195820082		0	0	0.0	0.0		1.0	0.0	+	True	PRAISE+ELAP_cross_chemistry	2.0	2.0
chr11_44077549-44077550	chr11	44077549.0	44077550.0	1.0	tail_pattern_1	True	0.9142855000000001	ACCS	1	0.9868241708314403		0	0	0.0	0.0		0.0	0.0		True	PRAISE_only	1.0	1.0
chr11_46383492	chr11	46383492.0	46383492.0	0.0	tail_pattern_1	True	0.17087950000000002	MDK	1	0.720581553839164		0	0	1.0	0.0	+	1.0	0.0	+	True	PRAISE+BID+ELAP	3.0	2.0
chr11_46743829	chr11	46743829.0	46743829.0	0.0	tail_pattern_1	True	0.11680750000000001	CKAP5	1	0.5533848250795094	PUS7	1	1	0.0	0.0		0.0	0.0		True	PRAISE_only	1.0	1.0
chr11_46783282-46783278	chr11	46783278.0	46783282.0	1.0	tail_pattern_1	True	0.08497550000000001	CKAP5	1	0.33575647432985006	DKC1	1	1	0.0	0.0		1.0	0.0	-	True	PRAISE+ELAP_cross_chemistry	2.0	2.0
chr11_47282497	chr11	47282497.0	47282497.0	0.0	tail_pattern_1	True	0.519231	MADD	1	0.9123125851885506		0	0	1.0	0.0	+	1.0	0.0	+	True	PRAISE+BID+ELAP	3.0	2.0
chr11_57312681	chr11	57312681.0	57312681.0	0.0	tail_pattern_1	True	0.2643735	TNKS1BP1	1	0.8228078146297138	PUS7	1	1	1.0	0.0	-	0.0	0.0		True	PRAISE+BID_same_family	2.0	1.0
chr11_57326335-57326333	chr11	57326333.0	57326335.0	1.0	tail_pattern_1	True	0.059659000000000004	SSRP1	1	0.0745115856428896		0	0	0.0	0.0		0.0	0.0		True	PRAISE_only	1.0	1.0
chr11_57330369-57330368	chr11	57330368.0	57330369.0	1.0	tail_pattern_1	True	0.066357	SSRP1	1	0.1494775102226261	DKC1	1	1	0.0	0.0		1.0	0.0	-	True	PRAISE+ELAP_cross_chemistry	2.0	2.0
chr11_57491357-57491356	chr11	57491356.0	57491357.0	1.0	tail_pattern_1	True	0.5824075	SLC43A1	1	0.9304861426624261	TRUB1	1	1	0.0	0.0		1.0	0.0	-	True	PRAISE+ELAP_cross_chemistry	2.0	2.0
chr11_57741586	chr11	57741586.0	57741586.0	0.0	tail_pattern_1	True	0.07244249999999999	SELENOH	1	0.2194457064970468		0	0	0.0	0.0		1.0	0.0	+	True	PRAISE+ELAP_cross_chemistry	2.0	2.0
chr11_60200514-60200513	chr11	60200513.0	60200514.0	1.0	tail_pattern_1	True	0.292935	MS4A4E	1	0.8409813721035893	TRUB1	1	1	0.0	0.0		0.0	0.0		True	PRAISE_only	1.0	1.0
chr11_60923252	chr11	60923252.0	60923252.0	0.0	tail_pattern_1	True	0.09424350000000001	TMEM109	1	0.42071785552021806	PUS7	1	1	1.0	0.0	+	1.0	0.0	+	True	PRAISE+BID+ELAP	3.0	2.0
chr11_61303127	chr11	61303127.0	61303127.0	0.0	tail_pattern_1	True	0.09826599999999999	DDB1	1	0.44843253066787825	DKC1	1	1	0.0	0.0		0.0	0.0		True	PRAISE_only	1.0	1.0
chr11_61316345-61316343	chr11	61316343.0	61316345.0	1.0	tail_pattern_1	True	0.0581255	DDB1	1	0.05497501135847342		0	0	0.0	0.0		1.0	0.0	-	True	PRAISE+ELAP_cross_chemistry	2.0	2.0
chr11_61349042	chr11	61349042.0	61349042.0	0.0	tail_pattern_1	True	0.1169945	CYB561A3	1	0.5542935029532031		0	0	0.0	0.0		0.0	0.0		True	PRAISE_only	1.0	1.0
chr11_61517060-61517059	chr11	61517059.0	61517060.0	1.0	tail_pattern_1	True	0.8382355	SYT7	1	0.9691049522944116	TRUB1	1	1	0.0	0.0		1.0	0.0	-	True	PRAISE+ELAP_cross_chemistry	2.0	2.0
chr11_61965476-61965474	chr11	61965474.0	61965476.0	1.0	tail_pattern_1	True	0.057412000000000005	FTH1	1	0.04225352112676056		0	0	0.0	0.0		1.0	0.0	-	True	PRAISE+ELAP_cross_chemistry	2.0	2.0
chr11_62391604	chr11	62391604.0	62391604.0	0.0	tail_pattern_1	True	0.0911955	ASRGL1	1	0.39209450249886413	DKC1	1	1	0.0	0.0		0.0	0.0		True	PRAISE_only	1.0	1.0
chr11_62620526	chr11	62620526.0	62620526.0	0.0	tail_pattern_1	True	0.123252	B3GAT3	1	0.5797364834166288	DKC1	1	1	0.0	0.0		0.0	0.0		True	PRAISE_only	1.0	1.0
chr11_62625828-62625827	chr11	62625827.0	62625828.0	1.0	tail_pattern_1	True	0.0669025	GANAB	1	0.15538391640163562		0	0	0.0	0.0		1.0	0.0	-	True	PRAISE+ELAP_cross_chemistry	2.0	2.0
chr11_62722634-62722631	chr11	62722631.0	62722634.0	1.0	tail_pattern_1	True	0.0690595	HNRNPUL2	1	0.17900954111767378	DKC1	1	1	0.0	0.0		1.0	0.0	-	True	PRAISE+ELAP_cross_chemistry	2.0	2.0
chr11_62723710-62723707	chr11	62723707.0	62723710.0	1.0	tail_pattern_1	True	0.0618755	HNRNPUL2	1	0.09904588823262153		0	0	0.0	0.0		1.0	0.0	-	True	PRAISE+ELAP_cross_chemistry	2.0	2.0
chr11_63759781	chr11	63759781.0	63759781.0	0.0	tail_pattern_1	True	0.1837805	RTN3	1	0.7437528396183553		0	0	1.0	0.0	+	1.0	0.0	+	True	PRAISE+BID+ELAP	3.0	2.0
chr11_63760977-63760976	chr11	63760976.0	63760977.0	1.0	tail_pattern_1	True	0.8514925	ZFTA	1	0.9713766469786461	TRUB1	1	1	1.0	0.0	-	1.0	0.0	-	True	PRAISE+BID+ELAP	3.0	2.0
chr11_63762387	chr11	63762387.0	63762387.0	0.0	tail_pattern_1	True	0.108512	ZFTA	1	0.5106769650159019	PUS7	1	1	1.0	0.0	-	0.0	0.0		True	PRAISE+BID_same_family	2.0	1.0
chr11_6402723-6402721	chr11	6402721.0	6402723.0	1.0	tail_pattern_1	True	0.12605149999999998	APBB1	1	0.5901862789641072	DKC1	1	1	0.0	0.0		0.0	0.0		True	PRAISE_only	1.0	1.0
chr11_64230919	chr11	64230919.0	64230919.0	0.0	tail_pattern_1	True	0.247929	DNAJC4	1	0.8100863243980009		0	0	0.0	0.0		0.0	0.0		True	PRAISE_only	1.0	1.0
chr11_64236323	chr11	64236323.0	64236323.0	0.0	tail_pattern_1	True	0.2146925	VEGFB	1	0.7782825988187188		0	0	0.0	0.0		0.0	0.0		True	PRAISE_only	1.0	1.0
chr11_64270107	chr11	64270107.0	64270107.0	0.0	tail_pattern_1	True	0.1691875	BAD	1	0.7151294865970014	DKC1	1	1	1.0	0.0	-	1.0	0.0	-	True	PRAISE+BID+ELAP	3.0	2.0
chr11_64286106	chr11	64286106.0	64286106.0	0.0	tail_pattern_1	True	0.432836	GPR137	1	0.8927760109041345		0	0	1.0	0.0	+	0.0	0.0		True	PRAISE+BID_same_family	2.0	1.0
chr11_6477214-6477212	chr11	6477212.0	6477214.0	1.0	tail_pattern_1	True	0.064873	ARFIP2	1	0.12812358019082234	DKC1	1	1	0.0	0.0		1.0	0.0	-	True	PRAISE+ELAP_cross_chemistry	2.0	2.0
chr11_64806344	chr11	64806344.0	64806344.0	0.0	tail_pattern_1	True	0.0587095	MEN1	1	0.06269877328487052		0	0	0.0	0.0		0.0	0.0		True	PRAISE_only	1.0	1.0
chr11_65182892	chr11	65182892.0	65182892.0	0.0	tail_pattern_1	True	0.083414	CAPN1	1	0.3184915947296683		0	0	0.0	0.0		0.0	0.0		True	PRAISE_only	1.0	1.0
chr11_65186045	chr11	65186045.0	65186045.0	0.0	tail_pattern_1	True	0.124861	CAPN1	1	0.5860972285324852	PUS1	1	1	0.0	0.0		0.0	0.0		True	PRAISE_only	1.0	1.0
chr11_65210447	chr11	65210447.0	65210447.0	0.0	tail_pattern_1	True	0.075905	CAPN1	1	0.24943207632894138	DKC1	1	1	0.0	0.0		0.0	0.0		True	PRAISE_only	1.0	1.0
chr11_65502921-65502922	chr11	65502921.0	65502922.0	1.0	tail_pattern_1	True	0.232093	MALAT1	1	0.7941844616083599	DKC1	1	1	0.0	0.0		1.0	0.0	+	True	PRAISE+ELAP_cross_chemistry	2.0	2.0
chr11_65503351	chr11	65503351.0	65503351.0	0.0	tail_pattern_1	True	0.38713949999999997	MALAT1	1	0.8818718764198091	PUS7	1	1	0.0	0.0		1.0	0.0	+	True	PRAISE+ELAP_cross_chemistry	2.0	2.0
chr11_65506155-65506156	chr11	65506155.0	65506156.0	1.0	tail_pattern_1	True	0.8020050000000001	MALAT1	1	0.963652885052249	TRUB1	1	1	0.0	0.0		0.0	0.0		True	PRAISE_only	1.0	1.0
chr11_65536037-65536039	chr11	65536037.0	65536039.0	1.0	tail_pattern_1	True	0.072071	SCYL1	1	0.21558382553384825	DKC1	1	1	0.0	0.0		1.0	0.0	+	True	PRAISE+ELAP_cross_chemistry	2.0	2.0
chr11_65855434-65855433	chr11	65855433.0	65855434.0	1.0	tail_pattern_1	True	0.1158435	CFL1	1	0.5474784189004998	DKC1	1	1	0.0	0.0		1.0	0.0	-	True	PRAISE+ELAP_cross_chemistry	2.0	2.0
chr11_65885581-65885579	chr11	65885579.0	65885581.0	1.0	tail_pattern_1	True	0.1707495	FIBP	1	0.7196728759654702		0	0	0.0	0.0		1.0	0.0	-	True	PRAISE+ELAP_cross_chemistry	2.0	2.0
chr11_65886340	chr11	65886340.0	65886340.0	0.0	tail_pattern_1	True	0.0676085	FIBP	1	0.16447069513857338		0	0	0.0	0.0		0.0	0.0		True	PRAISE_only	1.0	1.0
chr11_6609581	chr11	6609581.0	6609581.0	0.0	tail_pattern_1	True	0.119205	ILK	1	0.5638346206269877	DKC1	1	1	0.0	0.0		0.0	0.0		True	PRAISE_only	1.0	1.0
chr11_6614958-6614957	chr11	6614957.0	6614958.0	1.0	tail_pattern_1	True	0.614815	TPP1	1	0.9382099045888233		0	0	0.0	0.0		1.0	0.0	-	True	PRAISE+ELAP_cross_chemistry	2.0	2.0
chr11_6615500-6615499	chr11	6615499.0	6615500.0	1.0	tail_pattern_1	True	0.060998	TPP1	1	0.08859609268514311		0	0	0.0	0.0		0.0	0.0		True	PRAISE_only	1.0	1.0
chr11_6617081	chr11	6617081.0	6617081.0	0.0	tail_pattern_1	True	0.0765615	TPP1	1	0.2585188550658791	PUS7	1	1	0.0	0.0		0.0	0.0		True	PRAISE_only	1.0	1.0
chr11_66495640-66495642	chr11	66495640.0	66495642.0	1.0	tail_pattern_1	True	0.1187805	DPP3	1	0.562925942753294	DKC1	1	1	0.0	0.0		1.0	0.0	+	True	PRAISE+ELAP_cross_chemistry	2.0	2.0
chr11_66693304-66693303	chr11	66693303.0	66693304.0	1.0	tail_pattern_1	True	0.1233385	SPTBN2	1	0.5815538391640164	DKC1	1	1	0.0	0.0		0.0	0.0		True	PRAISE_only	1.0	1.0
chr11_67398984-67398983	chr11	67398983.0	67398984.0	1.0	tail_pattern_1	True	0.065908	PPP1CA	1	0.14357110404361653		0	0	0.0	0.0		1.0	0.0	-	True	PRAISE+ELAP_cross_chemistry	2.0	2.0
chr11_67603791	chr11	67603791.0	67603791.0	0.0	tail_pattern_1	True	0.7019230000000001	NDUFV1-DT	1	0.9509313948205361		0	0	0.0	0.0		0.0	0.0		True	PRAISE_only	1.0	1.0
chr11_67604098-67604097	chr11	67604097.0	67604098.0	1.0	tail_pattern_1	True	0.16996050000000001	NDUFV1-DT	1	0.7174011812812358	TRUB1	1	1	0.0	0.0		0.0	0.0		True	PRAISE_only	1.0	1.0
chr11_67611078-67611080	chr11	67611078.0	67611080.0	1.0	tail_pattern_1	True	0.0765425	NDUFV1	1	0.2576101771921854		0	0	0.0	0.0		1.0	0.0	+	True	PRAISE+ELAP_cross_chemistry	2.0	2.0
chr11_67628214	chr11	67628214.0	67628214.0	0.0	tail_pattern_1	True	0.543779	NUDT8	1	0.9200363471149478		0	0	0.0	0.0		1.0	0.0	-	True	PRAISE+ELAP_cross_chemistry	2.0	2.0
chr11_71439037-71439035	chr11	71439035.0	71439037.0	1.0	tail_pattern_1	True	0.1249875	DHCR7	1	0.5874602453430259	TRUB1	1	1	1.0	0.0	-	1.0	0.0	-	True	PRAISE+BID+ELAP	3.0	2.0
chr11_72003911	chr11	72003911.0	72003911.0	0.0	tail_pattern_1	True	0.057994000000000004	NUMA1	1	0.052248977737392094		0	0	0.0	0.0		0.0	0.0		True	PRAISE_only	1.0	1.0
chr11_72097746	chr11	72097746.0	72097746.0	0.0	tail_pattern_1	True	0.0730085	LAMTOR1	1	0.222626079054975	DKC1	1	1	0.0	0.0		0.0	0.0		True	PRAISE_only	1.0	1.0
chr11_72109697-72109696	chr11	72109696.0	72109697.0	1.0	tail_pattern_1	True	0.257461	ANAPC15	1	0.8187187641980918	DKC1	1	1	0.0	0.0		1.0	0.0	-	True	PRAISE+ELAP_cross_chemistry	2.0	2.0
chr11_72699505-72699503	chr11	72699503.0	72699505.0	1.0	tail_pattern_1	True	0.0622905	ARAP1	1	0.10131758291685597		0	0	0.0	0.0		0.0	0.0		True	PRAISE_only	1.0	1.0
chr11_73844904	chr11	73844904.0	73844904.0	0.0	tail_pattern_1	True	0.1860735	MRPL48	1	0.7446615174920491		0	0	0.0	0.0		1.0	0.0	+	True	PRAISE+ELAP_cross_chemistry	2.0	2.0
chr11_75405649-75405650	chr11	75405649.0	75405650.0	1.0	tail_pattern_1	True	0.1170145	RPS3	1	0.55474784189005	DKC1	1	1	0.0	0.0		1.0	0.0	+	True	PRAISE+ELAP_cross_chemistry	2.0	2.0
chr11_77918978-77918977	chr11	77918977.0	77918978.0	1.0	tail_pattern_1	True	0.14124	INTS4	1	0.6460699681962744		0	0	0.0	0.0		0.0	0.0		True	PRAISE_only	1.0	1.0
chr11_7987668	chr11	7987668.0	7987668.0	0.0	tail_pattern_1	True	0.08625	EIF3F	1	0.34711494775102225	DKC1	1	1	0.0	0.0		1.0	0.0	+	True	PRAISE+ELAP_cross_chemistry	2.0	2.0
chr11_7996052	chr11	7996052.0	7996052.0	0.0	tail_pattern_1	True	0.0867435	EIF3F	1	0.35120399818264425	PUS7	1	1	0.0	0.0		1.0	0.0	+	True	PRAISE+ELAP_cross_chemistry	2.0	2.0
chr11_821834-821835	chr11	821834.0	821835.0	1.0	tail_pattern_1	True	0.074844	PNPLA2	1	0.2412539754656974	DKC1	1	1	0.0	0.0		0.0	0.0		True	PRAISE_only	1.0	1.0
chr11_83261960	chr11	83261960.0	83261960.0	0.0	tail_pattern_1	True	0.0692025	CCDC90B	1	0.18082689686506134		0	0	0.0	0.0		0.0	0.0		True	PRAISE_only	1.0	1.0
chr11_83273967-83273966	chr11	83273966.0	83273967.0	1.0	tail_pattern_1	True	0.103156	CCDC90B	1	0.4829622898682417		0	0	0.0	0.0		0.0	0.0		True	PRAISE_only	1.0	1.0
chr11_85634144-85634145	chr11	85634144.0	85634145.0	1.0	tail_pattern_1	True	0.140548	TMEM126B	1	0.6433439345751931	DKC1	1	1	0.0	0.0		1.0	0.0	+	True	PRAISE+ELAP_cross_chemistry	2.0	2.0
chr11_86808510-86808512	chr11	86808510.0	86808512.0	1.0	tail_pattern_1	True	0.09135650000000001	PRSS23	1	0.39436619718309857	DKC1	1	1	0.0	0.0		1.0	0.0	+	True	PRAISE+ELAP_cross_chemistry	2.0	2.0
chr11_8684731-8684733	chr11	8684731.0	8684733.0	1.0	tail_pattern_1	True	0.239655	RPL27A	1	0.8032712403452976	DKC1	1	1	0.0	0.0		1.0	0.0	+	True	PRAISE+ELAP_cross_chemistry	2.0	2.0
chr11_93721582-93721584	chr11	93721582.0	93721584.0	1.0	tail_pattern_1	True	0.5348515	SCARNA9	1	0.9168559745570195	DKC1	1	1	0.0	0.0		0.0	0.0		True	PRAISE_only	1.0	1.0
chr11_93721658	chr11	93721658.0	93721658.0	0.0	tail_pattern_1	True	0.5212330000000001	SCARNA9	1	0.9132212630622444		0	0	0.0	0.0		1.0	0.0	+	True	PRAISE+ELAP_cross_chemistry	2.0	2.0
chr11_93721660	chr11	93721660.0	93721660.0	0.0	tail_pattern_1	True	0.249658	SCARNA9	1	0.8119036801453885		0	0	0.0	0.0		0.0	0.0		True	PRAISE_only	1.0	1.0
chr11_93721667	chr11	93721667.0	93721667.0	0.0	tail_pattern_1	True	0.101294	SCARNA9	1	0.4716038164470695	DKC1	1	1	0.0	0.0		0.0	0.0		True	PRAISE_only	1.0	1.0
chr11_93733394-93733393	chr11	93733393.0	93733394.0	1.0	tail_pattern_1	True	0.1644175	TAF1D	1	0.7051340299863699	DKC1	1	1	0.0	0.0		1.0	0.0	-	True	PRAISE+ELAP_cross_chemistry	2.0	2.0
chr11_93733516-93733514	chr11	93733514.0	93733516.0	1.0	tail_pattern_1	True	0.21912800000000002	SNORA18	1	0.7819173103134939		0	0	0.0	0.0		1.0	0.0	-	True	PRAISE+ELAP_cross_chemistry	2.0	2.0
chr11_94183579-94183580	chr11	94183579.0	94183580.0	1.0	tail_pattern_1	True	0.9705509999999999	PANX1	1	0.9981826442526125	TRUB1	1	1	0.0	0.0		1.0	0.0	+	True	PRAISE+ELAP_cross_chemistry	2.0	2.0
chr11_9428573-9428574	chr11	9428573.0	9428574.0	1.0	tail_pattern_1	True	0.061259	IPO7	1	0.09223080417991822		0	0	0.0	0.0		1.0	0.0	+	True	PRAISE+ELAP_cross_chemistry	2.0	2.0
chr11_94417979	chr11	94417979.0	94417979.0	0.0	tail_pattern_1	True	0.265882	MRE11	1	0.8241708314402544	PUS7	1	1	0.0	0.0		0.0	0.0		True	PRAISE_only	1.0	1.0
chr11_9445686	chr11	9445686.0	9445686.0	0.0	tail_pattern_1	True	0.1740005	IPO7	1	0.7269422989550205		0	0	1.0	0.0	+	1.0	0.0	+	True	PRAISE+BID+ELAP	3.0	2.0
chr11_94874363-94874364	chr11	94874363.0	94874364.0	1.0	tail_pattern_1	True	0.9211065	AMOTL1	1	0.9890958655156747	TRUB1	1	1	1.0	0.0	+	1.0	0.0	+	True	PRAISE+BID+ELAP	3.0	2.0
chr11_9750258-9750259	chr11	9750258.0	9750259.0	1.0	tail_pattern_1	True	0.1346275	SWAP70	1	0.62335302135393	TRUB1	1	1	0.0	0.0		0.0	0.0		True	PRAISE_only	1.0	1.0
chr11_KI270831v1_alt_249703-249702	chr11_KI270831v1_alt	249702.0	249703.0	1.0	tail_pattern_1	True	0.067693	CARS1	1	0.16583371194911403		0	0	0.0	0.0		0.0	0.0		True	PRAISE_only	1.0	1.0
chr11_KI270832v1_alt_0-0	chr11_KI270832v1_alt	0.0	0.0	0.0	tail_pattern_1	True	0.108735	PTDSS2	1	0.5124943207632894		0	0	0.0	0.0		0.0	0.0		True	PRAISE_only	1.0	1.0
chr11_KI270832v1_alt_20937-20939	chr11_KI270832v1_alt	20937.0	20939.0	1.0	tail_pattern_1	True	0.15178750000000002	PTDSS2	1	0.6746933212176284	DKC1	1	1	0.0	0.0		0.0	0.0		True	PRAISE_only	1.0	1.0
chr11_KI270927v1_alt_77545-77546	chr11_KI270927v1_alt	77545.0	77546.0	1.0	tail_pattern_1	True	0.1245485	AP2A2	1	0.5856428895956384		0	0	0.0	0.0		0.0	0.0		True	PRAISE_only	1.0	1.0
chr11_KN196481v1_fix_37443	chr11_KN196481v1_fix	37443.0	37443.0	0.0	tail_pattern_1	True	0.26946800000000004	RPS25	1	0.825988187187642	DKC1	1	1	0.0	0.0		0.0	0.0		True	PRAISE_only	1.0	1.0
chr11_KN196481v1_fix_69631-69626	chr11_KN196481v1_fix	69626.0	69631.0	1.0	tail_pattern_1	True	0.107706	HYOU1	1	0.506133575647433	DKC1	1	1	0.0	0.0		0.0	0.0		True	PRAISE_only	1.0	1.0
chr11_KN196481v1_fix_70092-70091	chr11_KN196481v1_fix	70091.0	70092.0	1.0	tail_pattern_1	True	0.304564	HYOU1	1	0.8477964561562926		0	0	0.0	0.0		0.0	0.0		True	PRAISE_only	1.0	1.0
chr11_KN196481v1_fix_76865	chr11_KN196481v1_fix	76865.0	76865.0	0.0	tail_pattern_1	True	0.1265445	HYOU1	1	0.593139482053612	PUS7	1	1	0.0	0.0		0.0	0.0		True	PRAISE_only	1.0	1.0
chr11_KZ559109v1_fix_10244-10245	chr11_KZ559109v1_fix	10244.0	10245.0	1.0	tail_pattern_1	True	0.0778955	NDUFS3	1	0.2707860063607451	DKC1	1	1	0.0	0.0		0.0	0.0		True	PRAISE_only	1.0	1.0
chr11_KZ559109v1_fix_230180-230177	chr11_KZ559109v1_fix	230177.0	230180.0	1.0	tail_pattern_1	True	0.0911205	NUP160	1	0.3911858246251704	DKC1	1	1	0.0	0.0		0.0	0.0		True	PRAISE_only	1.0	1.0
chr11_KZ559109v1_fix_254491-254489	chr11_KZ559109v1_fix	254489.0	254491.0	1.0	tail_pattern_1	True	0.0636925	NUP160	1	0.11494775102226261		0	0	0.0	0.0		0.0	0.0		True	PRAISE_only	1.0	1.0
chr11_KZ559109v1_fix_54922-54921	chr11_KZ559109v1_fix	54921.0	54922.0	1.0	tail_pattern_1	True	0.0761615	MTCH2	1	0.2526124488868696		0	0	0.0	0.0		0.0	0.0		True	PRAISE_only	1.0	1.0
chr11_KZ559109v1_fix_8751-8752	chr11_KZ559109v1_fix	8751.0	8752.0	1.0	tail_pattern_1	True	0.108897	NDUFS3	1	0.514311676510677	TRUB1	1	1	0.0	0.0		0.0	0.0		True	PRAISE_only	1.0	1.0
chr11_KZ559110v1_alt_108645	chr11_KZ559110v1_alt	108645.0	108645.0	0.0	tail_pattern_1	True	0.077436	CHORDC1	1	0.26533393911858244		0	0	0.0	0.0		0.0	0.0		True	PRAISE_only	1.0	1.0
chr11_ML143359v1_fix_176958	chr11_ML143359v1_fix	176958.0	176958.0	0.0	tail_pattern_1	True	0.060529	CTTN	1	0.08632439800090867	PUS7	1	1	0.0	0.0		0.0	0.0		True	PRAISE_only	1.0	1.0
chr11_ML143360v1_fix_150989	chr11_ML143360v1_fix	150989.0	150989.0	0.0	tail_pattern_1	True	0.0585755	LDHA	1	0.06133575647432985	DKC1	1	1	0.0	0.0		0.0	0.0		True	PRAISE_only	1.0	1.0
chr11_ML143360v1_fix_158702-158704	chr11_ML143360v1_fix	158702.0	158704.0	1.0	tail_pattern_1	True	0.07347100000000001	LDHA	1	0.22762380736029078	DKC1	1	1	0.0	0.0		0.0	0.0		True	PRAISE_only	1.0	1.0
chr12_100098541	chr12	100098541.0	100098541.0	0.0	tail_pattern_1	True	0.6705215	UHRF1BP1L	1	0.947296683325761		0	0	0.0	0.0		0.0	0.0		True	PRAISE_only	1.0	1.0
chr12_101286357-101286359	chr12	101286357.0	101286359.0	1.0	tail_pattern_1	True	0.24852950000000001	UTP20	1	0.8109950022716946		0	0	0.0	0.0		0.0	0.0		True	PRAISE_only	1.0	1.0
chr12_101394856-101394855	chr12	101394855.0	101394856.0	1.0	tail_pattern_1	True	0.1415215	ARL1	1	0.6474329850068151	DKC1	1	1	0.0	0.0		1.0	0.0	-	True	PRAISE+ELAP_cross_chemistry	2.0	2.0
chr12_101714574-101714577	chr12	101714574.0	101714577.0	1.0	tail_pattern_1	True	0.0833355	CHPT1	1	0.3171285779191277	DKC1	1	1	0.0	0.0		0.0	0.0		True	PRAISE_only	1.0	1.0
chr12_101723767-101723771	chr12	101723767.0	101723771.0	1.0	tail_pattern_1	True	0.0754045	CHPT1	1	0.2453430258973194	DKC1	1	1	0.0	0.0		1.0	0.0	+	True	PRAISE+ELAP_cross_chemistry	2.0	2.0
chr12_104348936	chr12	104348936.0	104348936.0	0.0	tail_pattern_1	True	0.066769	TXNRD1	1	0.15174920490686053	PUS7	1	1	0.0	0.0		0.0	0.0		True	PRAISE_only	1.0	1.0
chr12_105370692-105370694	chr12	105370692.0	105370694.0	1.0	tail_pattern_1	True	0.1053775	C12orf75	1	0.4943207632894139	DKC1	1	1	0.0	0.0		0.0	0.0		True	PRAISE_only	1.0	1.0
chr12_106998011	chr12	106998011.0	106998011.0	0.0	tail_pattern_1	True	0.12198700000000001	CRY1	1	0.5756474329850069	DKC1	1	1	0.0	0.0		0.0	0.0		True	PRAISE_only	1.0	1.0
chr12_106999837-106999835	chr12	106999835.0	106999837.0	1.0	tail_pattern_1	True	0.0598385	CRY1	1	0.07723761926397092		0	0	0.0	0.0		0.0	0.0		True	PRAISE_only	1.0	1.0
chr12_107093480	chr12	107093480.0	107093480.0	0.0	tail_pattern_1	True	0.181496	CRY1	1	0.741026805997274	PUS7	1	1	1.0	0.0	-	0.0	0.0		True	PRAISE+BID_same_family	2.0	1.0
chr12_108648778-108648777	chr12	108648777.0	108648778.0	1.0	tail_pattern_1	True	0.055257	CORO1C	1	0.025897319400272602		0	0	0.0	0.0		0.0	0.0		True	PRAISE_only	1.0	1.0
chr12_110292043	chr12	110292043.0	110292043.0	0.0	tail_pattern_1	True	0.0648055	ATP2A2	1	0.12766924125397547		0	0	0.0	0.0		0.0	0.0		True	PRAISE_only	1.0	1.0
chr12_110339600	chr12	110339600.0	110339600.0	0.0	tail_pattern_1	True	0.06986149999999999	ATP2A2	1	0.18945933666515222	DKC1	1	1	0.0	0.0		0.0	0.0		True	PRAISE_only	1.0	1.0
chr12_110343335-110343336	chr12	110343335.0	110343336.0	1.0	tail_pattern_1	True	0.09425549999999999	ATP2A2	1	0.421172194457065	TRUB1	1	1	0.0	0.0		1.0	0.0	+	True	PRAISE+ELAP_cross_chemistry	2.0	2.0
chr12_110453058-110453055	chr12	110453055.0	110453058.0	1.0	tail_pattern_1	True	0.0738075	GPN3	1	0.23171285779191278		0	0	0.0	0.0		1.0	0.0	-	True	PRAISE+ELAP_cross_chemistry	2.0	2.0
chr12_110453847-110453843	chr12	110453843.0	110453847.0	1.0	tail_pattern_1	True	0.0843615	GPN3	1	0.3298500681508405		0	0	0.0	0.0		1.0	0.0	-	True	PRAISE+ELAP_cross_chemistry	2.0	2.0
chr12_111449160-111449161	chr12	111449160.0	111449161.0	1.0	tail_pattern_1	True	0.229235	SH2B3	1	0.7905497501135847	TRUB1	1	1	0.0	0.0		0.0	0.0		True	PRAISE_only	1.0	1.0
chr12_111792702-111792704	chr12	111792702.0	111792704.0	1.0	tail_pattern_1	True	0.083863	ALDH2	1	0.32485233984552475	DKC1	1	1	0.0	0.0		1.0	0.0	+	True	PRAISE+ELAP_cross_chemistry	2.0	2.0
chr12_112022846	chr12	112022846.0	112022846.0	0.0	tail_pattern_1	True	0.0909065	ERP29	1	0.3902771467514766	DKC1	1	1	0.0	0.0		1.0	0.0	+	True	PRAISE+ELAP_cross_chemistry	2.0	2.0
chr12_112022858-112022859	chr12	112022858.0	112022859.0	1.0	tail_pattern_1	True	0.1368955	ERP29	1	0.6297137664697865		0	0	0.0	0.0		1.0	0.0	+	True	PRAISE+ELAP_cross_chemistry	2.0	2.0
chr12_112446320	chr12	112446320.0	112446320.0	0.0	tail_pattern_1	True	0.10605049999999999	PTPN11	1	0.4975011358473421	DKC1	1	1	0.0	0.0		0.0	0.0		True	PRAISE_only	1.0	1.0
chr12_113276967-113276968	chr12	113276967.0	113276968.0	1.0	tail_pattern_1	True	0.4642855	TPCN1	1	0.9000454338936847	TRUB1	1	1	0.0	0.0		1.0	0.0	+	True	PRAISE+ELAP_cross_chemistry	2.0	2.0
chr12_113384874	chr12	113384874.0	113384874.0	0.0	tail_pattern_1	True	0.24663050000000003	PLBD2	1	0.8082689686506134		0	0	0.0	0.0		0.0	0.0		True	PRAISE_only	1.0	1.0
chr12_115963449-115963448	chr12	115963448.0	115963449.0	1.0	tail_pattern_1	True	0.17664449999999998	MED13L	1	0.7301226715129486	TRUB1	1	1	0.0	0.0		1.0	0.0	-	True	PRAISE+ELAP_cross_chemistry	2.0	2.0
chr12_118144937-118144938	chr12	118144937.0	118144938.0	1.0	tail_pattern_1	True	0.1077145	PEBP1	1	0.5065879145842799		0	0	0.0	0.0		1.0	0.0	+	True	PRAISE+ELAP_cross_chemistry	2.0	2.0
chr12_119686966-119686965	chr12	119686965.0	119686966.0	1.0	tail_pattern_1	True	0.4193595	CIT	1	0.8886869604725125	TRUB1	1	1	0.0	0.0		0.0	0.0		True	PRAISE_only	1.0	1.0
chr12_119857629	chr12	119857629.0	119857629.0	0.0	tail_pattern_1	True	0.48837200000000003	CIT	1	0.9064061790095411	PUS7	1	1	0.0	0.0		0.0	0.0		True	PRAISE_only	1.0	1.0
chr12_120140907	chr12	120140907.0	120140907.0	0.0	tail_pattern_1	True	0.09026	GCN1	1	0.3839164016356202	DKC1	1	1	0.0	0.0		0.0	0.0		True	PRAISE_only	1.0	1.0
chr12_120144646	chr12	120144646.0	120144646.0	0.0	tail_pattern_1	True	0.0789565	GCN1	1	0.2821444797819173	DKC1	1	1	0.0	0.0		0.0	0.0		True	PRAISE_only	1.0	1.0
chr12_120198594-120198593	chr12	120198593.0	120198594.0	1.0	tail_pattern_1	True	0.091647	RPLP0	1	0.396637891867333	DKC1	1	1	0.0	0.0		1.0	0.0	-	True	PRAISE+ELAP_cross_chemistry	2.0	2.0
chr12_120199451	chr12	120199451.0	120199451.0	0.0	tail_pattern_1	True	0.1430535	RPLP0	1	0.651976374375284	DKC1	1	1	1.0	0.0	-	0.0	0.0		True	PRAISE+BID_same_family	2.0	1.0
chr12_120440583-120440585	chr12	120440583.0	120440585.0	1.0	tail_pattern_1	True	0.1532095	COX6A1	1	0.6778736937755566	DKC1	1	1	0.0	0.0		1.0	0.0	+	True	PRAISE+ELAP_cross_chemistry	2.0	2.0
chr12_120444053	chr12	120444053.0	120444053.0	0.0	tail_pattern_1	True	0.20012649999999998	TRIAP1	1	0.7637437528396184		0	0	0.0	0.0		0.0	0.0		True	PRAISE_only	1.0	1.0
chr12_120696971-120696972	chr12	120696971.0	120696972.0	1.0	tail_pattern_1	True	0.126535	MLEC	1	0.5924579736483416		0	0	0.0	0.0		0.0	0.0		True	PRAISE_only	1.0	1.0
chr12_120764052-120764051	chr12	120764051.0	120764052.0	1.0	tail_pattern_1	True	0.5466895	SPPL3	1	0.9204906860517946	TRUB1	1	1	1.0	0.0	-	0.0	0.0		True	PRAISE+BID_same_family	2.0	1.0
chr12_121330595-121330592	chr12	121330592.0	121330595.0	1.0	tail_pattern_1	True	0.15556999999999999	ANAPC5	1	0.6833257610177192		0	0	0.0	0.0		1.0	0.0	-	True	PRAISE+ELAP_cross_chemistry	2.0	2.0
chr12_121774663-121774664	chr12	121774663.0	121774664.0	1.0	tail_pattern_1	True	0.7207794999999999	TMEM120B	1	0.9536574284416175	TRUB1	1	1	0.0	0.0		1.0	0.0	+	True	PRAISE+ELAP_cross_chemistry	2.0	2.0
chr12_122601536-122601537	chr12	122601536.0	122601537.0	1.0	tail_pattern_1	True	0.10194700000000001	KNTC1	1	0.47751022262607906	TRUB1	1	1	0.0	0.0		0.0	0.0		True	PRAISE_only	1.0	1.0
chr12_123261687-123261686	chr12	123261686.0	123261687.0	1.0	tail_pattern_1	True	0.0965915	CDK2AP1	1	0.4379827351203998		0	0	0.0	0.0		1.0	0.0	-	True	PRAISE+ELAP_cross_chemistry	2.0	2.0
chr12_123396384-123396386	chr12	123396384.0	123396386.0	1.0	tail_pattern_1	True	0.05581	KMT5A	1	0.03044070876874148		0	0	0.0	0.0		0.0	0.0		True	PRAISE_only	1.0	1.0
chr12_123409030	chr12	123409030.0	123409030.0	0.0	tail_pattern_1	True	0.287427	KMT5A	1	0.834166288050886		0	0	0.0	0.0		1.0	0.0	+	True	PRAISE+ELAP_cross_chemistry	2.0	2.0
chr12_123626493	chr12	123626493.0	123626493.0	0.0	tail_pattern_1	True	0.0718975	EIF2B1	1	0.21353930031803725		0	0	0.0	0.0		0.0	0.0		True	PRAISE_only	1.0	1.0
chr12_124012693-124012694	chr12	124012693.0	124012694.0	1.0	tail_pattern_1	True	0.916216	ZNF664	1	0.9872785097682871	TRUB1	1	1	1.0	0.0	+	1.0	0.0	+	True	PRAISE+BID+ELAP	3.0	2.0
chr12_125025556	chr12	125025556.0	125025556.0	0.0	tail_pattern_1	True	0.10052900000000001	BRI3BP	1	0.46524307133121307	PUS7	1	1	0.0	0.0		0.0	0.0		True	PRAISE_only	1.0	1.0
chr12_12875932-12875933	chr12	12875932.0	12875933.0	1.0	tail_pattern_1	True	0.173109	RPL13AP20	1	0.7260336210813266	DKC1	1	1	0.0	0.0		1.0	0.0	+	True	PRAISE+ELAP_cross_chemistry	2.0	2.0
chr12_132032038	chr12	132032038.0	132032038.0	0.0	tail_pattern_1	True	0.1686105	EP400	1	0.7137664697864607	PUS7	1	1	0.0	0.0		0.0	0.0		True	PRAISE_only	1.0	1.0
chr12_132643850	chr12	132643850.0	132643850.0	0.0	tail_pattern_1	True	0.14083600000000002	POLE	1	0.6442526124488869	PUS7	1	1	0.0	0.0		0.0	0.0		True	PRAISE_only	1.0	1.0
chr12_15889959-15889960	chr12	15889959.0	15889960.0	1.0	tail_pattern_1	True	0.141356	STRAP	1	0.6469786460699682		0	0	0.0	0.0		1.0	0.0	+	True	PRAISE+ELAP_cross_chemistry	2.0	2.0
chr12_21501357	chr12	21501357.0	21501357.0	0.0	tail_pattern_1	True	0.659188	RECQL	1	0.9450249886415266	PUS7	1	1	0.0	0.0		0.0	0.0		True	PRAISE_only	1.0	1.0
chr12_24816782-24816780	chr12	24816780.0	24816782.0	1.0	tail_pattern_1	True	0.097063	BCAT1	1	0.44161744661517494		0	0	0.0	0.0		1.0	0.0	-	True	PRAISE+ELAP_cross_chemistry	2.0	2.0
chr12_26487095-26487094	chr12	26487094.0	26487095.0	1.0	tail_pattern_1	True	0.110093	ITPR2	1	0.522489777373921		0	0	0.0	0.0		0.0	0.0		True	PRAISE_only	1.0	1.0
chr12_26681967-26681966	chr12	26681966.0	26681967.0	1.0	tail_pattern_1	True	0.1925925	ITPR2	1	0.7555656519763744	TRUB1	1	1	0.0	0.0		0.0	0.0		True	PRAISE_only	1.0	1.0
chr12_26725731-26725730	chr12	26725730.0	26725731.0	1.0	tail_pattern_1	True	0.19756449999999998	ITPR2	1	0.7614720581553839		0	0	0.0	0.0		0.0	0.0		True	PRAISE_only	1.0	1.0
chr12_26934589-26934588	chr12	26934588.0	26934589.0	1.0	tail_pattern_1	True	0.0799555	INTS13	1	0.2894139027714675		0	0	0.0	0.0		0.0	0.0		True	PRAISE_only	1.0	1.0
chr12_26972280-26972279	chr12	26972279.0	26972280.0	1.0	tail_pattern_1	True	0.283603	TM7SF3	1	0.8332576101771921		0	0	0.0	0.0		1.0	0.0	-	True	PRAISE+ELAP_cross_chemistry	2.0	2.0
chr12_27756133-27756134	chr12	27756133.0	27756134.0	1.0	tail_pattern_1	True	0.061205	MRPS35	1	0.09177646524307133		0	0	0.0	0.0		0.0	0.0		True	PRAISE_only	1.0	1.0
chr12_2803908-2803909	chr12	2803908.0	2803909.0	1.0	tail_pattern_1	True	0.6581755	FKBP4	1	0.9445706497046797	TRUB1	1	1	1.0	0.0	+	1.0	0.0	+	True	PRAISE+BID+ELAP	3.0	2.0
chr12_30662340	chr12	30662340.0	30662340.0	0.0	tail_pattern_1	True	0.15428	IPO8	1	0.6792367105860972		0	0	0.0	0.0		0.0	0.0		True	PRAISE_only	1.0	1.0
chr12_30674673	chr12	30674673.0	30674673.0	0.0	tail_pattern_1	True	0.1054165	IPO8	1	0.4952294411631077		0	0	0.0	0.0		0.0	0.0		True	PRAISE_only	1.0	1.0
chr12_32720703-32720704	chr12	32720703.0	32720704.0	1.0	tail_pattern_1	True	0.202066	DNM1L	1	0.7655611085870059		0	0	0.0	0.0		1.0	0.0	+	True	PRAISE+ELAP_cross_chemistry	2.0	2.0
chr12_4299865	chr12	4299865.0	4299865.0	0.0	tail_pattern_1	True	0.1277255	CCND2	1	0.5965470240799636	DKC1	1	1	0.0	0.0		0.0	0.0		True	PRAISE_only	1.0	1.0
chr12_4352458-4352459	chr12	4352458.0	4352459.0	1.0	tail_pattern_1	True	0.0660435	TIGAR	1	0.1453884597910041		0	0	0.0	0.0		0.0	0.0		True	PRAISE_only	1.0	1.0
chr12_43795731-43795730	chr12	43795730.0	43795731.0	1.0	tail_pattern_1	True	0.058088	TWF1	1	0.05406633348477965		0	0	0.0	0.0		1.0	0.0	-	True	PRAISE+ELAP_cross_chemistry	2.0	2.0
chr12_44522124-44522123	chr12	44522123.0	44522124.0	1.0	tail_pattern_1	True	0.1964285	NELL2	1	0.761017719218537		0	0	0.0	0.0		1.0	0.0	-	True	PRAISE+ELAP_cross_chemistry	2.0	2.0
chr12_44776094-44776093	chr12	44776093.0	44776094.0	1.0	tail_pattern_1	True	0.2578125	NELL2	1	0.8196274420717855		0	0	0.0	0.0		0.0	0.0		True	PRAISE_only	1.0	1.0
chr12_47994045	chr12	47994045.0	47994045.0	0.0	tail_pattern_1	True	0.0979855	COL2A1	1	0.44706951385733756		0	0	0.0	0.0		0.0	0.0		True	PRAISE_only	1.0	1.0
chr12_48938154-48938153	chr12	48938153.0	48938154.0	1.0	tail_pattern_1	True	0.058041999999999996	ARF3	1	0.05315765561108587	DKC1	1	1	0.0	0.0		1.0	0.0	-	True	PRAISE+ELAP_cross_chemistry	2.0	2.0
chr12_48938164	chr12	48938164.0	48938164.0	0.0	tail_pattern_1	True	0.19583699999999998	ARF3	1	0.7605633802816901	PUS7	1	1	1.0	0.0	-	0.0	0.0		True	PRAISE+BID_same_family	2.0	1.0
chr12_49003215-49003213	chr12	49003213.0	49003215.0	1.0	tail_pattern_1	True	0.1100265	PRKAG1	1	0.522035438437074	DKC1	1	1	0.0	0.0		1.0	0.0	-	True	PRAISE+ELAP_cross_chemistry	2.0	2.0
chr12_49128048	chr12	49128048.0	49128048.0	0.0	tail_pattern_1	True	0.091924	TUBA1B	1	0.39845524761472056		0	0	0.0	0.0		1.0	0.0	-	True	PRAISE+ELAP_cross_chemistry	2.0	2.0
chr12_49128594-49128593	chr12	49128593.0	49128594.0	1.0	tail_pattern_1	True	0.065646	TUBA1B	1	0.13902771467514766		0	0	0.0	0.0		1.0	0.0	-	True	PRAISE+ELAP_cross_chemistry	2.0	2.0
chr12_49185646-49185645	chr12	49185645.0	49185646.0	1.0	tail_pattern_1	True	0.07214000000000001	TUBA1A	1	0.21717401181281235		0	0	0.0	0.0		1.0	0.0	-	True	PRAISE+ELAP_cross_chemistry	2.0	2.0
chr12_49272597-49272598	chr12	49272597.0	49272598.0	1.0	tail_pattern_1	True	0.0656455	TUBA1C	1	0.13857337573830078		0	0	0.0	0.0		1.0	0.0	+	True	PRAISE+ELAP_cross_chemistry	2.0	2.0
chr12_50090273	chr12	50090273.0	50090273.0	0.0	tail_pattern_1	True	0.10018099999999999	SMARCD1	1	0.4611540208995911	DKC1	1	1	0.0	0.0		0.0	0.0		True	PRAISE_only	1.0	1.0
chr12_50120312-50120313	chr12	50120312.0	50120313.0	1.0	tail_pattern_1	True	0.250389	COX14	1	0.8128123580190822	DKC1	1	1	0.0	0.0		1.0	0.0	+	True	PRAISE+ELAP_cross_chemistry	2.0	2.0
chr12_50120389-50120392	chr12	50120389.0	50120392.0	1.0	tail_pattern_1	True	0.1361165	COX14	1	0.6278964107223989		0	0	0.0	0.0		1.0	0.0	+	True	PRAISE+ELAP_cross_chemistry	2.0	2.0
chr12_50990886	chr12	50990886.0	50990886.0	0.0	tail_pattern_1	True	0.279253	SLC11A2	1	0.8305315765561109	PUS7	1	1	1.0	0.0	-	0.0	0.0		True	PRAISE+BID_same_family	2.0	1.0
chr12_53037566-53037567	chr12	53037566.0	53037567.0	1.0	tail_pattern_1	True	0.07997599999999999	EIF4B	1	0.2898682417083144	TRUB1	1	1	0.0	0.0		1.0	0.0	+	True	PRAISE+ELAP_cross_chemistry	2.0	2.0
chr12_53270012-53270013	chr12	53270012.0	53270013.0	1.0	tail_pattern_1	True	0.0822195	ESPL1	1	0.3089504770558837		0	0	0.0	0.0		1.0	0.0	+	True	PRAISE+ELAP_cross_chemistry	2.0	2.0
chr12_53270426-53270428	chr12	53270426.0	53270428.0	1.0	tail_pattern_1	True	0.098872	ESPL1	1	0.4520672421626533	DKC1	1	1	0.0	0.0		1.0	0.0	+	True	PRAISE+ELAP_cross_chemistry	2.0	2.0
chr12_53443440-53443441	chr12	53443440.0	53443441.0	1.0	tail_pattern_1	True	0.885446	PRR13	1	0.980009086778737	TRUB1	1	1	0.0	0.0		1.0	0.0	+	True	PRAISE+ELAP_cross_chemistry	2.0	2.0
chr12_53479844-53479847	chr12	53479844.0	53479847.0	1.0	tail_pattern_1	True	0.4444445	PCBP2	1	0.8955020445252158	TRUB1	1	1	1.0	0.0	+	1.0	0.0	+	True	PRAISE+BID+ELAP	3.0	2.0
chr12_53506158	chr12	53506158.0	53506158.0	0.0	tail_pattern_1	True	0.120922	TARBP2	1	0.5715583825533849	DKC1	1	1	0.0	0.0		0.0	0.0		True	PRAISE_only	1.0	1.0
chr12_55827531-55827530	chr12	55827530.0	55827531.0	1.0	tail_pattern_1	True	0.08265800000000001	DNAJC14	1	0.3121308496138119		0	0	0.0	0.0		0.0	0.0		True	PRAISE_only	1.0	1.0
chr12_56144160	chr12	56144160.0	56144160.0	0.0	tail_pattern_1	True	0.077482	ESYT1	1	0.26715129486597		0	0	0.0	0.0		0.0	0.0		True	PRAISE_only	1.0	1.0
chr12_56155511-56155512	chr12	56155511.0	56155512.0	1.0	tail_pattern_1	True	0.1225125	MYL6B	1	0.5770104497955475	DKC1	1	1	0.0	0.0		1.0	0.0	+	True	PRAISE+ELAP_cross_chemistry	2.0	2.0
chr12_56276195-56276194	chr12	56276194.0	56276195.0	1.0	tail_pattern_1	True	0.0972355	CS	1	0.4425261244888687		0	0	0.0	0.0		0.0	0.0		True	PRAISE_only	1.0	1.0
chr12_56282467-56282465	chr12	56282465.0	56282467.0	1.0	tail_pattern_1	True	0.153192	CS	1	0.6774193548387096		0	0	0.0	0.0		1.0	0.0	-	True	PRAISE+ELAP_cross_chemistry	2.0	2.0
chr12_56311251	chr12	56311251.0	56311251.0	0.0	tail_pattern_1	True	0.094613	CNPY2	1	0.4238982280781463		0	0	0.0	0.0		1.0	0.0	-	True	PRAISE+ELAP_cross_chemistry	2.0	2.0
chr12_56434113-56434112	chr12	56434112.0	56434113.0	1.0	tail_pattern_1	True	0.0765275	TIMELESS	1	0.2571558382553385	DKC1	1	1	0.0	0.0		0.0	0.0		True	PRAISE_only	1.0	1.0
chr12_56597049-56597048	chr12	56597048.0	56597049.0	1.0	tail_pattern_1	True	0.0519985	BAZ2A	1	0.003634711494775102		0	0	0.0	0.0		1.0	0.0	-	True	PRAISE+ELAP_cross_chemistry	2.0	2.0
chr12_56615552-56615551	chr12	56615551.0	56615552.0	1.0	tail_pattern_1	True	0.065625	BAZ2A	1	0.13811903680145388	DKC1	1	1	0.0	0.0		0.0	0.0		True	PRAISE_only	1.0	1.0
chr12_56713561-56713560	chr12	56713560.0	56713561.0	1.0	tail_pattern_1	True	0.054089	NACA	1	0.016810540663334848		0	0	0.0	0.0		1.0	0.0	-	True	PRAISE+ELAP_cross_chemistry	2.0	2.0
chr12_57002276-57002275	chr12	57002275.0	57002276.0	1.0	tail_pattern_1	True	0.7835045	ZBTB39	1	0.9622898682417084	TRUB1	1	1	1.0	0.0	-	1.0	0.0	-	True	PRAISE+BID+ELAP	3.0	2.0
chr12_57185613	chr12	57185613.0	57185613.0	0.0	tail_pattern_1	True	0.120174	LRP1	1	0.5683780099954566		0	0	0.0	0.0		0.0	0.0		True	PRAISE_only	1.0	1.0
chr12_57197377-57197378	chr12	57197377.0	57197378.0	1.0	tail_pattern_1	True	0.10740749999999999	LRP1	1	0.5038618809631985	DKC1	1	1	0.0	0.0		0.0	0.0		True	PRAISE_only	1.0	1.0
chr12_57211259-57211261	chr12	57211259.0	57211261.0	1.0	tail_pattern_1	True	0.2233925	LRP1	1	0.7864606996819627	DKC1	1	1	0.0	0.0		0.0	0.0		True	PRAISE_only	1.0	1.0
chr12_57233271-57233273	chr12	57233271.0	57233273.0	1.0	tail_pattern_1	True	0.0895665	SHMT2	1	0.3798273512039982		0	0	0.0	0.0		1.0	0.0	+	True	PRAISE+ELAP_cross_chemistry	2.0	2.0
chr12_57234601	chr12	57234601.0	57234601.0	0.0	tail_pattern_1	True	0.1720725	SHMT2	1	0.7233075874602454		0	0	1.0	0.0	+	1.0	0.0	+	True	PRAISE+BID+ELAP	3.0	2.0
chr12_57234733-57234735	chr12	57234733.0	57234735.0	1.0	tail_pattern_1	True	0.109554	SHMT2	1	0.5174920490686051	TRUB1	1	1	0.0	0.0		1.0	0.0	+	True	PRAISE+ELAP_cross_chemistry	2.0	2.0
chr12_57500360-57500363	chr12	57500360.0	57500363.0	1.0	tail_pattern_1	True	0.07803399999999999	MARS1	1	0.27214902317128575		0	0	0.0	0.0		1.0	0.0	+	True	PRAISE+ELAP_cross_chemistry	2.0	2.0
chr12_57511856-57511859	chr12	57511856.0	57511859.0	1.0	tail_pattern_1	True	0.0542765	MARS1	1	0.0186278964107224		0	0	0.0	0.0		1.0	0.0	+	True	PRAISE+ELAP_cross_chemistry	2.0	2.0
chr12_57532803	chr12	57532803.0	57532803.0	0.0	tail_pattern_1	True	0.0985435	DCTN2	1	0.4502498864152658	PUS7	1	1	0.0	0.0		0.0	0.0		True	PRAISE_only	1.0	1.0
chr12_57595929	chr12	57595929.0	57595929.0	0.0	tail_pattern_1	True	0.202104	PIP4K2C	1	0.7660154475238528	TRUB1	1	1	0.0	0.0		0.0	0.0		True	PRAISE_only	1.0	1.0
chr12_57624273-57624272	chr12	57624272.0	57624273.0	1.0	tail_pattern_1	True	0.2909505	B4GALNT1	1	0.8368923216719673	TRUB1	1	1	0.0	0.0		0.0	0.0		True	PRAISE_only	1.0	1.0
chr12_57820227	chr12	57820227.0	57820227.0	0.0	tail_pattern_1	True	0.137529	CTDSP2	1	0.6328941390277146	PUS7	1	1	0.0	0.0		0.0	0.0		True	PRAISE_only	1.0	1.0
chr12_6235512-6235514	chr12	6235512.0	6235514.0	1.0	tail_pattern_1	True	0.08095450000000001	CD9	1	0.2971376646978646	DKC1	1	1	0.0	0.0		1.0	0.0	+	True	PRAISE+ELAP_cross_chemistry	2.0	2.0
chr12_64431750	chr12	64431750.0	64431750.0	0.0	tail_pattern_1	True	0.171371	XPOT	1	0.7214902317128578	DKC1	1	1	1.0	0.0	+	1.0	0.0	+	True	PRAISE+BID+ELAP	3.0	2.0
chr12_64450844-64450845	chr12	64450844.0	64450845.0	1.0	tail_pattern_1	True	0.096892	XPOT	1	0.44025442980463425	PUS1	1	1	0.0	0.0		1.0	0.0	+	True	PRAISE+ELAP_cross_chemistry	2.0	2.0
chr12_64715560-64715559	chr12	64715559.0	64715560.0	1.0	tail_pattern_1	True	0.0602945	GNS	1	0.08359836437982734		0	0	0.0	0.0		0.0	0.0		True	PRAISE_only	1.0	1.0
chr12_64737047	chr12	64737047.0	64737047.0	0.0	tail_pattern_1	True	0.0702555	GNS	1	0.1926397092230804		0	0	0.0	0.0		0.0	0.0		True	PRAISE_only	1.0	1.0
chr12_6495089	chr12	6495089.0	6495089.0	0.0	tail_pattern_1	True	0.0662655	NCAPD2	1	0.1490231712857792	PUS7	1	1	0.0	0.0		0.0	0.0		True	PRAISE_only	1.0	1.0
chr12_6526537	chr12	6526537.0	6526537.0	0.0	tail_pattern_1	True	0.1573585	NCAPD2	1	0.6887778282598819	DKC1	1	1	1.0	0.0	+	0.0	0.0		True	PRAISE+BID_same_family	2.0	1.0
chr12_6529907-6529912	chr12	6529907.0	6529912.0	1.0	tail_pattern_1	True	0.135488	NCAPD2	1	0.6260790549750114	DKC1	1	1	0.0	0.0		1.0	0.0	+	True	PRAISE+ELAP_cross_chemistry	2.0	2.0
chr12_65964464	chr12	65964464.0	65964464.0	0.0	tail_pattern_1	True	0.2145195	HMGA2	1	0.777373920945025		0	0	1.0	0.0	+	0.0	0.0		True	PRAISE+BID_same_family	2.0	1.0
chr12_65964467-65964470	chr12	65964467.0	65964470.0	1.0	tail_pattern_1	True	0.1150845	HMGA2	1	0.542480690595184	DKC1	1	1	0.0	0.0		1.0	0.0	+	True	PRAISE+ELAP_cross_chemistry	2.0	2.0
chr12_66129012-66129011	chr12	66129011.0	66129012.0	1.0	tail_pattern_1	True	0.074124	LLPH	1	0.2335302135393003		0	0	0.0	0.0		1.0	0.0	-	True	PRAISE+ELAP_cross_chemistry	2.0	2.0
chr12_6727941-6727943	chr12	6727941.0	6727943.0	1.0	tail_pattern_1	True	0.155652	COPS7A	1	0.6837800999545661		0	0	0.0	0.0		1.0	0.0	+	True	PRAISE+ELAP_cross_chemistry	2.0	2.0
chr12_6727971-6727973	chr12	6727971.0	6727973.0	1.0	tail_pattern_1	True	0.146592	COPS7A	1	0.660154475238528		0	0	0.0	0.0		1.0	0.0	+	True	PRAISE+ELAP_cross_chemistry	2.0	2.0
chr12_67305881-67305882	chr12	67305881.0	67305882.0	1.0	tail_pattern_1	True	0.062431	CAND1	1	0.10313493866424353		0	0	0.0	0.0		0.0	0.0		True	PRAISE_only	1.0	1.0
chr12_6862528-6862529	chr12	6862528.0	6862529.0	1.0	tail_pattern_1	True	0.2444335	USP5	1	0.8069059518400727	DKC1	1	1	1.0	0.0	+	1.0	0.0	+	True	PRAISE+BID+ELAP	3.0	2.0
chr12_6870079	chr12	6870079.0	6870079.0	0.0	tail_pattern_1	True	0.08756749999999999	TPI1	1	0.3611994547932758	DKC1	1	1	0.0	0.0		0.0	0.0		True	PRAISE_only	1.0	1.0
chr12_68840907	chr12	68840907.0	68840907.0	0.0	tail_pattern_1	True	0.179969	MDM2	1	0.7378464334393458		0	0	0.0	0.0		0.0	0.0		True	PRAISE_only	1.0	1.0
chr12_69598339	chr12	69598339.0	69598339.0	0.0	tail_pattern_1	True	0.11725150000000001	CCT2	1	0.5565651976374375		0	0	0.0	0.0		1.0	0.0	+	True	PRAISE+ELAP_cross_chemistry	2.0	2.0
chr12_6974430	chr12	6974430.0	6974430.0	0.0	tail_pattern_1	True	0.061336	EMG1	1	0.09359382099045888		0	0	0.0	0.0		0.0	0.0		True	PRAISE_only	1.0	1.0
chr12_6981615-6981613	chr12	6981613.0	6981615.0	1.0	tail_pattern_1	True	0.110292	LPCAT3	1	0.5229441163107679	PUS1	1	1	0.0	0.0		1.0	0.0	-	True	PRAISE+ELAP_cross_chemistry	2.0	2.0
chr12_79589064	chr12	79589064.0	79589064.0	0.0	tail_pattern_1	True	0.385873	PAWR	1	0.8814175374829623	PUS7	1	1	0.0	0.0		0.0	0.0		True	PRAISE_only	1.0	1.0
chr12_8941307-8941306	chr12	8941306.0	8941307.0	1.0	tail_pattern_1	True	0.615344	M6PR	1	0.9386642435256701	TRUB1	1	1	1.0	0.0	-	1.0	0.0	-	True	PRAISE+BID+ELAP	3.0	2.0
chr12_8941820	chr12	8941820.0	8941820.0	0.0	tail_pattern_1	True	0.069253	M6PR	1	0.182189913675602	DKC1	1	1	0.0	0.0		0.0	0.0		True	PRAISE_only	1.0	1.0
chr12_96035551	chr12	96035551.0	96035551.0	0.0	tail_pattern_1	True	0.073229	LTA4H	1	0.22489777373920944	PUS7	1	1	0.0	0.0		0.0	0.0		True	PRAISE_only	1.0	1.0
chr12_98534200	chr12	98534200.0	98534200.0	0.0	tail_pattern_1	True	0.068878	TMPO	1	0.17764652430713312	PUS7	1	1	0.0	0.0		0.0	0.0		True	PRAISE_only	1.0	1.0
chr12_98598656-98598658	chr12	98598656.0	98598658.0	1.0	tail_pattern_1	True	0.154469	SLC25A3	1	0.6805997273966379	DKC1	1	1	0.0	0.0		0.0	0.0		True	PRAISE_only	1.0	1.0
chr12_98601224-98601225	chr12	98601224.0	98601225.0	1.0	tail_pattern_1	True	0.058806	SLC25A3	1	0.06360745115856428		0	0	0.0	0.0		1.0	0.0	+	True	PRAISE+ELAP_cross_chemistry	2.0	2.0
chr13_100340242-100340245	chr13	100340242.0	100340245.0	1.0	tail_pattern_1	True	0.32855650000000003	PCCA	1	0.8573375738300772	TRUB1	1	1	0.0	0.0		0.0	0.0		True	PRAISE_only	1.0	1.0
chr13_110480358-110480359	chr13	110480358.0	110480359.0	1.0	tail_pattern_1	True	0.07478499999999999	COL4A2	1	0.24079963652885053		0	0	0.0	0.0		1.0	0.0	+	True	PRAISE+ELAP_cross_chemistry	2.0	2.0
chr13_110484959	chr13	110484959.0	110484959.0	0.0	tail_pattern_1	True	0.12425800000000001	COL4A2	1	0.5842798727850976		0	0	0.0	0.0		0.0	0.0		True	PRAISE_only	1.0	1.0
chr13_110506570-110506571	chr13	110506570.0	110506571.0	1.0	tail_pattern_1	True	0.169203	COL4A2	1	0.7155838255338483	DKC1	1	1	0.0	0.0		0.0	0.0		True	PRAISE_only	1.0	1.0
chr13_110705933	chr13	110705933.0	110705933.0	0.0	tail_pattern_1	True	0.0793785	CARS2	1	0.2862335302135393		0	0	0.0	0.0		0.0	0.0		True	PRAISE_only	1.0	1.0
chr13_110893158-110893156	chr13	110893156.0	110893158.0	1.0	tail_pattern_1	True	0.37884450000000003	ANKRD10	1	0.8773284870513403		0	0	0.0	0.0		1.0	0.0	-	True	PRAISE+ELAP_cross_chemistry	2.0	2.0
chr13_113233924-113233928	chr13	113233924.0	113233928.0	1.0	tail_pattern_1	True	0.0705565	CUL4A	1	0.19582008178100863	DKC1	1	1	0.0	0.0		0.0	0.0		True	PRAISE_only	1.0	1.0
chr13_113243158	chr13	113243158.0	113243158.0	0.0	tail_pattern_1	True	0.0616855	CUL4A	1	0.09586551567469333		0	0	0.0	0.0		0.0	0.0		True	PRAISE_only	1.0	1.0
chr13_19772419-19772418	chr13	19772418.0	19772419.0	1.0	tail_pattern_1	True	0.0808645	PSPC1	1	0.29577464788732394		0	0	0.0	0.0		0.0	0.0		True	PRAISE_only	1.0	1.0
chr13_20973441-20973440	chr13	20973440.0	20973441.0	1.0	tail_pattern_1	True	0.568182	LATS2	1	0.9254884143571104	TRUB1	1	1	0.0	0.0		0.0	0.0		True	PRAISE_only	1.0	1.0
chr13_21376616-21376614	chr13	21376614.0	21376616.0	1.0	tail_pattern_1	True	0.09853400000000001	ZDHHC20	1	0.4497955474784189	DKC1	1	1	0.0	0.0		0.0	0.0		True	PRAISE_only	1.0	1.0
chr13_21510054-21510052	chr13	21510052.0	21510054.0	1.0	tail_pattern_1	True	0.13955	MICU2	1	0.6401635620172649	DKC1	1	1	0.0	0.0		0.0	0.0		True	PRAISE_only	1.0	1.0
chr13_23338991-23338990	chr13	23338990.0	23338991.0	1.0	tail_pattern_1	True	0.094922	SACS	1	0.4270786006360745		0	0	0.0	0.0		0.0	0.0		True	PRAISE_only	1.0	1.0
chr13_24426506-24426505	chr13	24426505.0	24426506.0	1.0	tail_pattern_1	True	0.7336659999999999	PARP4	1	0.955474784189005	TRUB1	1	1	1.0	0.0	-	1.0	0.0	-	True	PRAISE+BID+ELAP	3.0	2.0
chr13_24435316-24435314	chr13	24435314.0	24435316.0	1.0	tail_pattern_1	True	0.1264345	PARP4	1	0.5915492957746479	DKC1	1	1	0.0	0.0		0.0	0.0		True	PRAISE_only	1.0	1.0
chr13_31138811	chr13	31138811.0	31138811.0	0.0	tail_pattern_1	True	0.1805905	HSPH1	1	0.7392094502498864		0	0	1.0	0.0	-	0.0	0.0		True	PRAISE+BID_same_family	2.0	1.0
chr13_39013236-39013235	chr13	39013235.0	39013236.0	1.0	tail_pattern_1	True	0.4957425	PROSER1	1	0.9082235347569286	TRUB1	1	1	1.0	0.0	-	0.0	0.0		True	PRAISE+BID_same_family	2.0	1.0
chr13_39014436-39014435	chr13	39014435.0	39014436.0	1.0	tail_pattern_1	True	0.392984	PROSER1	1	0.8832348932303499	TRUB1	1	1	1.0	0.0	-	0.0	0.0		True	PRAISE+BID_same_family	2.0	1.0
chr13_41887338-41887337	chr13	41887337.0	41887338.0	1.0	tail_pattern_1	True	0.1620645	VWA8	1	0.6992276238073603		0	0	0.0	0.0		1.0	0.0	-	True	PRAISE+ELAP_cross_chemistry	2.0	2.0
chr13_45336919-45336918	chr13	45336918.0	45336919.0	1.0	tail_pattern_1	True	0.074326	TPT1	1	0.23625624716038165		0	0	0.0	0.0		1.0	0.0	-	True	PRAISE+ELAP_cross_chemistry	2.0	2.0
chr13_46791380-46791378	chr13	46791378.0	46791380.0	1.0	tail_pattern_1	True	0.1404175	ESD	1	0.6424352567014994	DKC1	1	1	0.0	0.0		1.0	0.0	-	True	PRAISE+ELAP_cross_chemistry	2.0	2.0
chr13_47943169-47943168	chr13	47943168.0	47943169.0	1.0	tail_pattern_1	True	0.0728145	SUCLA2	1	0.22126306224443434		0	0	0.0	0.0		0.0	0.0		True	PRAISE_only	1.0	1.0
chr13_49660860-49660859	chr13	49660859.0	49660860.0	1.0	tail_pattern_1	True	0.1422225	EBPL	1	0.6501590186278964		0	0	0.0	0.0		1.0	0.0	-	True	PRAISE+ELAP_cross_chemistry	2.0	2.0
chr13_50953970-50953972	chr13	50953970.0	50953972.0	1.0	tail_pattern_1	True	0.062818	RNASEH2B	1	0.1076783280327124		0	0	0.0	0.0		0.0	0.0		True	PRAISE_only	1.0	1.0
chr13_52414099-52414098	chr13	52414098.0	52414099.0	1.0	tail_pattern_1	True	0.121171	VPS36	1	0.5729213993639255	DKC1	1	1	0.0	0.0		0.0	0.0		True	PRAISE_only	1.0	1.0
chr13_72761972	chr13	72761972.0	72761972.0	0.0	tail_pattern_1	True	0.06869349999999999	DIS3	1	0.17628350749659247	DKC1	1	1	0.0	0.0		0.0	0.0		True	PRAISE_only	1.0	1.0
chr13_75566848-75566850	chr13	75566848.0	75566850.0	1.0	tail_pattern_1	True	0.054222	UCHL3	1	0.01817355747387551		0	0	0.0	0.0		1.0	0.0	+	True	PRAISE+ELAP_cross_chemistry	2.0	2.0
chr13_75636472-75636473	chr13	75636472.0	75636473.0	1.0	tail_pattern_1	True	0.8732525	LMO7	1	0.9777373920945025	TRUB1	1	1	0.0	0.0		1.0	0.0	+	True	PRAISE+ELAP_cross_chemistry	2.0	2.0
chr13_76996058-76996063	chr13	76996058.0	76996063.0	1.0	tail_pattern_1	True	0.070878	CLN5	1	0.2003634711494775	DKC1	1	1	0.0	0.0		1.0	0.0	+	True	PRAISE+ELAP_cross_chemistry	2.0	2.0
chr13_77045317	chr13	77045317.0	77045317.0	0.0	tail_pattern_1	True	0.1258555	MYCBP2	1	0.5888232621535665		0	0	0.0	0.0		0.0	0.0		True	PRAISE_only	1.0	1.0
chr13_95020838-95020837	chr13	95020837.0	95020838.0	1.0	tail_pattern_1	True	0.10098750000000001	ABCC4	1	0.46978646069968194		0	0	0.0	0.0		0.0	0.0		True	PRAISE_only	1.0	1.0
chr13_98019786-98019787	chr13	98019786.0	98019787.0	1.0	tail_pattern_1	True	0.1129715	IPO5	1	0.5356656065424807	PUS1	1	1	0.0	0.0		1.0	0.0	+	True	PRAISE+ELAP_cross_chemistry	2.0	2.0
chr13_98023519-98023520	chr13	98023519.0	98023520.0	1.0	tail_pattern_1	True	0.1341155	IPO5	1	0.6206269877328487	TRUB1	1	1	0.0	0.0		1.0	0.0	+	True	PRAISE+ELAP_cross_chemistry	2.0	2.0
chr13_98452607-98452606	chr13	98452606.0	98452607.0	1.0	tail_pattern_1	True	0.0644485	STK24	1	0.12494320763289414		0	0	0.0	0.0		0.0	0.0		True	PRAISE_only	1.0	1.0
chr14_100281630	chr14	100281630.0	100281630.0	0.0	tail_pattern_1	True	0.07258400000000001	YY1	1	0.22035438437074056		0	0	0.0	0.0		0.0	0.0		True	PRAISE_only	1.0	1.0
chr14_100334345-100334344	chr14	100334344.0	100334345.0	1.0	tail_pattern_1	True	0.089423	WARS1	1	0.3780099954566106		0	0	0.0	0.0		0.0	0.0		True	PRAISE_only	1.0	1.0
chr14_101766097-101766098	chr14	101766097.0	101766098.0	1.0	tail_pattern_1	True	0.094373	LOC107984658	1	0.4225352112676056	DKC1	1	1	0.0	0.0		1.0	0.0	+	True	PRAISE+ELAP_cross_chemistry	2.0	2.0
chr14_101909671-101909672	chr14	101909671.0	101909672.0	1.0	tail_pattern_1	True	0.06603600000000001	PPP2R5C	1	0.1444797819173103		0	0	0.0	0.0		0.0	0.0		True	PRAISE_only	1.0	1.0
chr14_101983414-101983415	chr14	101983414.0	101983415.0	1.0	tail_pattern_1	True	0.067583	DYNC1H1	1	0.1626533393911858		0	0	0.0	0.0		0.0	0.0		True	PRAISE_only	1.0	1.0
chr14_102012104	chr14	102012104.0	102012104.0	0.0	tail_pattern_1	True	0.063058	DYNC1H1	1	0.11085870059064062		0	0	0.0	0.0		0.0	0.0		True	PRAISE_only	1.0	1.0
chr14_102012434-102012436	chr14	102012434.0	102012436.0	1.0	tail_pattern_1	True	0.1321805	DYNC1H1	1	0.6119945479327579	DKC1	1	1	0.0	0.0		1.0	0.0	+	True	PRAISE+ELAP_cross_chemistry	2.0	2.0
chr14_102034336	chr14	102034336.0	102034336.0	0.0	tail_pattern_1	True	0.0881075	DYNC1H1	1	0.36665152203543844	DKC1	1	1	0.0	0.0		1.0	0.0	+	True	PRAISE+ELAP_cross_chemistry	2.0	2.0
chr14_102083608-102083606	chr14	102083606.0	102083608.0	1.0	tail_pattern_1	True	0.054345000000000004	HSP90AA1	1	0.019082235347569285		0	0	0.0	0.0		1.0	0.0	-	True	PRAISE+ELAP_cross_chemistry	2.0	2.0
chr14_102085369-102085368	chr14	102085368.0	102085369.0	1.0	tail_pattern_1	True	0.0700945	HSP90AA1	1	0.19082235347569287	DKC1	1	1	0.0	0.0		1.0	0.0	-	True	PRAISE+ELAP_cross_chemistry	2.0	2.0
chr14_102085861-102085859	chr14	102085859.0	102085861.0	1.0	tail_pattern_1	True	0.0897945	HSP90AA1	1	0.38028169014084506	DKC1	1	1	0.0	0.0		1.0	0.0	-	True	PRAISE+ELAP_cross_chemistry	2.0	2.0
chr14_102085887-102085886	chr14	102085886.0	102085887.0	1.0	tail_pattern_1	True	0.0565665	HSP90AA1	1	0.03543843707405725		0	0	0.0	0.0		1.0	0.0	-	True	PRAISE+ELAP_cross_chemistry	2.0	2.0
chr14_102730480	chr14	102730480.0	102730480.0	0.0	tail_pattern_1	True	0.2018585	RCOR1	1	0.765106769650159		0	0	0.0	0.0		0.0	0.0		True	PRAISE_only	1.0	1.0
chr14_102938152	chr14	102938152.0	102938152.0	0.0	tail_pattern_1	True	0.0703505	CDC42BPB	1	0.1935483870967742		0	0	0.0	0.0		0.0	0.0		True	PRAISE_only	1.0	1.0
chr14_102943892	chr14	102943892.0	102943892.0	0.0	tail_pattern_1	True	0.125454	CDC42BPB	1	0.5879145842798728	PUS7	1	1	0.0	0.0		0.0	0.0		True	PRAISE_only	1.0	1.0
chr14_103462418-103462419	chr14	103462418.0	103462419.0	1.0	tail_pattern_1	True	0.07975550000000001	MARK3	1	0.2889595638346206	TRUB1	1	1	0.0	0.0		1.0	0.0	+	True	PRAISE+ELAP_cross_chemistry	2.0	2.0
chr14_103521268	chr14	103521268.0	103521268.0	0.0	tail_pattern_1	True	0.0668495	CKB	1	0.15447523852794184		0	0	0.0	0.0		1.0	0.0	-	True	PRAISE+ELAP_cross_chemistry	2.0	2.0
chr14_103685740	chr14	103685740.0	103685740.0	0.0	tail_pattern_1	True	0.1325925	KLC1	1	0.6147205815538391	PUS7	1	1	0.0	0.0		0.0	0.0		True	PRAISE_only	1.0	1.0
chr14_103912536	chr14	103912536.0	103912536.0	0.0	tail_pattern_1	True	0.18651600000000002	ATP5MJ	1	0.7455701953657429	DKC1	1	1	1.0	0.0	-	0.0	0.0		True	PRAISE+BID_same_family	2.0	1.0
chr14_103912631	chr14	103912631.0	103912631.0	0.0	tail_pattern_1	True	0.243859	ATP5MJ	1	0.8059972739663789	DKC1	1	1	1.0	0.0	-	1.0	0.0	-	True	PRAISE+BID+ELAP	3.0	2.0
chr14_104759507-104759508	chr14	104759507.0	104759508.0	1.0	tail_pattern_1	True	0.057723	SIVA1	1	0.04770558836892322		0	0	0.0	0.0		1.0	0.0	+	True	PRAISE+ELAP_cross_chemistry	2.0	2.0
chr14_104770044	chr14	104770044.0	104770044.0	0.0	tail_pattern_1	True	0.09261150000000001	AKT1	1	0.404815992730577	DKC1	1	1	0.0	0.0		1.0	0.0	-	True	PRAISE+ELAP_cross_chemistry	2.0	2.0
chr14_104895759	chr14	104895759.0	104895759.0	0.0	tail_pattern_1	True	0.285838	CEP170B	1	0.8337119491140391	PUS7	1	1	1.0	0.0	+	0.0	0.0		True	PRAISE+BID_same_family	2.0	1.0
chr14_19106902	chr14	19106902.0	19106902.0	0.0	tail_pattern_1	True	0.13127850000000002	DUXAP9	1	0.6079054975011359	PUS7	1	1	0.0	0.0		0.0	0.0		True	PRAISE_only	1.0	1.0
chr14_20311733-20311731	chr14	20311731.0	20311733.0	1.0	tail_pattern_1	True	0.12667	CCNB1IP1	1	0.5938209904588824	DKC1	1	1	0.0	0.0		1.0	0.0	-	True	PRAISE+ELAP_cross_chemistry	2.0	2.0
chr14_20401478-20401477	chr14	20401477.0	20401478.0	1.0	tail_pattern_1	True	0.6176470000000001	TEP1	1	0.939118582462517	TRUB1	1	1	0.0	0.0		0.0	0.0		True	PRAISE_only	1.0	1.0
chr14_20996794	chr14	20996794.0	20996794.0	0.0	tail_pattern_1	True	0.0794205	METTL17	1	0.2880508859609269		0	0	0.0	0.0		0.0	0.0		True	PRAISE_only	1.0	1.0
chr14_21210231	chr14	21210231.0	21210231.0	0.0	tail_pattern_1	True	0.1146115	HNRNPC	1	0.5406633348477965		0	0	0.0	0.0		1.0	0.0	-	True	PRAISE+ELAP_cross_chemistry	2.0	2.0
chr14_21370467-21370465	chr14	21370465.0	21370467.0	1.0	tail_pattern_1	True	0.06433749999999999	SUPT16H	1	0.12358019082235347		0	0	0.0	0.0		0.0	0.0		True	PRAISE_only	1.0	1.0
chr14_21394432	chr14	21394432.0	21394432.0	0.0	tail_pattern_1	True	0.0765455	CHD8	1	0.25806451612903225	DKC1	1	1	0.0	0.0		0.0	0.0		True	PRAISE_only	1.0	1.0
chr14_21428217	chr14	21428217.0	21428217.0	0.0	tail_pattern_1	True	0.1508025	CHD8	1	0.6710586097228532	PUS7	1	1	0.0	0.0		0.0	0.0		True	PRAISE_only	1.0	1.0
chr14_22771624-22771625	chr14	22771624.0	22771625.0	1.0	tail_pattern_1	True	0.0536125	OXA1L	1	0.010449795547478418		0	0	0.0	0.0		1.0	0.0	+	True	PRAISE+ELAP_cross_chemistry	2.0	2.0
chr14_22834507-22834508	chr14	22834507.0	22834508.0	1.0	tail_pattern_1	True	0.8939395	MRPL52	1	0.9822807814629714	TRUB1	1	1	1.0	0.0	+	1.0	0.0	+	True	PRAISE+BID+ELAP	3.0	2.0
chr14_23026063-23026061	chr14	23026061.0	23026063.0	1.0	tail_pattern_1	True	0.0582605	PSMB5	1	0.05611085870059064		0	0	0.0	0.0		1.0	0.0	-	True	PRAISE+ELAP_cross_chemistry	2.0	2.0
chr14_23033604	chr14	23033604.0	23033604.0	0.0	tail_pattern_1	True	0.0761215	PSMB5	1	0.2521581099500227		0	0	0.0	0.0		1.0	0.0	-	True	PRAISE+ELAP_cross_chemistry	2.0	2.0
chr14_23307820	chr14	23307820.0	23307820.0	0.0	tail_pattern_1	True	0.453403	BCL2L2	1	0.8973194002726034	PUS7	1	1	1.0	0.0	+	0.0	0.0		True	PRAISE+BID_same_family	2.0	1.0
chr14_24440208-24440206	chr14	24440206.0	24440208.0	1.0	tail_pattern_1	True	0.46268299999999996	SDR39U1	1	0.8995910949568378		0	0	1.0	0.0	-	1.0	0.0	-	True	PRAISE+BID+ELAP	3.0	2.0
chr14_31101240-31101239	chr14	31101239.0	31101240.0	1.0	tail_pattern_1	True	0.2648075	HECTD1	1	0.8232621535665606	TRUB1	1	1	1.0	0.0	-	1.0	0.0	-	True	PRAISE+BID+ELAP	3.0	2.0
chr14_32092595-32092596	chr14	32092595.0	32092596.0	1.0	tail_pattern_1	True	0.0779505	ARHGAP5	1	0.2716946842344389		0	0	0.0	0.0		0.0	0.0		True	PRAISE_only	1.0	1.0
chr14_32202075-32202076	chr14	32202075.0	32202076.0	1.0	tail_pattern_1	True	0.5724785	RNU6-7	1	0.9279872785097683		0	0	0.0	0.0		1.0	0.0	+	True	PRAISE+ELAP_cross_chemistry	2.0	2.0
chr14_32202084	chr14	32202084.0	32202084.0	0.0	tail_pattern_1	True	0.3742295	RNU6-7	1	0.8748296228986824		0	0	0.0	0.0		0.0	0.0		True	PRAISE_only	1.0	1.0
chr14_32202129-32202130	chr14	32202129.0	32202130.0	1.0	tail_pattern_1	True	0.55	RNU6-7	1	0.9216265333939119		0	0	0.0	0.0		0.0	0.0		True	PRAISE_only	1.0	1.0
chr14_32203185-32203184	chr14	32203184.0	32203185.0	1.0	tail_pattern_1	True	0.55	RNU6-8	1	0.9216265333939119		0	0	0.0	0.0		0.0	0.0		True	PRAISE_only	1.0	1.0
chr14_32203230	chr14	32203230.0	32203230.0	0.0	tail_pattern_1	True	0.3742295	RNU6-8	1	0.8748296228986824		0	0	0.0	0.0		0.0	0.0		True	PRAISE_only	1.0	1.0
chr14_32203239-32203238	chr14	32203238.0	32203239.0	1.0	tail_pattern_1	True	0.5724785	RNU6-8	1	0.9279872785097683		0	0	0.0	0.0		0.0	0.0		True	PRAISE_only	1.0	1.0
chr14_34603348-34597644	chr14	34597644.0	34603348.0	1.0	tail_pattern_1	True	0.066154	SNX6	1	0.14720581553839163		0	0	0.0	0.0		1.0	0.0	-	True	PRAISE+ELAP_cross_chemistry	2.0	2.0
chr14_34605682-34605681	chr14	34605681.0	34605682.0	1.0	tail_pattern_1	True	0.08504149999999999	SNX6	1	0.33621081326669694	DKC1	1	1	0.0	0.0		0.0	0.0		True	PRAISE_only	1.0	1.0
chr14_34753385-34753384	chr14	34753384.0	34753385.0	1.0	tail_pattern_1	True	0.0940275	BAZ1A	1	0.4184461608359836	DKC1	1	1	0.0	0.0		0.0	0.0		True	PRAISE_only	1.0	1.0
chr14_35091137-35091134	chr14	35091134.0	35091137.0	1.0	tail_pattern_1	True	0.099759	PPP2R3C	1	0.45888232621535663	DKC1	1	1	0.0	0.0		1.0	0.0	-	True	PRAISE+ELAP_cross_chemistry	2.0	2.0
chr14_35123536-35123537	chr14	35123536.0	35123537.0	1.0	tail_pattern_1	True	0.057086	PRORP	1	0.03816447069513857		0	0	0.0	0.0		1.0	0.0	+	True	PRAISE+ELAP_cross_chemistry	2.0	2.0
chr14_39091576-39091573	chr14	39091573.0	39091576.0	1.0	tail_pattern_1	True	0.069887	SEC23A	1	0.1899136756019991	DKC1	1	1	0.0	0.0		0.0	0.0		True	PRAISE_only	1.0	1.0
chr14_49586040-49586039	chr14	49586039.0	49586040.0	1.0	tail_pattern_1	True	0.087976	RPS29	1	0.36528850522489775	TRUB1	1	1	0.0	0.0		1.0	0.0	-	True	PRAISE+ELAP_cross_chemistry	2.0	2.0
chr14_50267806-50267805	chr14	50267805.0	50267806.0	1.0	tail_pattern_1	True	0.086271	L2HGDH	1	0.34756928668786913	TRUB1	1	1	0.0	0.0		1.0	0.0	-	True	PRAISE+ELAP_cross_chemistry	2.0	2.0
chr14_51247101	chr14	51247101.0	51247101.0	0.0	tail_pattern_1	True	0.061725999999999996	TMX1	1	0.0967741935483871	PUS1	1	1	0.0	0.0		0.0	0.0		True	PRAISE_only	1.0	1.0
chr14_54477271-54477270	chr14	54477270.0	54477271.0	1.0	tail_pattern_1	True	0.0769905	GMFB	1	0.26079054975011356		0	0	0.0	0.0		1.0	0.0	-	True	PRAISE+ELAP_cross_chemistry	2.0	2.0
chr14_57244345-57244343	chr14	57244343.0	57244345.0	1.0	tail_pattern_1	True	0.07214999999999999	EXOC5	1	0.21762835074965925		0	0	0.0	0.0		0.0	0.0		True	PRAISE_only	1.0	1.0
chr14_64025137-64025139	chr14	64025137.0	64025139.0	1.0	tail_pattern_1	True	0.3244785	SYNE2	1	0.8550658791458428	TRUB1	1	1	0.0	0.0		1.0	0.0	+	True	PRAISE+ELAP_cross_chemistry	2.0	2.0
chr14_67656436-67656435	chr14	67656435.0	67656436.0	1.0	tail_pattern_1	True	0.1554665	VTI1B	1	0.6824170831440255		0	0	0.0	0.0		1.0	0.0	-	True	PRAISE+ELAP_cross_chemistry	2.0	2.0
chr14_67794223-67794222	chr14	67794222.0	67794223.0	1.0	tail_pattern_1	True	0.2266665	ZFYVE26	1	0.7891867333030441	TRUB1	1	1	0.0	0.0		0.0	0.0		True	PRAISE_only	1.0	1.0
chr14_69380271-69380270	chr14	69380270.0	69380271.0	1.0	tail_pattern_1	True	0.899118	ERH	1	0.9831894593366651	TRUB1	1	1	1.0	0.0	-	1.0	0.0	-	True	PRAISE+BID+ELAP	3.0	2.0
chr14_70969076-70969077	chr14	70969076.0	70969077.0	1.0	tail_pattern_1	True	0.549624	PCNX1	1	0.9209450249886415	TRUB1	1	1	1.0	0.0	+	0.0	0.0		True	PRAISE+BID_same_family	2.0	1.0
chr14_73219165-73219168	chr14	73219165.0	73219168.0	1.0	tail_pattern_1	True	0.09437999999999999	PSEN1	1	0.4229895502044525	DKC1	1	1	0.0	0.0		1.0	0.0	+	True	PRAISE+ELAP_cross_chemistry	2.0	2.0
chr14_74071478	chr14	74071478.0	74071478.0	0.0	tail_pattern_1	True	0.813275	ALDH6A1	1	0.9663789186733303		0	0	0.0	0.0		0.0	0.0		True	PRAISE_only	1.0	1.0
chr14_74286532	chr14	74286532.0	74286532.0	0.0	tail_pattern_1	True	0.0955555	ABCD4	1	0.4307133121308496	PUS7	1	1	0.0	0.0		0.0	0.0		True	PRAISE_only	1.0	1.0
chr14_74480185-74480184	chr14	74480184.0	74480185.0	1.0	tail_pattern_1	True	0.0687135	NPC2	1	0.17719218537028622		0	0	0.0	0.0		0.0	0.0		True	PRAISE_only	1.0	1.0
chr14_75087067-75087063	chr14	75087063.0	75087067.0	1.0	tail_pattern_1	True	0.0988685	NEK9	1	0.45161290322580644		0	0	0.0	0.0		1.0	0.0	-	True	PRAISE+ELAP_cross_chemistry	2.0	2.0
chr14_77462655-77462656	chr14	77462655.0	77462656.0	1.0	tail_pattern_1	True	0.573327	AHSA1	1	0.9286687869150386		0	0	0.0	0.0		0.0	0.0		True	PRAISE_only	1.0	1.0
chr14_77464632	chr14	77464632.0	77464632.0	0.0	tail_pattern_1	True	0.0553135	AHSA1	1	0.026351658337119492		0	0	0.0	0.0		0.0	0.0		True	PRAISE_only	1.0	1.0
chr14_77469202-77469204	chr14	77469202.0	77469204.0	1.0	tail_pattern_1	True	0.066619	AHSA1	1	0.15084052703316675		0	0	0.0	0.0		1.0	0.0	+	True	PRAISE+ELAP_cross_chemistry	2.0	2.0
chr14_92130995-92130996	chr14	92130995.0	92130996.0	1.0	tail_pattern_1	True	0.09638	CPSF2	1	0.43616537937301225	TRUB1	1	1	0.0	0.0		0.0	0.0		True	PRAISE_only	1.0	1.0
chr14_92155202-92155203	chr14	92155202.0	92155203.0	1.0	tail_pattern_1	True	0.1159345	CPSF2	1	0.5492957746478874		0	0	0.0	0.0		1.0	0.0	+	True	PRAISE+ELAP_cross_chemistry	2.0	2.0
chr14_94102613-94102615	chr14	94102613.0	94102615.0	1.0	tail_pattern_1	True	0.442206	IFI27L1	1	0.8948205361199455		0	0	1.0	0.0	+	1.0	0.0	+	True	PRAISE+BID+ELAP	3.0	2.0
chr14_96328436-96328435	chr14	96328435.0	96328436.0	1.0	tail_pattern_1	True	0.375	ATG2B	1	0.8755111313039527	TRUB1	1	1	0.0	0.0		0.0	0.0		True	PRAISE_only	1.0	1.0
chr14_96565262-96565263	chr14	96565262.0	96565263.0	1.0	tail_pattern_1	True	0.079328	PAPOLA	1	0.28577919127669243		0	0	0.0	0.0		0.0	0.0		True	PRAISE_only	1.0	1.0
chr14_96881417-96881418	chr14	96881417.0	96881418.0	1.0	tail_pattern_1	True	0.3301305	VRK1	1	0.8587005906406179	TRUB1	1	1	0.0	0.0		1.0	0.0	+	True	PRAISE+ELAP_cross_chemistry	2.0	2.0
chr14_99459173-99459169	chr14	99459169.0	99459173.0	1.0	tail_pattern_1	True	0.0816035	SETD3	1	0.30395274875056794		0	0	0.0	0.0		0.0	0.0		True	PRAISE_only	1.0	1.0
chr14_KI270847v1_alt_1165748	chr14_KI270847v1_alt	1165748.0	1165748.0	0.0	tail_pattern_1	True	0.087511	DDX24	1	0.3598364379827351		0	0	0.0	0.0		0.0	0.0		True	PRAISE_only	1.0	1.0
chr14_KI270847v1_alt_1217175-1217177	chr14_KI270847v1_alt	1217175.0	1217177.0	1.0	tail_pattern_1	True	0.442206	IFI27L1	1	0.8948205361199455	DKC1	1	1	0.0	0.0		0.0	0.0		True	PRAISE_only	1.0	1.0
chr14_KZ208920v1_fix_260901	chr14_KZ208920v1_fix	260901.0	260901.0	0.0	tail_pattern_1	True	0.0713835	DHRS4	1	0.20672421626533394		0	0	0.0	0.0		0.0	0.0		True	PRAISE_only	1.0	1.0
chr14_KZ208920v1_fix_415854	chr14_KZ208920v1_fix	415854.0	415854.0	0.0	tail_pattern_1	True	0.1774975	DCAF11	1	0.7319400272603362	PUS1	1	1	0.0	0.0		0.0	0.0		True	PRAISE_only	1.0	1.0
chr14_KZ208920v1_fix_419403-419405	chr14_KZ208920v1_fix	419403.0	419405.0	1.0	tail_pattern_1	True	0.0918925	DCAF11	1	0.3980009086778737		0	0	0.0	0.0		0.0	0.0		True	PRAISE_only	1.0	1.0
chr14_KZ208920v1_fix_444954	chr14_KZ208920v1_fix	444954.0	444954.0	0.0	tail_pattern_1	True	0.10886	PSME2	1	0.5129486597001363	PUS7	1	1	0.0	0.0		0.0	0.0		True	PRAISE_only	1.0	1.0
chr14_KZ208920v1_fix_445176-445174	chr14_KZ208920v1_fix	445174.0	445176.0	1.0	tail_pattern_1	True	0.06694800000000001	PSME2	1	0.1558382553384825		0	0	0.0	0.0		0.0	0.0		True	PRAISE_only	1.0	1.0
chr14_KZ208920v1_fix_485303	chr14_KZ208920v1_fix	485303.0	485303.0	0.0	tail_pattern_1	True	0.058412500000000006	IPO4	1	0.05997273966378919		0	0	0.0	0.0		0.0	0.0		True	PRAISE_only	1.0	1.0
chr14_KZ208920v1_fix_486177-486174	chr14_KZ208920v1_fix	486174.0	486177.0	1.0	tail_pattern_1	True	0.09020449999999999	IPO4	1	0.3834620626987733		0	0	0.0	0.0		0.0	0.0		True	PRAISE_only	1.0	1.0
chr14_KZ208920v1_fix_486229	chr14_KZ208920v1_fix	486229.0	486229.0	0.0	tail_pattern_1	True	0.10844200000000001	IPO4	1	0.5090867787369378		0	0	0.0	0.0		0.0	0.0		True	PRAISE_only	1.0	1.0
chr14_KZ208920v1_fix_487867-487866	chr14_KZ208920v1_fix	487866.0	487867.0	1.0	tail_pattern_1	True	0.09933700000000001	IPO4	1	0.4547932757837347		0	0	0.0	0.0		0.0	0.0		True	PRAISE_only	1.0	1.0
chr14_KZ208920v1_fix_517957-517956	chr14_KZ208920v1_fix	517956.0	517957.0	1.0	tail_pattern_1	True	0.065719	NEDD8	1	0.13993639254884144	TRUB1	1	1	0.0	0.0		0.0	0.0		True	PRAISE_only	1.0	1.0
chr15_100650040-100650042	chr15	100650040.0	100650042.0	1.0	tail_pattern_1	True	0.145062	ASB7	1	0.6574284416174466		0	0	0.0	0.0		1.0	0.0	+	True	PRAISE+ELAP_cross_chemistry	2.0	2.0
chr15_101281662	chr15	101281662.0	101281662.0	0.0	tail_pattern_1	True	0.292631	SNRPA1	1	0.8400726942298955		0	0	0.0	0.0		1.0	0.0	-	True	PRAISE+ELAP_cross_chemistry	2.0	2.0
chr15_30905197-30905198	chr15	30905197.0	30905198.0	1.0	tail_pattern_1	True	0.37873	FAN1	1	0.87664697864607	TRUB1	1	1	0.0	0.0		0.0	0.0		True	PRAISE_only	1.0	1.0
chr15_40213357-40213358	chr15	40213357.0	40213358.0	1.0	tail_pattern_1	True	0.060187	BUB1B	1	0.0813266696955929		0	0	0.0	0.0		0.0	0.0		True	PRAISE_only	1.0	1.0
chr15_40420327-40420328	chr15	40420327.0	40420328.0	1.0	tail_pattern_1	True	0.0888795	IVD	1	0.37346660608814175		0	0	0.0	0.0		0.0	0.0		True	PRAISE_only	1.0	1.0
chr15_40767599	chr15	40767599.0	40767599.0	0.0	tail_pattern_1	True	0.38231499999999996	GCHFR	1	0.8805088596092685	PUS7	1	1	1.0	0.0	+	1.0	0.0	+	True	PRAISE+BID+ELAP	3.0	2.0
chr15_41280156	chr15	41280156.0	41280156.0	0.0	tail_pattern_1	True	0.163795	CHP1	1	0.7010449795547479	PUS7	1	1	0.0	0.0		0.0	0.0		True	PRAISE_only	1.0	1.0
chr15_41578519-41578520	chr15	41578519.0	41578520.0	1.0	tail_pattern_1	True	0.1339285	TYRO3	1	0.6201726487960019		0	0	0.0	0.0		1.0	0.0	+	True	PRAISE+ELAP_cross_chemistry	2.0	2.0
chr15_41579053	chr15	41579053.0	41579053.0	0.0	tail_pattern_1	True	0.0957915	TYRO3	1	0.4338936846887778		0	0	0.0	0.0		0.0	0.0		True	PRAISE_only	1.0	1.0
chr15_43194802	chr15	43194802.0	43194802.0	0.0	tail_pattern_1	True	0.1046445	CCNDBP1	1	0.4925034075420264	DKC1	1	1	0.0	0.0		0.0	0.0		True	PRAISE_only	1.0	1.0
chr15_43194926-43194927	chr15	43194926.0	43194927.0	1.0	tail_pattern_1	True	0.093152	CCNDBP1	1	0.41117673784643344		0	0	0.0	0.0		0.0	0.0		True	PRAISE_only	1.0	1.0
chr15_43595980-43595981	chr15	43595980.0	43595981.0	1.0	tail_pattern_1	True	0.4668055	CKMT1B	1	0.9009541117673785		0	0	0.0	0.0		0.0	0.0		True	PRAISE_only	1.0	1.0
chr15_43695812-43695813	chr15	43695812.0	43695813.0	1.0	tail_pattern_1	True	0.46029149999999996	CKMT1A	1	0.8991367560199909		0	0	0.0	0.0		0.0	0.0		True	PRAISE_only	1.0	1.0
chr15_44622255-44622253	chr15	44622253.0	44622255.0	1.0	tail_pattern_1	True	0.189589	SPG11	1	0.7519309404815993		0	0	0.0	0.0		0.0	0.0		True	PRAISE_only	1.0	1.0
chr15_44717722-44717723	chr15	44717722.0	44717723.0	1.0	tail_pattern_1	True	0.1796085	B2M	1	0.7364834166288051		0	0	0.0	0.0		1.0	0.0	+	True	PRAISE+ELAP_cross_chemistry	2.0	2.0
chr15_45043372-45043373	chr15	45043372.0	45043373.0	1.0	tail_pattern_1	True	0.0654625	SORD	1	0.13630168105406634		0	0	0.0	0.0		0.0	0.0		True	PRAISE_only	1.0	1.0
chr15_48411282-48411281	chr15	48411281.0	48411282.0	1.0	tail_pattern_1	True	0.802397	FBN1	1	0.9641072239890959	TRUB1	1	1	0.0	0.0		0.0	0.0		True	PRAISE_only	1.0	1.0
chr15_50950134-50950135	chr15	50950134.0	50950135.0	1.0	tail_pattern_1	True	0.183759	AP4E1	1	0.7432985006815084	TRUB1	1	1	0.0	0.0		0.0	0.0		True	PRAISE_only	1.0	1.0
chr15_52327893-52327892	chr15	52327892.0	52327893.0	1.0	tail_pattern_1	True	0.28980700000000004	MYO5A	1	0.8350749659245797		0	0	0.0	0.0		0.0	0.0		True	PRAISE_only	1.0	1.0
chr15_57954320	chr15	57954320.0	57954320.0	0.0	tail_pattern_1	True	0.3111885	ALDH1A2	1	0.8518855065879146	DKC1	1	1	0.0	0.0		1.0	0.0	-	True	PRAISE+ELAP_cross_chemistry	2.0	2.0
chr15_57954712-57954711	chr15	57954711.0	57954712.0	1.0	tail_pattern_1	True	0.0575495	ALDH1A2	1	0.045888232621535664		0	0	0.0	0.0		0.0	0.0		True	PRAISE_only	1.0	1.0
chr15_59652248-59652246	chr15	59652246.0	59652248.0	1.0	tail_pattern_1	True	0.1146535	GTF2A2	1	0.5411176737846434	DKC1	1	1	0.0	0.0		0.0	0.0		True	PRAISE_only	1.0	1.0
chr15_65029572	chr15	65029572.0	65029572.0	0.0	tail_pattern_1	True	0.263801	MTFMT	1	0.82189913675602		0	0	0.0	0.0		1.0	0.0	-	True	PRAISE+ELAP_cross_chemistry	2.0	2.0
chr15_65610962	chr15	65610962.0	65610962.0	0.0	tail_pattern_1	True	0.1370165	INTS14	1	0.6301681054066334		0	0	1.0	0.0	-	1.0	0.0	-	True	PRAISE+BID+ELAP	3.0	2.0
chr15_65702386	chr15	65702386.0	65702386.0	0.0	tail_pattern_1	True	0.18632300000000002	DENND4A	1	0.745115856428896	DKC1	1	1	0.0	0.0		0.0	0.0		True	PRAISE_only	1.0	1.0
chr15_65877356-65877357	chr15	65877356.0	65877357.0	1.0	tail_pattern_1	True	0.0522615	RAB11A	1	0.005906406179009541		0	0	0.0	0.0		1.0	0.0	+	True	PRAISE+ELAP_cross_chemistry	2.0	2.0
chr15_66503464-66503462	chr15	66503462.0	66503464.0	1.0	tail_pattern_1	True	0.0852875	RPL4	1	0.3380281690140845		0	0	0.0	0.0		1.0	0.0	-	True	PRAISE+ELAP_cross_chemistry	2.0	2.0
chr15_67202721-67202720	chr15	67202720.0	67202721.0	1.0	tail_pattern_1	True	0.237529	AAGAB	1	0.8000908677873694		0	0	1.0	0.0	-	1.0	0.0	-	True	PRAISE+BID+ELAP	3.0	2.0
chr15_67580814-67580816	chr15	67580814.0	67580816.0	1.0	tail_pattern_1	True	0.08528150000000001	MAP2K5	1	0.3375738300772376	DKC1	1	1	0.0	0.0		0.0	0.0		True	PRAISE_only	1.0	1.0
chr15_67839961-67839960	chr15	67839960.0	67839961.0	1.0	tail_pattern_1	True	0.5625	RNU6-1	1	0.9241253975465697		0	0	0.0	0.0		0.0	0.0		True	PRAISE_only	1.0	1.0
chr15_67840006	chr15	67840006.0	67840006.0	0.0	tail_pattern_1	True	0.381698	RNU6-1	1	0.8796001817355747		0	0	0.0	0.0		0.0	0.0		True	PRAISE_only	1.0	1.0
chr15_67840015-67840014	chr15	67840014.0	67840015.0	1.0	tail_pattern_1	True	0.5686275000000001	RNU6-1	1	0.9259427532939573		0	0	0.0	0.0		1.0	0.0	-	True	PRAISE+ELAP_cross_chemistry	2.0	2.0
chr15_72199475	chr15	72199475.0	72199475.0	0.0	tail_pattern_1	True	0.07338700000000001	PKM	1	0.22626079054975012	PUS7	1	1	0.0	0.0		0.0	0.0		True	PRAISE_only	1.0	1.0
chr15_72344047	chr15	72344047.0	72344047.0	0.0	tail_pattern_1	True	0.193725	HEXA	1	0.7573830077237619		0	0	1.0	0.0	-	0.0	0.0		True	PRAISE+BID_same_family	2.0	1.0
chr15_74926773-74926772	chr15	74926772.0	74926773.0	1.0	tail_pattern_1	True	0.0751415	COX5A	1	0.2421626533393912		0	0	0.0	0.0		0.0	0.0		True	PRAISE_only	1.0	1.0
chr15_75339022-75339024	chr15	75339022.0	75339024.0	1.0	tail_pattern_1	True	0.0594755	COMMD4	1	0.07223989095865516		0	0	0.0	0.0		1.0	0.0	+	True	PRAISE+ELAP_cross_chemistry	2.0	2.0
chr15_75339706	chr15	75339706.0	75339706.0	0.0	tail_pattern_1	True	0.0590435	COMMD4	1	0.06565197637437528		0	0	0.0	0.0		1.0	0.0	+	True	PRAISE+ELAP_cross_chemistry	2.0	2.0
chr15_76285712	chr15	76285712.0	76285712.0	0.0	tail_pattern_1	True	0.1054245	ETFA	1	0.49613811903680144	DKC1	1	1	1.0	0.0	-	1.0	0.0	-	True	PRAISE+BID+ELAP	3.0	2.0
chr15_78166220	chr15	78166220.0	78166220.0	0.0	tail_pattern_1	True	0.11362649999999999	IDH3A	1	0.5379373012267151		0	0	0.0	0.0		1.0	0.0	+	True	PRAISE+ELAP_cross_chemistry	2.0	2.0
chr15_78285309	chr15	78285309.0	78285309.0	0.0	tail_pattern_1	True	0.085353	WDR61	1	0.3389368468877783		0	0	0.0	0.0		0.0	0.0		True	PRAISE_only	1.0	1.0
chr15_78290039	chr15	78290039.0	78290039.0	0.0	tail_pattern_1	True	0.0746005	WDR61	1	0.23989095865515675		0	0	0.0	0.0		0.0	0.0		True	PRAISE_only	1.0	1.0
chr15_78545684	chr15	78545684.0	78545684.0	0.0	tail_pattern_1	True	0.063485	PSMA4	1	0.11267605633802817	DKC1	1	1	0.0	0.0		0.0	0.0		True	PRAISE_only	1.0	1.0
chr15_78897360-78897361	chr15	78897360.0	78897361.0	1.0	tail_pattern_1	True	0.0997035	MORF4L1	1	0.4566106315311222	TRUB1	1	1	0.0	0.0		1.0	0.0	+	True	PRAISE+ELAP_cross_chemistry	2.0	2.0
chr15_83017744-83017743	chr15	83017743.0	83017744.0	1.0	tail_pattern_1	True	0.203342	BTBD1	1	0.7669241253975466		0	0	0.0	0.0		1.0	0.0	-	True	PRAISE+ELAP_cross_chemistry	2.0	2.0
chr15_84646103-84646102	chr15	84646102.0	84646103.0	1.0	tail_pattern_1	True	0.492424	WDR73	1	0.9077691958200818	TRUB1	1	1	0.0	0.0		0.0	0.0		True	PRAISE_only	1.0	1.0
chr15_89274212	chr15	89274212.0	89274212.0	0.0	tail_pattern_1	True	0.0925955	FANCI	1	0.40390731485688325		0	0	0.0	0.0		0.0	0.0		True	PRAISE_only	1.0	1.0
chr15_89316503-89316507	chr15	89316503.0	89316507.0	1.0	tail_pattern_1	True	0.091686	FANCI	1	0.39709223080417994		0	0	0.0	0.0		1.0	0.0	+	True	PRAISE+ELAP_cross_chemistry	2.0	2.0
chr15_89625111-89625112	chr15	89625111.0	89625112.0	1.0	tail_pattern_1	True	0.2119405	TICRR	1	0.7746478873239436		0	0	1.0	0.0	+	0.0	0.0		True	PRAISE+BID_same_family	2.0	1.0
chr15_90433720-90433725	chr15	90433720.0	90433725.0	1.0	tail_pattern_1	True	0.17971199999999998	IQGAP1	1	0.736937755565652		0	0	0.0	0.0		0.0	0.0		True	PRAISE_only	1.0	1.0
chr15_90948236-90948238	chr15	90948236.0	90948238.0	1.0	tail_pattern_1	True	0.0737475	UNC45A	1	0.23125851885506588	DKC1	1	1	0.0	0.0		1.0	0.0	+	True	PRAISE+ELAP_cross_chemistry	2.0	2.0
chr15_90953029-90953030	chr15	90953029.0	90953030.0	1.0	tail_pattern_1	True	0.08318400000000001	UNC45A	1	0.31394820536119944		0	0	0.0	0.0		1.0	0.0	+	True	PRAISE+ELAP_cross_chemistry	2.0	2.0
chr15_90981763-90981761	chr15	90981761.0	90981763.0	1.0	tail_pattern_1	True	0.08536250000000001	PRC1	1	0.3393911858246252	DKC1	1	1	0.0	0.0		1.0	0.0	-	True	PRAISE+ELAP_cross_chemistry	2.0	2.0
chr15_98891521	chr15	98891521.0	98891521.0	0.0	tail_pattern_1	True	0.34846350000000004	IGF1R	1	0.8641526578827805		0	0	0.0	0.0		0.0	0.0		True	PRAISE_only	1.0	1.0
chr15_KI270849v1_alt_41070-41071	chr15_KI270849v1_alt	41070.0	41071.0	1.0	tail_pattern_1	True	0.1823515	B2M	1	0.7423898228078146		0	0	0.0	0.0		0.0	0.0		True	PRAISE_only	1.0	1.0
chr15_KI270850v1_alt_261120-261117	chr15_KI270850v1_alt	261117.0	261120.0	1.0	tail_pattern_1	True	0.056991	GOLGA2P10	1	0.03771013175829169		0	0	0.0	0.0		0.0	0.0		True	PRAISE_only	1.0	1.0
chr15_KN538374v1_fix_3078477-3078478	chr15_KN538374v1_fix	3078477.0	3078478.0	1.0	tail_pattern_1	True	0.37873	FAN1	1	0.87664697864607	TRUB1	1	1	0.0	0.0		0.0	0.0		True	PRAISE_only	1.0	1.0
chr15_ML143371v1_fix_3804884-3804881	chr15_ML143371v1_fix	3804881.0	3804884.0	1.0	tail_pattern_1	True	0.11563799999999999	CYFIP1	1	0.546569741026806	DKC1	1	1	0.0	0.0		0.0	0.0		True	PRAISE_only	1.0	1.0
chr16_11556548-11556547	chr16	11556547.0	11556548.0	1.0	tail_pattern_1	True	0.1417115	LITAF	1	0.6483416628805089	DKC1	1	1	0.0	0.0		0.0	0.0		True	PRAISE_only	1.0	1.0
chr16_11765066-11765064	chr16	11765064.0	11765066.0	1.0	tail_pattern_1	True	0.090414	ZC3H7A	1	0.38482507950931394		0	0	0.0	0.0		0.0	0.0		True	PRAISE_only	1.0	1.0
chr16_11872934-11872933	chr16	11872933.0	11872934.0	1.0	tail_pattern_1	True	0.0600225	GSPT1	1	0.07860063607451158		0	0	0.0	0.0		0.0	0.0		True	PRAISE_only	1.0	1.0
chr16_1351576	chr16	1351576.0	1351576.0	0.0	tail_pattern_1	True	0.0917945	TSR3	1	0.3975465697410268		0	0	0.0	0.0		0.0	0.0		True	PRAISE_only	1.0	1.0
chr16_1448419	chr16	1448419.0	1448419.0	0.0	tail_pattern_1	True	0.0763845	CLCN7	1	0.25488414357110406		0	0	0.0	0.0		0.0	0.0		True	PRAISE_only	1.0	1.0
chr16_15037297	chr16	15037297.0	15037297.0	0.0	tail_pattern_1	True	0.14937699999999998	PDXDC1	1	0.6667423898228079		0	0	1.0	0.0	+	0.0	0.0		True	PRAISE+BID_same_family	2.0	1.0
chr16_16251999-16252000	chr16	16251999.0	16252000.0	1.0	tail_pattern_1	True	0.8573705	NOMO3	1	0.9750113584734211		0	0	1.0	0.0	+	0.0	0.0		True	PRAISE+BID_same_family	2.0	1.0
chr16_18434665-18434664	chr16	18434664.0	18434665.0	1.0	tail_pattern_1	True	0.076683	LOC102723728	1	0.2598818718764198	DKC1	1	1	0.0	0.0		0.0	0.0		True	PRAISE_only	1.0	1.0
chr16_18517200-18517199	chr16	18517199.0	18517200.0	1.0	tail_pattern_1	True	0.074411	NOMO2	1	0.23784643343934575	DKC1	1	1	0.0	0.0		0.0	0.0		True	PRAISE_only	1.0	1.0
chr16_18542695-18542694	chr16	18542694.0	18542695.0	1.0	tail_pattern_1	True	0.854065	NOMO2	1	0.9741026805997274	TRUB1	1	1	1.0	0.0	-	1.0	0.0	-	True	PRAISE+BID+ELAP	3.0	2.0
chr16_18829331	chr16	18829331.0	18829331.0	0.0	tail_pattern_1	True	0.0926485	SMG1	1	0.4061790095411177	PUS7	1	1	0.0	0.0		0.0	0.0		True	PRAISE_only	1.0	1.0
chr16_19575104-19575106	chr16	19575104.0	19575106.0	1.0	tail_pattern_1	True	0.060434	VPS35L	1	0.08496138119036802		0	0	0.0	0.0		0.0	0.0		True	PRAISE_only	1.0	1.0
chr16_1963253	chr16	1963253.0	1963253.0	0.0	tail_pattern_1	True	0.052163	RPS2	1	0.004543389368468878		0	0	0.0	0.0		1.0	0.0	-	True	PRAISE+ELAP_cross_chemistry	2.0	2.0
chr16_2027045-2027046	chr16	2027045.0	2027046.0	1.0	tail_pattern_1	True	0.265131	SLC9A3R2	1	0.8237164925034075		0	0	0.0	0.0		0.0	0.0		True	PRAISE_only	1.0	1.0
chr16_2053377	chr16	2053377.0	2053377.0	0.0	tail_pattern_1	True	0.1003005	TSC2	1	0.46251703771013175	DKC1	1	1	0.0	0.0		0.0	0.0		True	PRAISE_only	1.0	1.0
chr16_2075831-2075833	chr16	2075831.0	2075833.0	1.0	tail_pattern_1	True	0.0861105	TSC2	1	0.3457519309404816		0	0	0.0	0.0		1.0	0.0	+	True	PRAISE+ELAP_cross_chemistry	2.0	2.0
chr16_2076158-2076160	chr16	2076158.0	2076160.0	1.0	tail_pattern_1	True	0.100247	TSC2	1	0.461608359836438	DKC1	1	1	0.0	0.0		0.0	0.0		True	PRAISE_only	1.0	1.0
chr16_2171583	chr16	2171583.0	2171583.0	0.0	tail_pattern_1	True	0.0824345	TRAF7	1	0.30940481599273056	PUS7	1	1	0.0	0.0		0.0	0.0		True	PRAISE_only	1.0	1.0
chr16_2328463-2328462	chr16	2328462.0	2328463.0	1.0	tail_pattern_1	True	0.09921350000000001	ABCA3	1	0.4529759200363471	DKC1	1	1	0.0	0.0		0.0	0.0		True	PRAISE_only	1.0	1.0
chr16_23572373-23572374	chr16	23572373.0	23572374.0	1.0	tail_pattern_1	True	0.221755	UBFD1	1	0.7850976828714221		0	0	0.0	0.0		0.0	0.0		True	PRAISE_only	1.0	1.0
chr16_23573342	chr16	23573342.0	23573342.0	0.0	tail_pattern_1	True	0.0839245	UBFD1	1	0.32621535665606544	PUS7	1	1	1.0	0.0	+	0.0	0.0		True	PRAISE+BID_same_family	2.0	1.0
chr16_23689282	chr16	23689282.0	23689282.0	0.0	tail_pattern_1	True	0.0578045	PLK1	1	0.049522944116310766		0	0	0.0	0.0		1.0	0.0	+	True	PRAISE+ELAP_cross_chemistry	2.0	2.0
chr16_27495466-27495464	chr16	27495464.0	27495466.0	1.0	tail_pattern_1	True	0.131345	GTF3C1	1	0.6083598364379827		0	0	0.0	0.0		0.0	0.0		True	PRAISE_only	1.0	1.0
chr16_27528678	chr16	27528678.0	27528678.0	0.0	tail_pattern_1	True	0.10424800000000001	GTF3C1	1	0.4893230349840981	DKC1	1	1	1.0	0.0	-	0.0	0.0		True	PRAISE+BID_same_family	2.0	1.0
chr16_2767160-2767161	chr16	2767160.0	2767161.0	1.0	tail_pattern_1	True	0.1681695	SRRM2	1	0.71240345297592	TRUB1	1	1	1.0	0.0	+	1.0	0.0	+	True	PRAISE+BID+ELAP	3.0	2.0
chr16_28390341	chr16	28390341.0	28390341.0	0.0	tail_pattern_1	True	0.1703655	EIF3CL	1	0.7189913675601999	DKC1	1	1	0.0	0.0		1.0	0.0	-	True	PRAISE+ELAP_cross_chemistry	2.0	2.0
chr16_28724962	chr16	28724962.0	28724962.0	0.0	tail_pattern_1	True	0.1703655	EIF3C	1	0.7189913675601999	DKC1	1	1	0.0	0.0		1.0	0.0	+	True	PRAISE+ELAP_cross_chemistry	2.0	2.0
chr16_28872294-28872295	chr16	28872294.0	28872295.0	1.0	tail_pattern_1	True	0.1374765	SH2B1	1	0.6324398000908678	PUS1	1	1	0.0	0.0		0.0	0.0		True	PRAISE_only	1.0	1.0
chr16_28872588-28872589	chr16	28872588.0	28872589.0	1.0	tail_pattern_1	True	0.542823	SH2B1	1	0.919127669241254	TRUB1	1	1	1.0	0.0	+	1.0	0.0	+	True	PRAISE+BID+ELAP	3.0	2.0
chr16_28964095	chr16	28964095.0	28964095.0	0.0	tail_pattern_1	True	0.065295	NFATC2IP	1	0.13221263062244434	PUS1	1	1	0.0	0.0		0.0	0.0		True	PRAISE_only	1.0	1.0
chr16_28964827	chr16	28964827.0	28964827.0	0.0	tail_pattern_1	True	0.139166	NFATC2IP	1	0.6378918673330305	DKC1	1	1	0.0	0.0		0.0	0.0		True	PRAISE_only	1.0	1.0
chr16_29453648	chr16	29453648.0	29453648.0	0.0	tail_pattern_1	True	0.0564255	BOLA2	1	0.03384825079509314		0	0	0.0	0.0		0.0	0.0		True	PRAISE_only	1.0	1.0
chr16_29457945-29457947	chr16	29457945.0	29457947.0	1.0	tail_pattern_1	True	0.092026	SLX1B-SULT1A4	1	0.39913675601999093	DKC1	1	1	0.0	0.0		1.0	0.0	+	True	PRAISE+ELAP_cross_chemistry	2.0	2.0
chr16_2971280	chr16	2971280.0	2971280.0	0.0	tail_pattern_1	True	0.1742615	PAQR4	1	0.7278509768287142		0	0	1.0	0.0	+	0.0	0.0		True	PRAISE+BID_same_family	2.0	1.0
chr16_29810736	chr16	29810736.0	29810736.0	0.0	tail_pattern_1	True	0.13957	MAZ	1	0.6406179009541118		0	0	0.0	0.0		1.0	0.0	+	True	PRAISE+ELAP_cross_chemistry	2.0	2.0
chr16_29858697-29858695	chr16	29858695.0	29858697.0	1.0	tail_pattern_1	True	0.0681325	CDIPT	1	0.16946842344388915		0	0	0.0	0.0		1.0	0.0	-	True	PRAISE+ELAP_cross_chemistry	2.0	2.0
chr16_29971528	chr16	29971528.0	29971528.0	0.0	tail_pattern_1	True	0.158146	TMEM219	1	0.6901408450704225		0	0	1.0	0.0	+	1.0	0.0	+	True	PRAISE+BID+ELAP	3.0	2.0
chr16_29974330-29974331	chr16	29974330.0	29974331.0	1.0	tail_pattern_1	True	0.058567	TAOK2	1	0.06088141753748296	TRUB1	1	1	0.0	0.0		0.0	0.0		True	PRAISE_only	1.0	1.0
chr16_30085116	chr16	30085116.0	30085116.0	0.0	tail_pattern_1	True	0.06242	PPP4C	1	0.10268059972739664		0	0	0.0	0.0		1.0	0.0	+	True	PRAISE+ELAP_cross_chemistry	2.0	2.0
chr16_30192990	chr16	30192990.0	30192990.0	0.0	tail_pattern_1	True	0.0564255	BOLA2B	1	0.03384825079509314		0	0	1.0	0.0	-	0.0	0.0		True	PRAISE+BID_same_family	2.0	1.0
chr16_30197287-30197289	chr16	30197287.0	30197289.0	1.0	tail_pattern_1	True	0.092026	SLX1A-SULT1A3	1	0.39913675601999093	DKC1	1	1	0.0	0.0		0.0	0.0		True	PRAISE_only	1.0	1.0
chr16_30423988	chr16	30423988.0	30423988.0	0.0	tail_pattern_1	True	0.11695	DCTPP1	1	0.5538391640163562		0	0	0.0	0.0		1.0	0.0	-	True	PRAISE+ELAP_cross_chemistry	2.0	2.0
chr16_30767987-30767988	chr16	30767987.0	30767988.0	1.0	tail_pattern_1	True	0.0583095	RNF40	1	0.05770104497955475		0	0	0.0	0.0		1.0	0.0	+	True	PRAISE+ELAP_cross_chemistry	2.0	2.0
chr16_31034248-31034249	chr16	31034248.0	31034249.0	1.0	tail_pattern_1	True	0.1070555	STX4	1	0.502044525215811	DKC1	1	1	0.0	0.0		0.0	0.0		True	PRAISE_only	1.0	1.0
chr16_31093348-31093347	chr16	31093347.0	31093348.0	1.0	tail_pattern_1	True	0.093753	VKORC1	1	0.41662880508859607	DKC1	1	1	0.0	0.0		0.0	0.0		True	PRAISE_only	1.0	1.0
chr16_31108435-31108436	chr16	31108435.0	31108436.0	1.0	tail_pattern_1	True	0.1277105	BCKDK	1	0.5960926851431168	TRUB1	1	1	0.0	0.0		1.0	0.0	+	True	PRAISE+ELAP_cross_chemistry	2.0	2.0
chr16_31192321-31192322	chr16	31192321.0	31192322.0	1.0	tail_pattern_1	True	0.397243	FUS	1	0.8841435711040436	TRUB1	1	1	0.0	0.0		0.0	0.0		True	PRAISE_only	1.0	1.0
chr16_46658118-46658117	chr16	46658117.0	46658118.0	1.0	tail_pattern_1	True	0.5130165	VPS35	1	0.9100408905043162	TRUB1	1	1	1.0	0.0	-	1.0	0.0	-	True	PRAISE+BID+ELAP	3.0	2.0
chr16_46676663-46676661	chr16	46676661.0	46676663.0	1.0	tail_pattern_1	True	0.117374	VPS35	1	0.5574738755111313	DKC1	1	1	0.0	0.0		1.0	0.0	-	True	PRAISE+ELAP_cross_chemistry	2.0	2.0
chr16_46929282-46929284	chr16	46929282.0	46929284.0	1.0	tail_pattern_1	True	0.06283749999999999	GPT2	1	0.1081326669695593		0	0	0.0	0.0		0.0	0.0		True	PRAISE_only	1.0	1.0
chr16_46929606	chr16	46929606.0	46929606.0	0.0	tail_pattern_1	True	0.1019735	GPT2	1	0.47796456156292594		0	0	1.0	0.0	+	1.0	0.0	+	True	PRAISE+BID+ELAP	3.0	2.0
chr16_47311408-47311407	chr16	47311407.0	47311408.0	1.0	tail_pattern_1	True	0.862537	ITFG1	1	0.975920036347115	TRUB1	1	1	0.0	0.0		1.0	0.0	-	True	PRAISE+ELAP_cross_chemistry	2.0	2.0
chr16_47502996-47502997	chr16	47502996.0	47502997.0	1.0	tail_pattern_1	True	0.08795649999999999	PHKB	1	0.364379827351204		0	0	0.0	0.0		0.0	0.0		True	PRAISE_only	1.0	1.0
chr16_4805258	chr16	4805258.0	4805258.0	0.0	tail_pattern_1	True	0.1046565	GLYR1	1	0.49295774647887325		0	0	0.0	0.0		0.0	0.0		True	PRAISE_only	1.0	1.0
chr16_4811266-4811264	chr16	4811264.0	4811266.0	1.0	tail_pattern_1	True	0.0712305	GLYR1	1	0.20399818264425262		0	0	0.0	0.0		0.0	0.0		True	PRAISE_only	1.0	1.0
chr16_5084754-5084757	chr16	5084754.0	5084757.0	1.0	tail_pattern_1	True	0.10668549999999999	ALG1	1	0.5002271694684235		0	0	0.0	0.0		0.0	0.0		True	PRAISE_only	1.0	1.0
chr16_53470747	chr16	53470747.0	53470747.0	0.0	tail_pattern_1	True	0.126912	RBL2	1	0.5942753293957292		0	0	0.0	0.0		0.0	0.0		True	PRAISE_only	1.0	1.0
chr16_56362361-56362360	chr16	56362360.0	56362361.0	1.0	tail_pattern_1	True	0.676321	AMFR	1	0.9482053611994548	TRUB1	1	1	1.0	0.0	-	1.0	0.0	-	True	PRAISE+BID+ELAP	3.0	2.0
chr16_56425095	chr16	56425095.0	56425095.0	0.0	tail_pattern_1	True	0.068151	AMFR	1	0.16992276238073603		0	0	0.0	0.0		0.0	0.0		True	PRAISE_only	1.0	1.0
chr16_56836641-56836642	chr16	56836641.0	56836642.0	1.0	tail_pattern_1	True	0.05498550000000001	NUP93	1	0.023625624716038164		0	0	1.0	0.0	+	0.0	0.0		True	PRAISE+BID_same_family	2.0	1.0
chr16_57753168	chr16	57753168.0	57753168.0	0.0	tail_pattern_1	True	0.11715	KATNB1	1	0.5556565197637438		0	0	1.0	0.0	+	0.0	0.0		True	PRAISE+BID_same_family	2.0	1.0
chr16_58723841-58723839	chr16	58723839.0	58723841.0	1.0	tail_pattern_1	True	0.0670795	GOT2	1	0.15765561108587006		0	0	0.0	0.0		0.0	0.0		True	PRAISE_only	1.0	1.0
chr16_66609921-66609923	chr16	66609921.0	66609923.0	1.0	tail_pattern_1	True	0.106884	CMTM3	1	0.5006815084052704	DKC1	1	1	0.0	0.0		0.0	0.0		True	PRAISE_only	1.0	1.0
chr16_66826753-66826751	chr16	66826751.0	66826753.0	1.0	tail_pattern_1	True	0.10968800000000001	NAE1	1	0.5179463880054521		0	0	0.0	0.0		1.0	0.0	-	True	PRAISE+ELAP_cross_chemistry	2.0	2.0
chr16_67230505-67230504	chr16	67230504.0	67230505.0	1.0	tail_pattern_1	True	0.215443	FHOD1	1	0.7791912766924125	TRUB1	1	1	0.0	0.0		1.0	0.0	-	True	PRAISE+ELAP_cross_chemistry	2.0	2.0
chr16_67877829	chr16	67877829.0	67877829.0	0.0	tail_pattern_1	True	0.059678999999999996	EDC4	1	0.07496592457973648		0	0	0.0	0.0		0.0	0.0		True	PRAISE_only	1.0	1.0
chr16_69120319-69120318	chr16	69120318.0	69120319.0	1.0	tail_pattern_1	True	0.11591800000000001	CHTF8	1	0.5483870967741935		0	0	0.0	0.0		1.0	0.0	-	True	PRAISE+ELAP_cross_chemistry	2.0	2.0
chr16_69340285-69340287	chr16	69340285.0	69340287.0	1.0	tail_pattern_1	True	0.10945250000000001	NIP7	1	0.5170377101317583	DKC1	1	1	0.0	0.0		0.0	0.0		True	PRAISE_only	1.0	1.0
chr16_69342143-69342144	chr16	69342143.0	69342144.0	1.0	tail_pattern_1	True	0.9381200000000001	NIP7	1	0.9927305770104498	TRUB1	1	1	1.0	0.0	+	1.0	0.0	+	True	PRAISE+BID+ELAP	3.0	2.0
chr16_69463546	chr16	69463546.0	69463546.0	0.0	tail_pattern_1	True	0.0771145	CYB5B	1	0.263062244434348	PUS7	1	1	1.0	0.0	+	1.0	0.0	+	True	PRAISE+BID+ELAP	3.0	2.0
chr16_70372779	chr16	70372779.0	70372779.0	0.0	tail_pattern_1	True	0.0532145	DDX19A	1	0.009086778736937756		0	0	0.0	0.0		0.0	0.0		True	PRAISE_only	1.0	1.0
chr16_74463413-74463412	chr16	74463412.0	74463413.0	1.0	tail_pattern_1	True	0.15048699999999998	GLG1	1	0.6696955929123126		0	0	0.0	0.0		1.0	0.0	-	True	PRAISE+ELAP_cross_chemistry	2.0	2.0
chr16_75629517	chr16	75629517.0	75629517.0	0.0	tail_pattern_1	True	0.100815	KARS1	1	0.4684234438891413		0	0	0.0	0.0		1.0	0.0	-	True	PRAISE+ELAP_cross_chemistry	2.0	2.0
chr16_75636466	chr16	75636466.0	75636466.0	0.0	tail_pattern_1	True	0.07768649999999999	KARS1	1	0.26896865061335756		0	0	0.0	0.0		0.0	0.0		True	PRAISE_only	1.0	1.0
chr16_75641654	chr16	75641654.0	75641654.0	0.0	tail_pattern_1	True	0.181562	KARS1	1	0.7414811449341209		0	0	1.0	0.0	-	1.0	0.0	-	True	PRAISE+BID+ELAP	3.0	2.0
chr16_785652-785651	chr16	785651.0	785652.0	1.0	tail_pattern_1	True	0.1393505	RPUSD1	1	0.6392548841435711	DKC1	1	1	0.0	0.0		1.0	0.0	-	True	PRAISE+ELAP_cross_chemistry	2.0	2.0
chr16_83809305-83809306	chr16	83809305.0	83809306.0	1.0	tail_pattern_1	True	0.1284415	HSBP1	1	0.6006360745115856		0	0	0.0	0.0		0.0	0.0		True	PRAISE_only	1.0	1.0
chr16_84779231-84779232	chr16	84779231.0	84779232.0	1.0	tail_pattern_1	True	0.065864	USP10	1	0.14220808723307587		0	0	0.0	0.0		1.0	0.0	+	True	PRAISE+ELAP_cross_chemistry	2.0	2.0
chr16_87303054-87303053	chr16	87303053.0	87303054.0	1.0	tail_pattern_1	True	0.270762	C16orf95	1	0.8264425261244889	TRUB1	1	1	0.0	0.0		1.0	0.0	-	True	PRAISE+ELAP_cross_chemistry	2.0	2.0
chr16_87415357-87415356	chr16	87415356.0	87415357.0	1.0	tail_pattern_1	True	0.06364449999999999	ZCCHC14	1	0.11358473421172194		0	0	0.0	0.0		0.0	0.0		True	PRAISE_only	1.0	1.0
chr16_88631776-88631777	chr16	88631776.0	88631777.0	1.0	tail_pattern_1	True	0.063684	ZC3H18	1	0.11449341208541572		0	0	0.0	0.0		1.0	0.0	+	True	PRAISE+ELAP_cross_chemistry	2.0	2.0
chr16_88806664-88806666	chr16	88806664.0	88806666.0	1.0	tail_pattern_1	True	0.0601635	CDT1	1	0.08087233075874603		0	0	0.0	0.0		1.0	0.0	+	True	PRAISE+ELAP_cross_chemistry	2.0	2.0
chr16_88857158	chr16	88857158.0	88857158.0	0.0	tail_pattern_1	True	0.0787505	TRAPPC2L	1	0.28123580190822356		0	0	0.0	0.0		0.0	0.0		True	PRAISE_only	1.0	1.0
chr16_89524234	chr16	89524234.0	89524234.0	0.0	tail_pattern_1	True	0.09305150000000001	SPG7	1	0.4102680599727397		0	0	0.0	0.0		0.0	0.0		True	PRAISE_only	1.0	1.0
chr16_89529576-89529579	chr16	89529576.0	89529579.0	1.0	tail_pattern_1	True	0.1318265	SPG7	1	0.6101771921853703	DKC1	1	1	0.0	0.0		0.0	0.0		True	PRAISE_only	1.0	1.0
chr16_89562980-89562981	chr16	89562980.0	89562981.0	1.0	tail_pattern_1	True	0.070748	RPL13	1	0.1976374375283962	DKC1	1	1	0.0	0.0		1.0	0.0	+	True	PRAISE+ELAP_cross_chemistry	2.0	2.0
chr16_89712087	chr16	89712087.0	89712087.0	0.0	tail_pattern_1	True	0.11737999999999998	VPS9D1-AS1	1	0.5579282144479782		0	0	0.0	0.0		0.0	0.0		True	PRAISE_only	1.0	1.0
chr16_89792030-89792028	chr16	89792028.0	89792030.0	1.0	tail_pattern_1	True	0.0985505	FANCA	1	0.4507042253521127	DKC1	1	1	0.0	0.0		0.0	0.0		True	PRAISE_only	1.0	1.0
chr16_89887656-89887657	chr16	89887656.0	89887657.0	1.0	tail_pattern_1	True	0.1357945	TCF25	1	0.627442071785552	DKC1	1	1	0.0	0.0		1.0	0.0	+	True	PRAISE+ELAP_cross_chemistry	2.0	2.0
chr16_KI270853v1_alt_1909997-1909998	chr16_KI270853v1_alt	1909997.0	1909998.0	1.0	tail_pattern_1	True	0.8573705	NOMO3	1	0.9750113584734211	TRUB1	1	1	0.0	0.0		0.0	0.0		True	PRAISE_only	1.0	1.0
chr16_KI270853v1_alt_1935480-1935481	chr16_KI270853v1_alt	1935480.0	1935481.0	1.0	tail_pattern_1	True	0.074411	NOMO3	1	0.23784643343934575	DKC1	1	1	0.0	0.0		0.0	0.0		True	PRAISE_only	1.0	1.0
chr16_KI270853v1_alt_632392	chr16_KI270853v1_alt	632392.0	632392.0	0.0	tail_pattern_1	True	0.14937699999999998	PDXDC1	1	0.6667423898228079		0	0	0.0	0.0		0.0	0.0		True	PRAISE_only	1.0	1.0
chr16_KI270853v1_alt_908088-908087	chr16_KI270853v1_alt	908087.0	908088.0	1.0	tail_pattern_1	True	0.07923	NOMO1	1	0.2848705134029986	DKC1	1	1	0.0	0.0		0.0	0.0		True	PRAISE_only	1.0	1.0
chr16_KI270853v1_alt_933337-933336	chr16_KI270853v1_alt	933336.0	933337.0	1.0	tail_pattern_1	True	0.8573705	NOMO1	1	0.9750113584734211	TRUB1	1	1	0.0	0.0		0.0	0.0		True	PRAISE_only	1.0	1.0
chr16_KV880768v1_fix_1124365-1124364	chr16_KV880768v1_fix	1124364.0	1124365.0	1.0	tail_pattern_1	True	0.0656025	UQCRC2	1	0.137664697864607		0	0	0.0	0.0		0.0	0.0		True	PRAISE_only	1.0	1.0
chr17_1508213-1508211	chr17	1508211.0	1508213.0	1.0	tail_pattern_1	True	0.10859949999999999	INPP5K	1	0.5111313039527488	DKC1	1	1	0.0	0.0		1.0	0.0	-	True	PRAISE+ELAP_cross_chemistry	2.0	2.0
chr17_16348677-16348675	chr17	16348675.0	16348677.0	1.0	tail_pattern_1	True	0.140054	CENPV	1	0.6419809177646524	DKC1	1	1	0.0	0.0		1.0	0.0	-	True	PRAISE+ELAP_cross_chemistry	2.0	2.0
chr17_16439247	chr17	16439247.0	16439247.0	0.0	tail_pattern_1	True	0.18953550000000002	SNHG29	1	0.7514766015447524		0	0	0.0	0.0		1.0	0.0	+	True	PRAISE+ELAP_cross_chemistry	2.0	2.0
chr17_16441567-16441573	chr17	16441567.0	16441573.0	1.0	tail_pattern_1	True	0.1385575	SNHG29	1	0.6360745115856429	DKC1	1	1	0.0	0.0		1.0	0.0	+	True	PRAISE+ELAP_cross_chemistry	2.0	2.0
chr17_16441869-16441870	chr17	16441869.0	16441870.0	1.0	tail_pattern_1	True	0.8670325	SNHG29	1	0.9768287142208087	TRUB1	1	1	0.0	0.0		1.0	0.0	+	True	PRAISE+ELAP_cross_chemistry	2.0	2.0
chr17_1676677	chr17	1676677.0	1676677.0	0.0	tail_pattern_1	True	0.140883	PRPF8	1	0.6453884597910041		0	0	1.0	0.0	-	1.0	0.0	-	True	PRAISE+BID+ELAP	3.0	2.0
chr17_17185372	chr17	17185372.0	17185372.0	0.0	tail_pattern_1	True	0.232949	MPRIP	1	0.7946388005452067		0	0	0.0	0.0		0.0	0.0		True	PRAISE_only	1.0	1.0
chr17_17512527-17512526	chr17	17512526.0	17512527.0	1.0	tail_pattern_1	True	0.0868905	PEMT	1	0.3534756928668787		0	0	0.0	0.0		0.0	0.0		True	PRAISE_only	1.0	1.0
chr17_17818289	chr17	17818289.0	17818289.0	0.0	tail_pattern_1	True	0.054082500000000006	SREBF1	1	0.01635620172648796		0	0	0.0	0.0		0.0	0.0		True	PRAISE_only	1.0	1.0
chr17_18018369-18018367	chr17	18018367.0	18018369.0	1.0	tail_pattern_1	True	0.1234655	ATPAF2	1	0.5820081781008632		0	0	0.0	0.0		0.0	0.0		True	PRAISE_only	1.0	1.0
chr17_18107480	chr17	18107480.0	18107480.0	0.0	tail_pattern_1	True	0.0754765	DRG2	1	0.2462517037710132	PUS7	1	1	0.0	0.0		0.0	0.0		True	PRAISE_only	1.0	1.0
chr17_18328415	chr17	18328415.0	18328415.0	0.0	tail_pattern_1	True	0.459082	SHMT1	1	0.8984552476147206		0	0	1.0	0.0	-	0.0	0.0		True	PRAISE+BID_same_family	2.0	1.0
chr17_19061922-19061924	chr17	19061922.0	19061924.0	1.0	tail_pattern_1	True	0.16930050000000002	SNORD3B-1	1	0.7162653339391186		0	0	0.0	0.0		0.0	0.0		True	PRAISE_only	1.0	1.0
chr17_19061959-19061961	chr17	19061959.0	19061961.0	1.0	tail_pattern_1	True	0.068427	SNORD3B-1	1	0.1724216265333939		0	0	0.0	0.0		0.0	0.0		True	PRAISE_only	1.0	1.0
chr17_19064089-19064087	chr17	19064087.0	19064089.0	1.0	tail_pattern_1	True	0.068427	SNORD3B-2	1	0.1724216265333939		0	0	0.0	0.0		0.0	0.0		True	PRAISE_only	1.0	1.0
chr17_19064126-19064124	chr17	19064124.0	19064126.0	1.0	tail_pattern_1	True	0.16930050000000002	SNORD3B-2	1	0.7162653339391186		0	0	0.0	0.0		0.0	0.0		True	PRAISE_only	1.0	1.0
chr17_19188026-19188028	chr17	19188026.0	19188028.0	1.0	tail_pattern_1	True	0.21315	SNORD3A	1	0.7760109041344844		0	0	0.0	0.0		0.0	0.0		True	PRAISE_only	1.0	1.0
chr17_19188063-19188065	chr17	19188063.0	19188065.0	1.0	tail_pattern_1	True	0.0807225	SNORD3A	1	0.2948659700136302		0	0	0.0	0.0		0.0	0.0		True	PRAISE_only	1.0	1.0
chr17_19190198-19190196	chr17	19190196.0	19190198.0	1.0	tail_pattern_1	True	0.0815285	SNORD3C	1	0.30258973194002725		0	0	0.0	0.0		0.0	0.0		True	PRAISE_only	1.0	1.0
chr17_19190235-19190233	chr17	19190233.0	19190235.0	1.0	tail_pattern_1	True	0.21041500000000002	SNORD3C	1	0.7728305315765561		0	0	0.0	0.0		0.0	0.0		True	PRAISE_only	1.0	1.0
chr17_19577810	chr17	19577810.0	19577810.0	0.0	tail_pattern_1	True	0.229762	SLC47A1	1	0.7919127669241254		0	0	0.0	0.0		0.0	0.0		True	PRAISE_only	1.0	1.0
chr17_19663387-19663391	chr17	19663387.0	19663391.0	1.0	tail_pattern_1	True	0.099414	ALDH3A2	1	0.45524761472058156		0	0	1.0	0.0	+	1.0	0.0	+	True	PRAISE+BID+ELAP	3.0	2.0
chr17_21001944-21001942	chr17	21001942.0	21001944.0	1.0	tail_pattern_1	True	0.09146299999999999	USP22	1	0.3948205361199455	DKC1	1	1	0.0	0.0		1.0	0.0	-	True	PRAISE+ELAP_cross_chemistry	2.0	2.0
chr17_21551478	chr17	21551478.0	21551478.0	0.0	tail_pattern_1	True	0.26434250000000004	LINC02693	1	0.8223534756928669		0	0	0.0	0.0		1.0	0.0	-	True	PRAISE+ELAP_cross_chemistry	2.0	2.0
chr17_2375624-2375625	chr17	2375624.0	2375625.0	1.0	tail_pattern_1	True	0.966783	SGSM2	1	0.9972739663789186	TRUB1	1	1	1.0	0.0	+	1.0	0.0	+	True	PRAISE+BID+ELAP	3.0	2.0
chr17_2375779-2375781	chr17	2375779.0	2375781.0	1.0	tail_pattern_1	True	0.11146	SGSM2	1	0.5311222171740119	DKC1	1	1	0.0	0.0		0.0	0.0		True	PRAISE_only	1.0	1.0
chr17_2690398	chr17	2690398.0	2690398.0	0.0	tail_pattern_1	True	0.1378845	CLUH	1	0.6342571558382554		0	0	0.0	0.0		0.0	0.0		True	PRAISE_only	1.0	1.0
chr17_2692790	chr17	2692790.0	2692790.0	0.0	tail_pattern_1	True	0.092291	CLUH	1	0.40118128123580193	PUS1	1	1	0.0	0.0		0.0	0.0		True	PRAISE_only	1.0	1.0
chr17_28344969	chr17	28344969.0	28344969.0	0.0	tail_pattern_1	True	0.1361555	TNFAIP1	1	0.6283507496592458	PUS7	1	1	0.0	0.0		0.0	0.0		True	PRAISE_only	1.0	1.0
chr17_28347348-28347347	chr17	28347347.0	28347348.0	1.0	tail_pattern_1	True	0.0804845	POLDIP2	1	0.2935029532030895		0	0	0.0	0.0		1.0	0.0	-	True	PRAISE+ELAP_cross_chemistry	2.0	2.0
chr17_28396507-28396506	chr17	28396506.0	28396507.0	1.0	tail_pattern_1	True	0.962912	SLC46A1	1	0.9963652885052249	TRUB1	1	1	0.0	0.0		0.0	0.0		True	PRAISE_only	1.0	1.0
chr17_28560097-28560095	chr17	28560095.0	28560097.0	1.0	tail_pattern_1	True	0.092192	PIGS	1	0.4002726033621081	DKC1	1	1	0.0	0.0		0.0	0.0		True	PRAISE_only	1.0	1.0
chr17_28577719-28577718	chr17	28577718.0	28577719.0	1.0	tail_pattern_1	True	0.0936035	SPAG5	1	0.4157201272149023	DKC1	1	1	0.0	0.0		1.0	0.0	-	True	PRAISE+ELAP_cross_chemistry	2.0	2.0
chr17_28592955	chr17	28592955.0	28592955.0	0.0	tail_pattern_1	True	0.1507355	SPAG5	1	0.6701499318491595		0	0	0.0	0.0		0.0	0.0		True	PRAISE_only	1.0	1.0
chr17_28619663	chr17	28619663.0	28619663.0	0.0	tail_pattern_1	True	0.07914550000000001	KIAA0100	1	0.2839618355293049	DKC1	1	1	0.0	0.0		0.0	0.0		True	PRAISE_only	1.0	1.0
chr17_28634551	chr17	28634551.0	28634551.0	0.0	tail_pattern_1	True	0.066378	KIAA0100	1	0.14993184915947297	DKC1	1	1	0.0	0.0		0.0	0.0		True	PRAISE_only	1.0	1.0
chr17_28640655	chr17	28640655.0	28640655.0	0.0	tail_pattern_1	True	0.101598	KIAA0100	1	0.4743298500681508		0	0	0.0	0.0		0.0	0.0		True	PRAISE_only	1.0	1.0
chr17_29261470-29261466	chr17	29261466.0	29261470.0	1.0	tail_pattern_1	True	0.10153	NUFIP2	1	0.47387551113130394		0	0	0.0	0.0		0.0	0.0		True	PRAISE_only	1.0	1.0
chr17_29572477-29572478	chr17	29572477.0	29572478.0	1.0	tail_pattern_1	True	0.886251	TP53I13	1	0.9804634257155839	TRUB1	1	1	1.0	0.0	+	0.0	0.0		True	PRAISE+BID_same_family	2.0	1.0
chr17_29583526	chr17	29583526.0	29583526.0	0.0	tail_pattern_1	True	0.1265095	GIT1	1	0.5920036347114948	DKC1	1	1	0.0	0.0		0.0	0.0		True	PRAISE_only	1.0	1.0
chr17_30289387-30289381	chr17	30289381.0	30289387.0	1.0	tail_pattern_1	True	0.07941999999999999	BLMH	1	0.28759654702407994		0	0	0.0	0.0		0.0	0.0		True	PRAISE_only	1.0	1.0
chr17_31852061	chr17	31852061.0	31852061.0	0.0	tail_pattern_1	True	0.0703735	COPRS	1	0.19445706497046797		0	0	0.0	0.0		1.0	0.0	-	True	PRAISE+ELAP_cross_chemistry	2.0	2.0
chr17_32360701-32360702	chr17	32360701.0	32360702.0	1.0	tail_pattern_1	True	0.1004465	ZNF207	1	0.4643343934575193	TRUB1	1	1	0.0	0.0		1.0	0.0	+	True	PRAISE+ELAP_cross_chemistry	2.0	2.0
chr17_32493075-32493073	chr17	32493073.0	32493075.0	1.0	tail_pattern_1	True	0.09543	MYO1D	1	0.43025897319400275	DKC1	1	1	0.0	0.0		0.0	0.0		True	PRAISE_only	1.0	1.0
chr17_35724705	chr17	35724705.0	35724705.0	0.0	tail_pattern_1	True	0.10759350000000001	AP2B1	1	0.5047705588368924	PUS7	1	1	1.0	0.0	+	1.0	0.0	+	True	PRAISE+BID+ELAP	3.0	2.0
chr17_39201277-39201278	chr17	39201277.0	39201278.0	1.0	tail_pattern_1	True	0.249744	RPL19	1	0.8123580190822354	TRUB1	1	1	1.0	0.0	+	1.0	0.0	+	True	PRAISE+BID+ELAP	3.0	2.0
chr17_39202990	chr17	39202990.0	39202990.0	0.0	tail_pattern_1	True	0.06870899999999999	RPL19	1	0.17673784643343934		0	0	0.0	0.0		1.0	0.0	+	True	PRAISE+ELAP_cross_chemistry	2.0	2.0
chr17_39407907-39407906	chr17	39407906.0	39407907.0	1.0	tail_pattern_1	True	0.6494055000000001	MED1	1	0.943207632894139	TRUB1	1	1	0.0	0.0		0.0	0.0		True	PRAISE_only	1.0	1.0
chr17_39440445-39440444	chr17	39440444.0	39440445.0	1.0	tail_pattern_1	True	0.603432	MED1	1	0.9345751930940481	TRUB1	1	1	1.0	0.0	-	0.0	0.0		True	PRAISE+BID_same_family	2.0	1.0
chr17_39984350-39984351	chr17	39984350.0	39984351.0	1.0	tail_pattern_1	True	0.0899305	PSMD3	1	0.38119036801453887	DKC1	1	1	0.0	0.0		1.0	0.0	+	True	PRAISE+ELAP_cross_chemistry	2.0	2.0
chr17_40032069-40032068	chr17	40032068.0	40032069.0	1.0	tail_pattern_1	True	0.2628815	MED24	1	0.8209904588823262		0	0	0.0	0.0		1.0	0.0	-	True	PRAISE+ELAP_cross_chemistry	2.0	2.0
chr17_40093198-40093199	chr17	40093198.0	40093199.0	1.0	tail_pattern_1	True	0.3739405	THRA	1	0.8736937755565652		0	0	0.0	0.0		1.0	0.0	+	True	PRAISE+ELAP_cross_chemistry	2.0	2.0
chr17_40295390-40295391	chr17	40295390.0	40295391.0	1.0	tail_pattern_1	True	0.8225335	CDC6	1	0.967741935483871	TRUB1	1	1	1.0	0.0	+	1.0	0.0	+	True	PRAISE+BID+ELAP	3.0	2.0
chr17_4164198-4164197	chr17	4164197.0	4164198.0	1.0	tail_pattern_1	True	0.1182565	ANKFY1	1	0.5615629259427533	PUS1	1	1	0.0	0.0		0.0	0.0		True	PRAISE_only	1.0	1.0
chr17_41817138	chr17	41817138.0	41817138.0	0.0	tail_pattern_1	True	0.08652699999999999	FKBP10	1	0.3489323034984098		0	0	0.0	0.0		0.0	0.0		True	PRAISE_only	1.0	1.0
chr17_41892335-41892333	chr17	41892333.0	41892335.0	1.0	tail_pattern_1	True	0.0627575	ACLY	1	0.10676965015901863		0	0	0.0	0.0		1.0	0.0	-	True	PRAISE+ELAP_cross_chemistry	2.0	2.0
chr17_42024691-42024692	chr17	42024691.0	42024692.0	1.0	tail_pattern_1	True	0.17928650000000002	NKIRAS2	1	0.7360290776919582		0	0	0.0	0.0		1.0	0.0	+	True	PRAISE+ELAP_cross_chemistry	2.0	2.0
chr17_42192504-42192501	chr17	42192501.0	42192504.0	1.0	tail_pattern_1	True	0.1553685	GHDC	1	0.6819627442071785		0	0	0.0	0.0		0.0	0.0		True	PRAISE_only	1.0	1.0
chr17_42842496-42842497	chr17	42842496.0	42842497.0	1.0	tail_pattern_1	True	0.09756100000000001	PSME3	1	0.4434348023625625	DKC1	1	1	0.0	0.0		1.0	0.0	+	True	PRAISE+ELAP_cross_chemistry	2.0	2.0
chr17_43028576	chr17	43028576.0	43028576.0	0.0	tail_pattern_1	True	0.07334750000000001	RND2	1	0.22580645161290322		0	0	0.0	0.0		0.0	0.0		True	PRAISE_only	1.0	1.0
chr17_44321222	chr17	44321222.0	44321222.0	0.0	tail_pattern_1	True	0.070799	SLC25A39	1	0.19854611540208997		0	0	0.0	0.0		1.0	0.0	-	True	PRAISE+ELAP_cross_chemistry	2.0	2.0
chr17_44322483	chr17	44322483.0	44322483.0	0.0	tail_pattern_1	True	0.1154065	SLC25A39	1	0.5442980463425715		0	0	0.0	0.0		1.0	0.0	-	True	PRAISE+ELAP_cross_chemistry	2.0	2.0
chr17_44854930-44854929	chr17	44854929.0	44854930.0	1.0	tail_pattern_1	True	0.054691000000000004	EFTUD2	1	0.020899591094956836		0	0	0.0	0.0		0.0	0.0		True	PRAISE_only	1.0	1.0
chr17_45081647-45081649	chr17	45081647.0	45081649.0	1.0	tail_pattern_1	True	0.117344	NMT1	1	0.5570195365742844	TRUB1	1	1	0.0	0.0		1.0	0.0	+	True	PRAISE+ELAP_cross_chemistry	2.0	2.0
chr17_4549404	chr17	4549404.0	4549404.0	0.0	tail_pattern_1	True	0.08664649999999999	MYBBP1A	1	0.3507496592457974		0	0	0.0	0.0		0.0	0.0		True	PRAISE_only	1.0	1.0
chr17_47605358	chr17	47605358.0	47605358.0	0.0	tail_pattern_1	True	0.058588	NPEPPS	1	0.061790095411176735	PUS7	1	1	0.0	0.0		0.0	0.0		True	PRAISE_only	1.0	1.0
chr17_47665127-47665128	chr17	47665127.0	47665128.0	1.0	tail_pattern_1	True	0.134992	KPNB1	1	0.6242616992276238	TRUB1	1	1	0.0	0.0		1.0	0.0	+	True	PRAISE+ELAP_cross_chemistry	2.0	2.0
chr17_48622367-48622366	chr17	48622366.0	48622367.0	1.0	tail_pattern_1	True	0.18919049999999998	HOXB9	1	0.7510222626079055	TRUB1	1	1	1.0	0.0	-	1.0	0.0	-	True	PRAISE+BID+ELAP	3.0	2.0
chr17_48936232-48936230	chr17	48936230.0	48936232.0	1.0	tail_pattern_1	True	0.09087	SNF8	1	0.3893684688777828	DKC1	1	1	0.0	0.0		0.0	0.0		True	PRAISE_only	1.0	1.0
chr17_49043468	chr17	49043468.0	49043468.0	0.0	tail_pattern_1	True	0.1500575	IGF2BP1	1	0.6683325761017719	PUS7	1	1	1.0	0.0	+	0.0	0.0		True	PRAISE+BID_same_family	2.0	1.0
chr17_49053635-49053636	chr17	49053635.0	49053636.0	1.0	tail_pattern_1	True	0.09471650000000001	IGF2BP1	1	0.42526124488868694	DKC1	1	1	0.0	0.0		0.0	0.0		True	PRAISE_only	1.0	1.0
chr17_49413192	chr17	49413192.0	49413192.0	0.0	tail_pattern_1	True	0.0964455	PHB1	1	0.43661971830985913		0	0	0.0	0.0		0.0	0.0		True	PRAISE_only	1.0	1.0
chr17_4942655	chr17	4942655.0	4942655.0	0.0	tail_pattern_1	True	0.107834	RNF167	1	0.5070422535211268	DKC1	1	1	0.0	0.0		0.0	0.0		True	PRAISE_only	1.0	1.0
chr17_4944899-4944900	chr17	4944899.0	4944900.0	1.0	tail_pattern_1	True	0.5576855000000001	RNF167	1	0.9227623807360291	TRUB1	1	1	1.0	0.0	+	1.0	0.0	+	True	PRAISE+BID+ELAP	3.0	2.0
chr17_4960086	chr17	4960086.0	4960086.0	0.0	tail_pattern_1	True	0.10144149999999999	SPAG7	1	0.4729668332576102	DKC1	1	1	0.0	0.0		0.0	0.0		True	PRAISE_only	1.0	1.0
chr17_50485207-50485208	chr17	50485207.0	50485208.0	1.0	tail_pattern_1	True	0.228508	RSAD1	1	0.7900954111767379		0	0	0.0	0.0		1.0	0.0	+	True	PRAISE+ELAP_cross_chemistry	2.0	2.0
chr17_50485494	chr17	50485494.0	50485494.0	0.0	tail_pattern_1	True	0.13095099999999998	RSAD1	1	0.6069968196274421	DKC1	1	1	0.0	0.0		0.0	0.0		True	PRAISE_only	1.0	1.0
chr17_5380439-5380440	chr17	5380439.0	5380440.0	1.0	tail_pattern_1	True	0.082507	RABEP1	1	0.30985915492957744		0	0	0.0	0.0		1.0	0.0	+	True	PRAISE+ELAP_cross_chemistry	2.0	2.0
chr17_54968410-54968408	chr17	54968408.0	54968410.0	1.0	tail_pattern_1	True	0.1380355	COX11	1	0.6347114947751022	DKC1	1	1	0.0	0.0		1.0	0.0	-	True	PRAISE+ELAP_cross_chemistry	2.0	2.0
chr17_56985414-56985416	chr17	56985414.0	56985416.0	1.0	tail_pattern_1	True	0.1275975	SCPEP1	1	0.595184007269423	DKC1	1	1	0.0	0.0		1.0	0.0	+	True	PRAISE+ELAP_cross_chemistry	2.0	2.0
chr17_57118426	chr17	57118426.0	57118426.0	0.0	tail_pattern_1	True	0.059263500000000004	AKAP1	1	0.06951385733757383		0	0	0.0	0.0		0.0	0.0		True	PRAISE_only	1.0	1.0
chr17_58004507-58004501	chr17	58004501.0	58004507.0	1.0	tail_pattern_1	True	0.12086050000000001	SRSF1	1	0.570649704679691		0	0	0.0	0.0		1.0	0.0	-	True	PRAISE+ELAP_cross_chemistry	2.0	2.0
chr17_59204893	chr17	59204893.0	59204893.0	0.0	tail_pattern_1	True	0.0835485	PRR11	1	0.3194002726033621		0	0	0.0	0.0		0.0	0.0		True	PRAISE_only	1.0	1.0
chr17_59674726-59674727	chr17	59674726.0	59674727.0	1.0	tail_pattern_1	True	0.237419	CLTC	1	0.7996365288505225		0	0	0.0	0.0		1.0	0.0	+	True	PRAISE+ELAP_cross_chemistry	2.0	2.0
chr17_59946740-59946743	chr17	59946740.0	59946743.0	1.0	tail_pattern_1	True	0.0742485	RPS6KB1	1	0.2344388914129941		0	0	0.0	0.0		1.0	0.0	+	True	PRAISE+ELAP_cross_chemistry	2.0	2.0
chr17_59947115-59947116	chr17	59947115.0	59947116.0	1.0	tail_pattern_1	True	0.0745435	RPS6KB1	1	0.23898228078146297		0	0	0.0	0.0		0.0	0.0		True	PRAISE_only	1.0	1.0
chr17_60479173-60479171	chr17	60479171.0	60479173.0	1.0	tail_pattern_1	True	0.076374	APPBP2	1	0.25397546569741025		0	0	0.0	0.0		0.0	0.0		True	PRAISE_only	1.0	1.0
chr17_61074947-61074948	chr17	61074947.0	61074948.0	1.0	tail_pattern_1	True	0.15199200000000002	BCAS3	1	0.6751476601544752		0	0	0.0	0.0		1.0	0.0	+	True	PRAISE+ELAP_cross_chemistry	2.0	2.0
chr17_61907495	chr17	61907495.0	61907495.0	0.0	tail_pattern_1	True	0.07025100000000001	INTS2	1	0.19218537028623353	DKC1	1	1	0.0	0.0		0.0	0.0		True	PRAISE_only	1.0	1.0
chr17_63589825	chr17	63589825.0	63589825.0	0.0	tail_pattern_1	True	0.23379850000000002	DCAF7	1	0.7950931394820536	PUS7	1	1	0.0	0.0		0.0	0.0		True	PRAISE_only	1.0	1.0
chr17_63806579-63806582	chr17	63806579.0	63806582.0	1.0	tail_pattern_1	True	0.1320495	DDX42	1	0.611085870059064		0	0	0.0	0.0		1.0	0.0	+	True	PRAISE+ELAP_cross_chemistry	2.0	2.0
chr17_63837201	chr17	63837201.0	63837201.0	0.0	tail_pattern_1	True	0.06966649999999999	SMARCD2	1	0.186278964107224		0	0	0.0	0.0		0.0	0.0		True	PRAISE_only	1.0	1.0
chr17_64501273-64501270	chr17	64501270.0	64501273.0	1.0	tail_pattern_1	True	0.066246	MIR5047	1	0.1485688323489323	DKC1	1	1	0.0	0.0		1.0	0.0	-	True	PRAISE+ELAP_cross_chemistry	2.0	2.0
chr17_66806985-66806986	chr17	66806985.0	66806986.0	1.0	tail_pattern_1	True	0.40530299999999997	PRKCA	1	0.8859609268514311		0	0	0.0	0.0		0.0	0.0		True	PRAISE_only	1.0	1.0
chr17_67145824-67145822	chr17	67145822.0	67145824.0	1.0	tail_pattern_1	True	0.069657	HELZ	1	0.1858246251703771		0	0	0.0	0.0		0.0	0.0		True	PRAISE_only	1.0	1.0
chr17_68042194-68042196	chr17	68042194.0	68042196.0	1.0	tail_pattern_1	True	0.1690875	KPNA2	1	0.7142208087233076	TRUB1	1	1	0.0	0.0		0.0	0.0		True	PRAISE_only	1.0	1.0
chr17_68251125-68251127	chr17	68251125.0	68251127.0	1.0	tail_pattern_1	True	0.1130115	AMZ2	1	0.5365742844161745	DKC1	1	1	0.0	0.0		1.0	0.0	+	True	PRAISE+ELAP_cross_chemistry	2.0	2.0
chr17_7029010	chr17	7029010.0	7029010.0	0.0	tail_pattern_1	True	0.4757755	BCL6B	1	0.9032258064516129		0	0	0.0	0.0		0.0	0.0		True	PRAISE_only	1.0	1.0
chr17_7224016-7224018	chr17	7224016.0	7224018.0	1.0	tail_pattern_1	True	0.06378500000000001	ACADVL	1	0.11585642889595639	DKC1	1	1	0.0	0.0		1.0	0.0	+	True	PRAISE+ELAP_cross_chemistry	2.0	2.0
chr17_7310885-7310886	chr17	7310885.0	7310886.0	1.0	tail_pattern_1	True	0.6904764999999999	EIF5A	1	0.9495683780099955	TRUB1	1	1	0.0	0.0		0.0	0.0		True	PRAISE_only	1.0	1.0
chr17_7311906	chr17	7311906.0	7311906.0	0.0	tail_pattern_1	True	0.0926485	EIF5A	1	0.4061790095411177	DKC1	1	1	0.0	0.0		1.0	0.0	+	True	PRAISE+ELAP_cross_chemistry	2.0	2.0
chr17_7312212-7312213	chr17	7312212.0	7312213.0	1.0	tail_pattern_1	True	0.07941899999999999	EIF5A	1	0.2869150386188096		0	0	0.0	0.0		0.0	0.0		True	PRAISE_only	1.0	1.0
chr17_75135679	chr17	75135679.0	75135679.0	0.0	tail_pattern_1	True	0.057812	JPT1	1	0.049977283053157656		0	0	0.0	0.0		0.0	0.0		True	PRAISE_only	1.0	1.0
chr17_75318362-75318361	chr17	75318361.0	75318362.0	1.0	tail_pattern_1	True	0.096864	GRB2	1	0.4398000908677874		0	0	0.0	0.0		1.0	0.0	-	True	PRAISE+ELAP_cross_chemistry	2.0	2.0
chr17_75321754-75321753	chr17	75321753.0	75321754.0	1.0	tail_pattern_1	True	0.18324000000000001	GRB2	1	0.7428441617446615	TRUB1	1	1	1.0	0.0	-	1.0	0.0	-	True	PRAISE+BID+ELAP	3.0	2.0
chr17_75491120-75491121	chr17	75491120.0	75491121.0	1.0	tail_pattern_1	True	0.599881	TMEM94	1	0.9336665152203544	TRUB1	1	1	1.0	0.0	+	1.0	0.0	+	True	PRAISE+BID+ELAP	3.0	2.0
chr17_75517058-75517059	chr17	75517058.0	75517059.0	1.0	tail_pattern_1	True	0.6245955000000001	TSEN54	1	0.9409359382099046	TRUB1	1	1	1.0	0.0	+	0.0	0.0		True	PRAISE+BID_same_family	2.0	1.0
chr17_75777973-75777972	chr17	75777972.0	75777973.0	1.0	tail_pattern_1	True	0.117789	H3-3B	1	0.5583825533848251		0	0	0.0	0.0		1.0	0.0	-	True	PRAISE+ELAP_cross_chemistry	2.0	2.0
chr17_75889753	chr17	75889753.0	75889753.0	0.0	tail_pattern_1	True	0.1240935	TRIM65	1	0.5833711949114039	PUS7	1	1	0.0	0.0		0.0	0.0		True	PRAISE_only	1.0	1.0
chr17_76061145-76061143	chr17	76061143.0	76061145.0	1.0	tail_pattern_1	True	0.074579	SRP68	1	0.23943661971830985		0	0	0.0	0.0		0.0	0.0		True	PRAISE_only	1.0	1.0
chr17_76680662	chr17	76680662.0	76680662.0	0.0	tail_pattern_1	True	0.101107	MXRA7	1	0.4702407996365289	PUS7	1	1	0.0	0.0		0.0	0.0		True	PRAISE_only	1.0	1.0
chr17_76744379-76744380	chr17	76744379.0	76744380.0	1.0	tail_pattern_1	True	0.381229	MFSD11	1	0.878691503861881	TRUB1	1	1	0.0	0.0		1.0	0.0	+	True	PRAISE+ELAP_cross_chemistry	2.0	2.0
chr17_776873-776871	chr17	776871.0	776873.0	1.0	tail_pattern_1	True	0.0774745	GLOD4	1	0.2666969559291231	DKC1	1	1	0.0	0.0		0.0	0.0		True	PRAISE_only	1.0	1.0
chr17_78224666	chr17	78224666.0	78224666.0	0.0	tail_pattern_1	True	0.102823	BIRC5	1	0.4811449341208542	DKC1	1	1	1.0	0.0	+	0.0	0.0		True	PRAISE+BID_same_family	2.0	1.0
chr17_78674360	chr17	78674360.0	78674360.0	0.0	tail_pattern_1	True	0.07129150000000001	CYTH1	1	0.20581553839164016		0	0	0.0	0.0		0.0	0.0		True	PRAISE_only	1.0	1.0
chr17_7901287-7901288	chr17	7901287.0	7901288.0	1.0	tail_pattern_1	True	0.09414	CHD3	1	0.4198091776465243		0	0	0.0	0.0		0.0	0.0		True	PRAISE_only	1.0	1.0
chr17_80104560	chr17	80104560.0	80104560.0	0.0	tail_pattern_1	True	0.4123985	GAA	1	0.886869604725125	PUS7	1	1	1.0	0.0	+	0.0	0.0		True	PRAISE+BID_same_family	2.0	1.0
chr17_80117650	chr17	80117650.0	80117650.0	0.0	tail_pattern_1	True	0.0892035	GAA	1	0.3757383007723762		0	0	0.0	0.0		0.0	0.0		True	PRAISE_only	1.0	1.0
chr17_81241043	chr17	81241043.0	81241043.0	0.0	tail_pattern_1	True	0.0585585	NDUFAF8	1	0.06042707860063608		0	0	0.0	0.0		1.0	0.0	+	True	PRAISE+ELAP_cross_chemistry	2.0	2.0
chr17_81510126	chr17	81510126.0	81510126.0	0.0	tail_pattern_1	True	0.0874425	ACTG1	1	0.35938209904588825		0	0	0.0	0.0		1.0	0.0	-	True	PRAISE+ELAP_cross_chemistry	2.0	2.0
chr17_81510402	chr17	81510402.0	81510402.0	0.0	tail_pattern_1	True	0.055571999999999996	ACTG1	1	0.027714675147660156		0	0	0.0	0.0		1.0	0.0	-	True	PRAISE+ELAP_cross_chemistry	2.0	2.0
chr17_81597315-81597314	chr17	81597314.0	81597315.0	1.0	tail_pattern_1	True	0.078971	NPLOC4	1	0.2825988187187642		0	0	0.0	0.0		0.0	0.0		True	PRAISE_only	1.0	1.0
chr17_81715487	chr17	81715487.0	81715487.0	0.0	tail_pattern_1	True	0.1001535	SLC25A10	1	0.4602453430258973	DKC1	1	1	0.0	0.0		0.0	0.0		True	PRAISE_only	1.0	1.0
chr17_82061699-82061697	chr17	82061697.0	82061699.0	1.0	tail_pattern_1	True	0.08258599999999999	DUS1L	1	0.3112221717401181		0	0	0.0	0.0		1.0	0.0	-	True	PRAISE+ELAP_cross_chemistry	2.0	2.0
chr17_82078631	chr17	82078631.0	82078631.0	0.0	tail_pattern_1	True	0.0730285	FASN	1	0.2230804179918219		0	0	0.0	0.0		0.0	0.0		True	PRAISE_only	1.0	1.0
chr17_82083401	chr17	82083401.0	82083401.0	0.0	tail_pattern_1	True	0.094988	FASN	1	0.4279872785097683		0	0	0.0	0.0		0.0	0.0		True	PRAISE_only	1.0	1.0
chr17_82405376-82405375	chr17	82405375.0	82405376.0	1.0	tail_pattern_1	True	0.17807050000000002	OGFOD3	1	0.7333030440708769	DKC1	1	1	0.0	0.0		0.0	0.0		True	PRAISE_only	1.0	1.0
chr17_82602791-82602792	chr17	82602791.0	82602792.0	1.0	tail_pattern_1	True	0.251683	FOXK2	1	0.813721035892776		0	0	1.0	0.0	+	0.0	0.0		True	PRAISE+BID_same_family	2.0	1.0
chr17_KI270857v1_alt_1321281	chr17_KI270857v1_alt	1321281.0	1321281.0	0.0	tail_pattern_1	True	0.1045975	ACACA	1	0.49159472966833256	PUS7	1	1	0.0	0.0		0.0	0.0		True	PRAISE_only	1.0	1.0
chr17_KI270857v1_alt_1357348	chr17_KI270857v1_alt	1357348.0	1357348.0	0.0	tail_pattern_1	True	0.0637755	ACACA	1	0.1154020899591095		0	0	0.0	0.0		0.0	0.0		True	PRAISE_only	1.0	1.0
chr17_KI270857v1_alt_1484033-1484032	chr17_KI270857v1_alt	1484032.0	1484033.0	1.0	tail_pattern_1	True	0.054780499999999996	ACACA	1	0.0222626079054975		0	0	0.0	0.0		0.0	0.0		True	PRAISE_only	1.0	1.0
chr17_KI270857v1_alt_1484112	chr17_KI270857v1_alt	1484112.0	1484112.0	0.0	tail_pattern_1	True	0.064143	ACACA	1	0.11949114039073148		0	0	0.0	0.0		0.0	0.0		True	PRAISE_only	1.0	1.0
chr17_KI270857v1_alt_1493725-1493722	chr17_KI270857v1_alt	1493722.0	1493725.0	1.0	tail_pattern_1	True	0.093305	ACACA	1	0.4125397546569741	DKC1	1	1	0.0	0.0		0.0	0.0		True	PRAISE_only	1.0	1.0
chr17_KI270857v1_alt_1850265	chr17_KI270857v1_alt	1850265.0	1850265.0	0.0	tail_pattern_1	True	0.2518225	DDX52	1	0.8141753748296229	PUS1	1	1	0.0	0.0		0.0	0.0		True	PRAISE_only	1.0	1.0
chr17_KI270857v1_alt_1853031-1853029	chr17_KI270857v1_alt	1853029.0	1853031.0	1.0	tail_pattern_1	True	0.14658949999999998	DDX52	1	0.659700136301681	TRUB1	1	1	0.0	0.0		0.0	0.0		True	PRAISE_only	1.0	1.0
chr17_KI270860v1_alt_161974	chr17_KI270860v1_alt	161974.0	161974.0	0.0	tail_pattern_1	True	0.071193	TBCD	1	0.20308950477055884		0	0	0.0	0.0		0.0	0.0		True	PRAISE_only	1.0	1.0
chr17_KI270860v1_alt_174382	chr17_KI270860v1_alt	174382.0	174382.0	0.0	tail_pattern_1	True	0.1565685	TBCD	1	0.6869604725124944		0	0	0.0	0.0		0.0	0.0		True	PRAISE_only	1.0	1.0
chr17_KI270861v1_alt_104612-104611	chr17_KI270861v1_alt	104611.0	104612.0	1.0	tail_pattern_1	True	0.0680485	PRPF8	1	0.16810540663334847		0	0	0.0	0.0		0.0	0.0		True	PRAISE_only	1.0	1.0
chr17_KI270861v1_alt_106705	chr17_KI270861v1_alt	106705.0	106705.0	0.0	tail_pattern_1	True	0.140883	PRPF8	1	0.6453884597910041		0	0	0.0	0.0		0.0	0.0		True	PRAISE_only	1.0	1.0
chr17_KI270861v1_alt_108624	chr17_KI270861v1_alt	108624.0	108624.0	0.0	tail_pattern_1	True	0.063879	PRPF8	1	0.11721944570649705		0	0	0.0	0.0		0.0	0.0		True	PRAISE_only	1.0	1.0
chr17_KI270861v1_alt_92136-92134	chr17_KI270861v1_alt	92134.0	92136.0	1.0	tail_pattern_1	True	0.06943250000000001	PRPF8	1	0.18400726942298956	DKC1	1	1	0.0	0.0		0.0	0.0		True	PRAISE_only	1.0	1.0
chr17_KI270862v1_alt_303178-303177	chr17_KI270862v1_alt	303177.0	303178.0	1.0	tail_pattern_1	True	0.052513000000000004	YWHAE	1	0.006360745115856429		0	0	0.0	0.0		0.0	0.0		True	PRAISE_only	1.0	1.0
chr17_KV575245v1_fix_128856-128858	chr17_KV575245v1_fix	128856.0	128858.0	1.0	tail_pattern_1	True	0.1125045	POLR2A	1	0.5333939118582463		0	0	0.0	0.0		0.0	0.0		True	PRAISE_only	1.0	1.0
chr17_KV575245v1_fix_131745	chr17_KV575245v1_fix	131745.0	131745.0	0.0	tail_pattern_1	True	0.0571185	POLR2A	1	0.03907314856883235		0	0	0.0	0.0		0.0	0.0		True	PRAISE_only	1.0	1.0
chr17_KV766198v1_alt_88551	chr17_KV766198v1_alt	88551.0	88551.0	0.0	tail_pattern_1	True	0.06714149999999999	SHMT1	1	0.15856428895956384	PUS7	1	1	0.0	0.0		0.0	0.0		True	PRAISE_only	1.0	1.0
chr17_KV766198v1_alt_88789	chr17_KV766198v1_alt	88789.0	88789.0	0.0	tail_pattern_1	True	0.459082	SHMT1	1	0.8984552476147206	PUS7	1	1	0.0	0.0		0.0	0.0		True	PRAISE_only	1.0	1.0
chr17_KV766198v1_alt_9757-9756	chr17_KV766198v1_alt	9756.0	9757.0	1.0	tail_pattern_1	True	0.0612625	FLII	1	0.093139482053612	DKC1	1	1	0.0	0.0		0.0	0.0		True	PRAISE_only	1.0	1.0
chr17_ML143374v1_fix_70271	chr17_ML143374v1_fix	70271.0	70271.0	0.0	tail_pattern_1	True	0.0926485	EIF5A	1	0.4061790095411177	DKC1	1	1	0.0	0.0		0.0	0.0		True	PRAISE_only	1.0	1.0
chr17_ML143374v1_fix_70577-70578	chr17_ML143374v1_fix	70577.0	70578.0	1.0	tail_pattern_1	True	0.07941899999999999	EIF5A	1	0.2869150386188096		0	0	0.0	0.0		0.0	0.0		True	PRAISE_only	1.0	1.0
chr17_ML143374v1_fix_7873-7874	chr17_ML143374v1_fix	7873.0	7874.0	1.0	tail_pattern_1	True	0.1482435	ELP5	1	0.663789186733303		0	0	0.0	0.0		0.0	0.0		True	PRAISE_only	1.0	1.0
chr18_21702402	chr18	21702402.0	21702402.0	0.0	tail_pattern_1	True	0.11801800000000001	ABHD3	1	0.5597455701953657		0	0	0.0	0.0		0.0	0.0		True	PRAISE_only	1.0	1.0
chr18_23136258-23136259	chr18	23136258.0	23136259.0	1.0	tail_pattern_1	True	0.09906899999999999	CABLES1	1	0.45252158109950025	TRUB1	1	1	0.0	0.0		1.0	0.0	+	True	PRAISE+ELAP_cross_chemistry	2.0	2.0
chr18_24239367-24239366	chr18	24239366.0	24239367.0	1.0	tail_pattern_1	True	0.09052299999999999	OSBPL1A	1	0.3861880963198546		0	0	0.0	0.0		1.0	0.0	-	True	PRAISE+ELAP_cross_chemistry	2.0	2.0
chr18_2738535-2738537	chr18	2738535.0	2738537.0	1.0	tail_pattern_1	True	0.17842249999999998	SMCHD1	1	0.7342117219445706		0	0	0.0	0.0		1.0	0.0	+	True	PRAISE+ELAP_cross_chemistry	2.0	2.0
chr18_2762112-2762113	chr18	2762112.0	2762113.0	1.0	tail_pattern_1	True	0.085725	SMCHD1	1	0.3416628805088596	TRUB1	1	1	0.0	0.0		0.0	0.0		True	PRAISE_only	1.0	1.0
chr18_3256188-3256189	chr18	3256188.0	3256189.0	1.0	tail_pattern_1	True	0.5357145	MYL12A	1	0.9182189913675602		0	0	1.0	0.0	+	1.0	0.0	+	True	PRAISE+BID+ELAP	3.0	2.0
chr18_34890998-34890999	chr18	34890998.0	34890999.0	1.0	tail_pattern_1	True	0.2724015	DTNA	1	0.8278055429350295	TRUB1	1	1	0.0	0.0		0.0	0.0		True	PRAISE_only	1.0	1.0
chr18_35141260	chr18	35141260.0	35141260.0	0.0	tail_pattern_1	True	0.10256499999999999	MAPRE2	1	0.4802362562471604	PUS7	1	1	0.0	0.0		0.0	0.0		True	PRAISE_only	1.0	1.0
chr18_35337466-35337465	chr18	35337465.0	35337466.0	1.0	tail_pattern_1	True	0.0678485	ZNF24	1	0.1667423898228078	TRUB1	1	1	0.0	0.0		1.0	0.0	-	True	PRAISE+ELAP_cross_chemistry	2.0	2.0
chr18_36124631-36124630	chr18	36124630.0	36124631.0	1.0	tail_pattern_1	True	0.12137400000000001	SLC39A6	1	0.5742844161744661	TRUB1	1	1	0.0	0.0		1.0	0.0	-	True	PRAISE+ELAP_cross_chemistry	2.0	2.0
chr18_36178148	chr18	36178148.0	36178148.0	0.0	tail_pattern_1	True	0.894737	ELP2	1	0.9827351203998183	PUS7	1	1	0.0	0.0		0.0	0.0		True	PRAISE_only	1.0	1.0
chr18_36796847-36796846	chr18	36796846.0	36796847.0	1.0	tail_pattern_1	True	0.07362650000000001	TPGS2	1	0.2303498409813721		0	0	0.0	0.0		1.0	0.0	-	True	PRAISE+ELAP_cross_chemistry	2.0	2.0
chr18_36818910-36818908	chr18	36818908.0	36818910.0	1.0	tail_pattern_1	True	0.0808805	TPGS2	1	0.2962289868241708		0	0	0.0	0.0		0.0	0.0		True	PRAISE_only	1.0	1.0
chr18_46084206-46084205	chr18	46084205.0	46084206.0	1.0	tail_pattern_1	True	0.0703695	ATP5F1A	1	0.1940027260336211		0	0	0.0	0.0		1.0	0.0	-	True	PRAISE+ELAP_cross_chemistry	2.0	2.0
chr18_46086442-46086441	chr18	46086441.0	46086442.0	1.0	tail_pattern_1	True	0.13156099999999998	ATP5F1A	1	0.6092685143116765	DKC1	1	1	0.0	0.0		1.0	0.0	-	True	PRAISE+ELAP_cross_chemistry	2.0	2.0
chr18_49482396	chr18	49482396.0	49482396.0	0.0	tail_pattern_1	True	0.075345	C18orf32	1	0.24443434802362562	DKC1	1	1	0.0	0.0		0.0	0.0		True	PRAISE_only	1.0	1.0
chr18_51175501-51175500	chr18	51175500.0	51175501.0	1.0	tail_pattern_1	True	0.3265045	MEX3C	1	0.8564288959563835	TRUB1	1	1	1.0	0.0	-	1.0	0.0	-	True	PRAISE+BID+ELAP	3.0	2.0
chr18_62157204-62157202	chr18	62157202.0	62157204.0	1.0	tail_pattern_1	True	0.2151225	PIGN	1	0.7787369377555656	TRUB1	1	1	0.0	0.0		1.0	0.0	-	True	PRAISE+ELAP_cross_chemistry	2.0	2.0
chr18_724546-724545	chr18	724545.0	724546.0	1.0	tail_pattern_1	True	0.084197	YES1	1	0.32894139027714675		0	0	0.0	0.0		0.0	0.0		True	PRAISE_only	1.0	1.0
chr18_736888	chr18	736888.0	736888.0	0.0	tail_pattern_1	True	0.08095	YES1	1	0.29668332576101775	PUS7	1	1	0.0	0.0		0.0	0.0		True	PRAISE_only	1.0	1.0
chr18_79307018-79307019	chr18	79307018.0	79307019.0	1.0	tail_pattern_1	True	0.522686	ATP9B	1	0.9141299409359382	TRUB1	1	1	0.0	0.0		0.0	0.0		True	PRAISE_only	1.0	1.0
chr18_80137375-80137376	chr18	80137375.0	80137376.0	1.0	tail_pattern_1	True	0.094237	ADNP2	1	0.4202635165833712	TRUB1	1	1	0.0	0.0		1.0	0.0	+	True	PRAISE+ELAP_cross_chemistry	2.0	2.0
chr18_9281517-9281518	chr18	9281517.0	9281518.0	1.0	tail_pattern_1	True	0.633772	ANKRD12	1	0.9413902771467515	TRUB1	1	1	0.0	0.0		0.0	0.0		True	PRAISE_only	1.0	1.0
chr18_9401339-9401340	chr18	9401339.0	9401340.0	1.0	tail_pattern_1	True	0.605003	TWSG1	1	0.935029532030895	TRUB1	1	1	1.0	0.0	+	1.0	0.0	+	True	PRAISE+BID+ELAP	3.0	2.0
chr18_9570515-9570513	chr18	9570513.0	9570515.0	1.0	tail_pattern_1	True	0.123077	PPP4R1	1	0.5783734666060881		0	0	0.0	0.0		0.0	0.0		True	PRAISE_only	1.0	1.0
chr18_9593843-9593842	chr18	9593842.0	9593843.0	1.0	tail_pattern_1	True	0.0883505	PPP4R1	1	0.3680145388459791		0	0	0.0	0.0		0.0	0.0		True	PRAISE_only	1.0	1.0
chr19_1020866	chr19	1020866.0	1020866.0	0.0	tail_pattern_1	True	0.06143950000000001	TMEM259	1	0.09450249886415266		0	0	0.0	0.0		0.0	0.0		True	PRAISE_only	1.0	1.0
chr19_1021530-1021531	chr19	1021530.0	1021531.0	1.0	tail_pattern_1	True	0.22250550000000002	RNU6-2	1	0.7857791912766924	DKC1	1	1	0.0	0.0		0.0	0.0		True	PRAISE_only	1.0	1.0
chr19_1021552-1021553	chr19	1021552.0	1021553.0	1.0	tail_pattern_1	True	0.6179875	RNU6-2	1	0.9398000908677874		0	0	0.0	0.0		1.0	0.0	+	True	PRAISE+ELAP_cross_chemistry	2.0	2.0
chr19_1021561	chr19	1021561.0	1021561.0	0.0	tail_pattern_1	True	0.4805445	RNU6-2	1	0.9052703316674239		0	0	0.0	0.0		1.0	0.0	+	True	PRAISE+ELAP_cross_chemistry	2.0	2.0
chr19_1021606-1021607	chr19	1021606.0	1021607.0	1.0	tail_pattern_1	True	0.613916	RNU6-2	1	0.9375283961835529		0	0	0.0	0.0		0.0	0.0		True	PRAISE_only	1.0	1.0
chr19_10259085	chr19	10259085.0	10259085.0	0.0	tail_pattern_1	True	0.0907265	MRPL4	1	0.3880054520672422		0	0	0.0	0.0		0.0	0.0		True	PRAISE_only	1.0	1.0
chr19_10329024	chr19	10329024.0	10329024.0	0.0	tail_pattern_1	True	0.1769915	RAVER1	1	0.7310313493866424		0	0	0.0	0.0		0.0	0.0		True	PRAISE_only	1.0	1.0
chr19_10391186	chr19	10391186.0	10391186.0	0.0	tail_pattern_1	True	0.3096155	CDC37	1	0.8514311676510677		0	0	1.0	0.0	-	1.0	0.0	-	True	PRAISE+BID+ELAP	3.0	2.0
chr19_10685577-10685579	chr19	10685577.0	10685579.0	1.0	tail_pattern_1	True	0.098563	ILF3	1	0.45115856428895956	DKC1	1	1	0.0	0.0		1.0	0.0	+	True	PRAISE+ELAP_cross_chemistry	2.0	2.0
chr19_10831450-10831451	chr19	10831450.0	10831451.0	1.0	tail_pattern_1	True	0.08114450000000001	DNM2	1	0.2989550204452522	DKC1	1	1	0.0	0.0		0.0	0.0		True	PRAISE_only	1.0	1.0
chr19_10831526	chr19	10831526.0	10831526.0	0.0	tail_pattern_1	True	0.06455	DNM2	1	0.1258518855065879		0	0	0.0	0.0		0.0	0.0		True	PRAISE_only	1.0	1.0
chr19_1089904-1089902	chr19	1089902.0	1089904.0	1.0	tail_pattern_1	True	0.1619585	POLR2E	1	0.6983189459336665	DKC1	1	1	0.0	0.0		1.0	0.0	-	True	PRAISE+ELAP_cross_chemistry	2.0	2.0
chr19_1089957	chr19	1089957.0	1089957.0	0.0	tail_pattern_1	True	0.08452799999999999	POLR2E	1	0.3312130849613812		0	0	0.0	0.0		0.0	0.0		True	PRAISE_only	1.0	1.0
chr19_10919948-10919949	chr19	10919948.0	10919949.0	1.0	tail_pattern_1	True	0.20958100000000002	CARM1	1	0.7714675147660155	DKC1	1	1	0.0	0.0		1.0	0.0	+	True	PRAISE+ELAP_cross_chemistry	2.0	2.0
chr19_11436069	chr19	11436069.0	11436069.0	0.0	tail_pattern_1	True	0.06682	PRKCSH	1	0.15356656065424806	PUS7	1	1	0.0	0.0		1.0	0.0	+	True	PRAISE+ELAP_cross_chemistry	2.0	2.0
chr19_11447112-11447114	chr19	11447112.0	11447114.0	1.0	tail_pattern_1	True	0.081663	PRKCSH	1	0.3044070876874148		0	0	0.0	0.0		1.0	0.0	+	True	PRAISE+ELAP_cross_chemistry	2.0	2.0
chr19_1227681	chr19	1227681.0	1227681.0	0.0	tail_pattern_1	True	0.1124235	STK11	1	0.5329395729213994		0	0	0.0	0.0		0.0	0.0		True	PRAISE_only	1.0	1.0
chr19_12665513	chr19	12665513.0	12665513.0	0.0	tail_pattern_1	True	0.1018355	MAN2B1	1	0.4761472058155384	DKC1	1	1	0.0	0.0		0.0	0.0		True	PRAISE_only	1.0	1.0
chr19_12875754-12875753	chr19	12875753.0	12875754.0	1.0	tail_pattern_1	True	0.145225	DNASE2	1	0.6578827805542935		0	0	0.0	0.0		1.0	0.0	-	True	PRAISE+ELAP_cross_chemistry	2.0	2.0
chr19_12940843	chr19	12940843.0	12940843.0	0.0	tail_pattern_1	True	0.109184	CALR	1	0.5161290322580645	DKC1	1	1	0.0	0.0		1.0	0.0	+	True	PRAISE+ELAP_cross_chemistry	2.0	2.0
chr19_1395330	chr19	1395330.0	1395330.0	0.0	tail_pattern_1	True	0.1813585	NDUFS7	1	0.7405724670604271		0	0	0.0	0.0		0.0	0.0		True	PRAISE_only	1.0	1.0
chr19_14093186-14093184	chr19	14093184.0	14093186.0	1.0	tail_pattern_1	True	0.092207	PRKACA	1	0.400726942298955		0	0	0.0	0.0		0.0	0.0		True	PRAISE_only	1.0	1.0
chr19_1425894-1425896	chr19	1425894.0	1425896.0	1.0	tail_pattern_1	True	0.08583650000000001	DAZAP1	1	0.3434802362562472	DKC1	1	1	0.0	0.0		0.0	0.0		True	PRAISE_only	1.0	1.0
chr19_1434892-1434893	chr19	1434892.0	1434893.0	1.0	tail_pattern_1	True	0.095336	DAZAP1	1	0.42935029532030894	TRUB1	1	1	1.0	0.0	+	1.0	0.0	+	True	PRAISE+BID+ELAP	3.0	2.0
chr19_1435641-1435643	chr19	1435641.0	1435643.0	1.0	tail_pattern_1	True	0.3638725	DAZAP1	1	0.8686960472512494	TRUB1	1	1	1.0	0.0	+	1.0	0.0	+	True	PRAISE+BID+ELAP	3.0	2.0
chr19_14478487-14478485	chr19	14478485.0	14478487.0	1.0	tail_pattern_1	True	0.1398045	GIPC1	1	0.6415265788278055		0	0	0.0	0.0		0.0	0.0		True	PRAISE_only	1.0	1.0
chr19_15160440-15160439	chr19	15160439.0	15160440.0	1.0	tail_pattern_1	True	0.1103145	NOTCH3	1	0.5238527941844616		0	0	0.0	0.0		0.0	0.0		True	PRAISE_only	1.0	1.0
chr19_15427120-15427119	chr19	15427119.0	15427120.0	1.0	tail_pattern_1	True	0.0511555	WIZ	1	0.0009086778736937755		0	0	0.0	0.0		0.0	0.0		True	PRAISE_only	1.0	1.0
chr19_16102621-16102622	chr19	16102621.0	16102622.0	1.0	tail_pattern_1	True	0.083762	TPM4	1	0.323943661971831		0	0	0.0	0.0		0.0	0.0		True	PRAISE_only	1.0	1.0
chr19_1611406-1611405	chr19	1611405.0	1611406.0	1.0	tail_pattern_1	True	0.07574449999999999	TCF3	1	0.2489777373920945		0	0	0.0	0.0		0.0	0.0		True	PRAISE_only	1.0	1.0
chr19_16646983	chr19	16646983.0	16646983.0	0.0	tail_pattern_1	True	0.13274550000000002	SMIM7	1	0.615629259427533		0	0	0.0	0.0		0.0	0.0		True	PRAISE_only	1.0	1.0
chr19_17245472	chr19	17245472.0	17245472.0	0.0	tail_pattern_1	True	0.10974300000000001	NR2F6	1	0.5197637437528396	PUS7	1	1	0.0	0.0		0.0	0.0		True	PRAISE_only	1.0	1.0
chr19_17862095	chr19	17862095.0	17862095.0	0.0	tail_pattern_1	True	0.1282725	RPL18A	1	0.5988187187641981	PUS1	1	1	0.0	0.0		1.0	0.0	+	True	PRAISE+ELAP_cross_chemistry	2.0	2.0
chr19_17974223-17974226	chr19	17974223.0	17974226.0	1.0	tail_pattern_1	True	0.503759	KCNN1	1	0.9091322126306225		0	0	0.0	0.0		0.0	0.0		True	PRAISE_only	1.0	1.0
chr19_18539437	chr19	18539437.0	18539437.0	0.0	tail_pattern_1	True	0.0817655	FKBP8	1	0.3057701044979555		0	0	0.0	0.0		1.0	0.0	-	True	PRAISE+ELAP_cross_chemistry	2.0	2.0
chr19_18571889-18571890	chr19	18571889.0	18571890.0	1.0	tail_pattern_1	True	0.093877	UBA52	1	0.41799182189913675		0	0	0.0	0.0		1.0	0.0	+	True	PRAISE+ELAP_cross_chemistry	2.0	2.0
chr19_1881594	chr19	1881594.0	1881594.0	0.0	tail_pattern_1	True	0.1903845	ABHD17A	1	0.7523852794184461	PUS7	1	1	1.0	0.0	-	1.0	0.0	-	True	PRAISE+BID+ELAP	3.0	2.0
chr19_18856296	chr19	18856296.0	18856296.0	0.0	tail_pattern_1	True	0.06470999999999999	UPF1	1	0.1263062244434348		0	0	0.0	0.0		1.0	0.0	+	True	PRAISE+ELAP_cross_chemistry	2.0	2.0
chr19_18867744-18867747	chr19	18867744.0	18867747.0	1.0	tail_pattern_1	True	0.060062000000000004	UPF1	1	0.07950931394820536	PUS7	1	1	0.0	0.0		0.0	0.0		True	PRAISE_only	1.0	1.0
chr19_19004477-19004475	chr19	19004475.0	19004477.0	1.0	tail_pattern_1	True	0.07159399999999999	SUGP2	1	0.20990458882326216	DKC1	1	1	0.0	0.0		0.0	0.0		True	PRAISE_only	1.0	1.0
chr19_19654558	chr19	19654558.0	19654558.0	0.0	tail_pattern_1	True	0.08260200000000001	ATP13A1	1	0.311676510676965		0	0	0.0	0.0		0.0	0.0		True	PRAISE_only	1.0	1.0
chr19_19654662	chr19	19654662.0	19654662.0	0.0	tail_pattern_1	True	0.29712950000000005	ATP13A1	1	0.8441617446615175	PUS7	1	1	1.0	0.0	-	0.0	0.0		True	PRAISE+BID_same_family	2.0	1.0
chr19_1980907-1980908	chr19	1980907.0	1980908.0	1.0	tail_pattern_1	True	0.1341795	CSNK1G2	1	0.6215356656065425		0	0	0.0	0.0		1.0	0.0	+	True	PRAISE+ELAP_cross_chemistry	2.0	2.0
chr19_1993175-1993173	chr19	1993173.0	1993175.0	1.0	tail_pattern_1	True	0.0557815	BTBD2	1	0.029986369831894594		0	0	0.0	0.0		1.0	0.0	-	True	PRAISE+ELAP_cross_chemistry	2.0	2.0
chr19_2015373-2015372	chr19	2015372.0	2015373.0	1.0	tail_pattern_1	True	0.102135	BTBD2	1	0.4784189004997728		0	0	0.0	0.0		1.0	0.0	-	True	PRAISE+ELAP_cross_chemistry	2.0	2.0
chr19_2244590	chr19	2244590.0	2244590.0	0.0	tail_pattern_1	True	0.0684875	SF3A2	1	0.17310313493866425		0	0	0.0	0.0		0.0	0.0		True	PRAISE_only	1.0	1.0
chr19_2271393	chr19	2271393.0	2271393.0	0.0	tail_pattern_1	True	0.11124049999999999	OAZ1	1	0.530213539300318	DKC1	1	1	0.0	0.0		1.0	0.0	+	True	PRAISE+ELAP_cross_chemistry	2.0	2.0
chr19_2273370-2273372	chr19	2273370.0	2273372.0	1.0	tail_pattern_1	True	0.058908999999999996	OAZ1	1	0.06406179009541117		0	0	0.0	0.0		1.0	0.0	+	True	PRAISE+ELAP_cross_chemistry	2.0	2.0
chr19_2337531	chr19	2337531.0	2337531.0	0.0	tail_pattern_1	True	0.3434955	SPPL2B	1	0.8618809631985461		0	0	1.0	0.0	+	1.0	0.0	+	True	PRAISE+BID+ELAP	3.0	2.0
chr19_23827393	chr19	23827393.0	23827393.0	0.0	tail_pattern_1	True	0.1197815	RPSAP58	1	0.5674693321217629	DKC1	1	1	1.0	0.0	+	0.0	0.0		True	PRAISE+BID_same_family	2.0	1.0
chr19_23827790-23827791	chr19	23827790.0	23827791.0	1.0	tail_pattern_1	True	0.1391755	RPSAP58	1	0.6383462062698774		0	0	1.0	0.0	+	1.0	0.0	+	True	PRAISE+BID+ELAP	3.0	2.0
chr19_2514817	chr19	2514817.0	2514817.0	0.0	tail_pattern_1	True	0.36748000000000003	GNG7	1	0.8718764198091776	PUS7	1	1	0.0	0.0		0.0	0.0		True	PRAISE_only	1.0	1.0
chr19_3055698-3055696	chr19	3055696.0	3055698.0	1.0	tail_pattern_1	True	0.13488150000000002	TLE5	1	0.6238073602907769		0	0	0.0	0.0		1.0	0.0	-	True	PRAISE+ELAP_cross_chemistry	2.0	2.0
chr19_3122603	chr19	3122603.0	3122603.0	0.0	tail_pattern_1	True	0.0754865	GNA11	1	0.24716038164470694		0	0	0.0	0.0		0.0	0.0		True	PRAISE_only	1.0	1.0
chr19_3193341-3193343	chr19	3193341.0	3193343.0	1.0	tail_pattern_1	True	0.058264	NCLN	1	0.05679236710586097		0	0	0.0	0.0		1.0	0.0	+	True	PRAISE+ELAP_cross_chemistry	2.0	2.0
chr19_33207551	chr19	33207551.0	33207551.0	0.0	tail_pattern_1	True	0.083463	LRP3	1	0.31894593366651525	DKC1	1	1	0.0	0.0		0.0	0.0		True	PRAISE_only	1.0	1.0
chr19_33463016	chr19	33463016.0	33463016.0	0.0	tail_pattern_1	True	0.089129	PEPD	1	0.37482962289868244		0	0	0.0	0.0		0.0	0.0		True	PRAISE_only	1.0	1.0
chr19_33500945	chr19	33500945.0	33500945.0	0.0	tail_pattern_1	True	0.1337715	PEPD	1	0.6188096319854611		0	0	0.0	0.0		0.0	0.0		True	PRAISE_only	1.0	1.0
chr19_34194478-34194479	chr19	34194478.0	34194479.0	1.0	tail_pattern_1	True	0.933306	LSM14A	1	0.9913675601999091	TRUB1	1	1	0.0	0.0		1.0	0.0	+	True	PRAISE+ELAP_cross_chemistry	2.0	2.0
chr19_3491009-3491008	chr19	3491008.0	3491009.0	1.0	tail_pattern_1	True	0.11089750000000001	DOHH	1	0.5270331667423899		0	0	0.0	0.0		0.0	0.0		True	PRAISE_only	1.0	1.0
chr19_35279516	chr19	35279516.0	35279516.0	0.0	tail_pattern_1	True	0.268134	USF2	1	0.8250795093139482	PUS7	1	1	1.0	0.0	+	1.0	0.0	+	True	PRAISE+BID+ELAP	3.0	2.0
chr19_3547357	chr19	3547357.0	3547357.0	0.0	tail_pattern_1	True	0.09082499999999999	MFSD12	1	0.38845979100408906		0	0	0.0	0.0		0.0	0.0		True	PRAISE_only	1.0	1.0
chr19_36143121	chr19	36143121.0	36143121.0	0.0	tail_pattern_1	True	0.1111405	CAPNS1	1	0.5293048614266243		0	0	0.0	0.0		0.0	0.0		True	PRAISE_only	1.0	1.0
chr19_36145830-36145832	chr19	36145830.0	36145832.0	1.0	tail_pattern_1	True	0.098114	CAPNS1	1	0.44752385279418444		0	0	0.0	0.0		1.0	0.0	+	True	PRAISE+ELAP_cross_chemistry	2.0	2.0
chr19_36145991-36145992	chr19	36145991.0	36145992.0	1.0	tail_pattern_1	True	0.0571405	CAPNS1	1	0.039527487505679235		0	0	0.0	0.0		1.0	0.0	+	True	PRAISE+ELAP_cross_chemistry	2.0	2.0
chr19_3762805	chr19	3762805.0	3762805.0	0.0	tail_pattern_1	True	0.09299950000000001	MRPL54	1	0.40981372103589275		0	0	0.0	0.0		0.0	0.0		True	PRAISE_only	1.0	1.0
chr19_38383622	chr19	38383622.0	38383622.0	0.0	tail_pattern_1	True	0.0868915	PSMD8	1	0.35393003180372556	DKC1	1	1	1.0	0.0	+	1.0	0.0	+	True	PRAISE+BID+ELAP	3.0	2.0
chr19_39433234-39433230	chr19	39433230.0	39433234.0	1.0	tail_pattern_1	True	0.08814949999999999	RPS16	1	0.3671058609722853	DKC1	1	1	1.0	0.0	-	1.0	0.0	-	True	PRAISE+BID+ELAP	3.0	2.0
chr19_39485790-39485791	chr19	39485790.0	39485791.0	1.0	tail_pattern_1	True	0.2553925	TIMM50	1	0.8173557473875511		0	0	0.0	0.0		1.0	0.0	+	True	PRAISE+ELAP_cross_chemistry	2.0	2.0
chr19_40366654	chr19	40366654.0	40366654.0	0.0	tail_pattern_1	True	0.151571	PLD3	1	0.6737846433439346	DKC1	1	1	0.0	0.0		1.0	0.0	+	True	PRAISE+ELAP_cross_chemistry	2.0	2.0
chr19_40377821	chr19	40377821.0	40377821.0	0.0	tail_pattern_1	True	0.0848425	PLD3	1	0.3339391185824625	DKC1	1	1	0.0	0.0		1.0	0.0	+	True	PRAISE+ELAP_cross_chemistry	2.0	2.0
chr19_40377866	chr19	40377866.0	40377866.0	0.0	tail_pattern_1	True	0.1397715	PLD3	1	0.6410722398909586	DKC1	1	1	0.0	0.0		1.0	0.0	+	True	PRAISE+ELAP_cross_chemistry	2.0	2.0
chr19_40378040	chr19	40378040.0	40378040.0	0.0	tail_pattern_1	True	0.39232350000000005	PLD3	1	0.882780554293503		0	0	1.0	0.0	+	1.0	0.0	+	True	PRAISE+BID+ELAP	3.0	2.0
chr19_40396319-40396318	chr19	40396318.0	40396319.0	1.0	tail_pattern_1	True	1.0	PRX	1	0.9995456610631531	TRUB1	1	1	0.0	0.0		0.0	0.0		True	PRAISE_only	1.0	1.0
chr19_40588681-40588683	chr19	40588681.0	40588683.0	1.0	tail_pattern_1	True	0.078045	SHKBP1	1	0.27305770104497956		0	0	0.0	0.0		0.0	0.0		True	PRAISE_only	1.0	1.0
chr19_40629729	chr19	40629729.0	40629729.0	0.0	tail_pattern_1	True	0.4242875	LTBP4	1	0.8905043162199		0	0	1.0	0.0	+	0.0	0.0		True	PRAISE+BID_same_family	2.0	1.0
chr19_40742702-40742701	chr19	40742701.0	40742702.0	1.0	tail_pattern_1	True	0.328416	C19orf54	1	0.8568832348932304	TRUB1	1	1	1.0	0.0	-	1.0	0.0	-	True	PRAISE+BID+ELAP	3.0	2.0
chr19_41348392	chr19	41348392.0	41348392.0	0.0	tail_pattern_1	True	0.161798	TGFB1	1	0.6978646069968196	DKC1	1	1	0.0	0.0		0.0	0.0		True	PRAISE_only	1.0	1.0
chr19_41431527	chr19	41431527.0	41431527.0	0.0	tail_pattern_1	True	0.1543295	DMAC2	1	0.6796910495229441		0	0	0.0	0.0		0.0	0.0		True	PRAISE_only	1.0	1.0
chr19_41431931-41431930	chr19	41431930.0	41431931.0	1.0	tail_pattern_1	True	0.0921315	DMAC2	1	0.39981826442526125		0	0	0.0	0.0		1.0	0.0	-	True	PRAISE+ELAP_cross_chemistry	2.0	2.0
chr19_42370219-42370221	chr19	42370219.0	42370221.0	1.0	tail_pattern_1	True	0.128019	MEGF8	1	0.5974557019536574	DKC1	1	1	0.0	0.0		0.0	0.0		True	PRAISE_only	1.0	1.0
chr19_4306237-4306238	chr19	4306237.0	4306238.0	1.0	tail_pattern_1	True	0.6686125	FSD1	1	0.9468423443889141	TRUB1	1	1	1.0	0.0	+	1.0	0.0	+	True	PRAISE+BID+ELAP	3.0	2.0
chr19_43732995-43732994	chr19	43732994.0	43732995.0	1.0	tail_pattern_1	True	0.23160150000000002	SMG9	1	0.793275783734666	TRUB1	1	1	0.0	0.0		1.0	0.0	-	True	PRAISE+ELAP_cross_chemistry	2.0	2.0
chr19_44812269	chr19	44812269.0	44812269.0	0.0	tail_pattern_1	True	0.17687049999999999	BCAM	1	0.7305770104497955	DKC1	1	1	0.0	0.0		0.0	0.0		True	PRAISE_only	1.0	1.0
chr19_44991352	chr19	44991352.0	44991352.0	0.0	tail_pattern_1	True	0.0521065	CLPTM1	1	0.00408905043162199		0	0	0.0	0.0		0.0	0.0		True	PRAISE_only	1.0	1.0
chr19_45361633	chr19	45361633.0	45361633.0	0.0	tail_pattern_1	True	0.087234	ERCC2	1	0.3575647432985007		0	0	0.0	0.0		0.0	0.0		True	PRAISE_only	1.0	1.0
chr19_45682657-45682658	chr19	45682657.0	45682658.0	1.0	tail_pattern_1	True	0.8833335	GIPR	1	0.9791004089050431	TRUB1	1	1	0.0	0.0		0.0	0.0		True	PRAISE_only	1.0	1.0
chr19_46470415-46470414	chr19	46470414.0	46470415.0	1.0	tail_pattern_1	True	0.30391250000000003	PNMA8A	1	0.8473421172194457		0	0	1.0	0.0	-	0.0	0.0		True	PRAISE+BID_same_family	2.0	1.0
chr19_46838224	chr19	46838224.0	46838224.0	0.0	tail_pattern_1	True	0.061023499999999994	AP2S1	1	0.08905043162199		0	0	0.0	0.0		0.0	0.0		True	PRAISE_only	1.0	1.0
chr19_46838230-46838229	chr19	46838229.0	46838230.0	1.0	tail_pattern_1	True	0.151638	AP2S1	1	0.6742389822807815		0	0	0.0	0.0		1.0	0.0	-	True	PRAISE+ELAP_cross_chemistry	2.0	2.0
chr19_47419411-47419410	chr19	47419410.0	47419411.0	1.0	tail_pattern_1	True	0.9574469999999999	MEIS3	1	0.995910949568378	TRUB1	1	1	0.0	0.0		1.0	0.0	-	True	PRAISE+ELAP_cross_chemistry	2.0	2.0
chr19_47492025	chr19	47492025.0	47492025.0	0.0	tail_pattern_1	True	0.1088885	NAPA	1	0.5138573375738301		0	0	0.0	0.0		0.0	0.0		True	PRAISE_only	1.0	1.0
chr19_48451226-48451227	chr19	48451226.0	48451227.0	1.0	tail_pattern_1	True	0.292192	GRWD1	1	0.8396183552930486	TRUB1	1	1	1.0	0.0	+	1.0	0.0	+	True	PRAISE+BID+ELAP	3.0	2.0
chr19_48615358	chr19	48615358.0	48615358.0	0.0	tail_pattern_1	True	0.224049	RPL18	1	0.7869150386188096		0	0	0.0	0.0		1.0	0.0	-	True	PRAISE+ELAP_cross_chemistry	2.0	2.0
chr19_48961014-48961015	chr19	48961014.0	48961015.0	1.0	tail_pattern_1	True	0.37943950000000004	BAX	1	0.8777828259881872		0	0	0.0	0.0		1.0	0.0	+	True	PRAISE+ELAP_cross_chemistry	2.0	2.0
chr19_48968732-48968731	chr19	48968731.0	48968732.0	1.0	tail_pattern_1	True	0.053944	GYS1	1	0.014538845979100408		0	0	0.0	0.0		0.0	0.0		True	PRAISE_only	1.0	1.0
chr19_49015885-49015886	chr19	49015885.0	49015886.0	1.0	tail_pattern_1	True	0.087938	RUVBL2	1	0.36347114947751025		0	0	0.0	0.0		1.0	0.0	+	True	PRAISE+ELAP_cross_chemistry	2.0	2.0
chr19_49489914	chr19	49489914.0	49489914.0	0.0	tail_pattern_1	True	0.061785	RPL13A	1	0.09768287142208087		0	0	0.0	0.0		1.0	0.0	+	True	PRAISE+ELAP_cross_chemistry	2.0	2.0
chr19_49491456-49491457	chr19	49491456.0	49491457.0	1.0	tail_pattern_1	True	0.189149	RPL13A	1	0.7505679236710586	DKC1	1	1	0.0	0.0		1.0	0.0	+	True	PRAISE+ELAP_cross_chemistry	2.0	2.0
chr19_49499676-49499679	chr19	49499676.0	49499679.0	1.0	tail_pattern_1	True	0.0683915	RPS11	1	0.1717401181281236		0	0	0.0	0.0		0.0	0.0		True	PRAISE_only	1.0	1.0
chr19_4961364-4961365	chr19	4961364.0	4961365.0	1.0	tail_pattern_1	True	0.7619255	UHRF1	1	0.959563834620627	TRUB1	1	1	1.0	0.0	+	0.0	0.0		True	PRAISE+BID_same_family	2.0	1.0
chr19_49654780-49654781	chr19	49654780.0	49654781.0	1.0	tail_pattern_1	True	0.5192144999999999	SCAF1	1	0.9118582462517038	TRUB1	1	1	1.0	0.0	+	1.0	0.0	+	True	PRAISE+BID+ELAP	3.0	2.0
chr19_49855039	chr19	49855039.0	49855039.0	0.0	tail_pattern_1	True	0.086811	PTOV1	1	0.35256701499318494	DKC1	1	1	0.0	0.0		0.0	0.0		True	PRAISE_only	1.0	1.0
chr19_49869644-49869643	chr19	49869643.0	49869644.0	1.0	tail_pattern_1	True	0.6737415	AKT1S1	1	0.9477510222626079	TRUB1	1	1	1.0	0.0	-	1.0	0.0	-	True	PRAISE+BID+ELAP	3.0	2.0
chr19_49876077-49876076	chr19	49876076.0	49876077.0	1.0	tail_pattern_1	True	0.9409719999999999	AKT1S1	1	0.9936392548841436	TRUB1	1	1	0.0	0.0		0.0	0.0		True	PRAISE_only	1.0	1.0
chr19_52220238-52220239	chr19	52220238.0	52220239.0	1.0	tail_pattern_1	True	0.1212115	PPP2R1A	1	0.5733757383007724		0	0	0.0	0.0		0.0	0.0		True	PRAISE_only	1.0	1.0
chr19_54201242-54201243	chr19	54201242.0	54201243.0	1.0	tail_pattern_1	True	0.0522125	RPS9	1	0.004997728305315766		0	0	0.0	0.0		1.0	0.0	+	True	PRAISE+ELAP_cross_chemistry	2.0	2.0
chr19_55112788-55112787	chr19	55112787.0	55112788.0	1.0	tail_pattern_1	True	0.0759795	PPP1R12C	1	0.2503407542026352		0	0	0.0	0.0		1.0	0.0	-	True	PRAISE+ELAP_cross_chemistry	2.0	2.0
chr19_55230124	chr19	55230124.0	55230124.0	0.0	tail_pattern_1	True	0.071776	PPP6R1	1	0.21172194457064972		0	0	0.0	0.0		0.0	0.0		True	PRAISE_only	1.0	1.0
chr19_55239451-55239450	chr19	55239450.0	55239451.0	1.0	tail_pattern_1	True	0.0871795	PPP6R1	1	0.35529304861426625	DKC1	1	1	0.0	0.0		1.0	0.0	-	True	PRAISE+ELAP_cross_chemistry	2.0	2.0
chr19_55262614	chr19	55262614.0	55262614.0	0.0	tail_pattern_1	True	0.1917855	HSPBP1	1	0.7542026351658337		0	0	1.0	0.0	-	0.0	0.0		True	PRAISE+BID_same_family	2.0	1.0
chr19_55391254-55391255	chr19	55391254.0	55391255.0	1.0	tail_pattern_1	True	0.5191575	RPL28	1	0.9114039073148569	TRUB1	1	1	1.0	0.0	+	1.0	0.0	+	True	PRAISE+BID+ELAP	3.0	2.0
chr19_5641841	chr19	5641841.0	5641841.0	0.0	tail_pattern_1	True	0.066806	SAFB	1	0.1531122217174012	DKC1	1	1	0.0	0.0		0.0	0.0		True	PRAISE_only	1.0	1.0
chr19_6364500	chr19	6364500.0	6364500.0	0.0	tail_pattern_1	True	0.0768965	CLPP	1	0.2603362108132667	DKC1	1	1	0.0	0.0		1.0	0.0	+	True	PRAISE+ELAP_cross_chemistry	2.0	2.0
chr19_6368667	chr19	6368667.0	6368667.0	0.0	tail_pattern_1	True	0.08634700000000001	CLPP	1	0.34802362562471606	PUS7	1	1	1.0	0.0	+	1.0	0.0	+	True	PRAISE+BID+ELAP	3.0	2.0
chr19_6417086	chr19	6417086.0	6417086.0	0.0	tail_pattern_1	True	0.0538305	KHSRP	1	0.013175829168559746		0	0	0.0	0.0		0.0	0.0		True	PRAISE_only	1.0	1.0
chr19_6456440	chr19	6456440.0	6456440.0	0.0	tail_pattern_1	True	0.1948925	SLC25A23	1	0.7587460245343026		0	0	1.0	0.0	-	0.0	0.0		True	PRAISE+BID_same_family	2.0	1.0
chr19_7519307	chr19	7519307.0	7519307.0	0.0	tail_pattern_1	True	0.12991750000000002	ZNF358	1	0.6042707860063607	DKC1	1	1	0.0	0.0		0.0	0.0		True	PRAISE_only	1.0	1.0
chr19_811804	chr19	811804.0	811804.0	0.0	tail_pattern_1	True	0.056931999999999996	PTBP1	1	0.03680145388459791		0	0	0.0	0.0		1.0	0.0	+	True	PRAISE+ELAP_cross_chemistry	2.0	2.0
chr19_8489038	chr19	8489038.0	8489038.0	0.0	tail_pattern_1	True	0.0622725	HNRNPM	1	0.10086324398000909		0	0	0.0	0.0		0.0	0.0		True	PRAISE_only	1.0	1.0
chr19_881574-881573	chr19	881573.0	881574.0	1.0	tail_pattern_1	True	0.4415605	MED16	1	0.8939118582462517		0	0	1.0	0.0	-	1.0	0.0	-	True	PRAISE+BID+ELAP	3.0	2.0
chr19_893492-893493	chr19	893492.0	893493.0	1.0	tail_pattern_1	True	0.22250550000000002	RNU6-9	1	0.7857791912766924	DKC1	1	1	0.0	0.0		0.0	0.0		True	PRAISE_only	1.0	1.0
chr19_893514-893515	chr19	893514.0	893515.0	1.0	tail_pattern_1	True	0.6179875	RNU6-9	1	0.9398000908677874		0	0	0.0	0.0		1.0	0.0	+	True	PRAISE+ELAP_cross_chemistry	2.0	2.0
chr19_893523	chr19	893523.0	893523.0	0.0	tail_pattern_1	True	0.4805445	RNU6-9	1	0.9052703316674239		0	0	0.0	0.0		0.0	0.0		True	PRAISE_only	1.0	1.0
chr19_893568-893569	chr19	893568.0	893569.0	1.0	tail_pattern_1	True	0.613916	RNU6-9	1	0.9375283961835529		0	0	0.0	0.0		0.0	0.0		True	PRAISE_only	1.0	1.0
chr19_9161019-9161020	chr19	9161019.0	9161020.0	1.0	tail_pattern_1	True	0.46628800000000004	ZNF317	1	0.9004997728305316	TRUB1	1	1	0.0	0.0		0.0	0.0		True	PRAISE_only	1.0	1.0
chr19_9412827-9412826	chr19	9412826.0	9412827.0	1.0	tail_pattern_1	True	0.3476745	ZNF266	1	0.8632439800090868	TRUB1	1	1	0.0	0.0		1.0	0.0	-	True	PRAISE+ELAP_cross_chemistry	2.0	2.0
chr19_990305	chr19	990305.0	990305.0	0.0	tail_pattern_1	True	0.2197835	WDR18	1	0.7828259881871876	DKC1	1	1	1.0	0.0	+	1.0	0.0	+	True	PRAISE+BID+ELAP	3.0	2.0
chr19_994499	chr19	994499.0	994499.0	0.0	tail_pattern_1	True	0.062333	WDR18	1	0.10222626079054975		0	0	0.0	0.0		0.0	0.0		True	PRAISE_only	1.0	1.0
chr19_GL383574v1_alt_42219-42220	chr19_GL383574v1_alt	42219.0	42220.0	1.0	tail_pattern_1	True	0.65625	LSM14A	1	0.9441163107678328	TRUB1	1	1	0.0	0.0		0.0	0.0		True	PRAISE_only	1.0	1.0
chr19_KI270866v1_alt_17885-17887	chr19_KI270866v1_alt	17885.0	17887.0	1.0	tail_pattern_1	True	0.0992185	GPI	1	0.453430258973194	DKC1	1	1	0.0	0.0		0.0	0.0		True	PRAISE_only	1.0	1.0
chr19_KI270868v1_alt_48101-48100	chr19_KI270868v1_alt	48100.0	48101.0	1.0	tail_pattern_1	True	0.4415605	MED16	1	0.8939118582462517	TRUB1	1	1	0.0	0.0		0.0	0.0		True	PRAISE_only	1.0	1.0
chr19_KI270938v1_alt_176224-176225	chr19_KI270938v1_alt	176224.0	176225.0	1.0	tail_pattern_1	True	0.052226499999999995	RPS9	1	0.005452067242162653		0	0	0.0	0.0		0.0	0.0		True	PRAISE_only	1.0	1.0
chr19_KQ458386v1_fix_247278-247277	chr19_KQ458386v1_fix	247277.0	247278.0	1.0	tail_pattern_1	True	0.059472	HNRNPL	1	0.07178555202180827		0	0	0.0	0.0		0.0	0.0		True	PRAISE_only	1.0	1.0
chr19_KQ458386v1_fix_255355-255352	chr19_KQ458386v1_fix	255352.0	255355.0	1.0	tail_pattern_1	True	0.1663895	HNRNPL	1	0.7092230804179919	DKC1	1	1	0.0	0.0		0.0	0.0		True	PRAISE_only	1.0	1.0
chr19_KQ458386v1_fix_42111-42113	chr19_KQ458386v1_fix	42111.0	42113.0	1.0	tail_pattern_1	True	0.08905450000000001	EIF3K	1	0.3743752839618355		0	0	0.0	0.0		0.0	0.0		True	PRAISE_only	1.0	1.0
chr19_KQ458386v1_fix_44646	chr19_KQ458386v1_fix	44646.0	44646.0	0.0	tail_pattern_1	True	0.057946	EIF3K	1	0.051794638800545204		0	0	0.0	0.0		0.0	0.0		True	PRAISE_only	1.0	1.0
chr19_ML143376v1_fix_305345-305343	chr19_ML143376v1_fix	305343.0	305345.0	1.0	tail_pattern_1	True	0.101771	PRKACA	1	0.4756928668786915		0	0	0.0	0.0		0.0	0.0		True	PRAISE_only	1.0	1.0
chr1_100193158-100193157	chr1	100193157.0	100193158.0	1.0	tail_pattern_1	True	0.655678	DBT	1	0.9436619718309859	TRUB1	1	1	0.0	0.0		0.0	0.0		True	PRAISE_only	1.0	1.0
chr1_10130795-10130796	chr1	10130795.0	10130796.0	1.0	tail_pattern_1	True	0.07716	UBE4B	1	0.26351658337119493		0	0	0.0	0.0		0.0	0.0		True	PRAISE_only	1.0	1.0
chr1_10403085	chr1	10403085.0	10403085.0	0.0	tail_pattern_1	True	0.1008395	PGD	1	0.4688777828259882	DKC1	1	1	0.0	0.0		1.0	0.0	+	True	PRAISE+ELAP_cross_chemistry	2.0	2.0
chr1_10413090	chr1	10413090.0	10413090.0	0.0	tail_pattern_1	True	0.2387865	PGD	1	0.80145388459791		0	0	1.0	0.0	+	0.0	0.0		True	PRAISE+BID_same_family	2.0	1.0
chr1_10413123-10413124	chr1	10413123.0	10413124.0	1.0	tail_pattern_1	True	0.0742535	PGD	1	0.23489323034984097		0	0	0.0	0.0		1.0	0.0	+	True	PRAISE+ELAP_cross_chemistry	2.0	2.0
chr1_10417451	chr1	10417451.0	10417451.0	0.0	tail_pattern_1	True	0.22146549999999998	PGD	1	0.7846433439345752		0	0	0.0	0.0		1.0	0.0	+	True	PRAISE+ELAP_cross_chemistry	2.0	2.0
chr1_10431371-10431372	chr1	10431371.0	10431372.0	1.0	tail_pattern_1	True	0.853793	CENPS-CORT	1	0.9736483416628805	TRUB1	1	1	0.0	0.0		1.0	0.0	+	True	PRAISE+ELAP_cross_chemistry	2.0	2.0
chr1_1051519-1051521	chr1	1051519.0	1051521.0	1.0	tail_pattern_1	True	0.326041	AGRN	1	0.8559745570195366	PUS1	1	1	1.0	0.0	+	0.0	0.0		True	PRAISE+BID_same_family	2.0	1.0
chr1_1082419-1082418	chr1	1082418.0	1082419.0	1.0	tail_pattern_1	True	0.6873985	C1orf159	1	0.9491140390731486	TRUB1	1	1	1.0	0.0	-	0.0	0.0		True	PRAISE+BID_same_family	2.0	1.0
chr1_109342074-109342073	chr1	109342073.0	109342074.0	1.0	tail_pattern_1	True	0.535701	SORT1	1	0.9177646524307133	TRUB1	1	1	1.0	0.0	-	1.0	0.0	-	True	PRAISE+BID+ELAP	3.0	2.0
chr1_109574017-109574019	chr1	109574017.0	109574019.0	1.0	tail_pattern_1	True	0.0597745	GNAI3	1	0.07542026351658337		0	0	0.0	0.0		1.0	0.0	+	True	PRAISE+ELAP_cross_chemistry	2.0	2.0
chr1_109668470	chr1	109668470.0	109668470.0	0.0	tail_pattern_1	True	0.068937	GSTM2	1	0.17810086324398		0	0	0.0	0.0		0.0	0.0		True	PRAISE_only	1.0	1.0
chr1_109669559	chr1	109669559.0	109669559.0	0.0	tail_pattern_1	True	0.084071	GSTM2	1	0.3271240345297592		0	0	0.0	0.0		0.0	0.0		True	PRAISE_only	1.0	1.0
chr1_109740281	chr1	109740281.0	109740281.0	0.0	tail_pattern_1	True	0.093254	GSTM3	1	0.4116310767832803		0	0	0.0	0.0		1.0	0.0	-	True	PRAISE+ELAP_cross_chemistry	2.0	2.0
chr1_11127725-11127723	chr1	11127723.0	11127725.0	1.0	tail_pattern_1	True	0.179725	MTOR	1	0.7373920945024989	DKC1	1	1	0.0	0.0		1.0	0.0	-	True	PRAISE+ELAP_cross_chemistry	2.0	2.0
chr1_111459486-111459487	chr1	111459486.0	111459487.0	1.0	tail_pattern_1	True	0.107531	ATP5PB	1	0.5043162199000454	DKC1	1	1	0.0	0.0		1.0	0.0	+	True	PRAISE+ELAP_cross_chemistry	2.0	2.0
chr1_111704439	chr1	111704439.0	111704439.0	0.0	tail_pattern_1	True	0.08075099999999999	RAP1A	1	0.29532030895047706		0	0	0.0	0.0		0.0	0.0		True	PRAISE_only	1.0	1.0
chr1_11253911	chr1	11253911.0	11253911.0	0.0	tail_pattern_1	True	0.0707295	MTOR	1	0.19718309859154928	DKC1	1	1	0.0	0.0		0.0	0.0		True	PRAISE_only	1.0	1.0
chr1_112670062-112670063	chr1	112670062.0	112670063.0	1.0	tail_pattern_1	True	0.124337	CAPZA1	1	0.5847342117219446		0	0	0.0	0.0		1.0	0.0	+	True	PRAISE+ELAP_cross_chemistry	2.0	2.0
chr1_112710786-112710785	chr1	112710785.0	112710786.0	1.0	tail_pattern_1	True	0.771493	PPM1J	1	0.9604725124943208	TRUB1	1	1	0.0	0.0		0.0	0.0		True	PRAISE_only	1.0	1.0
chr1_116388188	chr1	116388188.0	116388188.0	0.0	tail_pattern_1	True	0.0718715	ATP1A1	1	0.21308496138119037		0	0	0.0	0.0		1.0	0.0	+	True	PRAISE+ELAP_cross_chemistry	2.0	2.0
chr1_116389662	chr1	116389662.0	116389662.0	0.0	tail_pattern_1	True	0.10862250000000001	ATP1A1	1	0.5115856428895956		0	0	0.0	0.0		1.0	0.0	+	True	PRAISE+ELAP_cross_chemistry	2.0	2.0
chr1_116389689-116389691	chr1	116389689.0	116389691.0	1.0	tail_pattern_1	True	0.0856635	ATP1A1	1	0.34120854157201275	DKC1	1	1	0.0	0.0		1.0	0.0	+	True	PRAISE+ELAP_cross_chemistry	2.0	2.0
chr1_116395202-116395204	chr1	116395202.0	116395204.0	1.0	tail_pattern_1	True	0.0947805	ATP1A1	1	0.42616992276238075	DKC1	1	1	0.0	0.0		1.0	0.0	+	True	PRAISE+ELAP_cross_chemistry	2.0	2.0
chr1_116398703-116398704	chr1	116398703.0	116398704.0	1.0	tail_pattern_1	True	0.1091645	ATP1A1	1	0.5156746933212176	DKC1	1	1	0.0	0.0		1.0	0.0	+	True	PRAISE+ELAP_cross_chemistry	2.0	2.0
chr1_116398759-116398761	chr1	116398759.0	116398761.0	1.0	tail_pattern_1	True	0.10388449999999999	ATP1A1	1	0.48614266242616994	DKC1	1	1	0.0	0.0		1.0	0.0	+	True	PRAISE+ELAP_cross_chemistry	2.0	2.0
chr1_11674734-11674732	chr1	11674732.0	11674734.0	1.0	tail_pattern_1	True	0.063351	MAD2L2	1	0.11222171740118128		0	0	0.0	0.0		1.0	0.0	-	True	PRAISE+ELAP_cross_chemistry	2.0	2.0
chr1_120005340	chr1	120005340.0	120005340.0	0.0	tail_pattern_1	True	0.1320555	NOTCH2	1	0.611540208995911		0	0	0.0	0.0		0.0	0.0		True	PRAISE_only	1.0	1.0
chr1_1254957	chr1	1254957.0	1254957.0	0.0	tail_pattern_1	True	0.1708055	UBE2J2	1	0.7201272149023171	PUS7	1	1	1.0	0.0	-	1.0	0.0	-	True	PRAISE+BID+ELAP	3.0	2.0
chr1_145103018	chr1	145103018.0	145103018.0	0.0	tail_pattern_1	True	0.079057	FAM72D	1	0.283507496592458	PUS7	1	1	0.0	0.0		0.0	0.0		True	PRAISE_only	1.0	1.0
chr1_145925222-145925221	chr1	145925221.0	145925222.0	1.0	tail_pattern_1	True	0.387829	RBM8A	1	0.8823262153566561		0	0	0.0	0.0		1.0	0.0	-	True	PRAISE+ELAP_cross_chemistry	2.0	2.0
chr1_1482573-1482574	chr1	1482573.0	1482574.0	1.0	tail_pattern_1	True	0.1050025	ATAD3B	1	0.493866424352567	DKC1	1	1	0.0	0.0		0.0	0.0		True	PRAISE_only	1.0	1.0
chr1_150294195	chr1	150294195.0	150294195.0	0.0	tail_pattern_1	True	0.1053825	MRPS21	1	0.4947751022262608	PUS7	1	1	0.0	0.0		0.0	0.0		True	PRAISE_only	1.0	1.0
chr1_150308284-150308287	chr1	150308284.0	150308287.0	1.0	tail_pattern_1	True	0.065705	MRPS21	1	0.13948205361199456		0	0	0.0	0.0		1.0	0.0	+	True	PRAISE+ELAP_cross_chemistry	2.0	2.0
chr1_150504393-150504394	chr1	150504393.0	150504394.0	1.0	tail_pattern_1	True	0.09571450000000001	TARS2	1	0.43207632894139025		0	0	0.0	0.0		0.0	0.0		True	PRAISE_only	1.0	1.0
chr1_150622412	chr1	150622412.0	150622412.0	0.0	tail_pattern_1	True	0.180707	ENSA	1	0.7396637891867333	PUS7	1	1	1.0	0.0	-	1.0	0.0	-	True	PRAISE+BID+ELAP	3.0	2.0
chr1_150625493	chr1	150625493.0	150625493.0	0.0	tail_pattern_1	True	0.060289999999999996	ENSA	1	0.08314402544298047	PUS7	1	1	0.0	0.0		0.0	0.0		True	PRAISE_only	1.0	1.0
chr1_150969078-150969077	chr1	150969077.0	150969078.0	1.0	tail_pattern_1	True	0.10429849999999999	CERS2	1	0.489777373920945		0	0	0.0	0.0		1.0	0.0	-	True	PRAISE+ELAP_cross_chemistry	2.0	2.0
chr1_151008502-151008503	chr1	151008502.0	151008503.0	1.0	tail_pattern_1	True	0.9336504999999999	PRUNE1	1	0.991821899136756	TRUB1	1	1	1.0	0.0	+	1.0	0.0	+	True	PRAISE+BID+ELAP	3.0	2.0
chr1_151265180	chr1	151265180.0	151265180.0	0.0	tail_pattern_1	True	0.06912299999999999	PSMD4	1	0.17991821899136756		0	0	0.0	0.0		1.0	0.0	+	True	PRAISE+ELAP_cross_chemistry	2.0	2.0
chr1_151424066	chr1	151424066.0	151424066.0	0.0	tail_pattern_1	True	0.090452	POGZ	1	0.3852794184461608	PUS7	1	1	0.0	0.0		0.0	0.0		True	PRAISE_only	1.0	1.0
chr1_1520576-1520577	chr1	1520576.0	1520577.0	1.0	tail_pattern_1	True	0.10186400000000001	ATAD3A	1	0.4770558836892322	DKC1	1	1	0.0	0.0		1.0	0.0	+	True	PRAISE+ELAP_cross_chemistry	2.0	2.0
chr1_153959729	chr1	153959729.0	153959729.0	0.0	tail_pattern_1	True	0.1554935	SLC39A1	1	0.6828714220808724		0	0	1.0	0.0	-	1.0	0.0	-	True	PRAISE+BID+ELAP	3.0	2.0
chr1_153991195-153991196	chr1	153991195.0	153991196.0	1.0	tail_pattern_1	True	0.0880225	RPS27	1	0.36619718309859156	DKC1	1	1	0.0	0.0		1.0	0.0	+	True	PRAISE+ELAP_cross_chemistry	2.0	2.0
chr1_154156735-154156733	chr1	154156733.0	154156735.0	1.0	tail_pattern_1	True	0.060414999999999996	TPM3	1	0.08405270331667423		0	0	0.0	0.0		1.0	0.0	-	True	PRAISE+ELAP_cross_chemistry	2.0	2.0
chr1_154596962-154596961	chr1	154596961.0	154596962.0	1.0	tail_pattern_1	True	0.0743875	ADAR	1	0.2371649250340754	DKC1	1	1	0.0	0.0		0.0	0.0		True	PRAISE_only	1.0	1.0
chr1_154962987	chr1	154962987.0	154962987.0	0.0	tail_pattern_1	True	0.12322050000000001	SHC1	1	0.5792821444797819		0	0	0.0	0.0		0.0	0.0		True	PRAISE_only	1.0	1.0
chr1_155015802-155015803	chr1	155015802.0	155015803.0	1.0	tail_pattern_1	True	0.4318515	ZBTB7B	1	0.8923216719672876	TRUB1	1	1	0.0	0.0		0.0	0.0		True	PRAISE_only	1.0	1.0
chr1_155057908-155057909	chr1	155057908.0	155057909.0	1.0	tail_pattern_1	True	0.330079	ADAM15	1	0.858246251703771		0	0	0.0	0.0		0.0	0.0		True	PRAISE_only	1.0	1.0
chr1_155058711	chr1	155058711.0	155058711.0	0.0	tail_pattern_1	True	0.08879300000000001	ADAM15	1	0.3730122671512949		0	0	0.0	0.0		0.0	0.0		True	PRAISE_only	1.0	1.0
chr1_155750067	chr1	155750067.0	155750067.0	0.0	tail_pattern_1	True	0.09263550000000001	MSTO2P	1	0.4052703316674239	DKC1	1	1	0.0	0.0		0.0	0.0		True	PRAISE_only	1.0	1.0
chr1_155911290-155911289	chr1	155911289.0	155911290.0	1.0	tail_pattern_1	True	0.3074835	RIT1	1	0.850068150840527	TRUB1	1	1	0.0	0.0		1.0	0.0	-	True	PRAISE+ELAP_cross_chemistry	2.0	2.0
chr1_156009266	chr1	156009266.0	156009266.0	0.0	tail_pattern_1	True	0.11630650000000001	SSR2	1	0.5524761472058155		0	0	0.0	0.0		1.0	0.0	-	True	PRAISE+ELAP_cross_chemistry	2.0	2.0
chr1_156035986	chr1	156035986.0	156035986.0	0.0	tail_pattern_1	True	0.161071	UBQLN4	1	0.6969559291231259		0	0	1.0	0.0	-	1.0	0.0	-	True	PRAISE+BID+ELAP	3.0	2.0
chr1_156232351-156232352	chr1	156232351.0	156232352.0	1.0	tail_pattern_1	True	0.110757	PMF1	1	0.5265788278055429	DKC1	1	1	0.0	0.0		1.0	0.0	+	True	PRAISE+ELAP_cross_chemistry	2.0	2.0
chr1_156239650	chr1	156239650.0	156239650.0	0.0	tail_pattern_1	True	0.066828	PMF1	1	0.15402089959109497		0	0	0.0	0.0		0.0	0.0		True	PRAISE_only	1.0	1.0
chr1_156278042	chr1	156278042.0	156278042.0	0.0	tail_pattern_1	True	0.13768	SMG5	1	0.6338028169014085		0	0	0.0	0.0		0.0	0.0		True	PRAISE_only	1.0	1.0
chr1_156787165-156787166	chr1	156787165.0	156787166.0	1.0	tail_pattern_1	True	0.08725050000000001	PRCC	1	0.35847342117219444	DKC1	1	1	0.0	0.0		0.0	0.0		True	PRAISE_only	1.0	1.0
chr1_15784939-15784940	chr1	15784939.0	15784940.0	1.0	tail_pattern_1	True	0.37385650000000004	FBLIM1	1	0.8732394366197183	TRUB1	1	1	0.0	0.0		1.0	0.0	+	True	PRAISE+ELAP_cross_chemistry	2.0	2.0
chr1_160025302-160025301	chr1	160025301.0	160025302.0	1.0	tail_pattern_1	True	0.3235045	PIGM	1	0.854157201272149	TRUB1	1	1	0.0	0.0		0.0	0.0		True	PRAISE_only	1.0	1.0
chr1_160282085	chr1	160282085.0	160282085.0	0.0	tail_pattern_1	True	0.10844200000000001	PEX19	1	0.5090867787369378	DKC1	1	1	0.0	0.0		0.0	0.0		True	PRAISE_only	1.0	1.0
chr1_160290611-160290609	chr1	160290609.0	160290611.0	1.0	tail_pattern_1	True	0.149578	COPA	1	0.6674238982280781		0	0	0.0	0.0		1.0	0.0	-	True	PRAISE+ELAP_cross_chemistry	2.0	2.0
chr1_161171614	chr1	161171614.0	161171614.0	0.0	tail_pattern_1	True	0.119594	B4GALT3	1	0.567014993184916	PUS7	1	1	1.0	0.0	-	1.0	0.0	-	True	PRAISE+BID+ELAP	3.0	2.0
chr1_161214191	chr1	161214191.0	161214191.0	0.0	tail_pattern_1	True	0.1322915	NDUFS2	1	0.6129032258064516		0	0	1.0	0.0	+	1.0	0.0	+	True	PRAISE+BID+ELAP	3.0	2.0
chr1_161362698-161362699	chr1	161362698.0	161362699.0	1.0	tail_pattern_1	True	0.062068	SDHC	1	0.09950022716946842		0	0	0.0	0.0		1.0	0.0	+	True	PRAISE+ELAP_cross_chemistry	2.0	2.0
chr1_166854176-166854177	chr1	166854176.0	166854177.0	1.0	tail_pattern_1	True	0.9244965	POGK	1	0.9900045433893685	TRUB1	1	1	1.0	0.0	+	1.0	0.0	+	True	PRAISE+BID+ELAP	3.0	2.0
chr1_167423658-167423660	chr1	167423658.0	167423660.0	1.0	tail_pattern_1	True	0.19215700000000002	POU2F1	1	0.7551113130395275	TRUB1	1	1	0.0	0.0		0.0	0.0		True	PRAISE_only	1.0	1.0
chr1_167546104-167546103	chr1	167546103.0	167546104.0	1.0	tail_pattern_1	True	0.083285	CREG1	1	0.315765561108587		0	0	0.0	0.0		0.0	0.0		True	PRAISE_only	1.0	1.0
chr1_16989915	chr1	16989915.0	16989915.0	0.0	tail_pattern_1	True	0.3063285	ATP13A2	1	0.8487051340299864		0	0	0.0	0.0		0.0	0.0		True	PRAISE_only	1.0	1.0
chr1_169961207-169961206	chr1	169961206.0	169961207.0	1.0	tail_pattern_1	True	0.068683	KIFAP3	1	0.1753748296228987	DKC1	1	1	0.0	0.0		0.0	0.0		True	PRAISE_only	1.0	1.0
chr1_17004788	chr1	17004788.0	17004788.0	0.0	tail_pattern_1	True	0.083241	ATP13A2	1	0.31485688323489325	DKC1	1	1	0.0	0.0		0.0	0.0		True	PRAISE_only	1.0	1.0
chr1_171517708	chr1	171517708.0	171517708.0	0.0	tail_pattern_1	True	0.083704	PRRC2C	1	0.32212630622444344	DKC1	1	1	0.0	0.0		0.0	0.0		True	PRAISE_only	1.0	1.0
chr1_173838226-173838227	chr1	173838226.0	173838227.0	1.0	tail_pattern_1	True	0.056482	DARS2	1	0.03498409813721036		0	0	0.0	0.0		0.0	0.0		True	PRAISE_only	1.0	1.0
chr1_178886092-178886093	chr1	178886092.0	178886093.0	1.0	tail_pattern_1	True	0.8495935	RALGPS2	1	0.9709223080417991	TRUB1	1	1	1.0	0.0	+	0.0	0.0		True	PRAISE+BID_same_family	2.0	1.0
chr1_179054636	chr1	179054636.0	179054636.0	0.0	tail_pattern_1	True	0.2412935	FAM20B	1	0.8050885960926851	PUS7	1	1	0.0	0.0		0.0	0.0		True	PRAISE_only	1.0	1.0
chr1_182859079-182859080	chr1	182859079.0	182859080.0	1.0	tail_pattern_1	True	0.09706000000000001	DHX9	1	0.44116310767832806	DKC1	1	1	0.0	0.0		1.0	0.0	+	True	PRAISE+ELAP_cross_chemistry	2.0	2.0
chr1_182876870	chr1	182876870.0	182876870.0	0.0	tail_pattern_1	True	0.0928055	DHX9	1	0.4075420263516583		0	0	0.0	0.0		1.0	0.0	+	True	PRAISE+ELAP_cross_chemistry	2.0	2.0
chr1_183103609-183103611	chr1	183103609.0	183103611.0	1.0	tail_pattern_1	True	0.07842199999999999	LAMC1	1	0.27714675147660156		0	0	0.0	0.0		1.0	0.0	+	True	PRAISE+ELAP_cross_chemistry	2.0	2.0
chr1_184054755	chr1	184054755.0	184054755.0	0.0	tail_pattern_1	True	0.078332	TSEN15	1	0.275329395729214	PUS7	1	1	0.0	0.0		0.0	0.0		True	PRAISE_only	1.0	1.0
chr1_184054785-184054786	chr1	184054785.0	184054786.0	1.0	tail_pattern_1	True	0.06005050000000001	TSEN15	1	0.07905497501135847		0	0	0.0	0.0		0.0	0.0		True	PRAISE_only	1.0	1.0
chr1_186373383-186373382	chr1	186373382.0	186373383.0	1.0	tail_pattern_1	True	0.0567525	TPR	1	0.03634711494775102		0	0	0.0	0.0		0.0	0.0		True	PRAISE_only	1.0	1.0
chr1_19168146-19168145	chr1	19168145.0	19168146.0	1.0	tail_pattern_1	True	0.0997535	UBR4	1	0.45842798727850975		0	0	0.0	0.0		0.0	0.0		True	PRAISE_only	1.0	1.0
chr1_19244941	chr1	19244941.0	19244941.0	0.0	tail_pattern_1	True	0.0935135	EMC1	1	0.41481144934120856		0	0	0.0	0.0		0.0	0.0		True	PRAISE_only	1.0	1.0
chr1_19259212-19259213	chr1	19259212.0	19259213.0	1.0	tail_pattern_1	True	0.0575115	MRTO4	1	0.04497955474784189		0	0	0.0	0.0		1.0	0.0	+	True	PRAISE+ELAP_cross_chemistry	2.0	2.0
chr1_19327927-19327928	chr1	19327927.0	19327928.0	1.0	tail_pattern_1	True	0.9347825000000001	SLC66A1	1	0.9922762380736029	TRUB1	1	1	0.0	0.0		0.0	0.0		True	PRAISE_only	1.0	1.0
chr1_201858509-201858511	chr1	201858509.0	201858511.0	1.0	tail_pattern_1	True	0.18680049999999998	IPO9	1	0.7460245343025897	DKC1	1	1	0.0	0.0		1.0	0.0	+	True	PRAISE+ELAP_cross_chemistry	2.0	2.0
chr1_201988905-201988907	chr1	201988905.0	201988907.0	1.0	tail_pattern_1	True	0.064305	RNPEP	1	0.12176283507496592		0	0	0.0	0.0		1.0	0.0	+	True	PRAISE+ELAP_cross_chemistry	2.0	2.0
chr1_202003294	chr1	202003294.0	202003294.0	0.0	tail_pattern_1	True	0.07290250000000001	RNPEP	1	0.22217174011812812		0	0	0.0	0.0		0.0	0.0		True	PRAISE_only	1.0	1.0
chr1_202587327	chr1	202587327.0	202587327.0	0.0	tail_pattern_1	True	0.833732	PPP1R12B	1	0.9686506133575647	PUS7	1	1	0.0	0.0		0.0	0.0		True	PRAISE_only	1.0	1.0
chr1_202925001	chr1	202925001.0	202925001.0	0.0	tail_pattern_1	True	0.0875625	KLHL12	1	0.3607451158564289	PUS7	1	1	0.0	0.0		1.0	0.0	-	True	PRAISE+ELAP_cross_chemistry	2.0	2.0
chr1_205713494	chr1	205713494.0	205713494.0	0.0	tail_pattern_1	True	0.14085550000000002	NUCKS1	1	0.6447069513857338		0	0	0.0	0.0		1.0	0.0	-	True	PRAISE+ELAP_cross_chemistry	2.0	2.0
chr1_205716852-205716851	chr1	205716851.0	205716852.0	1.0	tail_pattern_1	True	0.09426799999999999	NUCKS1	1	0.4216265333939119		0	0	0.0	0.0		1.0	0.0	-	True	PRAISE+ELAP_cross_chemistry	2.0	2.0
chr1_205771497	chr1	205771497.0	205771497.0	0.0	tail_pattern_1	True	0.156242	RAB29	1	0.6855974557019536	TRUB1	1	1	0.0	0.0		0.0	0.0		True	PRAISE_only	1.0	1.0
chr1_20637846-20637850	chr1	20637846.0	20637850.0	1.0	tail_pattern_1	True	0.2161225	PINK1	1	0.7805542935029532		0	0	1.0	0.0	+	0.0	0.0		True	PRAISE+BID_same_family	2.0	1.0
chr1_20649196-20649197	chr1	20649196.0	20649197.0	1.0	tail_pattern_1	True	0.0905965	PINK1	1	0.3870967741935484		0	0	0.0	0.0		1.0	0.0	+	True	PRAISE+ELAP_cross_chemistry	2.0	2.0
chr1_206599021-206599020	chr1	206599020.0	206599021.0	1.0	tail_pattern_1	True	0.07153000000000001	EIF2D	1	0.20899591094956838		0	0	0.0	0.0		1.0	0.0	-	True	PRAISE+ELAP_cross_chemistry	2.0	2.0
chr1_207074360-207074361	chr1	207074360.0	207074361.0	1.0	tail_pattern_1	True	0.6985295	PFKFB2	1	0.9504770558836892	TRUB1	1	1	0.0	0.0		0.0	0.0		True	PRAISE_only	1.0	1.0
chr1_20744168	chr1	20744168.0	20744168.0	0.0	tail_pattern_1	True	0.12331149999999999	HP1BP3	1	0.5806451612903226	PUS7	1	1	0.0	0.0		0.0	0.0		True	PRAISE_only	1.0	1.0
chr1_20853590	chr1	20853590.0	20853590.0	0.0	tail_pattern_1	True	0.156277	EIF4G3	1	0.6860517946388005	PUS7	1	1	1.0	0.0	-	0.0	0.0		True	PRAISE+BID_same_family	2.0	1.0
chr1_209843580-209843583	chr1	209843580.0	209843583.0	1.0	tail_pattern_1	True	0.072402	UTP25	1	0.2189913675601999	DKC1	1	1	0.0	0.0		0.0	0.0		True	PRAISE_only	1.0	1.0
chr1_212787635-212787632	chr1	212787632.0	212787635.0	1.0	tail_pattern_1	True	0.07648450000000001	NSL1	1	0.2567014993184916		0	0	0.0	0.0		1.0	0.0	-	True	PRAISE+ELAP_cross_chemistry	2.0	2.0
chr1_212802715-212802717	chr1	212802715.0	212802717.0	1.0	tail_pattern_1	True	0.07543	TATDN3	1	0.24579736483416628		0	0	0.0	0.0		0.0	0.0		True	PRAISE_only	1.0	1.0
chr1_212807781	chr1	212807781.0	212807781.0	0.0	tail_pattern_1	True	0.0934525	TATDN3	1	0.41390277146751475	PUS7	1	1	0.0	0.0		0.0	0.0		True	PRAISE_only	1.0	1.0
chr1_214642756-214642757	chr1	214642756.0	214642757.0	1.0	tail_pattern_1	True	0.1151645	CENPF	1	0.5429350295320309	TRUB1	1	1	0.0	0.0		1.0	0.0	+	True	PRAISE+ELAP_cross_chemistry	2.0	2.0
chr1_215608090-215608091	chr1	215608090.0	215608091.0	1.0	tail_pattern_1	True	0.5642045	KCTD3	1	0.9245797364834166	TRUB1	1	1	1.0	0.0	+	1.0	0.0	+	True	PRAISE+BID+ELAP	3.0	2.0
chr1_21728564	chr1	21728564.0	21728564.0	0.0	tail_pattern_1	True	0.1643255	USP48	1	0.704225352112676	PUS7	1	1	0.0	0.0		0.0	0.0		True	PRAISE_only	1.0	1.0
chr1_21748198-21748197	chr1	21748197.0	21748198.0	1.0	tail_pattern_1	True	0.118068	USP48	1	0.5606542480690595	TRUB1	1	1	0.0	0.0		1.0	0.0	-	True	PRAISE+ELAP_cross_chemistry	2.0	2.0
chr1_220062825-220062824	chr1	220062824.0	220062825.0	1.0	tail_pattern_1	True	0.0730855	BPNT1	1	0.22398909586551569		0	0	0.0	0.0		0.0	0.0		True	PRAISE_only	1.0	1.0
chr1_220139049-220139051	chr1	220139049.0	220139051.0	1.0	tail_pattern_1	True	0.2713745	IARS2	1	0.8268968650613358		0	0	0.0	0.0		0.0	0.0		True	PRAISE_only	1.0	1.0
chr1_220698446-220698449	chr1	220698446.0	220698449.0	1.0	tail_pattern_1	True	0.29309850000000004	C1orf115	1	0.8414357110404361	TRUB1	1	1	0.0	0.0		1.0	0.0	+	True	PRAISE+ELAP_cross_chemistry	2.0	2.0
chr1_22091888-22091889	chr1	22091888.0	22091889.0	1.0	tail_pattern_1	True	0.095696	CDC42	1	0.4316219900045434	TRUB1	1	1	0.0	0.0		1.0	0.0	+	True	PRAISE+ELAP_cross_chemistry	2.0	2.0
chr1_22092496	chr1	22092496.0	22092496.0	0.0	tail_pattern_1	True	0.22960049999999999	CDC42	1	0.7910040890504316		0	0	1.0	0.0	+	1.0	0.0	+	True	PRAISE+BID+ELAP	3.0	2.0
chr1_223774860-223774861	chr1	223774860.0	223774861.0	1.0	tail_pattern_1	True	0.113263	CAPN2	1	0.5374829622898682		0	0	0.0	0.0		1.0	0.0	+	True	PRAISE+ELAP_cross_chemistry	2.0	2.0
chr1_224190101-224190105	chr1	224190101.0	224190105.0	1.0	tail_pattern_1	True	0.07547899999999999	DEGS1	1	0.24670604270786006	DKC1	1	1	0.0	0.0		1.0	0.0	+	True	PRAISE+ELAP_cross_chemistry	2.0	2.0
chr1_225496271	chr1	225496271.0	225496271.0	0.0	tail_pattern_1	True	0.060427499999999995	ENAH	1	0.08450704225352113		0	0	0.0	0.0		0.0	0.0		True	PRAISE_only	1.0	1.0
chr1_225554924-225554923	chr1	225554923.0	225554924.0	1.0	tail_pattern_1	True	0.080536	ENAH	1	0.2939572921399364		0	0	0.0	0.0		1.0	0.0	-	True	PRAISE+ELAP_cross_chemistry	2.0	2.0
chr1_226360813-226360812	chr1	226360812.0	226360813.0	1.0	tail_pattern_1	True	0.058751	PARP1	1	0.0631531122217174		0	0	0.0	0.0		1.0	0.0	-	True	PRAISE+ELAP_cross_chemistry	2.0	2.0
chr1_226881928	chr1	226881928.0	226881928.0	0.0	tail_pattern_1	True	0.214638	PSEN2	1	0.7778282598818719		0	0	1.0	0.0	+	0.0	0.0		True	PRAISE+BID_same_family	2.0	1.0
chr1_226982046-226982047	chr1	226982046.0	226982047.0	1.0	tail_pattern_1	True	0.123322	COQ8A	1	0.5810995002271695	TRUB1	1	1	0.0	0.0		1.0	0.0	+	True	PRAISE+ELAP_cross_chemistry	2.0	2.0
chr1_227732245	chr1	227732245.0	227732245.0	0.0	tail_pattern_1	True	0.074021	JMJD4	1	0.23262153566560653		0	0	0.0	0.0		0.0	0.0		True	PRAISE_only	1.0	1.0
chr1_227733881-227733882	chr1	227733881.0	227733882.0	1.0	tail_pattern_1	True	0.8043009999999999	SNAP47	1	0.9645615629259428	TRUB1	1	1	0.0	0.0		0.0	0.0		True	PRAISE_only	1.0	1.0
chr1_228178936	chr1	228178936.0	228178936.0	0.0	tail_pattern_1	True	0.5902609999999999	IBA57	1	0.9318491594729669	PUS7	1	1	1.0	0.0	+	0.0	0.0		True	PRAISE+BID_same_family	2.0	1.0
chr1_229441542-229441541	chr1	229441541.0	229441542.0	1.0	tail_pattern_1	True	0.0528065	NUP133	1	0.007723761926397092		0	0	0.0	0.0		1.0	0.0	-	True	PRAISE+ELAP_cross_chemistry	2.0	2.0
chr1_229466641-229466640	chr1	229466640.0	229466641.0	1.0	tail_pattern_1	True	0.066958	NUP133	1	0.1562925942753294	DKC1	1	1	0.0	0.0		1.0	0.0	-	True	PRAISE+ELAP_cross_chemistry	2.0	2.0
chr1_229486449-229486448	chr1	229486448.0	229486449.0	1.0	tail_pattern_1	True	0.1195745	NUP133	1	0.566560654248069	DKC1	1	1	0.0	0.0		0.0	0.0		True	PRAISE_only	1.0	1.0
chr1_229487552	chr1	229487552.0	229487552.0	0.0	tail_pattern_1	True	0.052626000000000006	NUP133	1	0.007269422989550204		0	0	0.0	0.0		0.0	0.0		True	PRAISE_only	1.0	1.0
chr1_229593682-229593680	chr1	229593680.0	229593682.0	1.0	tail_pattern_1	True	0.26888650000000003	TAF5L	1	0.8255338482507951	TRUB1	1	1	0.0	0.0		1.0	0.0	-	True	PRAISE+ELAP_cross_chemistry	2.0	2.0
chr1_230236037	chr1	230236037.0	230236037.0	0.0	tail_pattern_1	True	0.0657475	GALNT2	1	0.1403907314856883		0	0	0.0	0.0		1.0	0.0	+	True	PRAISE+ELAP_cross_chemistry	2.0	2.0
chr1_230279799	chr1	230279799.0	230279799.0	0.0	tail_pattern_1	True	0.072882	GALNT2	1	0.22171740118128125		0	0	0.0	0.0		0.0	0.0		True	PRAISE_only	1.0	1.0
chr1_23057563-23057564	chr1	23057563.0	23057564.0	1.0	tail_pattern_1	True	0.0686895	KDM1A	1	0.17582916855974556	DKC1	1	1	0.0	0.0		0.0	0.0		True	PRAISE_only	1.0	1.0
chr1_231019682-231019680	chr1	231019680.0	231019682.0	1.0	tail_pattern_1	True	0.094832	FAM89A	1	0.4266242616992276		0	0	0.0	0.0		1.0	0.0	-	True	PRAISE+ELAP_cross_chemistry	2.0	2.0
chr1_235127742-235127739	chr1	235127739.0	235127742.0	1.0	tail_pattern_1	True	0.5274785	LOC105379283	1	0.915038618809632		0	0	0.0	0.0		1.0	0.0	-	True	PRAISE+ELAP_cross_chemistry	2.0	2.0
chr1_235127759-235127758	chr1	235127758.0	235127759.0	1.0	tail_pattern_1	True	0.35095350000000003	LOC105379283	1	0.8655156746933212		0	0	0.0	0.0		1.0	0.0	-	True	PRAISE+ELAP_cross_chemistry	2.0	2.0
chr1_23854425-23854422	chr1	23854422.0	23854425.0	1.0	tail_pattern_1	True	0.08575350000000001	FUCA1	1	0.3421172194457065	DKC1	1	1	0.0	0.0		1.0	0.0	-	True	PRAISE+ELAP_cross_chemistry	2.0	2.0
chr1_241500439	chr1	241500439.0	241500439.0	0.0	tail_pattern_1	True	0.096607	FH	1	0.4384370740572467	DKC1	1	1	0.0	0.0		0.0	0.0		True	PRAISE_only	1.0	1.0
chr1_24156521-24156520	chr1	24156520.0	24156521.0	1.0	tail_pattern_1	True	0.7767855	IFNLR1	1	0.9609268514311676	TRUB1	1	1	0.0	0.0		0.0	0.0		True	PRAISE_only	1.0	1.0
chr1_244708364	chr1	244708364.0	244708364.0	0.0	tail_pattern_1	True	0.089378	DESI2	1	0.3771013175829169	PUS7	1	1	0.0	0.0		0.0	0.0		True	PRAISE_only	1.0	1.0
chr1_244843050	chr1	244843050.0	244843050.0	0.0	tail_pattern_1	True	0.163132	COX20	1	0.6996819627442071	PUS7	1	1	0.0	0.0		0.0	0.0		True	PRAISE_only	1.0	1.0
chr1_246735977	chr1	246735977.0	246735977.0	0.0	tail_pattern_1	True	0.0539265	SCCPDH	1	0.014084507042253521		0	0	0.0	0.0		0.0	0.0		True	PRAISE_only	1.0	1.0
chr1_248824868	chr1	248824868.0	248824868.0	0.0	tail_pattern_1	True	0.10836400000000002	SH3BP5L	1	0.5079509313948205	PUS7	1	1	0.0	0.0		0.0	0.0		True	PRAISE_only	1.0	1.0
chr1_25817843	chr1	25817843.0	25817843.0	0.0	tail_pattern_1	True	0.1001685	SELENON	1	0.4606996819627442	PUS1	1	1	0.0	0.0		0.0	0.0		True	PRAISE_only	1.0	1.0
chr1_26475467	chr1	26475467.0	26475467.0	0.0	tail_pattern_1	True	0.0591355	HMGN2	1	0.06633348477964561		0	0	0.0	0.0		0.0	0.0		True	PRAISE_only	1.0	1.0
chr1_26475870-26475871	chr1	26475870.0	26475871.0	1.0	tail_pattern_1	True	0.0550375	HMGN2	1	0.02407996365288505		0	0	0.0	0.0		0.0	0.0		True	PRAISE_only	1.0	1.0
chr1_27307027	chr1	27307027.0	27307027.0	0.0	tail_pattern_1	True	0.115858	WDTC1	1	0.5479327578373466	DKC1	1	1	0.0	0.0		0.0	0.0		True	PRAISE_only	1.0	1.0
chr1_27307127	chr1	27307127.0	27307127.0	0.0	tail_pattern_1	True	0.090278	WDTC1	1	0.38437074057246706	DKC1	1	1	0.0	0.0		0.0	0.0		True	PRAISE_only	1.0	1.0
chr1_27335748	chr1	27335748.0	27335748.0	0.0	tail_pattern_1	True	0.1727455	TMEM222	1	0.7251249432076329	PUS7	1	1	0.0	0.0		0.0	0.0		True	PRAISE_only	1.0	1.0
chr1_27891922-27891921	chr1	27891921.0	27891922.0	1.0	tail_pattern_1	True	0.0602465	RPA2	1	0.08223534756928669		0	0	0.0	0.0		1.0	0.0	-	True	PRAISE+ELAP_cross_chemistry	2.0	2.0
chr1_28496623-28496625	chr1	28496623.0	28496625.0	1.0	tail_pattern_1	True	0.0778105	PHACTR4	1	0.27033166742389825	PUS7	1	1	0.0	0.0		0.0	0.0		True	PRAISE_only	1.0	1.0
chr1_29118914	chr1	29118914.0	29118914.0	0.0	tail_pattern_1	True	0.073155	EPB41	1	0.22444343480236256	PUS7	1	1	0.0	0.0		0.0	0.0		True	PRAISE_only	1.0	1.0
chr1_29303871	chr1	29303871.0	29303871.0	0.0	tail_pattern_1	True	0.0734195	PTPRU	1	0.226715129486597		0	0	0.0	0.0		0.0	0.0		True	PRAISE_only	1.0	1.0
chr1_29323458-29323459	chr1	29323458.0	29323459.0	1.0	tail_pattern_1	True	0.10380500000000001	PTPRU	1	0.4852339845524761		0	0	0.0	0.0		1.0	0.0	+	True	PRAISE+ELAP_cross_chemistry	2.0	2.0
chr1_31261631-31261629	chr1	31261629.0	31261631.0	1.0	tail_pattern_1	True	0.12052950000000001	SNRNP40	1	0.5697410268059973	DKC1	1	1	0.0	0.0		1.0	0.0	-	True	PRAISE+ELAP_cross_chemistry	2.0	2.0
chr1_31291974	chr1	31291974.0	31291974.0	0.0	tail_pattern_1	True	0.0762	SNRNP40	1	0.2530667878237165		0	0	0.0	0.0		0.0	0.0		True	PRAISE_only	1.0	1.0
chr1_32101509-32101510	chr1	32101509.0	32101510.0	1.0	tail_pattern_1	True	0.42074049999999996	TMEM39B	1	0.8891412994093594	TRUB1	1	1	0.0	0.0		0.0	0.0		True	PRAISE_only	1.0	1.0
chr1_32226227-32226229	chr1	32226227.0	32226229.0	1.0	tail_pattern_1	True	0.07821349999999999	EIF3I	1	0.2748750567923671	DKC1	1	1	0.0	0.0		1.0	0.0	+	True	PRAISE+ELAP_cross_chemistry	2.0	2.0
chr1_32367173	chr1	32367173.0	32367173.0	0.0	tail_pattern_1	True	0.7487779999999999	BSDC1	1	0.9577464788732394		0	0	1.0	0.0	-	1.0	0.0	-	True	PRAISE+BID+ELAP	3.0	2.0
chr1_32669237	chr1	32669237.0	32669237.0	0.0	tail_pattern_1	True	0.084615	RBBP4	1	0.33212176283507494		0	0	0.0	0.0		0.0	0.0		True	PRAISE_only	1.0	1.0
chr1_32779387-32779386	chr1	32779386.0	32779387.0	1.0	tail_pattern_1	True	0.0801435	YARS1	1	0.29123125851885506		0	0	0.0	0.0		1.0	0.0	-	True	PRAISE+ELAP_cross_chemistry	2.0	2.0
chr1_33014554-33014553	chr1	33014553.0	33014554.0	1.0	tail_pattern_1	True	0.811987	AK2	1	0.9654702407996365	TRUB1	1	1	1.0	0.0	-	1.0	0.0	-	True	PRAISE+BID+ELAP	3.0	2.0
chr1_35603334-35603333	chr1	35603333.0	35603334.0	1.0	tail_pattern_1	True	0.7499035000000001	PSMB2	1	0.9582008178100864	TRUB1	1	1	1.0	0.0	-	1.0	0.0	-	True	PRAISE+BID+ELAP	3.0	2.0
chr1_35920586-35920587	chr1	35920586.0	35920587.0	1.0	tail_pattern_1	True	0.3673075	AGO1	1	0.8714220808723308	TRUB1	1	1	0.0	0.0		0.0	0.0		True	PRAISE_only	1.0	1.0
chr1_3734956-3734957	chr1	3734956.0	3734957.0	1.0	tail_pattern_1	True	0.535063	TP73	1	0.9173103134938664	TRUB1	1	1	0.0	0.0		0.0	0.0		True	PRAISE_only	1.0	1.0
chr1_37513503-37513500	chr1	37513500.0	37513503.0	1.0	tail_pattern_1	True	0.07842450000000001	MEAF6	1	0.27760109041344844	DKC1	1	1	0.0	0.0		0.0	0.0		True	PRAISE_only	1.0	1.0
chr1_3829843-3829839	chr1	3829839.0	3829843.0	1.0	tail_pattern_1	True	0.0883555	CEP104	1	0.368468877782826	DKC1	1	1	0.0	0.0		1.0	0.0	-	True	PRAISE+ELAP_cross_chemistry	2.0	2.0
chr1_39388333	chr1	39388333.0	39388333.0	0.0	tail_pattern_1	True	0.211276	MACF1	1	0.7737392094502499	PUS7	1	1	0.0	0.0		0.0	0.0		True	PRAISE_only	1.0	1.0
chr1_39561080-39561078	chr1	39561078.0	39561080.0	1.0	tail_pattern_1	True	0.0843675	PABPC4	1	0.33030440708768743		0	0	0.0	0.0		1.0	0.0	-	True	PRAISE+ELAP_cross_chemistry	2.0	2.0
chr1_39565150-39565149	chr1	39565149.0	39565150.0	1.0	tail_pattern_1	True	0.397717	PABPC4	1	0.8845979100408905	TRUB1	1	1	0.0	0.0		1.0	0.0	-	True	PRAISE+ELAP_cross_chemistry	2.0	2.0
chr1_39569914-39569912	chr1	39569912.0	39569914.0	1.0	tail_pattern_1	True	0.08148	PABPC4	1	0.3016810540663335	DKC1	1	1	0.0	0.0		1.0	0.0	-	True	PRAISE+ELAP_cross_chemistry	2.0	2.0
chr1_39749068	chr1	39749068.0	39749068.0	0.0	tail_pattern_1	True	0.129237	PPIE	1	0.6038164470695139	DKC1	1	1	0.0	0.0		0.0	0.0		True	PRAISE_only	1.0	1.0
chr1_39757540	chr1	39757540.0	39757540.0	0.0	tail_pattern_1	True	0.6404110000000001	BMP8B	1	0.9422989550204453		0	0	0.0	0.0		0.0	0.0		True	PRAISE_only	1.0	1.0
chr1_40072561-40072563	chr1	40072561.0	40072563.0	1.0	tail_pattern_1	True	0.102259	CAP1	1	0.4793275783734666	DKC1	1	1	0.0	0.0		0.0	0.0		True	PRAISE_only	1.0	1.0
chr1_40073868-40073867	chr1	40073867.0	40073868.0	1.0	tail_pattern_1	True	0.05778	PPT1	1	0.04906860517946388		0	0	0.0	0.0		1.0	0.0	-	True	PRAISE+ELAP_cross_chemistry	2.0	2.0
chr1_40622675	chr1	40622675.0	40622675.0	0.0	tail_pattern_1	True	0.920635	RIMS3	1	0.9886415265788278	PUS7	1	1	1.0	0.0	-	0.0	0.0		True	PRAISE+BID_same_family	2.0	1.0
chr1_42926728-42926727	chr1	42926727.0	42926728.0	1.0	tail_pattern_1	True	0.7128159999999999	SLC2A1	1	0.9527487505679236	TRUB1	1	1	1.0	0.0	-	0.0	0.0		True	PRAISE+BID_same_family	2.0	1.0
chr1_43450939-43450940	chr1	43450939.0	43450940.0	1.0	tail_pattern_1	True	0.9545455	SZT2	1	0.9954566106315311	TRUB1	1	1	1.0	0.0	+	0.0	0.0		True	PRAISE+BID_same_family	2.0	1.0
chr1_43597926	chr1	43597926.0	43597926.0	0.0	tail_pattern_1	True	0.1543835	PTPRF	1	0.680145388459791	PUS1	1	1	1.0	0.0	+	0.0	0.0		True	PRAISE+BID_same_family	2.0	1.0
chr1_43604905-43604907	chr1	43604905.0	43604907.0	1.0	tail_pattern_1	True	0.057855000000000004	PTPRF	1	0.05134029986369832		0	0	0.0	0.0		1.0	0.0	+	True	PRAISE+ELAP_cross_chemistry	2.0	2.0
chr1_43605210	chr1	43605210.0	43605210.0	0.0	tail_pattern_1	True	0.07727500000000001	PTPRF	1	0.2644252612448887		0	0	0.0	0.0		0.0	0.0		True	PRAISE_only	1.0	1.0
chr1_43606354-43606355	chr1	43606354.0	43606355.0	1.0	tail_pattern_1	True	0.21746	PTPRF	1	0.7810086324398001	DKC1	1	1	0.0	0.0		1.0	0.0	+	True	PRAISE+ELAP_cross_chemistry	2.0	2.0
chr1_44759302	chr1	44759302.0	44759302.0	0.0	tail_pattern_1	True	0.059972	KIF2C	1	0.0781462971376647		0	0	0.0	0.0		0.0	0.0		True	PRAISE_only	1.0	1.0
chr1_44776731	chr1	44776731.0	44776731.0	0.0	tail_pattern_1	True	0.09160199999999999	RPS8	1	0.3961835529304861	PUS1	1	1	0.0	0.0		1.0	0.0	+	True	PRAISE+ELAP_cross_chemistry	2.0	2.0
chr1_45008636-45008635	chr1	45008635.0	45008636.0	1.0	tail_pattern_1	True	0.234596	HECTD3	1	0.7969104952294411		0	0	0.0	0.0		0.0	0.0		True	PRAISE_only	1.0	1.0
chr1_45013736-45013737	chr1	45013736.0	45013737.0	1.0	tail_pattern_1	True	0.123063	UROD	1	0.5779191276692413	DKC1	1	1	0.0	0.0		1.0	0.0	+	True	PRAISE+ELAP_cross_chemistry	2.0	2.0
chr1_45015459	chr1	45015459.0	45015459.0	0.0	tail_pattern_1	True	0.059613	UROD	1	0.07314856883234894		0	0	1.0	0.0	+	0.0	0.0		True	PRAISE+BID_same_family	2.0	1.0
chr1_45551081	chr1	45551081.0	45551081.0	0.0	tail_pattern_1	True	0.06863949999999999	AKR1A1	1	0.1744661517492049		0	0	0.0	0.0		1.0	0.0	+	True	PRAISE+ELAP_cross_chemistry	2.0	2.0
chr1_45607981	chr1	45607981.0	45607981.0	0.0	tail_pattern_1	True	0.0563795	NASP	1	0.03271240345297592	PUS7	1	1	0.0	0.0		0.0	0.0		True	PRAISE_only	1.0	1.0
chr1_45616357-45616359	chr1	45616357.0	45616359.0	1.0	tail_pattern_1	True	0.192862	NASP	1	0.7564743298500681	TRUB1	1	1	0.0	0.0		1.0	0.0	+	True	PRAISE+ELAP_cross_chemistry	2.0	2.0
chr1_45628361-45628360	chr1	45628360.0	45628361.0	1.0	tail_pattern_1	True	0.1142175	GPBP1L1	1	0.5397546569741026	TRUB1	1	1	0.0	0.0		1.0	0.0	-	True	PRAISE+ELAP_cross_chemistry	2.0	2.0
chr1_46197074	chr1	46197074.0	46197074.0	0.0	tail_pattern_1	True	0.09525800000000001	POMGNT1	1	0.4284416174466152	PUS7	1	1	0.0	0.0		0.0	0.0		True	PRAISE_only	1.0	1.0
chr1_46277918	chr1	46277918.0	46277918.0	0.0	tail_pattern_1	True	0.110649	RAD54L	1	0.5256701499318491		0	0	0.0	0.0		0.0	0.0		True	PRAISE_only	1.0	1.0
chr1_46316626	chr1	46316626.0	46316626.0	0.0	tail_pattern_1	True	0.0692565	UQCRH	1	0.18264425261244888		0	0	0.0	0.0		1.0	0.0	+	True	PRAISE+ELAP_cross_chemistry	2.0	2.0
chr1_46316692	chr1	46316692.0	46316692.0	0.0	tail_pattern_1	True	0.058355000000000004	UQCRH	1	0.05860972285324852		0	0	0.0	0.0		1.0	0.0	+	True	PRAISE+ELAP_cross_chemistry	2.0	2.0
chr1_46572095-46572094	chr1	46572094.0	46572095.0	1.0	tail_pattern_1	True	0.542991	MKNK1	1	0.9195820081781009		0	0	0.0	0.0		0.0	0.0		True	PRAISE_only	1.0	1.0
chr1_46718501	chr1	46718501.0	46718501.0	0.0	tail_pattern_1	True	0.265909	EFCAB14	1	0.8246251703771014		0	0	0.0	0.0		0.0	0.0		True	PRAISE_only	1.0	1.0
chr1_47251117-47251114	chr1	47251114.0	47251117.0	1.0	tail_pattern_1	True	0.20608100000000001	STIL	1	0.7673784643343935		0	0	0.0	0.0		0.0	0.0		True	PRAISE_only	1.0	1.0
chr1_51791640	chr1	51791640.0	51791640.0	0.0	tail_pattern_1	True	0.14721299999999998	NRDC	1	0.6619718309859155	PUS7	1	1	0.0	0.0		0.0	0.0		True	PRAISE_only	1.0	1.0
chr1_51794560	chr1	51794560.0	51794560.0	0.0	tail_pattern_1	True	0.0589095	NRDC	1	0.06451612903225806		0	0	0.0	0.0		0.0	0.0		True	PRAISE_only	1.0	1.0
chr1_51814770-51814768	chr1	51814768.0	51814770.0	1.0	tail_pattern_1	True	0.0573575	NRDC	1	0.0408905043162199		0	0	0.0	0.0		1.0	0.0	-	True	PRAISE+ELAP_cross_chemistry	2.0	2.0
chr1_51825296-51825290	chr1	51825290.0	51825296.0	1.0	tail_pattern_1	True	0.0827485	NRDC	1	0.3125851885506588	DKC1	1	1	0.0	0.0		1.0	0.0	-	True	PRAISE+ELAP_cross_chemistry	2.0	2.0
chr1_52824964-52824965	chr1	52824964.0	52824965.0	1.0	tail_pattern_1	True	0.1346105	ZYG11B	1	0.6228986824170831	TRUB1	1	1	0.0	0.0		0.0	0.0		True	PRAISE_only	1.0	1.0
chr1_53027998-53027999	chr1	53027998.0	53027999.0	1.0	tail_pattern_1	True	0.7049265	SCP2	1	0.9518400726942299	TRUB1	1	1	1.0	0.0	+	1.0	0.0	+	True	PRAISE+BID+ELAP	3.0	2.0
chr1_53796991	chr1	53796991.0	53796991.0	0.0	tail_pattern_1	True	0.1029715	NDC1	1	0.4825079509313948	DKC1	1	1	0.0	0.0		0.0	0.0		True	PRAISE_only	1.0	1.0
chr1_53807774-53807773	chr1	53807773.0	53807774.0	1.0	tail_pattern_1	True	0.06816749999999999	NDC1	1	0.1703771013175829		0	0	0.0	0.0		1.0	0.0	-	True	PRAISE+ELAP_cross_chemistry	2.0	2.0
chr1_54851248	chr1	54851248.0	54851248.0	0.0	tail_pattern_1	True	0.0867965	DHCR24	1	0.352112676056338	PUS7	1	1	1.0	0.0	-	0.0	0.0		True	PRAISE+BID_same_family	2.0	1.0
chr1_54852306	chr1	54852306.0	54852306.0	0.0	tail_pattern_1	True	0.06980449999999999	DHCR24	1	0.18809631985461153		0	0	0.0	0.0		1.0	0.0	-	True	PRAISE+ELAP_cross_chemistry	2.0	2.0
chr1_54875984	chr1	54875984.0	54875984.0	0.0	tail_pattern_1	True	0.08329	DHCR24	1	0.3162199000454339		0	0	0.0	0.0		0.0	0.0		True	PRAISE_only	1.0	1.0
chr1_55110203-55110202	chr1	55110202.0	55110203.0	1.0	tail_pattern_1	True	0.081578	USP24	1	0.30349840981372106		0	0	0.0	0.0		0.0	0.0		True	PRAISE_only	1.0	1.0
chr1_61701016-61701015	chr1	61701015.0	61701016.0	1.0	tail_pattern_1	True	0.0647595	TM2D1	1	0.12721490231712856	PUS1	1	1	0.0	0.0		0.0	0.0		True	PRAISE_only	1.0	1.0
chr1_6185970	chr1	6185970.0	6185970.0	0.0	tail_pattern_1	True	0.28132250000000003	RPL22	1	0.8314402544298046	PUS7	1	1	1.0	0.0	-	1.0	0.0	-	True	PRAISE+BID+ELAP	3.0	2.0
chr1_6186768	chr1	6186768.0	6186768.0	0.0	tail_pattern_1	True	0.1653915	RPL22	1	0.7074057246706043		0	0	1.0	0.0	-	1.0	0.0	-	True	PRAISE+BID+ELAP	3.0	2.0
chr1_6186815	chr1	6186815.0	6186815.0	0.0	tail_pattern_1	True	0.0574895	RPL22	1	0.04407087687414812		0	0	0.0	0.0		0.0	0.0		True	PRAISE_only	1.0	1.0
chr1_6222866-6222865	chr1	6222865.0	6222866.0	1.0	tail_pattern_1	True	0.3616625	ICMT	1	0.8682417083144025	TRUB1	1	1	1.0	0.0	-	1.0	0.0	-	True	PRAISE+BID+ELAP	3.0	2.0
chr1_64841257	chr1	64841257.0	64841257.0	0.0	tail_pattern_1	True	0.14184249999999998	JAK1	1	0.6487960018173557		0	0	0.0	0.0		0.0	0.0		True	PRAISE_only	1.0	1.0
chr1_64869463-64869461	chr1	64869461.0	64869463.0	1.0	tail_pattern_1	True	0.0653275	JAK1	1	0.13312130849613812		0	0	0.0	0.0		0.0	0.0		True	PRAISE_only	1.0	1.0
chr1_6525368-6525367	chr1	6525367.0	6525368.0	1.0	tail_pattern_1	True	0.9491435	NOL9	1	0.9950022716946842	TRUB1	1	1	0.0	0.0		1.0	0.0	-	True	PRAISE+ELAP_cross_chemistry	2.0	2.0
chr1_6623606-6623607	chr1	6623606.0	6623607.0	1.0	tail_pattern_1	True	0.475242	PHF13	1	0.9023171285779191	TRUB1	1	1	1.0	0.0	+	0.0	0.0		True	PRAISE+BID_same_family	2.0	1.0
chr1_6644612-6644609	chr1	6644609.0	6644612.0	1.0	tail_pattern_1	True	0.067669	DNAJC11	1	0.16537937301226716		0	0	0.0	0.0		1.0	0.0	-	True	PRAISE+ELAP_cross_chemistry	2.0	2.0
chr1_68150241-68150240	chr1	68150240.0	68150241.0	1.0	tail_pattern_1	True	0.169112	WLS	1	0.7146751476601545		0	0	1.0	0.0	-	1.0	0.0	-	True	PRAISE+BID+ELAP	3.0	2.0
chr1_68475184-68475182	chr1	68475182.0	68475184.0	1.0	tail_pattern_1	True	0.41748300000000005	DEPDC1	1	0.8877782825988187	TRUB1	1	1	0.0	0.0		1.0	0.0	-	True	PRAISE+ELAP_cross_chemistry	2.0	2.0
chr1_75745877	chr1	75745877.0	75745877.0	0.0	tail_pattern_1	True	0.06956399999999999	ACADM	1	0.18537028623353022		0	0	0.0	0.0		0.0	0.0		True	PRAISE_only	1.0	1.0
chr1_77090169	chr1	77090169.0	77090169.0	0.0	tail_pattern_1	True	0.147611	PIGK	1	0.6624261699227624	TRUB1	1	1	0.0	0.0		0.0	0.0		True	PRAISE_only	1.0	1.0
chr1_85024025-85024024	chr1	85024024.0	85024025.0	1.0	tail_pattern_1	True	0.9324325	MCOLN3	1	0.9909132212630622	TRUB1	1	1	0.0	0.0		1.0	0.0	-	True	PRAISE+ELAP_cross_chemistry	2.0	2.0
chr1_85041171-85041170	chr1	85041170.0	85041171.0	1.0	tail_pattern_1	True	0.342857	MCOLN3	1	0.8614266242616992		0	0	0.0	0.0		0.0	0.0		True	PRAISE_only	1.0	1.0
chr1_8866414-8866413	chr1	8866413.0	8866414.0	1.0	tail_pattern_1	True	0.0556365	ENO1	1	0.02862335302135393		0	0	0.0	0.0		1.0	0.0	-	True	PRAISE+ELAP_cross_chemistry	2.0	2.0
chr1_88983617	chr1	88983617.0	88983617.0	0.0	tail_pattern_1	True	0.156093	RBMXL1	1	0.6846887778282599		0	0	1.0	0.0	-	0.0	0.0		True	PRAISE+BID_same_family	2.0	1.0
chr1_91716695-91716694	chr1	91716694.0	91716695.0	1.0	tail_pattern_1	True	0.16428150000000002	TGFBR3	1	0.7037710131758291	TRUB1	1	1	0.0	0.0		0.0	0.0		True	PRAISE_only	1.0	1.0
chr1_92304029-92304030	chr1	92304029.0	92304030.0	1.0	tail_pattern_1	True	0.1243525	RPAP2	1	0.5851885506587915	DKC1	1	1	0.0	0.0		0.0	0.0		True	PRAISE_only	1.0	1.0
chr1_92837327-92837328	chr1	92837327.0	92837328.0	1.0	tail_pattern_1	True	0.64	SNORD21	1	0.9418446160835984		0	0	0.0	0.0		0.0	0.0		True	PRAISE_only	1.0	1.0
chr1_93153423	chr1	93153423.0	93153423.0	0.0	tail_pattern_1	True	0.0965335	TMED5	1	0.43707405724670606		0	0	0.0	0.0		0.0	0.0		True	PRAISE_only	1.0	1.0
chr1_93180184	chr1	93180184.0	93180184.0	0.0	tail_pattern_1	True	0.2085435	TMED5	1	0.769195820081781		0	0	1.0	0.0	-	0.0	0.0		True	PRAISE+BID_same_family	2.0	1.0
chr1_951190	chr1	951190.0	951190.0	0.0	tail_pattern_1	True	0.0674785	NOC2L	1	0.16174466151749206		0	0	0.0	0.0		0.0	0.0		True	PRAISE_only	1.0	1.0
chr1_9729405-9729404	chr1	9729404.0	9729405.0	1.0	tail_pattern_1	True	0.07349	CLSTN1	1	0.22853248523398456	TRUB1	1	1	0.0	0.0		0.0	0.0		True	PRAISE_only	1.0	1.0
chr1_98701872-98701875	chr1	98701872.0	98701875.0	1.0	tail_pattern_1	True	0.0650665	SNX7	1	0.1308496138119037		0	0	0.0	0.0		1.0	0.0	+	True	PRAISE+ELAP_cross_chemistry	2.0	2.0
chr1_GL383518v1_alt_69009	chr1_GL383518v1_alt	69009.0	69009.0	0.0	tail_pattern_1	True	0.0940455	INTS3	1	0.41935483870967744	DKC1	1	1	0.0	0.0		0.0	0.0		True	PRAISE_only	1.0	1.0
chr1_GL383519v1_alt_19089	chr1_GL383519v1_alt	19089.0	19089.0	0.0	tail_pattern_1	True	0.135271	GBAP1	1	0.625397546569741		0	0	0.0	0.0		0.0	0.0		True	PRAISE_only	1.0	1.0
chr1_GL383519v1_alt_39709	chr1_GL383519v1_alt	39709.0	39709.0	0.0	tail_pattern_1	True	0.135271	GBA	1	0.625397546569741		0	0	0.0	0.0		0.0	0.0		True	PRAISE_only	1.0	1.0
chr1_KN538361v1_fix_253173	chr1_KN538361v1_fix	253173.0	253173.0	0.0	tail_pattern_1	True	0.2981145	RCC2	1	0.8446160835983644		0	0	0.0	0.0		0.0	0.0		True	PRAISE_only	1.0	1.0
chr1_KN538361v1_fix_258393-258389	chr1_KN538361v1_fix	258389.0	258393.0	1.0	tail_pattern_1	True	0.08148649999999999	RCC2	1	0.3021353930031804		0	0	0.0	0.0		0.0	0.0		True	PRAISE_only	1.0	1.0
chr1_KQ458384v1_alt_74359-74362	chr1_KQ458384v1_alt	74359.0	74362.0	1.0	tail_pattern_1	True	0.130143	TBCE	1	0.6047251249432076	TRUB1	1	1	0.0	0.0		0.0	0.0		True	PRAISE_only	1.0	1.0
chr1_KZ208906v1_fix_48673	chr1_KZ208906v1_fix	48673.0	48673.0	0.0	tail_pattern_1	True	0.0591955	H2AW	1	0.06724216265333939		0	0	0.0	0.0		0.0	0.0		True	PRAISE_only	1.0	1.0
chr1_KZ208906v1_fix_86047	chr1_KZ208906v1_fix	86047.0	86047.0	0.0	tail_pattern_1	True	0.126164	RNF187	1	0.5906406179009541		0	0	0.0	0.0		0.0	0.0		True	PRAISE_only	1.0	1.0
chr20_18159113	chr20	18159113.0	18159113.0	0.0	tail_pattern_1	True	0.282732	KAT14	1	0.8328032712403453	PUS1	1	1	0.0	0.0		0.0	0.0		True	PRAISE_only	1.0	1.0
chr20_18569474-18569477	chr20	18569474.0	18569477.0	1.0	tail_pattern_1	True	0.069739	SMIM26	1	0.18673330304407088		0	0	0.0	0.0		1.0	0.0	+	True	PRAISE+ELAP_cross_chemistry	2.0	2.0
chr20_24970205	chr20	24970205.0	24970205.0	0.0	tail_pattern_1	True	0.061755500000000005	APMAP	1	0.09722853248523398		0	0	0.0	0.0		0.0	0.0		True	PRAISE_only	1.0	1.0
chr20_25278322-25278324	chr20	25278322.0	25278324.0	1.0	tail_pattern_1	True	0.105762	PYGB	1	0.49704679691049525	DKC1	1	1	0.0	0.0		1.0	0.0	+	True	PRAISE+ELAP_cross_chemistry	2.0	2.0
chr20_25302252-25302250	chr20	25302250.0	25302252.0	1.0	tail_pattern_1	True	0.1582265	ABHD12	1	0.6905951840072694	DKC1	1	1	0.0	0.0		1.0	0.0	-	True	PRAISE+ELAP_cross_chemistry	2.0	2.0
chr20_2660769	chr20	2660769.0	2660769.0	0.0	tail_pattern_1	True	0.0653665	IDH3B	1	0.13448432530667878		0	0	0.0	0.0		0.0	0.0		True	PRAISE_only	1.0	1.0
chr20_3021373	chr20	3021373.0	3021373.0	0.0	tail_pattern_1	True	0.1111675	PTPRA	1	0.5297592003634711	PUS7	1	1	0.0	0.0		0.0	0.0		True	PRAISE_only	1.0	1.0
chr20_31514487	chr20	31514487.0	31514487.0	0.0	tail_pattern_1	True	0.12590099999999999	HM13	1	0.5892776010904135	TRUB1	1	1	0.0	0.0		1.0	0.0	+	True	PRAISE+ELAP_cross_chemistry	2.0	2.0
chr20_31538361-31538363	chr20	31538361.0	31538363.0	1.0	tail_pattern_1	True	0.7395835	HM13	1	0.9563834620626988	TRUB1	1	1	0.0	0.0		0.0	0.0		True	PRAISE_only	1.0	1.0
chr20_32332278	chr20	32332278.0	32332278.0	0.0	tail_pattern_1	True	0.0849615	KIF3B	1	0.3353021353930032		0	0	0.0	0.0		0.0	0.0		True	PRAISE_only	1.0	1.0
chr20_32333997	chr20	32333997.0	32333997.0	0.0	tail_pattern_1	True	0.11390149999999999	KIF3B	1	0.538391640163562	PUS7	1	1	0.0	0.0		0.0	0.0		True	PRAISE_only	1.0	1.0
chr20_33438996-33438994	chr20	33438994.0	33438996.0	1.0	tail_pattern_1	True	0.2077995	SNTA1	1	0.7678328032712404		0	0	0.0	0.0		0.0	0.0		True	PRAISE_only	1.0	1.0
chr20_33853900-33853901	chr20	33853900.0	33853901.0	1.0	tail_pattern_1	True	0.108373	CHMP4B	1	0.5084052703316674		0	0	0.0	0.0		0.0	0.0		True	PRAISE_only	1.0	1.0
chr20_34412580-34412583	chr20	34412580.0	34412583.0	1.0	tail_pattern_1	True	0.11709249999999999	ITCH	1	0.5552021808268969	DKC1	1	1	0.0	0.0		0.0	0.0		True	PRAISE_only	1.0	1.0
chr20_34588519	chr20	34588519.0	34588519.0	0.0	tail_pattern_1	True	0.143412	PIGU	1	0.6528850522489777		0	0	0.0	0.0		0.0	0.0		True	PRAISE_only	1.0	1.0
chr20_34850498-34850496	chr20	34850496.0	34850498.0	1.0	tail_pattern_1	True	0.5297615	GGT7	1	0.9154929577464789		0	0	0.0	0.0		0.0	0.0		True	PRAISE_only	1.0	1.0
chr20_34935614-34935613	chr20	34935613.0	34935614.0	1.0	tail_pattern_1	True	0.078387	GSS	1	0.27623807360290775	DKC1	1	1	0.0	0.0		1.0	0.0	-	True	PRAISE+ELAP_cross_chemistry	2.0	2.0
chr20_35284418	chr20	35284418.0	35284418.0	0.0	tail_pattern_1	True	0.08579049999999999	EIF6	1	0.3425715583825534		0	0	0.0	0.0		1.0	0.0	-	True	PRAISE+ELAP_cross_chemistry	2.0	2.0
chr20_35542868	chr20	35542868.0	35542868.0	0.0	tail_pattern_1	True	0.1258435	ERGIC3	1	0.5883689232167196	DKC1	1	1	1.0	0.0	+	1.0	0.0	+	True	PRAISE+BID+ELAP	3.0	2.0
chr20_35557429	chr20	35557429.0	35557429.0	0.0	tail_pattern_1	True	0.0574265	ERGIC3	1	0.04270786006360745		0	0	0.0	0.0		1.0	0.0	+	True	PRAISE+ELAP_cross_chemistry	2.0	2.0
chr20_35669511-35669510	chr20	35669510.0	35669511.0	1.0	tail_pattern_1	True	0.1950875	NFS1	1	0.7596547024079964		0	0	0.0	0.0		0.0	0.0		True	PRAISE_only	1.0	1.0
chr20_35949042	chr20	35949042.0	35949042.0	0.0	tail_pattern_1	True	0.141355	PHF20	1	0.6465243071331213		0	0	0.0	0.0		0.0	0.0		True	PRAISE_only	1.0	1.0
chr20_36049257-36049255	chr20	36049255.0	36049257.0	1.0	tail_pattern_1	True	0.0609085	NORAD	1	0.08723307587460245		0	0	0.0	0.0		0.0	0.0		True	PRAISE_only	1.0	1.0
chr20_36593664	chr20	36593664.0	36593664.0	0.0	tail_pattern_1	True	0.21837600000000001	TGIF2	1	0.781462971376647	PUS7	1	1	0.0	0.0		0.0	0.0		True	PRAISE_only	1.0	1.0
chr20_36752723	chr20	36752723.0	36752723.0	0.0	tail_pattern_1	True	0.1356635	DSN1	1	0.6269877328487051		0	0	0.0	0.0		0.0	0.0		True	PRAISE_only	1.0	1.0
chr20_36890636	chr20	36890636.0	36890636.0	0.0	tail_pattern_1	True	0.092402	SAMHD1	1	0.40254429804634256		0	0	0.0	0.0		0.0	0.0		True	PRAISE_only	1.0	1.0
chr20_36941064-36941063	chr20	36941063.0	36941064.0	1.0	tail_pattern_1	True	0.8835575	SAMHD1	1	0.97955474784189	TRUB1	1	1	0.0	0.0		1.0	0.0	-	True	PRAISE+ELAP_cross_chemistry	2.0	2.0
chr20_37204812-37204814	chr20	37204812.0	37204814.0	1.0	tail_pattern_1	True	0.0817305	RPN2	1	0.3048614266242617		0	0	0.0	0.0		0.0	0.0		True	PRAISE_only	1.0	1.0
chr20_37213828-37213829	chr20	37213828.0	37213829.0	1.0	tail_pattern_1	True	0.097612	RPN2	1	0.4438891412994094		0	0	0.0	0.0		1.0	0.0	+	True	PRAISE+ELAP_cross_chemistry	2.0	2.0
chr20_3803163	chr20	3803163.0	3803163.0	0.0	tail_pattern_1	True	0.0667735	CDC25B	1	0.1522035438437074	PUS7	1	1	0.0	0.0		0.0	0.0		True	PRAISE_only	1.0	1.0
chr20_410578-410579	chr20	410578.0	410579.0	1.0	tail_pattern_1	True	0.1178505	RBCK1	1	0.558836892321672		0	0	0.0	0.0		0.0	0.0		True	PRAISE_only	1.0	1.0
chr20_41098265-41098268	chr20	41098265.0	41098268.0	1.0	tail_pattern_1	True	0.1464125	TOP1	1	0.6592457973648341		0	0	0.0	0.0		1.0	0.0	+	True	PRAISE+ELAP_cross_chemistry	2.0	2.0
chr20_45410529	chr20	45410529.0	45410529.0	0.0	tail_pattern_1	True	0.257161	DBNDD2	1	0.817810086324398		0	0	1.0	0.0	+	1.0	0.0	+	True	PRAISE+BID+ELAP	3.0	2.0
chr20_45416569-45416570	chr20	45416569.0	45416570.0	1.0	tail_pattern_1	True	0.053710999999999995	PIGT	1	0.010904134484325307		0	0	0.0	0.0		1.0	0.0	+	True	PRAISE+ELAP_cross_chemistry	2.0	2.0
chr20_45848594	chr20	45848594.0	45848594.0	0.0	tail_pattern_1	True	0.1511155	ACOT8	1	0.6724216265333939		0	0	0.0	0.0		0.0	0.0		True	PRAISE_only	1.0	1.0
chr20_45905033	chr20	45905033.0	45905033.0	0.0	tail_pattern_1	True	0.1436965	PLTP	1	0.6542480690595184		0	0	0.0	0.0		0.0	0.0		True	PRAISE_only	1.0	1.0
chr20_45909552	chr20	45909552.0	45909552.0	0.0	tail_pattern_1	True	0.1790845	PLTP	1	0.7355747387551114		0	0	0.0	0.0		0.0	0.0		True	PRAISE_only	1.0	1.0
chr20_49077005-49077006	chr20	49077005.0	49077006.0	1.0	tail_pattern_1	True	0.177623	CSE1L	1	0.73284870513403		0	0	0.0	0.0		1.0	0.0	+	True	PRAISE+ELAP_cross_chemistry	2.0	2.0
chr20_49113647	chr20	49113647.0	49113647.0	0.0	tail_pattern_1	True	0.23091099999999998	STAU1	1	0.7928214447978191		0	0	1.0	0.0	-	0.0	0.0		True	PRAISE+BID_same_family	2.0	1.0
chr20_49221508-49221510	chr20	49221508.0	49221510.0	1.0	tail_pattern_1	True	0.077082	DDX27	1	0.2626079054975011		0	0	0.0	0.0		0.0	0.0		True	PRAISE_only	1.0	1.0
chr20_49952783-49952787	chr20	49952783.0	49952787.0	1.0	tail_pattern_1	True	0.15336650000000002	RNF114	1	0.6783280327124035		0	0	0.0	0.0		1.0	0.0	+	True	PRAISE+ELAP_cross_chemistry	2.0	2.0
chr20_5190553-5190554	chr20	5190553.0	5190554.0	1.0	tail_pattern_1	True	0.315307	CDS2	1	0.8527941844616084	TRUB1	1	1	0.0	0.0		1.0	0.0	+	True	PRAISE+ELAP_cross_chemistry	2.0	2.0
chr20_56367843-56367844	chr20	56367843.0	56367844.0	1.0	tail_pattern_1	True	0.0924815	FAM210B	1	0.40299863698318944		0	0	0.0	0.0		1.0	0.0	+	True	PRAISE+ELAP_cross_chemistry	2.0	2.0
chr20_58677108-58677109	chr20	58677108.0	58677109.0	1.0	tail_pattern_1	True	0.07706550000000001	STX16	1	0.26215356656065425		0	0	0.0	0.0		1.0	0.0	+	True	PRAISE+ELAP_cross_chemistry	2.0	2.0
chr20_59028814-59028812	chr20	59028812.0	59028814.0	1.0	tail_pattern_1	True	0.180422	ATP5F1E	1	0.7383007723761926	DKC1	1	1	0.0	0.0		1.0	0.0	-	True	PRAISE+ELAP_cross_chemistry	2.0	2.0
chr20_59036488	chr20	59036488.0	59036488.0	0.0	tail_pattern_1	True	0.064321	PRELID3B	1	0.1226715129486597		0	0	0.0	0.0		0.0	0.0		True	PRAISE_only	1.0	1.0
chr20_59946042-59946043	chr20	59946042.0	59946043.0	1.0	tail_pattern_1	True	0.0847475	FAM217B	1	0.33303044070876875	TRUB1	1	1	0.0	0.0		1.0	0.0	+	True	PRAISE+ELAP_cross_chemistry	2.0	2.0
chr20_6031323-6031324	chr20	6031323.0	6031324.0	1.0	tail_pattern_1	True	0.08020050000000001	CRLS1	1	0.29168559745570194	DKC1	1	1	0.0	0.0		1.0	0.0	+	True	PRAISE+ELAP_cross_chemistry	2.0	2.0
chr20_62316025	chr20	62316025.0	62316025.0	0.0	tail_pattern_1	True	0.11595350000000001	LAMA5	1	0.5497501135847342	PUS1	1	1	0.0	0.0		0.0	0.0		True	PRAISE_only	1.0	1.0
chr20_62387123	chr20	62387123.0	62387123.0	0.0	tail_pattern_1	True	0.058595999999999995	RPS21	1	0.062244434348023625		0	0	0.0	0.0		1.0	0.0	+	True	PRAISE+ELAP_cross_chemistry	2.0	2.0
chr20_62945233	chr20	62945233.0	62945233.0	0.0	tail_pattern_1	True	0.13851750000000002	GID8	1	0.635620172648796		0	0	0.0	0.0		0.0	0.0		True	PRAISE_only	1.0	1.0
chr20_63742413	chr20	63742413.0	63742413.0	0.0	tail_pattern_1	True	0.291412	SLC2A4RG	1	0.838255338482508		0	0	1.0	0.0	+	1.0	0.0	+	True	PRAISE+BID+ELAP	3.0	2.0
chr21_25881387	chr21	25881387.0	25881387.0	0.0	tail_pattern_1	True	0.0811915	APP	1	0.29940935938209906		0	0	0.0	0.0		1.0	0.0	-	True	PRAISE+ELAP_cross_chemistry	2.0	2.0
chr21_26000090-26000087	chr21	26000087.0	26000090.0	1.0	tail_pattern_1	True	0.1468695	APP	1	0.6608359836437983		0	0	1.0	0.0	-	1.0	0.0	-	True	PRAISE+BID+ELAP	3.0	2.0
chr21_29006325-29006324	chr21	29006324.0	29006325.0	1.0	tail_pattern_1	True	0.271946	RWDD2B	1	0.8273512039981826	TRUB1	1	1	0.0	0.0		0.0	0.0		True	PRAISE_only	1.0	1.0
chr21_29063500-29063499	chr21	29063499.0	29063500.0	1.0	tail_pattern_1	True	0.09128	CCT8	1	0.39300318037255794	DKC1	1	1	0.0	0.0		1.0	0.0	-	True	PRAISE+ELAP_cross_chemistry	2.0	2.0
chr21_31666472-31666474	chr21	31666472.0	31666474.0	1.0	tail_pattern_1	True	0.08409649999999999	SOD1	1	0.32757837346660607	DKC1	1	1	0.0	0.0		1.0	0.0	+	True	PRAISE+ELAP_cross_chemistry	2.0	2.0
chr21_31668703-31668704	chr21	31668703.0	31668704.0	1.0	tail_pattern_1	True	0.152266	SOD1	1	0.676056338028169		0	0	0.0	0.0		0.0	0.0		True	PRAISE_only	1.0	1.0
chr21_32320633-32320632	chr21	32320632.0	32320633.0	1.0	tail_pattern_1	True	0.0734505	URB1	1	0.22716946842344388		0	0	0.0	0.0		0.0	0.0		True	PRAISE_only	1.0	1.0
chr21_33837093	chr21	33837093.0	33837093.0	0.0	tail_pattern_1	True	0.3854865	ITSN1	1	0.8809631985461154		0	0	0.0	0.0		0.0	0.0		True	PRAISE_only	1.0	1.0
chr21_34142500-34142501	chr21	34142500.0	34142501.0	1.0	tail_pattern_1	True	0.1986225	MRPS6	1	0.7623807360290777		0	0	1.0	0.0	+	1.0	0.0	+	True	PRAISE+BID+ELAP	3.0	2.0
chr21_36072656-36072657	chr21	36072656.0	36072657.0	1.0	tail_pattern_1	True	0.0644405	CBR1	1	0.12448886869604725	PUS1	1	1	0.0	0.0		1.0	0.0	+	True	PRAISE+ELAP_cross_chemistry	2.0	2.0
chr21_36748432-36748434	chr21	36748432.0	36748434.0	1.0	tail_pattern_1	True	0.358333	SIM2	1	0.8673330304407088	TRUB1	1	1	0.0	0.0		1.0	0.0	+	True	PRAISE+ELAP_cross_chemistry	2.0	2.0
chr21_37096639-37096641	chr21	37096639.0	37096641.0	1.0	tail_pattern_1	True	0.4235645	TTC3	1	0.8900499772830531		0	0	0.0	0.0		1.0	0.0	+	True	PRAISE+ELAP_cross_chemistry	2.0	2.0
chr21_37166197	chr21	37166197.0	37166197.0	0.0	tail_pattern_1	True	0.25209349999999997	TTC3	1	0.8146297137664698	DKC1	1	1	0.0	0.0		0.0	0.0		True	PRAISE_only	1.0	1.0
chr21_37195727	chr21	37195727.0	37195727.0	0.0	tail_pattern_1	True	0.3251545	TTC3	1	0.8555202180826896		0	0	1.0	0.0	+	1.0	0.0	+	True	PRAISE+BID+ELAP	3.0	2.0
chr21_39178607-39178606	chr21	39178606.0	39178607.0	1.0	tail_pattern_1	True	0.072107	PSMG1	1	0.21671967287596547		0	0	0.0	0.0		1.0	0.0	-	True	PRAISE+ELAP_cross_chemistry	2.0	2.0
chr21_39186966-39186965	chr21	39186965.0	39186966.0	1.0	tail_pattern_1	True	0.5756825	BRWD1	1	0.9295774647887324	TRUB1	1	1	0.0	0.0		1.0	0.0	-	True	PRAISE+ELAP_cross_chemistry	2.0	2.0
chr21_39345897	chr21	39345897.0	39345897.0	0.0	tail_pattern_1	True	0.1147925	HMGN1	1	0.5420263516583371		0	0	0.0	0.0		0.0	0.0		True	PRAISE_only	1.0	1.0
chr21_39345900-39345899	chr21	39345899.0	39345900.0	1.0	tail_pattern_1	True	0.30086	HMGN1	1	0.8464334393457519		0	0	0.0	0.0		1.0	0.0	-	True	PRAISE+ELAP_cross_chemistry	2.0	2.0
chr21_41226299-41226301	chr21	41226299.0	41226301.0	1.0	tail_pattern_1	True	0.1235205	BACE2	1	0.5824625170377101		0	0	0.0	0.0		0.0	0.0		True	PRAISE_only	1.0	1.0
chr21_41257193-41257194	chr21	41257193.0	41257194.0	1.0	tail_pattern_1	True	0.132381	BACE2	1	0.6133575647432985		0	0	0.0	0.0		0.0	0.0		True	PRAISE_only	1.0	1.0
chr21_43053796	chr21	43053796.0	43053796.0	0.0	tail_pattern_1	True	0.058406	CBS	1	0.05929123125851885		0	0	0.0	0.0		0.0	0.0		True	PRAISE_only	1.0	1.0
chr21_43774291-43774290	chr21	43774290.0	43774291.0	1.0	tail_pattern_1	True	0.10696900000000001	CSTB	1	0.5011358473421172	TRUB1	1	1	1.0	0.0	-	1.0	0.0	-	True	PRAISE+BID+ELAP	3.0	2.0
chr21_43981040-43981042	chr21	43981040.0	43981042.0	1.0	tail_pattern_1	True	0.188444	AGPAT3	1	0.748750567923671		0	0	1.0	0.0	+	1.0	0.0	+	True	PRAISE+BID+ELAP	3.0	2.0
chr21_44037839-44037840	chr21	44037839.0	44037840.0	1.0	tail_pattern_1	True	0.7213805	TRAPPC10	1	0.9541117673784644	TRUB1	1	1	1.0	0.0	+	0.0	0.0		True	PRAISE+BID_same_family	2.0	1.0
chr21_44137182-44137185	chr21	44137182.0	44137185.0	1.0	tail_pattern_1	True	0.14526	GATD3	1	0.6583371194911404	DKC1	1	1	0.0	0.0		1.0	0.0	+	True	PRAISE+ELAP_cross_chemistry	2.0	2.0
chr21_44316470	chr21	44316470.0	44316470.0	0.0	tail_pattern_1	True	0.1091225	PFKL	1	0.5152203543843707	DKC1	1	1	0.0	0.0		0.0	0.0		True	PRAISE_only	1.0	1.0
chr21_44320107-44320109	chr21	44320107.0	44320109.0	1.0	tail_pattern_1	True	0.1098675	PFKL	1	0.5202180826896865	DKC1	1	1	0.0	0.0		0.0	0.0		True	PRAISE_only	1.0	1.0
chr21_45486990-45486992	chr21	45486990.0	45486992.0	1.0	tail_pattern_1	True	0.095742	COL18A1	1	0.4325306678782372	DKC1	1	1	0.0	0.0		1.0	0.0	+	True	PRAISE+ELAP_cross_chemistry	2.0	2.0
chr21_46270550-46270549	chr21	46270549.0	46270550.0	1.0	tail_pattern_1	True	0.6484175000000001	MCM3AP	1	0.9427532939572921	TRUB1	1	1	1.0	0.0	-	0.0	0.0		True	PRAISE+BID_same_family	2.0	1.0
chr21_46280057-46280055	chr21	46280055.0	46280057.0	1.0	tail_pattern_1	True	0.14347300000000002	MCM3AP	1	0.6533393911858246	DKC1	1	1	0.0	0.0		0.0	0.0		True	PRAISE_only	1.0	1.0
chr21_5124870-5124867	chr21	5124867.0	5124870.0	1.0	tail_pattern_1	True	0.1683285	LOC102724023	1	0.7128577919127669	DKC1	1	1	0.0	0.0		1.0	0.0	-	True	PRAISE+ELAP_cross_chemistry	2.0	2.0
chr21_6445474	chr21	6445474.0	6445474.0	0.0	tail_pattern_1	True	0.058406	LOC102724560	1	0.05929123125851885		0	0	0.0	0.0		0.0	0.0		True	PRAISE_only	1.0	1.0
chr22_19177965-19177964	chr22	19177964.0	19177965.0	1.0	tail_pattern_1	True	0.5588105000000001	SLC25A1	1	0.923216719672876	TRUB1	1	1	1.0	0.0	-	1.0	0.0	-	True	PRAISE+BID+ELAP	3.0	2.0
chr22_19353385	chr22	19353385.0	19353385.0	0.0	tail_pattern_1	True	0.101488	HIRA	1	0.47342117219445706	DKC1	1	1	0.0	0.0		0.0	0.0		True	PRAISE_only	1.0	1.0
chr22_19405844	chr22	19405844.0	19405844.0	0.0	tail_pattern_1	True	0.11814749999999999	HIRA	1	0.5611085870059064		0	0	0.0	0.0		0.0	0.0		True	PRAISE_only	1.0	1.0
chr22_19465252-19465250	chr22	19465250.0	19465252.0	1.0	tail_pattern_1	True	0.093764	UFD1	1	0.417083144025443		0	0	0.0	0.0		1.0	0.0	-	True	PRAISE+ELAP_cross_chemistry	2.0	2.0
chr22_19508566-19508569	chr22	19508566.0	19508569.0	1.0	tail_pattern_1	True	0.0997055	CDC45	1	0.457519309404816		0	0	0.0	0.0		1.0	0.0	+	True	PRAISE+ELAP_cross_chemistry	2.0	2.0
chr22_20405560	chr22	20405560.0	20405560.0	0.0	tail_pattern_1	True	0.212135	ZNF74	1	0.7751022262607905	PUS7	1	1	1.0	0.0	+	0.0	0.0		True	PRAISE+BID_same_family	2.0	1.0
chr22_20761337-20761335	chr22	20761335.0	20761337.0	1.0	tail_pattern_1	True	0.38181350000000003	PI4KA	1	0.8800545206724216	DKC1	1	1	0.0	0.0		1.0	0.0	-	True	PRAISE+ELAP_cross_chemistry	2.0	2.0
chr22_20799106-20799105	chr22	20799105.0	20799106.0	1.0	tail_pattern_1	True	0.11286349999999999	PI4KA	1	0.5347569286687869		0	0	0.0	0.0		0.0	0.0		True	PRAISE_only	1.0	1.0
chr22_20870466-20870467	chr22	20870466.0	20870467.0	1.0	tail_pattern_1	True	0.1991395	SNAP29	1	0.7628350749659246	DKC1	1	1	1.0	0.0	+	1.0	0.0	+	True	PRAISE+BID+ELAP	3.0	2.0
chr22_20917950-20917951	chr22	20917950.0	20917951.0	1.0	tail_pattern_1	True	0.21008749999999998	CRKL	1	0.7723761926397092	TRUB1	1	1	1.0	0.0	+	1.0	0.0	+	True	PRAISE+BID+ELAP	3.0	2.0
chr22_20990461-20990462	chr22	20990461.0	20990462.0	1.0	tail_pattern_1	True	0.06107850000000001	LZTR1	1	0.08950477055883689		0	0	0.0	0.0		0.0	0.0		True	PRAISE_only	1.0	1.0
chr22_21622183-21622184	chr22	21622183.0	21622184.0	1.0	tail_pattern_1	True	0.1441395	UBE2L3	1	0.6551567469332121		0	0	0.0	0.0		0.0	0.0		True	PRAISE_only	1.0	1.0
chr22_23742865-23742864	chr22	23742864.0	23742865.0	1.0	tail_pattern_1	True	0.9321265000000001	ZNF70	1	0.9904588823262154		0	0	0.0	0.0		0.0	0.0		True	PRAISE_only	1.0	1.0
chr22_24541687	chr22	24541687.0	24541687.0	0.0	tail_pattern_1	True	0.257583	GUCD1	1	0.8191731031349386		0	0	0.0	0.0		1.0	0.0	-	True	PRAISE+ELAP_cross_chemistry	2.0	2.0
chr22_26452839-26452838	chr22	26452838.0	26452839.0	1.0	tail_pattern_1	True	0.5306124999999999	HPS4	1	0.9159472966833258	TRUB1	1	1	0.0	0.0		1.0	0.0	-	True	PRAISE+ELAP_cross_chemistry	2.0	2.0
chr22_29351771	chr22	29351771.0	29351771.0	0.0	tail_pattern_1	True	0.1741005	AP1B1	1	0.7273966378918674	DKC1	1	1	1.0	0.0	-	0.0	0.0		True	PRAISE+BID_same_family	2.0	1.0
chr22_29356453	chr22	29356453.0	29356453.0	0.0	tail_pattern_1	True	0.0629365	AP1B1	1	0.10949568378009995		0	0	0.0	0.0		0.0	0.0		True	PRAISE_only	1.0	1.0
chr22_29603684	chr22	29603684.0	29603684.0	0.0	tail_pattern_1	True	0.33400850000000004	NF2	1	0.8600636074511586	PUS7	1	1	0.0	0.0		0.0	0.0		True	PRAISE_only	1.0	1.0
chr22_29804735	chr22	29804735.0	29804735.0	0.0	tail_pattern_1	True	0.11410250000000001	ASCC2	1	0.5388459791004089		0	0	0.0	0.0		0.0	0.0		True	PRAISE_only	1.0	1.0
chr22_30007316-30007317	chr22	30007316.0	30007317.0	1.0	tail_pattern_1	True	0.888594	MTMR3	1	0.9813721035892776	TRUB1	1	1	0.0	0.0		1.0	0.0	+	True	PRAISE+ELAP_cross_chemistry	2.0	2.0
chr22_31088892-31088893	chr22	31088892.0	31088893.0	1.0	tail_pattern_1	True	0.1471695	SMTN	1	0.6615174920490686		0	0	0.0	0.0		0.0	0.0		True	PRAISE_only	1.0	1.0
chr22_31420277	chr22	31420277.0	31420277.0	0.0	tail_pattern_1	True	0.1215765	DRG1	1	0.5751930940481599		0	0	1.0	0.0	+	1.0	0.0	+	True	PRAISE+BID+ELAP	3.0	2.0
chr22_35424407	chr22	35424407.0	35424407.0	0.0	tail_pattern_1	True	0.2526645	MCM5	1	0.8155383916401635		0	0	1.0	0.0	+	1.0	0.0	+	True	PRAISE+BID+ELAP	3.0	2.0
chr22_36467619	chr22	36467619.0	36467619.0	0.0	tail_pattern_1	True	0.06761149999999999	TXN2	1	0.16492503407542025		0	0	0.0	0.0		0.0	0.0		True	PRAISE_only	1.0	1.0
chr22_36504572	chr22	36504572.0	36504572.0	0.0	tail_pattern_1	True	0.10767650000000001	FOXRED2	1	0.5056792367105861	PUS1	1	1	0.0	0.0		0.0	0.0		True	PRAISE_only	1.0	1.0
chr22_36511725-36511724	chr22	36511724.0	36511725.0	1.0	tail_pattern_1	True	0.058075	EIF3D	1	0.05361199454793276	TRUB1	1	1	0.0	0.0		1.0	0.0	-	True	PRAISE+ELAP_cross_chemistry	2.0	2.0
chr22_37658948-37658950	chr22	37658948.0	37658950.0	1.0	tail_pattern_1	True	0.349835	PDXP	1	0.8650613357564744		0	0	0.0	0.0		1.0	0.0	+	True	PRAISE+ELAP_cross_chemistry	2.0	2.0
chr22_37862993-37862995	chr22	37862993.0	37862995.0	1.0	tail_pattern_1	True	0.0759315	EIF3L	1	0.24988641526578828	TRUB1	1	1	0.0	0.0		0.0	0.0		True	PRAISE_only	1.0	1.0
chr22_37874468-37874469	chr22	37874468.0	37874469.0	1.0	tail_pattern_1	True	0.060117500000000004	EIF3L	1	0.07996365288505225		0	0	0.0	0.0		1.0	0.0	+	True	PRAISE+ELAP_cross_chemistry	2.0	2.0
chr22_37875890-37875891	chr22	37875890.0	37875891.0	1.0	tail_pattern_1	True	0.0966785	EIF3L	1	0.4388914129940936		0	0	0.0	0.0		1.0	0.0	+	True	PRAISE+ELAP_cross_chemistry	2.0	2.0
chr22_37875895-37875897	chr22	37875895.0	37875897.0	1.0	tail_pattern_1	True	0.101188	EIF3L	1	0.47069513857337575	DKC1	1	1	0.0	0.0		0.0	0.0		True	PRAISE_only	1.0	1.0
chr22_37878111	chr22	37878111.0	37878111.0	0.0	tail_pattern_1	True	0.15006049999999999	EIF3L	1	0.6687869150386188		0	0	0.0	0.0		1.0	0.0	+	True	PRAISE+ELAP_cross_chemistry	2.0	2.0
chr22_38728016-38728017	chr22	38728016.0	38728017.0	1.0	tail_pattern_1	True	0.4731145	GTPBP1	1	0.9014084507042254		0	0	1.0	0.0	+	1.0	0.0	+	True	PRAISE+BID+ELAP	3.0	2.0
chr22_39018870	chr22	39018870.0	39018870.0	0.0	tail_pattern_1	True	0.1597385	APOBEC3C	1	0.6933212176283507	PUS7	1	1	0.0	0.0		0.0	0.0		True	PRAISE_only	1.0	1.0
chr22_39313255-39313254	chr22	39313254.0	39313255.0	1.0	tail_pattern_1	True	0.0626755	RPL3	1	0.10631531122217174		0	0	0.0	0.0		1.0	0.0	-	True	PRAISE+ELAP_cross_chemistry	2.0	2.0
chr22_39521800	chr22	39521800.0	39521800.0	0.0	tail_pattern_1	True	0.05939	ATF4	1	0.07042253521126761		0	0	0.0	0.0		1.0	0.0	+	True	PRAISE+ELAP_cross_chemistry	2.0	2.0
chr22_40358945	chr22	40358945.0	40358945.0	0.0	tail_pattern_1	True	0.076448	ADSL	1	0.2557928214447978		0	0	0.0	0.0		1.0	0.0	+	True	PRAISE+ELAP_cross_chemistry	2.0	2.0
chr22_40359015-40359017	chr22	40359015.0	40359017.0	1.0	tail_pattern_1	True	0.06758600000000001	ADSL	1	0.16310767832803272	DKC1	1	1	0.0	0.0		1.0	0.0	+	True	PRAISE+ELAP_cross_chemistry	2.0	2.0
chr22_40364896	chr22	40364896.0	40364896.0	0.0	tail_pattern_1	True	0.055968000000000004	ADSL	1	0.03134938664243526		0	0	0.0	0.0		1.0	0.0	+	True	PRAISE+ELAP_cross_chemistry	2.0	2.0
chr22_40366437	chr22	40366437.0	40366437.0	0.0	tail_pattern_1	True	0.1065905	ADSL	1	0.4993184915947297		0	0	0.0	0.0		1.0	0.0	+	True	PRAISE+ELAP_cross_chemistry	2.0	2.0
chr22_40770901-40770900	chr22	40770900.0	40770901.0	1.0	tail_pattern_1	True	0.112746	SLC25A17	1	0.5338482507950931		0	0	0.0	0.0		1.0	0.0	-	True	PRAISE+ELAP_cross_chemistry	2.0	2.0
chr22_40824901-40824900	chr22	40824900.0	40824901.0	1.0	tail_pattern_1	True	0.661828	ST13	1	0.9454793275783735	TRUB1	1	1	1.0	0.0	-	1.0	0.0	-	True	PRAISE+BID+ELAP	3.0	2.0
chr22_40929581-40929582	chr22	40929581.0	40929582.0	1.0	tail_pattern_1	True	0.782456	XPNPEP3	1	0.9618355293048614	TRUB1	1	1	0.0	0.0		0.0	0.0		True	PRAISE_only	1.0	1.0
chr22_40953600	chr22	40953600.0	40953600.0	0.0	tail_pattern_1	True	0.08197499999999999	RBX1	1	0.3071331213084961		0	0	0.0	0.0		1.0	0.0	+	True	PRAISE+ELAP_cross_chemistry	2.0	2.0
chr22_41251084	chr22	41251084.0	41251084.0	0.0	tail_pattern_1	True	0.134339	RANGAP1	1	0.6224443434802363		0	0	0.0	0.0		0.0	0.0		True	PRAISE_only	1.0	1.0
chr22_41598953-41598951	chr22	41598951.0	41598953.0	1.0	tail_pattern_1	True	0.0651565	DESI1	1	0.13130395274875056	TRUB1	1	1	0.0	0.0		1.0	0.0	-	True	PRAISE+ELAP_cross_chemistry	2.0	2.0
chr22_41628151-41628157	chr22	41628151.0	41628157.0	1.0	tail_pattern_1	True	0.0654215	XRCC6	1	0.13584734211721944		0	0	0.0	0.0		0.0	0.0		True	PRAISE_only	1.0	1.0
chr22_41636571-41636573	chr22	41636571.0	41636573.0	1.0	tail_pattern_1	True	0.0572345	XRCC6	1	0.039981826442526125		0	0	0.0	0.0		1.0	0.0	+	True	PRAISE+ELAP_cross_chemistry	2.0	2.0
chr22_41677031-41677030	chr22	41677030.0	41677031.0	1.0	tail_pattern_1	True	0.07532	LOC107985567	1	0.24398000908677875		0	0	0.0	0.0		0.0	0.0		True	PRAISE_only	1.0	1.0
chr22_41878000	chr22	41878000.0	41878000.0	0.0	tail_pattern_1	True	0.09452050000000001	SREBF2	1	0.42344388914129943	DKC1	1	1	0.0	0.0		0.0	0.0		True	PRAISE_only	1.0	1.0
chr22_41906158	chr22	41906158.0	41906158.0	0.0	tail_pattern_1	True	0.10065299999999999	SREBF2	1	0.4670604270786006	PUS7	1	1	0.0	0.0		1.0	0.0	+	True	PRAISE+ELAP_cross_chemistry	2.0	2.0
chr22_42060128-42060127	chr22	42060127.0	42060128.0	1.0	tail_pattern_1	True	0.2588585	NAGA	1	0.8200817810086325	TRUB1	1	1	1.0	0.0	-	1.0	0.0	-	True	PRAISE+BID+ELAP	3.0	2.0
chr22_42063009-42063007	chr22	42063007.0	42063009.0	1.0	tail_pattern_1	True	0.239182	NAGA	1	0.8023625624716039	DKC1	1	1	0.0	0.0		1.0	0.0	-	True	PRAISE+ELAP_cross_chemistry	2.0	2.0
chr22_42630961-42630960	chr22	42630960.0	42630961.0	1.0	tail_pattern_1	True	0.088426	CYB5R3	1	0.3689232167196729		0	0	0.0	0.0		1.0	0.0	-	True	PRAISE+ELAP_cross_chemistry	2.0	2.0
chr22_42692835-42692834	chr22	42692834.0	42692835.0	1.0	tail_pattern_1	True	0.7529410000000001	A4GALT	1	0.9586551567469332		0	0	0.0	0.0		0.0	0.0		True	PRAISE_only	1.0	1.0
chr22_43159338	chr22	43159338.0	43159338.0	0.0	tail_pattern_1	True	0.103685	TSPO	1	0.48477964561562925		0	0	0.0	0.0		1.0	0.0	+	True	PRAISE+ELAP_cross_chemistry	2.0	2.0
chr22_43162967	chr22	43162967.0	43162967.0	0.0	tail_pattern_1	True	0.0639305	TSPO	1	0.11767378464334394		0	0	0.0	0.0		0.0	0.0		True	PRAISE_only	1.0	1.0
chr22_44119087	chr22	44119087.0	44119087.0	0.0	tail_pattern_1	True	0.1675765	PARVB	1	0.7114947751022263	DKC1	1	1	0.0	0.0		0.0	0.0		True	PRAISE_only	1.0	1.0
chr22_44493825-44493824	chr22	44493824.0	44493825.0	1.0	tail_pattern_1	True	0.21370050000000002	RTL6	1	0.7769195820081781	TRUB1	1	1	1.0	0.0	-	1.0	0.0	-	True	PRAISE+BID+ELAP	3.0	2.0
chr22_45729539	chr22	45729539.0	45729539.0	0.0	tail_pattern_1	True	0.1786275	ATXN10	1	0.7346660608814175	DKC1	1	1	1.0	0.0	+	0.0	0.0		True	PRAISE+BID_same_family	2.0	1.0
chr22_49927414	chr22	49927414.0	49927414.0	0.0	tail_pattern_1	True	0.1278185	CRELD2	1	0.5970013630168105	DKC1	1	1	0.0	0.0		0.0	0.0		True	PRAISE_only	1.0	1.0
chr22_50447239	chr22	50447239.0	50447239.0	0.0	tail_pattern_1	True	0.070941	SBF1	1	0.20127214902317128		0	0	0.0	0.0		0.0	0.0		True	PRAISE_only	1.0	1.0
chr22_50455045	chr22	50455045.0	50455045.0	0.0	tail_pattern_1	True	0.1116335	SBF1	1	0.5315765561108587		0	0	0.0	0.0		0.0	0.0		True	PRAISE_only	1.0	1.0
chr22_50456672	chr22	50456672.0	50456672.0	0.0	tail_pattern_1	True	0.4453105	SBF1	1	0.8959563834620627		0	0	0.0	0.0		0.0	0.0		True	PRAISE_only	1.0	1.0
chr22_50466388	chr22	50466388.0	50466388.0	0.0	tail_pattern_1	True	0.160148	SBF1	1	0.6942298955020445	PUS7	1	1	1.0	0.0	-	0.0	0.0		True	PRAISE+BID_same_family	2.0	1.0
chr22_50516510-50516511	chr22	50516510.0	50516511.0	1.0	tail_pattern_1	True	0.164236	NCAPH2	1	0.7028623353021354		0	0	0.0	0.0		1.0	0.0	+	True	PRAISE+ELAP_cross_chemistry	2.0	2.0
chr22_KI270875v1_alt_185641	chr22_KI270875v1_alt	185641.0	185641.0	0.0	tail_pattern_1	True	0.09828049999999999	PRAME	1	0.4488868696047251	PUS7	1	1	0.0	0.0		0.0	0.0		True	PRAISE_only	1.0	1.0
chr22_KI270879v1_alt_0	chr22_KI270879v1_alt	0.0	0.0	0.0	tail_pattern_1	True	0.0933045	CABIN1	1	0.4120854157201272		0	0	0.0	0.0		0.0	0.0		True	PRAISE_only	1.0	1.0
chr22_KI270879v1_alt_210247	chr22_KI270879v1_alt	210247.0	210247.0	0.0	tail_pattern_1	True	0.0541665	DDT	1	0.017264879600181735		0	0	0.0	0.0		0.0	0.0		True	PRAISE_only	1.0	1.0
chr2_101006335-101006336	chr2	101006335.0	101006336.0	1.0	tail_pattern_1	True	0.160101	RPL31	1	0.6937755565651976		0	0	0.0	0.0		1.0	0.0	+	True	PRAISE+ELAP_cross_chemistry	2.0	2.0
chr2_101269287-101269289	chr2	101269287.0	101269289.0	1.0	tail_pattern_1	True	0.0699235	CNOT11	1	0.19036801453884597		0	0	0.0	0.0		1.0	0.0	+	True	PRAISE+ELAP_cross_chemistry	2.0	2.0
chr2_101272998-101272996	chr2	101272996.0	101272998.0	1.0	tail_pattern_1	True	0.5307925	RNF149	1	0.9164016356201726	DKC1	1	1	0.0	0.0		1.0	0.0	-	True	PRAISE+ELAP_cross_chemistry	2.0	2.0
chr2_10442150-10442149	chr2	10442149.0	10442150.0	1.0	tail_pattern_1	True	0.09153549999999999	ODC1	1	0.3952748750567924		0	0	0.0	0.0		1.0	0.0	-	True	PRAISE+ELAP_cross_chemistry	2.0	2.0
chr2_108782746-108782749	chr2	108782746.0	108782749.0	1.0	tail_pattern_1	True	0.054027	RANBP2	1	0.015447523852794184		0	0	0.0	0.0		1.0	0.0	+	True	PRAISE+ELAP_cross_chemistry	2.0	2.0
chr2_109564501	chr2	109564501.0	109564501.0	0.0	tail_pattern_1	True	0.1061355	SEPTIN10	1	0.497955474784189		0	0	0.0	0.0		0.0	0.0		True	PRAISE_only	1.0	1.0
chr2_110639839-110639837	chr2	110639837.0	110639839.0	1.0	tail_pattern_1	True	0.0703915	BUB1	1	0.19491140390731485	DKC1	1	1	0.0	0.0		1.0	0.0	-	True	PRAISE+ELAP_cross_chemistry	2.0	2.0
chr2_110650571-110650570	chr2	110650570.0	110650571.0	1.0	tail_pattern_1	True	0.209359	BUB1	1	0.7710131758291685		0	0	0.0	0.0		1.0	0.0	-	True	PRAISE+ELAP_cross_chemistry	2.0	2.0
chr2_112552664-112552665	chr2	112552664.0	112552665.0	1.0	tail_pattern_1	True	0.1574035	POLR1B	1	0.6896865061335756	DKC1	1	1	0.0	0.0		1.0	0.0	+	True	PRAISE+ELAP_cross_chemistry	2.0	2.0
chr2_113443977-113443980	chr2	113443977.0	113443980.0	1.0	tail_pattern_1	True	0.19349349999999998	CBWD2	1	0.756928668786915	PUS1	1	1	0.0	0.0		0.0	0.0		True	PRAISE_only	1.0	1.0
chr2_113957529	chr2	113957529.0	113957529.0	0.0	tail_pattern_1	True	0.054210499999999995	ACTR3	1	0.017719218537028625		0	0	0.0	0.0		0.0	0.0		True	PRAISE_only	1.0	1.0
chr2_119247995	chr2	119247995.0	119247995.0	0.0	tail_pattern_1	True	0.0736685	STEAP3	1	0.230804179918219		0	0	0.0	0.0		0.0	0.0		True	PRAISE_only	1.0	1.0
chr2_120222597	chr2	120222597.0	120222597.0	0.0	tail_pattern_1	True	0.1773025	TMEM185B	1	0.7314856883234894		0	0	0.0	0.0		0.0	0.0		True	PRAISE_only	1.0	1.0
chr2_127063629	chr2	127063629.0	127063629.0	0.0	tail_pattern_1	True	0.15720099999999998	BIN1	1	0.6878691503861881	TRUB1	1	1	0.0	0.0		1.0	0.0	-	True	PRAISE+ELAP_cross_chemistry	2.0	2.0
chr2_131049504	chr2	131049504.0	131049504.0	0.0	tail_pattern_1	True	0.7352305	FAM168B	1	0.9559291231258519		0	0	1.0	0.0	-	1.0	0.0	-	True	PRAISE+BID+ELAP	3.0	2.0
chr2_131055694-131055693	chr2	131055693.0	131055694.0	1.0	tail_pattern_1	True	0.556322	FAM168B	1	0.9223080417991822	TRUB1	1	1	1.0	0.0	-	1.0	0.0	-	True	PRAISE+BID+ELAP	3.0	2.0
chr2_131492227	chr2	131492227.0	131492227.0	0.0	tail_pattern_1	True	0.070798	MZT2A	1	0.19809177646524306		0	0	0.0	0.0		1.0	0.0	-	True	PRAISE+ELAP_cross_chemistry	2.0	2.0
chr2_135133876-135133877	chr2	135133876.0	135133877.0	1.0	tail_pattern_1	True	0.1515145	RAB3GAP1	1	0.6733303044070876	TRUB1	1	1	0.0	0.0		1.0	0.0	+	True	PRAISE+ELAP_cross_chemistry	2.0	2.0
chr2_135651958	chr2	135651958.0	135651958.0	0.0	tail_pattern_1	True	0.08876899999999999	R3HDM1	1	0.372557928214448	DKC1	1	1	0.0	0.0		0.0	0.0		True	PRAISE_only	1.0	1.0
chr2_135755648	chr2	135755648.0	135755648.0	0.0	tail_pattern_1	True	0.057463	UBXN4	1	0.043162199000454336		0	0	0.0	0.0		0.0	0.0		True	PRAISE_only	1.0	1.0
chr2_135979306	chr2	135979306.0	135979306.0	0.0	tail_pattern_1	True	0.09404	DARS1	1	0.41890049977283056	DKC1	1	1	0.0	0.0		0.0	0.0		True	PRAISE_only	1.0	1.0
chr2_149579509-149579507	chr2	149579507.0	149579509.0	1.0	tail_pattern_1	True	0.0879615	MMADHC	1	0.3648341662880509		0	0	0.0	0.0		1.0	0.0	-	True	PRAISE+ELAP_cross_chemistry	2.0	2.0
chr2_151801825-151801824	chr2	151801824.0	151801825.0	1.0	tail_pattern_1	True	0.1425705	ARL5A	1	0.6510676965015901	PUS1	1	1	0.0	0.0		1.0	0.0	-	True	PRAISE+ELAP_cross_chemistry	2.0	2.0
chr2_15356386-15356385	chr2	15356385.0	15356386.0	1.0	tail_pattern_1	True	0.6832875	NBAS	1	0.9486597001363016	TRUB1	1	1	0.0	0.0		1.0	0.0	-	True	PRAISE+ELAP_cross_chemistry	2.0	2.0
chr2_159248455-159248454	chr2	159248454.0	159248455.0	1.0	tail_pattern_1	True	0.525568	WDSUB1	1	0.9145842798727851	TRUB1	1	1	0.0	0.0		1.0	0.0	-	True	PRAISE+ELAP_cross_chemistry	2.0	2.0
chr2_159769915-159769914	chr2	159769914.0	159769915.0	1.0	tail_pattern_1	True	0.8718475	LY75-CD302	1	0.9772830531576556	TRUB1	1	1	1.0	0.0	-	1.0	0.0	-	True	PRAISE+BID+ELAP	3.0	2.0
chr2_159771030	chr2	159771030.0	159771030.0	0.0	tail_pattern_1	True	0.0839415	LY75-CD302	1	0.3266696955929123	PUS7	1	1	0.0	0.0		0.0	0.0		True	PRAISE_only	1.0	1.0
chr2_168561244-168561245	chr2	168561244.0	168561245.0	1.0	tail_pattern_1	True	0.067221	CERS6	1	0.1599273057701045	TRUB1	1	1	0.0	0.0		1.0	0.0	+	True	PRAISE+ELAP_cross_chemistry	2.0	2.0
chr2_170951347-170951348	chr2	170951347.0	170951348.0	1.0	tail_pattern_1	True	0.298396	GORASP2	1	0.8455247614720581		0	0	1.0	0.0	+	0.0	0.0		True	PRAISE+BID_same_family	2.0	1.0
chr2_171160421	chr2	171160421.0	171160421.0	0.0	tail_pattern_1	True	0.075719	TLK1	1	0.24852339845524762		0	0	0.0	0.0		0.0	0.0		True	PRAISE_only	1.0	1.0
chr2_177499627-177499629	chr2	177499627.0	177499629.0	1.0	tail_pattern_1	True	0.0717315	AGPS	1	0.21104043616537937	DKC1	1	1	0.0	0.0		0.0	0.0		True	PRAISE_only	1.0	1.0
chr2_178331554-178331560	chr2	178331554.0	178331560.0	1.0	tail_pattern_1	True	0.0958335	OSBPL6	1	0.4343480236256247	DKC1	1	1	0.0	0.0		0.0	0.0		True	PRAISE_only	1.0	1.0
chr2_182762729	chr2	182762729.0	182762729.0	0.0	tail_pattern_1	True	0.056978	DNAJC10	1	0.0372557928214448		0	0	0.0	0.0		0.0	0.0		True	PRAISE_only	1.0	1.0
chr2_182957596-182957595	chr2	182957595.0	182957596.0	1.0	tail_pattern_1	True	0.0712025	NCKAP1	1	0.20354384370740572		0	0	0.0	0.0		0.0	0.0		True	PRAISE_only	1.0	1.0
chr2_191009975-191009974	chr2	191009974.0	191009975.0	1.0	tail_pattern_1	True	0.11029549999999999	STAT1	1	0.5233984552476147		0	0	0.0	0.0		1.0	0.0	-	True	PRAISE+ELAP_cross_chemistry	2.0	2.0
chr2_197486727-197486726	chr2	197486726.0	197486727.0	1.0	tail_pattern_1	True	0.5655195	HSPD1	1	0.9250340754202635	TRUB1	1	1	0.0	0.0		1.0	0.0	-	True	PRAISE+ELAP_cross_chemistry	2.0	2.0
chr2_197706294-197706295	chr2	197706294.0	197706295.0	1.0	tail_pattern_1	True	0.280793	MARS2	1	0.8309859154929577		0	0	1.0	0.0	+	1.0	0.0	+	True	PRAISE+BID+ELAP	3.0	2.0
chr2_20037565-20037564	chr2	20037564.0	20037565.0	1.0	tail_pattern_1	True	0.300066	LAPTM4A	1	0.845979100408905	TRUB1	1	1	1.0	0.0	-	1.0	0.0	-	True	PRAISE+BID+ELAP	3.0	2.0
chr2_201085563	chr2	201085563.0	201085563.0	0.0	tail_pattern_1	True	0.1233105	NDUFB3	1	0.5801908223534757	PUS7	1	1	1.0	0.0	+	0.0	0.0		True	PRAISE+BID_same_family	2.0	1.0
chr2_201478363-201478364	chr2	201478363.0	201478364.0	1.0	tail_pattern_1	True	0.12418850000000001	STRADB	1	0.5838255338482508		0	0	0.0	0.0		0.0	0.0		True	PRAISE_only	1.0	1.0
chr2_201480244	chr2	201480244.0	201480244.0	0.0	tail_pattern_1	True	0.080055	STRADB	1	0.2903225806451613	PUS7	1	1	0.0	0.0		0.0	0.0		True	PRAISE_only	1.0	1.0
chr2_202291139	chr2	202291139.0	202291139.0	0.0	tail_pattern_1	True	0.051217	NOP58	1	0.0013630168105406633		0	0	0.0	0.0		0.0	0.0		True	PRAISE_only	1.0	1.0
chr2_203190908	chr2	203190908.0	203190908.0	0.0	tail_pattern_1	True	0.0648985	NBEAL1	1	0.12948659700136303		0	0	0.0	0.0		1.0	0.0	+	True	PRAISE+ELAP_cross_chemistry	2.0	2.0
chr2_210668206	chr2	210668206.0	210668206.0	0.0	tail_pattern_1	True	0.4173915	CPS1	1	0.8873239436619719		0	0	0.0	0.0		0.0	0.0		True	PRAISE_only	1.0	1.0
chr2_215326117	chr2	215326117.0	215326117.0	0.0	tail_pattern_1	True	0.15341	ATIC	1	0.6787823716492504		0	0	0.0	0.0		1.0	0.0	+	True	PRAISE+ELAP_cross_chemistry	2.0	2.0
chr2_215336046	chr2	215336046.0	215336046.0	0.0	tail_pattern_1	True	0.163936	ATIC	1	0.7019536574284416	DKC1	1	1	0.0	0.0		1.0	0.0	+	True	PRAISE+ELAP_cross_chemistry	2.0	2.0
chr2_215361622-215361621	chr2	215361621.0	215361622.0	1.0	tail_pattern_1	True	0.167954	FN1	1	0.7119491140390731	DKC1	1	1	0.0	0.0		1.0	0.0	-	True	PRAISE+ELAP_cross_chemistry	2.0	2.0
chr2_215379156	chr2	215379156.0	215379156.0	0.0	tail_pattern_1	True	0.1285085	FN1	1	0.6010904134484325		0	0	0.0	0.0		0.0	0.0		True	PRAISE_only	1.0	1.0
chr2_215380859-215380858	chr2	215380858.0	215380859.0	1.0	tail_pattern_1	True	0.1487965	FN1	1	0.6646978646069969		0	0	0.0	0.0		0.0	0.0		True	PRAISE_only	1.0	1.0
chr2_215414865-215414863	chr2	215414863.0	215414865.0	1.0	tail_pattern_1	True	0.13723200000000002	FN1	1	0.6310767832803271	PUS1	1	1	0.0	0.0		0.0	0.0		True	PRAISE_only	1.0	1.0
chr2_215422096-215422095	chr2	215422095.0	215422096.0	1.0	tail_pattern_1	True	0.17303649999999998	FN1	1	0.7255792821444798	DKC1	1	1	0.0	0.0		0.0	0.0		True	PRAISE_only	1.0	1.0
chr2_216499392	chr2	216499392.0	216499392.0	0.0	tail_pattern_1	True	0.34849600000000003	RPL37A	1	0.8646069968196275		0	0	1.0	0.0	+	1.0	0.0	+	True	PRAISE+BID+ELAP	3.0	2.0
chr2_216502039	chr2	216502039.0	216502039.0	0.0	tail_pattern_1	True	0.0810005	RPL37A	1	0.2975920036347115		0	0	0.0	0.0		0.0	0.0		True	PRAISE_only	1.0	1.0
chr2_218254284-218254285	chr2	218254284.0	218254285.0	1.0	tail_pattern_1	True	0.0771805	ARPC2	1	0.2639709223080418		0	0	1.0	0.0	+	1.0	0.0	+	True	PRAISE+BID+ELAP	3.0	2.0
chr2_218453332	chr2	218453332.0	218453332.0	0.0	tail_pattern_1	True	0.164153	USP37	1	0.7024079963652885		0	0	0.0	0.0		0.0	0.0		True	PRAISE_only	1.0	1.0
chr2_218756982-218756984	chr2	218756982.0	218756984.0	1.0	tail_pattern_1	True	0.623932	TTLL4	1	0.9404815992730577	TRUB1	1	1	0.0	0.0		0.0	0.0		True	PRAISE_only	1.0	1.0
chr2_219502034	chr2	219502034.0	219502034.0	0.0	tail_pattern_1	True	0.171802	GMPPA	1	0.7228532485233985	DKC1	1	1	0.0	0.0		0.0	0.0		True	PRAISE_only	1.0	1.0
chr2_219571108	chr2	219571108.0	219571108.0	0.0	tail_pattern_1	True	0.1645255	OBSL1	1	0.7055883689232167	PUS7	1	1	0.0	0.0		0.0	0.0		True	PRAISE_only	1.0	1.0
chr2_223899063-223899061	chr2	223899061.0	223899063.0	1.0	tail_pattern_1	True	0.067486	WDFY1	1	0.16219900045433894	DKC1	1	1	0.0	0.0		0.0	0.0		True	PRAISE_only	1.0	1.0
chr2_223991899-223991898	chr2	223991898.0	223991899.0	1.0	tail_pattern_1	True	0.5151615	SERPINE2	1	0.9104952294411631	TRUB1	1	1	0.0	0.0		0.0	0.0		True	PRAISE_only	1.0	1.0
chr2_229793081-229793080	chr2	229793080.0	229793081.0	1.0	tail_pattern_1	True	0.0574825	TRIP12	1	0.04361653793730123		0	0	0.0	0.0		0.0	0.0		True	PRAISE_only	1.0	1.0
chr2_229797811-229797810	chr2	229797810.0	229797811.0	1.0	tail_pattern_1	True	0.0713165	TRIP12	1	0.20626987732848706		0	0	0.0	0.0		1.0	0.0	-	True	PRAISE+ELAP_cross_chemistry	2.0	2.0
chr2_231172629	chr2	231172629.0	231172629.0	0.0	tail_pattern_1	True	0.118769	PSMD1	1	0.5624716038164471	DKC1	1	1	0.0	0.0		0.0	0.0		True	PRAISE_only	1.0	1.0
chr2_24063441	chr2	24063441.0	24063441.0	0.0	tail_pattern_1	True	0.1283165	FKBP1B	1	0.599273057701045	PUS7	1	1	0.0	0.0		0.0	0.0		True	PRAISE_only	1.0	1.0
chr2_240788158-240788156	chr2	240788156.0	240788158.0	1.0	tail_pattern_1	True	0.11792150000000001	KIF1A	1	0.5592912312585189	DKC1	1	1	0.0	0.0		0.0	0.0		True	PRAISE_only	1.0	1.0
chr2_241255426-241255425	chr2	241255425.0	241255426.0	1.0	tail_pattern_1	True	0.0782085	HDLBP	1	0.2744207178555202	DKC1	1	1	0.0	0.0		1.0	0.0	-	True	PRAISE+ELAP_cross_chemistry	2.0	2.0
chr2_241335180	chr2	241335180.0	241335180.0	0.0	tail_pattern_1	True	0.2901335	SEPTIN2	1	0.8355293048614266		0	0	1.0	0.0	+	1.0	0.0	+	True	PRAISE+BID+ELAP	3.0	2.0
chr2_241337481-241337482	chr2	241337481.0	241337482.0	1.0	tail_pattern_1	True	0.061815499999999995	SEPTIN2	1	0.09859154929577464		0	0	0.0	0.0		1.0	0.0	+	True	PRAISE+ELAP_cross_chemistry	2.0	2.0
chr2_241499333-241499332	chr2	241499332.0	241499333.0	1.0	tail_pattern_1	True	0.0736145	STK25	1	0.22989550204452522	DKC1	1	1	1.0	0.0	-	1.0	0.0	-	True	PRAISE+BID+ELAP	3.0	2.0
chr2_26277136	chr2	26277136.0	26277136.0	0.0	tail_pattern_1	True	0.11426700000000001	HADHB	1	0.5402089959109496		0	0	0.0	0.0		0.0	0.0		True	PRAISE_only	1.0	1.0
chr2_27053917-27053918	chr2	27053917.0	27053918.0	1.0	tail_pattern_1	True	0.071396	AGBL5	1	0.20717855520218081		0	0	0.0	0.0		1.0	0.0	+	True	PRAISE+ELAP_cross_chemistry	2.0	2.0
chr2_27201434-27201433	chr2	27201433.0	27201434.0	1.0	tail_pattern_1	True	0.1952215	SLC5A6	1	0.7601090413448433	TRUB1	1	1	1.0	0.0	-	1.0	0.0	-	True	PRAISE+BID+ELAP	3.0	2.0
chr2_27203338	chr2	27203338.0	27203338.0	0.0	tail_pattern_1	True	0.078909	SLC5A6	1	0.28169014084507044	DKC1	1	1	0.0	0.0		0.0	0.0		True	PRAISE_only	1.0	1.0
chr2_27213180	chr2	27213180.0	27213180.0	0.0	tail_pattern_1	True	0.059578000000000006	ATRAID	1	0.07269422989550205		0	0	0.0	0.0		0.0	0.0		True	PRAISE_only	1.0	1.0
chr2_27223618-27223620	chr2	27223618.0	27223620.0	1.0	tail_pattern_1	True	0.088637	CAD	1	0.37028623353021356		0	0	0.0	0.0		1.0	0.0	+	True	PRAISE+ELAP_cross_chemistry	2.0	2.0
chr2_27224361	chr2	27224361.0	27224361.0	0.0	tail_pattern_1	True	0.0779485	CAD	1	0.271240345297592		0	0	0.0	0.0		0.0	0.0		True	PRAISE_only	1.0	1.0
chr2_27232039-27232040	chr2	27232039.0	27232040.0	1.0	tail_pattern_1	True	0.0833735	CAD	1	0.31758291685597456		0	0	0.0	0.0		0.0	0.0		True	PRAISE_only	1.0	1.0
chr2_27232648-27232649	chr2	27232648.0	27232649.0	1.0	tail_pattern_1	True	0.0757025	CAD	1	0.24806905951840072		0	0	0.0	0.0		0.0	0.0		True	PRAISE_only	1.0	1.0
chr2_27326829-27326828	chr2	27326828.0	27326829.0	1.0	tail_pattern_1	True	0.8898135	GTF3C2	1	0.9818264425261245	TRUB1	1	1	1.0	0.0	-	1.0	0.0	-	True	PRAISE+BID+ELAP	3.0	2.0
chr2_27341954-27341953	chr2	27341953.0	27341954.0	1.0	tail_pattern_1	True	0.0880025	GTF3C2	1	0.3657428441617447	DKC1	1	1	0.0	0.0		0.0	0.0		True	PRAISE_only	1.0	1.0
chr2_27374122-27374123	chr2	27374122.0	27374123.0	1.0	tail_pattern_1	True	0.08106250000000001	SNX17	1	0.2980463425715584		0	0	0.0	0.0		1.0	0.0	+	True	PRAISE+ELAP_cross_chemistry	2.0	2.0
chr2_28946836	chr2	28946836.0	28946836.0	0.0	tail_pattern_1	True	0.166944	WDR43	1	0.7105860972285325		0	0	0.0	0.0		0.0	0.0		True	PRAISE_only	1.0	1.0
chr2_3580113	chr2	3580113.0	3580113.0	0.0	tail_pattern_1	True	0.10293350000000001	RPS7	1	0.48205361199454794		0	0	0.0	0.0		1.0	0.0	+	True	PRAISE+ELAP_cross_chemistry	2.0	2.0
chr2_37204343	chr2	37204343.0	37204343.0	0.0	tail_pattern_1	True	0.1330645	CEBPZOS	1	0.6160835983643799	TRUB1	1	1	0.0	0.0		0.0	0.0		True	PRAISE_only	1.0	1.0
chr2_42329888	chr2	42329888.0	42329888.0	0.0	tail_pattern_1	True	0.08486099999999999	EML4	1	0.3343934575193094	PUS7	1	1	0.0	0.0		0.0	0.0		True	PRAISE_only	1.0	1.0
chr2_43918127	chr2	43918127.0	43918127.0	0.0	tail_pattern_1	True	0.07090099999999999	LRPPRC	1	0.2008178100863244		0	0	0.0	0.0		0.0	0.0		True	PRAISE_only	1.0	1.0
chr2_46612274-46612273	chr2	46612273.0	46612274.0	1.0	tail_pattern_1	True	0.07745099999999999	PIGF	1	0.26578827805542937		0	0	0.0	0.0		1.0	0.0	-	True	PRAISE+ELAP_cross_chemistry	2.0	2.0
chr2_46903492-46903491	chr2	46903491.0	46903492.0	1.0	tail_pattern_1	True	0.13562950000000001	MCFD2	1	0.6265333939118582	TRUB1	1	1	0.0	0.0		0.0	0.0		True	PRAISE_only	1.0	1.0
chr2_47799525	chr2	47799525.0	47799525.0	0.0	tail_pattern_1	True	0.0697445	MSH6	1	0.18718764198091775	PUS7	1	1	0.0	0.0		0.0	0.0		True	PRAISE_only	1.0	1.0
chr2_55232723-55232724	chr2	55232723.0	55232724.0	1.0	tail_pattern_1	True	0.07661699999999999	RPS27A	1	0.25897319400272606	DKC1	1	1	0.0	0.0		1.0	0.0	+	True	PRAISE+ELAP_cross_chemistry	2.0	2.0
chr2_55235538-55235539	chr2	55235538.0	55235539.0	1.0	tail_pattern_1	True	0.072071	RPS27A	1	0.21558382553384825		0	0	0.0	0.0		1.0	0.0	+	True	PRAISE+ELAP_cross_chemistry	2.0	2.0
chr2_55419385-55419384	chr2	55419384.0	55419385.0	1.0	tail_pattern_1	True	0.2920025	CCDC88A	1	0.8391640163562017	TRUB1	1	1	0.0	0.0		1.0	0.0	-	True	PRAISE+ELAP_cross_chemistry	2.0	2.0
chr2_63599257-63599258	chr2	63599257.0	63599258.0	1.0	tail_pattern_1	True	0.1209145	MDH1	1	0.5711040436165379	DKC1	1	1	0.0	0.0		1.0	0.0	+	True	PRAISE+ELAP_cross_chemistry	2.0	2.0
chr2_69880765-69880766	chr2	69880765.0	69880766.0	1.0	tail_pattern_1	True	0.10697799999999999	GMCL1	1	0.5015901862789641	TRUB1	1	1	0.0	0.0		0.0	0.0		True	PRAISE_only	1.0	1.0
chr2_70215493-70215492	chr2	70215492.0	70215493.0	1.0	tail_pattern_1	True	0.26329800000000003	TIA1	1	0.8214447978191731	TRUB1	1	1	1.0	0.0	-	1.0	0.0	-	True	PRAISE+BID+ELAP	3.0	2.0
chr2_70277980	chr2	70277980.0	70277980.0	0.0	tail_pattern_1	True	0.275387	PCYOX1	1	0.8296228986824171		0	0	0.0	0.0		0.0	0.0		True	PRAISE_only	1.0	1.0
chr2_7040806-7040807	chr2	7040806.0	7040807.0	1.0	tail_pattern_1	True	0.521964	RNF144A	1	0.9136756019990914	TRUB1	1	1	0.0	0.0		0.0	0.0		True	PRAISE_only	1.0	1.0
chr2_70661003-70661002	chr2	70661002.0	70661003.0	1.0	tail_pattern_1	True	0.23704999999999998	ADD2	1	0.7991821899136756		0	0	0.0	0.0		1.0	0.0	-	True	PRAISE+ELAP_cross_chemistry	2.0	2.0
chr2_70662601-70662600	chr2	70662600.0	70662601.0	1.0	tail_pattern_1	True	0.1103725	ADD2	1	0.5243071331213085		0	0	0.0	0.0		0.0	0.0		True	PRAISE_only	1.0	1.0
chr2_73227115	chr2	73227115.0	73227115.0	0.0	tail_pattern_1	True	0.2879625	SMYD5	1	0.8346206269877329		0	0	0.0	0.0		0.0	0.0		True	PRAISE_only	1.0	1.0
chr2_73247800-73247802	chr2	73247800.0	73247802.0	1.0	tail_pattern_1	True	0.0787475	CCT7	1	0.2807814629713766		0	0	0.0	0.0		1.0	0.0	+	True	PRAISE+ELAP_cross_chemistry	2.0	2.0
chr2_73252776	chr2	73252776.0	73252776.0	0.0	tail_pattern_1	True	0.071247	CCT7	1	0.20490686051794638	PUS7	1	1	0.0	0.0		0.0	0.0		True	PRAISE_only	1.0	1.0
chr2_74154600-74154599	chr2	74154599.0	74154600.0	1.0	tail_pattern_1	True	0.064914	MOB1A	1	0.1299409359382099	DKC1	1	1	0.0	0.0		1.0	0.0	-	True	PRAISE+ELAP_cross_chemistry	2.0	2.0
chr2_74207794	chr2	74207794.0	74207794.0	0.0	tail_pattern_1	True	0.062768	MTHFD2	1	0.10722398909586552	PUS7	1	1	0.0	0.0		1.0	0.0	+	True	PRAISE+ELAP_cross_chemistry	2.0	2.0
chr2_74369480	chr2	74369480.0	74369480.0	0.0	tail_pattern_1	True	0.06412899999999999	DCTN1	1	0.1190368014538846		0	0	0.0	0.0		0.0	0.0		True	PRAISE_only	1.0	1.0
chr2_74378181	chr2	74378181.0	74378181.0	0.0	tail_pattern_1	True	0.0711685	DCTN1	1	0.20218082689686506	PUS7	1	1	0.0	0.0		0.0	0.0		True	PRAISE_only	1.0	1.0
chr2_74425144	chr2	74425144.0	74425144.0	0.0	tail_pattern_1	True	0.101852	WDR54	1	0.47660154475238525	DKC1	1	1	0.0	0.0		0.0	0.0		True	PRAISE_only	1.0	1.0
chr2_74459644-74459645	chr2	74459644.0	74459645.0	1.0	tail_pattern_1	True	0.11802499999999999	WBP1	1	0.5601999091322126		0	0	0.0	0.0		1.0	0.0	+	True	PRAISE+ELAP_cross_chemistry	2.0	2.0
chr2_74493631-74493633	chr2	74493631.0	74493633.0	1.0	tail_pattern_1	True	0.165216	TTC31	1	0.7069513857337574		0	0	0.0	0.0		0.0	0.0		True	PRAISE_only	1.0	1.0
chr2_74959347-74959349	chr2	74959347.0	74959349.0	1.0	tail_pattern_1	True	0.06256199999999999	POLE4	1	0.10472512494320764		0	0	0.0	0.0		1.0	0.0	+	True	PRAISE+ELAP_cross_chemistry	2.0	2.0
chr2_74969463-74969464	chr2	74969463.0	74969464.0	1.0	tail_pattern_1	True	0.0713985	POLE4	1	0.20763289413902772		0	0	0.0	0.0		0.0	0.0		True	PRAISE_only	1.0	1.0
chr2_75672011	chr2	75672011.0	75672011.0	0.0	tail_pattern_1	True	0.1341245	GCFC2	1	0.6210813266696956	PUS7	1	1	0.0	0.0		0.0	0.0		True	PRAISE_only	1.0	1.0
chr2_85342809-85342808	chr2	85342808.0	85342809.0	1.0	tail_pattern_1	True	0.1046365	RETSAT	1	0.49204906860517944	TRUB1	1	1	0.0	0.0		0.0	0.0		True	PRAISE_only	1.0	1.0
chr2_85343648	chr2	85343648.0	85343648.0	0.0	tail_pattern_1	True	0.16206399999999999	RETSAT	1	0.6987732848705134	DKC1	1	1	0.0	0.0		0.0	0.0		True	PRAISE_only	1.0	1.0
chr2_85608584-85608583	chr2	85608583.0	85608584.0	1.0	tail_pattern_1	True	0.7686470000000001	C2orf68	1	0.9600181735574739	TRUB1	1	1	1.0	0.0	-	1.0	0.0	-	True	PRAISE+BID+ELAP	3.0	2.0
chr2_85639308	chr2	85639308.0	85639308.0	0.0	tail_pattern_1	True	0.07919999999999999	USP39	1	0.28441617446615175		0	0	0.0	0.0		0.0	0.0		True	PRAISE_only	1.0	1.0
chr2_86025120-86025119	chr2	86025119.0	86025120.0	1.0	tail_pattern_1	True	0.2199415	POLR1A	1	0.7832803271240345	TRUB1	1	1	0.0	0.0		0.0	0.0		True	PRAISE_only	1.0	1.0
chr2_86118988-86118989	chr2	86118988.0	86118989.0	1.0	tail_pattern_1	True	0.0692085	PTCD3	1	0.18173557473875512		0	0	0.0	0.0		0.0	0.0		True	PRAISE_only	1.0	1.0
chr2_86179518	chr2	86179518.0	86179518.0	0.0	tail_pattern_1	True	0.09470700000000001	NONE	1	0.42480690595184006	PUS7	1	1	1.0	0.0	-	0.0	0.0		True	PRAISE+BID_same_family	2.0	1.0
chr2_86504634	chr2	86504634.0	86504634.0	0.0	tail_pattern_1	True	0.088758	RNF103-CHMP3	1	0.37210358927760107		0	0	0.0	0.0		0.0	0.0		True	PRAISE_only	1.0	1.0
chr2_86504704	chr2	86504704.0	86504704.0	0.0	tail_pattern_1	True	0.1127905	RNF103-CHMP3	1	0.53430258973194	PUS7	1	1	0.0	0.0		0.0	0.0		True	PRAISE_only	1.0	1.0
chr2_8853539	chr2	8853539.0	8853539.0	0.0	tail_pattern_1	True	0.368421	MBOAT2	1	0.8723307587460245		0	0	0.0	0.0		0.0	0.0		True	PRAISE_only	1.0	1.0
chr2_95090429	chr2	95090429.0	95090429.0	0.0	tail_pattern_1	True	0.1384825	MRPS5	1	0.6351658337119491	DKC1	1	1	0.0	0.0		0.0	0.0		True	PRAISE_only	1.0	1.0
chr2_9584365-9584364	chr2	9584364.0	9584365.0	1.0	tail_pattern_1	True	0.07746700000000001	YWHAQ	1	0.26624261699227625		0	0	0.0	0.0		0.0	0.0		True	PRAISE_only	1.0	1.0
chr2_9584979-9584978	chr2	9584978.0	9584979.0	1.0	tail_pattern_1	True	0.374163	YWHAQ	1	0.8741481144934121		0	0	1.0	0.0	-	1.0	0.0	-	True	PRAISE+BID+ELAP	3.0	2.0
chr2_96274949	chr2	96274949.0	96274949.0	0.0	tail_pattern_1	True	0.086452	SNRNP200	1	0.34847796456156294	PUS7	1	1	0.0	0.0		0.0	0.0		True	PRAISE_only	1.0	1.0
chr2_96289953	chr2	96289953.0	96289953.0	0.0	tail_pattern_1	True	0.094748	SNRNP200	1	0.42571558382553387	DKC1	1	1	0.0	0.0		0.0	0.0		True	PRAISE_only	1.0	1.0
chr2_96297496-96297492	chr2	96297492.0	96297496.0	1.0	tail_pattern_1	True	0.1333095	SNRNP200	1	0.6174466151749205		0	0	0.0	0.0		1.0	0.0	-	True	PRAISE+ELAP_cross_chemistry	2.0	2.0
chr2_96305463	chr2	96305463.0	96305463.0	0.0	tail_pattern_1	True	0.063022	SNRNP200	1	0.10995002271694684		0	0	0.0	0.0		0.0	0.0		True	PRAISE_only	1.0	1.0
chr2_96305485-96305484	chr2	96305484.0	96305485.0	1.0	tail_pattern_1	True	0.1025695	SNRNP200	1	0.48069059518400725	PUS1	1	1	0.0	0.0		1.0	0.0	-	True	PRAISE+ELAP_cross_chemistry	2.0	2.0
chr2_97646103-97646104	chr2	97646103.0	97646104.0	1.0	tail_pattern_1	True	0.0681165	COX5B	1	0.16901408450704225		0	0	0.0	0.0		1.0	0.0	+	True	PRAISE+ELAP_cross_chemistry	2.0	2.0
chr2_KI270769v1_alt_107608	chr2_KI270769v1_alt	107608.0	107608.0	0.0	tail_pattern_1	True	0.0910065	ADI1	1	0.3907314856883235		0	0	0.0	0.0		0.0	0.0		True	PRAISE_only	1.0	1.0
chr2_KI270769v1_alt_108036-108034	chr2_KI270769v1_alt	108034.0	108036.0	1.0	tail_pattern_1	True	0.158663	ADI1	1	0.6910495229441163	DKC1	1	1	0.0	0.0		0.0	0.0		True	PRAISE_only	1.0	1.0
chr2_KI270769v1_alt_108176	chr2_KI270769v1_alt	108176.0	108176.0	0.0	tail_pattern_1	True	0.0756955	ADI1	1	0.24761472058155384		0	0	0.0	0.0		0.0	0.0		True	PRAISE_only	1.0	1.0
chr3_100348869-100348870	chr3	100348869.0	100348870.0	1.0	tail_pattern_1	True	0.152115	NIT2	1	0.6756019990913221	DKC1	1	1	0.0	0.0		0.0	0.0		True	PRAISE_only	1.0	1.0
chr3_101325582-101325581	chr3	101325581.0	101325582.0	1.0	tail_pattern_1	True	0.84375	SENP7	1	0.9695592912312585	TRUB1	1	1	0.0	0.0		1.0	0.0	-	True	PRAISE+ELAP_cross_chemistry	2.0	2.0
chr3_101686717-101686715	chr3	101686715.0	101686717.0	1.0	tail_pattern_1	True	0.10067599999999999	RPL24	1	0.4675147660154475		0	0	0.0	0.0		0.0	0.0		True	PRAISE_only	1.0	1.0
chr3_101821674	chr3	101821674.0	101821674.0	0.0	tail_pattern_1	True	0.4005295	NXPE3	1	0.8850522489777374		0	0	1.0	0.0	+	0.0	0.0		True	PRAISE+BID_same_family	2.0	1.0
chr3_126642127	chr3	126642127.0	126642127.0	0.0	tail_pattern_1	True	0.1441665	TXNRD3	1	0.6556110858700591	PUS7	1	1	0.0	0.0		0.0	0.0		True	PRAISE_only	1.0	1.0
chr3_127573631-127573630	chr3	127573630.0	127573631.0	1.0	tail_pattern_1	True	0.8537365	TPRA1	1	0.9731940027260336	TRUB1	1	1	1.0	0.0	-	1.0	0.0	-	True	PRAISE+BID+ELAP	3.0	2.0
chr3_127622046-127622047	chr3	127622046.0	127622047.0	1.0	tail_pattern_1	True	0.348044	MCM2	1	0.8636983189459336		0	0	0.0	0.0		1.0	0.0	+	True	PRAISE+ELAP_cross_chemistry	2.0	2.0
chr3_128064896	chr3	128064896.0	128064896.0	0.0	tail_pattern_1	True	0.0832715	SEC61A1	1	0.3153112221717401		0	0	0.0	0.0		1.0	0.0	+	True	PRAISE+ELAP_cross_chemistry	2.0	2.0
chr3_128622242	chr3	128622242.0	128622242.0	0.0	tail_pattern_1	True	0.067415	RPN1	1	0.16083598364379828		0	0	0.0	0.0		1.0	0.0	-	True	PRAISE+ELAP_cross_chemistry	2.0	2.0
chr3_128906244-128906245	chr3	128906244.0	128906245.0	1.0	tail_pattern_1	True	0.09071699999999999	ACAD9	1	0.38755111313039525	DKC1	1	1	0.0	0.0		0.0	0.0		True	PRAISE_only	1.0	1.0
chr3_129169880-129169879	chr3	129169879.0	129169880.0	1.0	tail_pattern_1	True	0.1200785	CNBP	1	0.5679236710586097		0	0	0.0	0.0		1.0	0.0	-	True	PRAISE+ELAP_cross_chemistry	2.0	2.0
chr3_129267071-129267072	chr3	129267071.0	129267072.0	1.0	tail_pattern_1	True	0.0555075	COPG1	1	0.027260336210813266		0	0	0.0	0.0		0.0	0.0		True	PRAISE_only	1.0	1.0
chr3_130969371-130969372	chr3	130969371.0	130969372.0	1.0	tail_pattern_1	True	0.0871835	ATP2C1	1	0.3557473875511131		0	0	0.0	0.0		0.0	0.0		True	PRAISE_only	1.0	1.0
chr3_131384729-131384731	chr3	131384729.0	131384731.0	1.0	tail_pattern_1	True	0.2305905	NUDT16	1	0.7923671058609723	TRUB1	1	1	0.0	0.0		1.0	0.0	+	True	PRAISE+ELAP_cross_chemistry	2.0	2.0
chr3_131498207	chr3	131498207.0	131498207.0	0.0	tail_pattern_1	True	0.10038749999999999	MRPL3	1	0.46388005452067244	PUS7	1	1	0.0	0.0		0.0	0.0		True	PRAISE_only	1.0	1.0
chr3_132516755-132516756	chr3	132516755.0	132516756.0	1.0	tail_pattern_1	True	0.2970545	DNAJC13	1	0.8437074057246706	TRUB1	1	1	0.0	0.0		0.0	0.0		True	PRAISE_only	1.0	1.0
chr3_13330571	chr3	13330571.0	13330571.0	0.0	tail_pattern_1	True	0.066084	NUP210	1	0.14584279872785097	DKC1	1	1	0.0	0.0		0.0	0.0		True	PRAISE_only	1.0	1.0
chr3_13335582-13335580	chr3	13335580.0	13335582.0	1.0	tail_pattern_1	True	0.099714	NUP210	1	0.4579736483416629	DKC1	1	1	0.0	0.0		1.0	0.0	-	True	PRAISE+ELAP_cross_chemistry	2.0	2.0
chr3_133643345-133643343	chr3	133643343.0	133643345.0	1.0	tail_pattern_1	True	0.184274	TOPBP1	1	0.7442071785552021	TRUB1	1	1	0.0	0.0		1.0	0.0	-	True	PRAISE+ELAP_cross_chemistry	2.0	2.0
chr3_13371849-13371848	chr3	13371848.0	13371849.0	1.0	tail_pattern_1	True	0.746824	NUP210	1	0.9568378009995456	TRUB1	1	1	1.0	0.0	-	1.0	0.0	-	True	PRAISE+BID+ELAP	3.0	2.0
chr3_136327691	chr3	136327691.0	136327691.0	0.0	tail_pattern_1	True	0.071231	PCCB	1	0.2044525215810995		0	0	0.0	0.0		1.0	0.0	+	True	PRAISE+ELAP_cross_chemistry	2.0	2.0
chr3_136328787	chr3	136328787.0	136328787.0	0.0	tail_pattern_1	True	0.064349	PCCB	1	0.12403452975920036		0	0	0.0	0.0		1.0	0.0	+	True	PRAISE+ELAP_cross_chemistry	2.0	2.0
chr3_141903644-141903649	chr3	141903644.0	141903649.0	1.0	tail_pattern_1	True	0.088645	ATP1B3	1	0.37074057246706044	DKC1	1	1	0.0	0.0		1.0	0.0	+	True	PRAISE+ELAP_cross_chemistry	2.0	2.0
chr3_149009377	chr3	149009377.0	149009377.0	0.0	tail_pattern_1	True	0.053832500000000005	GYG1	1	0.013630168105406633		0	0	0.0	0.0		0.0	0.0		True	PRAISE_only	1.0	1.0
chr3_149027118-149027119	chr3	149027118.0	149027119.0	1.0	tail_pattern_1	True	0.084648	GYG1	1	0.3325761017719219		0	0	0.0	0.0		1.0	0.0	+	True	PRAISE+ELAP_cross_chemistry	2.0	2.0
chr3_149129860	chr3	149129860.0	149129860.0	0.0	tail_pattern_1	True	0.1665415	HPS3	1	0.7096774193548387		0	0	1.0	0.0	+	0.0	0.0		True	PRAISE+BID_same_family	2.0	1.0
chr3_14944276-14944274	chr3	14944274.0	14944276.0	1.0	tail_pattern_1	True	0.064273	FGD5-AS1	1	0.12085415720127216	DKC1	1	1	0.0	0.0		0.0	0.0		True	PRAISE_only	1.0	1.0
chr3_149520717	chr3	149520717.0	149520717.0	0.0	tail_pattern_1	True	0.23928549999999998	WWTR1	1	0.8028169014084507		0	0	0.0	0.0		0.0	0.0		True	PRAISE_only	1.0	1.0
chr3_149741479-149741478	chr3	149741478.0	149741479.0	1.0	tail_pattern_1	True	0.07020299999999999	COMMD2	1	0.19173103134938665		0	0	0.0	0.0		1.0	0.0	-	True	PRAISE+ELAP_cross_chemistry	2.0	2.0
chr3_149966065-149966062	chr3	149966062.0	149966065.0	1.0	tail_pattern_1	True	0.060862	PFN2	1	0.08677873693775556		0	0	0.0	0.0		1.0	0.0	-	True	PRAISE+ELAP_cross_chemistry	2.0	2.0
chr3_15044759	chr3	15044759.0	15044759.0	0.0	tail_pattern_1	True	0.1443765	MRPS25	1	0.656065424806906		0	0	0.0	0.0		0.0	0.0		True	PRAISE_only	1.0	1.0
chr3_15255825	chr3	15255825.0	15255825.0	0.0	tail_pattern_1	True	0.076458	SH3BP5	1	0.2562471603816447	DKC1	1	1	0.0	0.0		0.0	0.0		True	PRAISE_only	1.0	1.0
chr3_15257475-15257476	chr3	15257475.0	15257476.0	1.0	tail_pattern_1	True	0.8666665	SH3BP5-AS1	1	0.9763743752839619	TRUB1	1	1	0.0	0.0		0.0	0.0		True	PRAISE_only	1.0	1.0
chr3_15269757-15269756	chr3	15269756.0	15269757.0	1.0	tail_pattern_1	True	0.1003285	SH3BP5	1	0.4629713766469786	TRUB1	1	1	0.0	0.0		0.0	0.0		True	PRAISE_only	1.0	1.0
chr3_156541191	chr3	156541191.0	156541191.0	0.0	tail_pattern_1	True	0.0622205	SSR3	1	0.1004089050431622		0	0	0.0	0.0		0.0	0.0		True	PRAISE_only	1.0	1.0
chr3_160381592-160381590	chr3	160381590.0	160381592.0	1.0	tail_pattern_1	True	0.111111	TRIM59-IFT80	1	0.528169014084507	DKC1	1	1	0.0	0.0		1.0	0.0	-	True	PRAISE+ELAP_cross_chemistry	2.0	2.0
chr3_160402049-160402050	chr3	160402049.0	160402050.0	1.0	tail_pattern_1	True	0.087632	SMC4	1	0.36210813266696956	DKC1	1	1	0.0	0.0		0.0	0.0		True	PRAISE_only	1.0	1.0
chr3_160501991-160501990	chr3	160501990.0	160501991.0	1.0	tail_pattern_1	True	0.1431075	KPNA4	1	0.6524307133121309		0	0	0.0	0.0		1.0	0.0	-	True	PRAISE+ELAP_cross_chemistry	2.0	2.0
chr3_169764755-169764754	chr3	169764754.0	169764755.0	1.0	tail_pattern_1	True	0.23424250000000002	TERC	1	0.7960018173557474		0	0	0.0	0.0		0.0	0.0		True	PRAISE_only	1.0	1.0
chr3_169764882	chr3	169764882.0	169764882.0	0.0	tail_pattern_1	True	0.47848	TERC	1	0.9041344843253066		0	0	0.0	0.0		1.0	0.0	-	True	PRAISE+ELAP_cross_chemistry	2.0	2.0
chr3_169764900	chr3	169764900.0	169764900.0	0.0	tail_pattern_1	True	0.56125	TERC	1	0.9236710586097229		0	0	0.0	0.0		0.0	0.0		True	PRAISE_only	1.0	1.0
chr3_171211158-171211155	chr3	171211155.0	171211158.0	1.0	tail_pattern_1	True	0.1005085	TNIK	1	0.4647887323943662	DKC1	1	1	0.0	0.0		0.0	0.0		True	PRAISE_only	1.0	1.0
chr3_179587991	chr3	179587991.0	179587991.0	0.0	tail_pattern_1	True	0.0865705	ACTL6A	1	0.34984098137210357	PUS7	1	1	0.0	0.0		0.0	0.0		True	PRAISE_only	1.0	1.0
chr3_179615044-179615049	chr3	179615044.0	179615049.0	1.0	tail_pattern_1	True	0.0859945	NDUFB5	1	0.34438891412994094	DKC1	1	1	0.0	0.0		1.0	0.0	+	True	PRAISE+ELAP_cross_chemistry	2.0	2.0
chr3_180970341-180970342	chr3	180970341.0	180970342.0	1.0	tail_pattern_1	True	0.064108	FXR1	1	0.1185824625170377		0	0	0.0	0.0		1.0	0.0	+	True	PRAISE+ELAP_cross_chemistry	2.0	2.0
chr3_180976795	chr3	180976795.0	180976795.0	0.0	tail_pattern_1	True	0.132026	FXR1	1	0.6106315311222171	PUS7	1	1	1.0	0.0	+	0.0	0.0		True	PRAISE+BID_same_family	2.0	1.0
chr3_184181757-184181759	chr3	184181757.0	184181759.0	1.0	tail_pattern_1	True	0.1760515	AP2M1	1	0.7296683325761018		0	0	0.0	0.0		1.0	0.0	+	True	PRAISE+ELAP_cross_chemistry	2.0	2.0
chr3_184242889-184242888	chr3	184242888.0	184242889.0	1.0	tail_pattern_1	True	0.128364	ALG3	1	0.5997273966378919	TRUB1	1	1	1.0	0.0	-	1.0	0.0	-	True	PRAISE+BID+ELAP	3.0	2.0
chr3_184303322-184303324	chr3	184303322.0	184303324.0	1.0	tail_pattern_1	True	0.0715015	PSMD2	1	0.2085415720127215		0	0	0.0	0.0		1.0	0.0	+	True	PRAISE+ELAP_cross_chemistry	2.0	2.0
chr3_184307395-184307397	chr3	184307395.0	184307397.0	1.0	tail_pattern_1	True	0.1323855	PSMD2	1	0.6138119036801454	DKC1	1	1	0.0	0.0		0.0	0.0		True	PRAISE_only	1.0	1.0
chr3_184894847-184894849	chr3	184894847.0	184894849.0	1.0	tail_pattern_1	True	0.19435750000000002	VPS8	1	0.7578373466606089		0	0	0.0	0.0		0.0	0.0		True	PRAISE_only	1.0	1.0
chr3_185644930	chr3	185644930.0	185644930.0	0.0	tail_pattern_1	True	0.0717315	IGF2BP2	1	0.21104043616537937		0	0	0.0	0.0		0.0	0.0		True	PRAISE_only	1.0	1.0
chr3_186554665-186554664	chr3	186554664.0	186554665.0	1.0	tail_pattern_1	True	0.1291885	TBCCD1	1	0.603362108132667	TRUB1	1	1	0.0	0.0		0.0	0.0		True	PRAISE_only	1.0	1.0
chr3_193617222-193617223	chr3	193617222.0	193617223.0	1.0	tail_pattern_1	True	0.07733899999999999	OPA1	1	0.26487960018173556		0	0	0.0	0.0		0.0	0.0		True	PRAISE_only	1.0	1.0
chr3_195514800-195514799	chr3	195514799.0	195514800.0	1.0	tail_pattern_1	True	0.16960750000000002	PPP1R2	1	0.7169468423443889	TRUB1	1	1	0.0	0.0		0.0	0.0		True	PRAISE_only	1.0	1.0
chr3_196050005	chr3	196050005.0	196050005.0	0.0	tail_pattern_1	True	0.0648905	TFRC	1	0.12903225806451613		0	0	0.0	0.0		0.0	0.0		True	PRAISE_only	1.0	1.0
chr3_197782881-197782882	chr3	197782881.0	197782882.0	1.0	tail_pattern_1	True	0.0545775	FYTTD1	1	0.02044525215810995		0	0	0.0	0.0		0.0	0.0		True	PRAISE_only	1.0	1.0
chr3_197950967	chr3	197950967.0	197950967.0	0.0	tail_pattern_1	True	0.08190900000000001	RPL35A	1	0.3062244434348024		0	0	0.0	0.0		1.0	0.0	+	True	PRAISE+ELAP_cross_chemistry	2.0	2.0
chr3_197955804-197955806	chr3	197955804.0	197955806.0	1.0	tail_pattern_1	True	0.08935850000000001	RPL35A	1	0.37619263970922306		0	0	0.0	0.0		1.0	0.0	+	True	PRAISE+ELAP_cross_chemistry	2.0	2.0
chr3_23917851	chr3	23917851.0	23917851.0	0.0	tail_pattern_1	True	0.29096900000000003	RPL15	1	0.8373466606088141		0	0	0.0	0.0		1.0	0.0	+	True	PRAISE+ELAP_cross_chemistry	2.0	2.0
chr3_23918458-23918459	chr3	23918458.0	23918459.0	1.0	tail_pattern_1	True	0.2363385	RPL15	1	0.7987278509768287	DKC1	1	1	1.0	0.0	+	1.0	0.0	+	True	PRAISE+BID+ELAP	3.0	2.0
chr3_23919567	chr3	23919567.0	23919567.0	0.0	tail_pattern_1	True	0.097144	RPL15	1	0.4420717855520218		0	0	1.0	0.0	+	1.0	0.0	+	True	PRAISE+BID+ELAP	3.0	2.0
chr3_25618463-25618462	chr3	25618462.0	25618463.0	1.0	tail_pattern_1	True	0.058013999999999996	TOP2B	1	0.052703316674238984		0	0	0.0	0.0		1.0	0.0	-	True	PRAISE+ELAP_cross_chemistry	2.0	2.0
chr3_25626605-25626604	chr3	25626604.0	25626605.0	1.0	tail_pattern_1	True	0.061090000000000005	TOP2B	1	0.08995910949568378		0	0	0.0	0.0		0.0	0.0		True	PRAISE_only	1.0	1.0
chr3_31622153-31622154	chr3	31622153.0	31622154.0	1.0	tail_pattern_1	True	0.22660950000000002	STT3B	1	0.7887323943661971		0	0	0.0	0.0		0.0	0.0		True	PRAISE_only	1.0	1.0
chr3_32483073-32483072	chr3	32483072.0	32483073.0	1.0	tail_pattern_1	True	0.4304785	CMTM6	1	0.8918673330304407	TRUB1	1	1	1.0	0.0	-	1.0	0.0	-	True	PRAISE+BID+ELAP	3.0	2.0
chr3_33143329-33143330	chr3	33143329.0	33143330.0	1.0	tail_pattern_1	True	0.163169	CRTAP	1	0.7001363016810541		0	0	1.0	0.0	+	1.0	0.0	+	True	PRAISE+BID+ELAP	3.0	2.0
chr3_33842021-33842022	chr3	33842021.0	33842022.0	1.0	tail_pattern_1	True	0.20934350000000002	PDCD6IP	1	0.7705588368923216		0	0	0.0	0.0		1.0	0.0	+	True	PRAISE+ELAP_cross_chemistry	2.0	2.0
chr3_33845483-33845484	chr3	33845483.0	33845484.0	1.0	tail_pattern_1	True	0.102516	PDCD6IP	1	0.4797819173103135	DKC1	1	1	0.0	0.0		1.0	0.0	+	True	PRAISE+ELAP_cross_chemistry	2.0	2.0
chr3_37326444-37326445	chr3	37326444.0	37326445.0	1.0	tail_pattern_1	True	0.194862	GOLGA4	1	0.7582916855974557	TRUB1	1	1	0.0	0.0		0.0	0.0		True	PRAISE_only	1.0	1.0
chr3_38376954-38376955	chr3	38376954.0	38376955.0	1.0	tail_pattern_1	True	0.101427	XYLB	1	0.4725124943207633		0	0	0.0	0.0		0.0	0.0		True	PRAISE_only	1.0	1.0
chr3_38488175-38488177	chr3	38488175.0	38488177.0	1.0	tail_pattern_1	True	0.119555	ACVR2B	1	0.5661063153112221	TRUB1	1	1	0.0	0.0		0.0	0.0		True	PRAISE_only	1.0	1.0
chr3_38493029	chr3	38493029.0	38493029.0	0.0	tail_pattern_1	True	0.29684900000000003	ACVR2B	1	0.8432530667878237	PUS7	1	1	0.0	0.0		0.0	0.0		True	PRAISE_only	1.0	1.0
chr3_39408704	chr3	39408704.0	39408704.0	0.0	tail_pattern_1	True	0.0714565	RPSA	1	0.2080872330758746		0	0	0.0	0.0		1.0	0.0	+	True	PRAISE+ELAP_cross_chemistry	2.0	2.0
chr3_39411897-39411898	chr3	39411897.0	39411898.0	1.0	tail_pattern_1	True	0.1350285	RPSA	1	0.6247160381644707		0	0	0.0	0.0		1.0	0.0	+	True	PRAISE+ELAP_cross_chemistry	2.0	2.0
chr3_40457969	chr3	40457969.0	40457969.0	0.0	tail_pattern_1	True	0.0551445	RPL14	1	0.025442980463425715	PUS7	1	1	0.0	0.0		1.0	0.0	+	True	PRAISE+ELAP_cross_chemistry	2.0	2.0
chr3_42784878-42784877	chr3	42784877.0	42784878.0	1.0	tail_pattern_1	True	0.109064	HIGD1A	1	0.5147660154475239		0	0	0.0	0.0		1.0	0.0	-	True	PRAISE+ELAP_cross_chemistry	2.0	2.0
chr3_44447265-44447264	chr3	44447264.0	44447265.0	1.0	tail_pattern_1	True	0.6681035	ZNF445	1	0.9463880054520672	TRUB1	1	1	0.0	0.0		1.0	0.0	-	True	PRAISE+ELAP_cross_chemistry	2.0	2.0
chr3_45011328-45011329	chr3	45011328.0	45011329.0	1.0	tail_pattern_1	True	0.073346	EXOSC7	1	0.22535211267605634		0	0	0.0	0.0		1.0	0.0	+	True	PRAISE+ELAP_cross_chemistry	2.0	2.0
chr3_45488700-45488701	chr3	45488700.0	45488701.0	1.0	tail_pattern_1	True	0.1088755	LARS2	1	0.5134029986369832		0	0	0.0	0.0		1.0	0.0	+	True	PRAISE+ELAP_cross_chemistry	2.0	2.0
chr3_45488773-45488775	chr3	45488773.0	45488775.0	1.0	tail_pattern_1	True	0.0804465	LARS2	1	0.2930486142662426		0	0	0.0	0.0		1.0	0.0	+	True	PRAISE+ELAP_cross_chemistry	2.0	2.0
chr3_45491517-45491518	chr3	45491517.0	45491518.0	1.0	tail_pattern_1	True	0.1071935	LARS2	1	0.5029532030895048		0	0	0.0	0.0		0.0	0.0		True	PRAISE_only	1.0	1.0
chr3_45500445-45500448	chr3	45500445.0	45500448.0	1.0	tail_pattern_1	True	0.119264	LARS2	1	0.5642889595638346	DKC1	1	1	0.0	0.0		1.0	0.0	+	True	PRAISE+ELAP_cross_chemistry	2.0	2.0
chr3_47419568	chr3	47419568.0	47419568.0	0.0	tail_pattern_1	True	0.0962595	SCAP	1	0.4352567014993185	PUS1	1	1	0.0	0.0		0.0	0.0		True	PRAISE_only	1.0	1.0
chr3_47577234-47577232	chr3	47577232.0	47577234.0	1.0	tail_pattern_1	True	0.12207799999999999	CSPG5	1	0.5761017719218537		0	0	0.0	0.0		0.0	0.0		True	PRAISE_only	1.0	1.0
chr3_47586342-47586341	chr3	47586341.0	47586342.0	1.0	tail_pattern_1	True	0.0679995	SMARCC1	1	0.1676510676965016		0	0	0.0	0.0		1.0	0.0	-	True	PRAISE+ELAP_cross_chemistry	2.0	2.0
chr3_47710766	chr3	47710766.0	47710766.0	0.0	tail_pattern_1	True	0.0978115	SMARCC1	1	0.44525215810995	DKC1	1	1	0.0	0.0		0.0	0.0		True	PRAISE_only	1.0	1.0
chr3_47846614	chr3	47846614.0	47846614.0	0.0	tail_pattern_1	True	0.303033	DHX30	1	0.8468877782825989		0	0	1.0	0.0	+	1.0	0.0	+	True	PRAISE+BID+ELAP	3.0	2.0
chr3_48599057-48599056	chr3	48599056.0	48599057.0	1.0	tail_pattern_1	True	0.137377	UQCRC1	1	0.6319854611540209	DKC1	1	1	0.0	0.0		1.0	0.0	-	True	PRAISE+ELAP_cross_chemistry	2.0	2.0
chr3_48605776-48605774	chr3	48605774.0	48605776.0	1.0	tail_pattern_1	True	0.1289615	UQCRC1	1	0.6024534302589732	DKC1	1	1	0.0	0.0		0.0	0.0		True	PRAISE_only	1.0	1.0
chr3_48967192	chr3	48967192.0	48967192.0	0.0	tail_pattern_1	True	0.109972	ARIH2	1	0.5211267605633803		0	0	0.0	0.0		0.0	0.0		True	PRAISE_only	1.0	1.0
chr3_49099848	chr3	49099848.0	49099848.0	0.0	tail_pattern_1	True	0.09466050000000001	QARS1	1	0.4243525670149932	DKC1	1	1	0.0	0.0		0.0	0.0		True	PRAISE_only	1.0	1.0
chr3_49357687-49357686	chr3	49357686.0	49357687.0	1.0	tail_pattern_1	True	0.059964	GPX1	1	0.07769195820081781	TRUB1	1	1	0.0	0.0		1.0	0.0	-	True	PRAISE+ELAP_cross_chemistry	2.0	2.0
chr3_49681952-49681954	chr3	49681952.0	49681954.0	1.0	tail_pattern_1	True	0.078406	APEH	1	0.2766924125397547		0	0	0.0	0.0		1.0	0.0	+	True	PRAISE+ELAP_cross_chemistry	2.0	2.0
chr3_49698504	chr3	49698504.0	49698504.0	0.0	tail_pattern_1	True	0.126365	RNF123	1	0.591094956837801		0	0	0.0	0.0		0.0	0.0		True	PRAISE_only	1.0	1.0
chr3_49723084	chr3	49723084.0	49723084.0	0.0	tail_pattern_1	True	0.1339135	GMPPB	1	0.6197183098591549		0	0	0.0	0.0		0.0	0.0		True	PRAISE_only	1.0	1.0
chr3_51392762-51392764	chr3	51392762.0	51392764.0	1.0	tail_pattern_1	True	0.0683015	RBM15B	1	0.1708314402544298		0	0	0.0	0.0		0.0	0.0		True	PRAISE_only	1.0	1.0
chr3_5195209-5195210	chr3	5195209.0	5195210.0	1.0	tail_pattern_1	True	0.220202	EDEM1	1	0.7837346660608814	TRUB1	1	1	0.0	0.0		0.0	0.0		True	PRAISE_only	1.0	1.0
chr3_51993896	chr3	51993896.0	51993896.0	0.0	tail_pattern_1	True	0.2116685	RPL29	1	0.7741935483870968		0	0	1.0	0.0	-	1.0	0.0	-	True	PRAISE+BID+ELAP	3.0	2.0
chr3_52525238-52525237	chr3	52525237.0	52525238.0	1.0	tail_pattern_1	True	0.068554	NT5DC2	1	0.17401181281235803	DKC1	1	1	0.0	0.0		0.0	0.0		True	PRAISE_only	1.0	1.0
chr3_57559695-57559698	chr3	57559695.0	57559698.0	1.0	tail_pattern_1	True	0.09056449999999999	PDE12	1	0.3866424352567015		0	0	0.0	0.0		1.0	0.0	+	True	PRAISE+ELAP_cross_chemistry	2.0	2.0
chr3_58430218-58430217	chr3	58430217.0	58430218.0	1.0	tail_pattern_1	True	0.09343850000000001	PDHB	1	0.4134484325306679		0	0	0.0	0.0		1.0	0.0	-	True	PRAISE+ELAP_cross_chemistry	2.0	2.0
chr3_67375411-67375409	chr3	67375409.0	67375411.0	1.0	tail_pattern_1	True	0.1563345	SUCLG2	1	0.6865061335756474		0	0	0.0	0.0		0.0	0.0		True	PRAISE_only	1.0	1.0
chr3_72824525-72824524	chr3	72824524.0	72824525.0	1.0	tail_pattern_1	True	0.14541500000000002	SHQ1	1	0.6587914584279873		0	0	0.0	0.0		0.0	0.0		True	PRAISE_only	1.0	1.0
chr3_81670949-81670948	chr3	81670948.0	81670949.0	1.0	tail_pattern_1	True	0.22698400000000002	GBE1	1	0.789641072239891	TRUB1	1	1	0.0	0.0		0.0	0.0		True	PRAISE_only	1.0	1.0
chr3_87245880	chr3	87245880.0	87245880.0	0.0	tail_pattern_1	True	0.0898645	CHMP2B	1	0.38073602907769194	DKC1	1	1	0.0	0.0		0.0	0.0		True	PRAISE_only	1.0	1.0
chr3_93874326	chr3	93874326.0	93874326.0	0.0	tail_pattern_1	True	0.274561	PROS1	1	0.8291685597455702	DKC1	1	1	0.0	0.0		0.0	0.0		True	PRAISE_only	1.0	1.0
chr3_9759508-9759506	chr3	9759506.0	9759508.0	1.0	tail_pattern_1	True	0.06261549999999999	CAMK1	1	0.10586097228532486		0	0	0.0	0.0		1.0	0.0	-	True	PRAISE+ELAP_cross_chemistry	2.0	2.0
chr3_9761493-9761492	chr3	9761492.0	9761493.0	1.0	tail_pattern_1	True	0.08617949999999999	CAMK1	1	0.3462062698773285		0	0	0.0	0.0		1.0	0.0	-	True	PRAISE+ELAP_cross_chemistry	2.0	2.0
chr3_97943547-97943548	chr3	97943547.0	97943548.0	1.0	tail_pattern_1	True	0.7299465	CRYBG3	1	0.9550204452521581	TRUB1	1	1	0.0	0.0		1.0	0.0	+	True	PRAISE+ELAP_cross_chemistry	2.0	2.0
chr3_KN196475v1_fix_274931	chr3_KN196475v1_fix	274931.0	274931.0	0.0	tail_pattern_1	True	0.4914235	KIAA1143	1	0.9073148568832349		0	0	0.0	0.0		0.0	0.0		True	PRAISE_only	1.0	1.0
chr3_KZ559103v1_alt_0-0	chr3_KZ559103v1_alt	0.0	0.0	0.0	tail_pattern_1	True	0.10286000000000001	RUVBL1	1	0.48159927305770106	DKC1	1	1	0.0	0.0		0.0	0.0		True	PRAISE_only	1.0	1.0
chr4_10097749-10097747	chr4	10097747.0	10097749.0	1.0	tail_pattern_1	True	0.07520650000000001	WDR1	1	0.24261699227623806	DKC1	1	1	0.0	0.0		0.0	0.0		True	PRAISE_only	1.0	1.0
chr4_102262315-102262314	chr4	102262314.0	102262315.0	1.0	tail_pattern_1	True	0.0894915	SLC39A8	1	0.3793730122671513	TRUB1	1	1	0.0	0.0		0.0	0.0		True	PRAISE_only	1.0	1.0
chr4_1026275	chr4	1026275.0	1026275.0	0.0	tail_pattern_1	True	0.0962715	FGFRL1	1	0.4357110404361654		0	0	0.0	0.0		0.0	0.0		True	PRAISE_only	1.0	1.0
chr4_105456739	chr4	105456739.0	105456739.0	0.0	tail_pattern_1	True	0.0544965	PPA2	1	0.019536574284416176		0	0	0.0	0.0		0.0	0.0		True	PRAISE_only	1.0	1.0
chr4_106327464-106327466	chr4	106327464.0	106327466.0	1.0	tail_pattern_1	True	0.1043915	AIMP1	1	0.4911403907314857	DKC1	1	1	0.0	0.0		1.0	0.0	+	True	PRAISE+ELAP_cross_chemistry	2.0	2.0
chr4_108034768	chr4	108034768.0	108034768.0	0.0	tail_pattern_1	True	0.062313	HADH	1	0.10177192185370286		0	0	0.0	0.0		0.0	0.0		True	PRAISE_only	1.0	1.0
chr4_108622197-108622198	chr4	108622197.0	108622198.0	1.0	tail_pattern_1	True	0.0717215	RPL34	1	0.21035892776010903	DKC1	1	1	0.0	0.0		1.0	0.0	+	True	PRAISE+ELAP_cross_chemistry	2.0	2.0
chr4_109694581-109694580	chr4	109694580.0	109694581.0	1.0	tail_pattern_1	True	0.095666	CASP6	1	0.4311676510676965		0	0	0.0	0.0		0.0	0.0		True	PRAISE_only	1.0	1.0
chr4_109714491	chr4	109714491.0	109714491.0	0.0	tail_pattern_1	True	0.060924500000000006	PLA2G12A	1	0.08768741481144934		0	0	0.0	0.0		0.0	0.0		True	PRAISE_only	1.0	1.0
chr4_121677925-121677924	chr4	121677924.0	121677925.0	1.0	tail_pattern_1	True	0.073539	ANXA5	1	0.22944116310767831		0	0	0.0	0.0		1.0	0.0	-	True	PRAISE+ELAP_cross_chemistry	2.0	2.0
chr4_128270304-128270301	chr4	128270301.0	128270304.0	1.0	tail_pattern_1	True	0.257432	PGRMC2	1	0.8182644252612449	PUS7	1	1	1.0	0.0	-	0.0	0.0		True	PRAISE+BID_same_family	2.0	1.0
chr4_128861930-128861931	chr4	128861930.0	128861931.0	1.0	tail_pattern_1	True	0.054548	JADE1	1	0.019990913221263062		0	0	0.0	0.0		0.0	0.0		True	PRAISE_only	1.0	1.0
chr4_133149647-133149648	chr4	133149647.0	133149648.0	1.0	tail_pattern_1	True	0.34593850000000004	PCDH10	1	0.8627896410722399		0	0	0.0	0.0		0.0	0.0		True	PRAISE_only	1.0	1.0
chr4_139507990	chr4	139507990.0	139507990.0	0.0	tail_pattern_1	True	0.10761399999999999	SETD7	1	0.5052248977737392		0	0	0.0	0.0		0.0	0.0		True	PRAISE_only	1.0	1.0
chr4_139508484	chr4	139508484.0	139508484.0	0.0	tail_pattern_1	True	0.10542299999999999	SETD7	1	0.49568378009995456	PUS7	1	1	1.0	0.0	-	0.0	0.0		True	PRAISE+BID_same_family	2.0	1.0
chr4_140382074-140382076	chr4	140382074.0	140382076.0	1.0	tail_pattern_1	True	0.064148	SCOC	1	0.11994547932757837		0	0	0.0	0.0		1.0	0.0	+	True	PRAISE+ELAP_cross_chemistry	2.0	2.0
chr4_145104441-145104442	chr4	145104441.0	145104442.0	1.0	tail_pattern_1	True	0.057523500000000005	ABCE1	1	0.04543389368468878		0	0	0.0	0.0		0.0	0.0		True	PRAISE_only	1.0	1.0
chr4_150905953-150905951	chr4	150905951.0	150905953.0	1.0	tail_pattern_1	True	0.10395399999999999	LRBA	1	0.4865970013630168		0	0	0.0	0.0		0.0	0.0		True	PRAISE_only	1.0	1.0
chr4_151102981	chr4	151102981.0	151102981.0	0.0	tail_pattern_1	True	0.0812805	RPS3A	1	0.3003180372557928	DKC1	1	1	0.0	0.0		1.0	0.0	+	True	PRAISE+ELAP_cross_chemistry	2.0	2.0
chr4_154548843-154548841	chr4	154548841.0	154548843.0	1.0	tail_pattern_1	True	0.062612	PLRG1	1	0.10540663334847797		0	0	0.0	0.0		1.0	0.0	-	True	PRAISE+ELAP_cross_chemistry	2.0	2.0
chr4_165484600	chr4	165484600.0	165484600.0	0.0	tail_pattern_1	True	0.100814	CPE	1	0.46796910495229443	DKC1	1	1	0.0	0.0		0.0	0.0		True	PRAISE_only	1.0	1.0
chr4_17490665-17490664	chr4	17490664.0	17490665.0	1.0	tail_pattern_1	True	0.36063449999999997	QDPR	1	0.8677873693775556		0	0	0.0	0.0		0.0	0.0		True	PRAISE_only	1.0	1.0
chr4_17607509	chr4	17607509.0	17607509.0	0.0	tail_pattern_1	True	0.174367	LAP3	1	0.728759654702408	DKC1	1	1	1.0	0.0	+	1.0	0.0	+	True	PRAISE+BID+ELAP	3.0	2.0
chr4_176320129	chr4	176320129.0	176320129.0	0.0	tail_pattern_1	True	0.11907699999999999	SPCS3	1	0.5633802816901409		0	0	0.0	0.0		1.0	0.0	+	True	PRAISE+ELAP_cross_chemistry	2.0	2.0
chr4_176328690	chr4	176328690.0	176328690.0	0.0	tail_pattern_1	True	0.0674435	SPCS3	1	0.16129032258064516	PUS7	1	1	0.0	0.0		0.0	0.0		True	PRAISE_only	1.0	1.0
chr4_182915517	chr4	182915517.0	182915517.0	0.0	tail_pattern_1	True	0.099705	DCTD	1	0.4570649704679691		0	0	0.0	0.0		0.0	0.0		True	PRAISE_only	1.0	1.0
chr4_183285990-183285991	chr4	183285990.0	183285991.0	1.0	tail_pattern_1	True	0.583144	WWC2	1	0.930940481599273	TRUB1	1	1	0.0	0.0		1.0	0.0	+	True	PRAISE+ELAP_cross_chemistry	2.0	2.0
chr4_183641228	chr4	183641228.0	183641228.0	0.0	tail_pattern_1	True	0.111111	RWDD4	1	0.528169014084507		0	0	0.0	0.0		0.0	0.0		True	PRAISE_only	1.0	1.0
chr4_183668106-183668107	chr4	183668106.0	183668107.0	1.0	tail_pattern_1	True	0.08513899999999999	TRAPPC11	1	0.3366651522035438		0	0	0.0	0.0		0.0	0.0		True	PRAISE_only	1.0	1.0
chr4_185145851-185145853	chr4	185145851.0	185145853.0	1.0	tail_pattern_1	True	0.1423975	SLC25A4	1	0.6506133575647433	DKC1	1	1	0.0	0.0		1.0	0.0	+	True	PRAISE+ELAP_cross_chemistry	2.0	2.0
chr4_186600224-186600223	chr4	186600223.0	186600224.0	1.0	tail_pattern_1	True	0.291385	FAT1	1	0.8378009995456611	TRUB1	1	1	0.0	0.0		0.0	0.0		True	PRAISE_only	1.0	1.0
chr4_1974671	chr4	1974671.0	1974671.0	0.0	tail_pattern_1	True	0.291916	SCARNA22	1	0.8387096774193549		0	0	0.0	0.0		1.0	0.0	+	True	PRAISE+ELAP_cross_chemistry	2.0	2.0
chr4_1979156-1979157	chr4	1979156.0	1979157.0	1.0	tail_pattern_1	True	0.0661205	NSD2	1	0.14675147660154475		0	0	0.0	0.0		0.0	0.0		True	PRAISE_only	1.0	1.0
chr4_1979462-1979463	chr4	1979462.0	1979463.0	1.0	tail_pattern_1	True	0.0620755	NSD2	1	0.09995456610631531		0	0	0.0	0.0		1.0	0.0	+	True	PRAISE+ELAP_cross_chemistry	2.0	2.0
chr4_1980984-1980985	chr4	1980984.0	1980985.0	1.0	tail_pattern_1	True	0.056065000000000004	NSD2	1	0.03180372557928214		0	0	0.0	0.0		1.0	0.0	+	True	PRAISE+ELAP_cross_chemistry	2.0	2.0
chr4_22388002-22388001	chr4	22388001.0	22388002.0	1.0	tail_pattern_1	True	0.0705905	ADGRA3	1	0.19627442071785553		0	0	0.0	0.0		0.0	0.0		True	PRAISE_only	1.0	1.0
chr4_25234066-25234067	chr4	25234066.0	25234067.0	1.0	tail_pattern_1	True	0.8122119999999999	PI4K2B	1	0.9659245797364834	TRUB1	1	1	0.0	0.0		1.0	0.0	+	True	PRAISE+ELAP_cross_chemistry	2.0	2.0
chr4_25263763-25263764	chr4	25263763.0	25263764.0	1.0	tail_pattern_1	True	0.14835700000000002	PI4K2B	1	0.6642435256701499		0	0	0.0	0.0		1.0	0.0	+	True	PRAISE+ELAP_cross_chemistry	2.0	2.0
chr4_25277630	chr4	25277630.0	25277630.0	0.0	tail_pattern_1	True	0.2761255	PI4K2B	1	0.830077237619264		0	0	0.0	0.0		1.0	0.0	+	True	PRAISE+ELAP_cross_chemistry	2.0	2.0
chr4_26431533-26431534	chr4	26431533.0	26431534.0	1.0	tail_pattern_1	True	0.1915265	RBPJ	1	0.7532939572921399	TRUB1	1	1	0.0	0.0		1.0	0.0	+	True	PRAISE+ELAP_cross_chemistry	2.0	2.0
chr4_2836505-2836506	chr4	2836505.0	2836506.0	1.0	tail_pattern_1	True	0.944444	SH3BP2	1	0.9945479327578374	TRUB1	1	1	0.0	0.0		0.0	0.0		True	PRAISE_only	1.0	1.0
chr4_2932087-2932086	chr4	2932086.0	2932087.0	1.0	tail_pattern_1	True	0.0691065	MFSD10	1	0.17946388005452069		0	0	0.0	0.0		0.0	0.0		True	PRAISE_only	1.0	1.0
chr4_2932661	chr4	2932661.0	2932661.0	0.0	tail_pattern_1	True	0.1710625	MFSD10	1	0.7210358927760109		0	0	1.0	0.0	-	0.0	0.0		True	PRAISE+BID_same_family	2.0	1.0
chr4_3187879-3187882	chr4	3187879.0	3187882.0	1.0	tail_pattern_1	True	0.090493	HTT	1	0.38573375738300775	DKC1	1	1	0.0	0.0		0.0	0.0		True	PRAISE_only	1.0	1.0
chr4_3209903	chr4	3209903.0	3209903.0	0.0	tail_pattern_1	True	0.1337875	HTT	1	0.619263970922308		0	0	0.0	0.0		0.0	0.0		True	PRAISE_only	1.0	1.0
chr4_3214103	chr4	3214103.0	3214103.0	0.0	tail_pattern_1	True	0.0605235	HTT	1	0.0854157201272149		0	0	0.0	0.0		0.0	0.0		True	PRAISE_only	1.0	1.0
chr4_3524963-3524962	chr4	3524962.0	3524963.0	1.0	tail_pattern_1	True	0.0825095	LRPAP1	1	0.3103134938664244	DKC1	1	1	0.0	0.0		1.0	0.0	-	True	PRAISE+ELAP_cross_chemistry	2.0	2.0
chr4_39320530-39320529	chr4	39320529.0	39320530.0	1.0	tail_pattern_1	True	0.254024	RFC1	1	0.8164470695138574		0	0	0.0	0.0		1.0	0.0	-	True	PRAISE+ELAP_cross_chemistry	2.0	2.0
chr4_39454599-39454595	chr4	39454595.0	39454599.0	1.0	tail_pattern_1	True	0.29834	RPL9	1	0.8450704225352113		0	0	1.0	0.0	-	1.0	0.0	-	True	PRAISE+BID+ELAP	3.0	2.0
chr4_39456449-39456447	chr4	39456447.0	39456449.0	1.0	tail_pattern_1	True	0.140506	RPL9	1	0.6428895956383462	DKC1	1	1	0.0	0.0		1.0	0.0	-	True	PRAISE+ELAP_cross_chemistry	2.0	2.0
chr4_39778868	chr4	39778868.0	39778868.0	0.0	tail_pattern_1	True	0.12368950000000001	UBE2K	1	0.582916855974557		0	0	0.0	0.0		0.0	0.0		True	PRAISE_only	1.0	1.0
chr4_39922674-39922673	chr4	39922673.0	39922674.0	1.0	tail_pattern_1	True	0.123147	PDS5A	1	0.578827805542935		0	0	0.0	0.0		0.0	0.0		True	PRAISE_only	1.0	1.0
chr4_41261738-41261740	chr4	41261738.0	41261740.0	1.0	tail_pattern_1	True	0.084149	UCHL1	1	0.3284870513402999	DKC1	1	1	0.0	0.0		1.0	0.0	+	True	PRAISE+ELAP_cross_chemistry	2.0	2.0
chr4_41268226-41268227	chr4	41268226.0	41268227.0	1.0	tail_pattern_1	True	0.0885035	UCHL1	1	0.36983189459336663		0	0	0.0	0.0		0.0	0.0		True	PRAISE_only	1.0	1.0
chr4_41959134	chr4	41959134.0	41959134.0	0.0	tail_pattern_1	True	0.128398	TMEM33	1	0.6001817355747388	PUS7	1	1	0.0	0.0		0.0	0.0		True	PRAISE_only	1.0	1.0
chr4_42087115	chr4	42087115.0	42087115.0	0.0	tail_pattern_1	True	0.131721	SLC30A9	1	0.6097228532485234		0	0	0.0	0.0		1.0	0.0	+	True	PRAISE+ELAP_cross_chemistry	2.0	2.0
chr4_42087184-42087185	chr4	42087184.0	42087185.0	1.0	tail_pattern_1	True	0.19169999999999998	SLC30A9	1	0.7537482962289869		0	0	0.0	0.0		0.0	0.0		True	PRAISE_only	1.0	1.0
chr4_44680493-44680494	chr4	44680493.0	44680494.0	1.0	tail_pattern_1	True	0.1147405	GUF1	1	0.5415720127214902		0	0	0.0	0.0		1.0	0.0	+	True	PRAISE+ELAP_cross_chemistry	2.0	2.0
chr4_44691732-44691734	chr4	44691732.0	44691734.0	1.0	tail_pattern_1	True	0.116208	GUF1	1	0.5520218082689686	DKC1	1	1	0.0	0.0		0.0	0.0		True	PRAISE_only	1.0	1.0
chr4_47460211	chr4	47460211.0	47460211.0	0.0	tail_pattern_1	True	0.060119	COMMD8	1	0.08041799182189914		0	0	0.0	0.0		0.0	0.0		True	PRAISE_only	1.0	1.0
chr4_48848427-48848428	chr4	48848427.0	48848428.0	1.0	tail_pattern_1	True	0.4227465	OCIAD1	1	0.8895956383462063	TRUB1	1	1	1.0	0.0	+	1.0	0.0	+	True	PRAISE+BID+ELAP	3.0	2.0
chr4_516036-516037	chr4	516036.0	516037.0	1.0	tail_pattern_1	True	0.0977665	PIGG	1	0.4447978191731031	DKC1	1	1	0.0	0.0		0.0	0.0		True	PRAISE_only	1.0	1.0
chr4_523636-523638	chr4	523636.0	523638.0	1.0	tail_pattern_1	True	0.1701315	PIGG	1	0.7183098591549296	DKC1	1	1	0.0	0.0		0.0	0.0		True	PRAISE_only	1.0	1.0
chr4_55369903-55369904	chr4	55369903.0	55369904.0	1.0	tail_pattern_1	True	0.08729100000000001	SRD5A3	1	0.35892776010904137	DKC1	1	1	0.0	0.0		1.0	0.0	+	True	PRAISE+ELAP_cross_chemistry	2.0	2.0
chr4_55877931-55877932	chr4	55877931.0	55877932.0	1.0	tail_pattern_1	True	0.1870115	EXOC1	1	0.7469332121762835	TRUB1	1	1	0.0	0.0		0.0	0.0		True	PRAISE_only	1.0	1.0
chr4_56024555-56024556	chr4	56024555.0	56024556.0	1.0	tail_pattern_1	True	0.47851299999999997	CEP135	1	0.9045888232621536	TRUB1	1	1	1.0	0.0	+	1.0	0.0	+	True	PRAISE+BID+ELAP	3.0	2.0
chr4_56460159-56460160	chr4	56460159.0	56460160.0	1.0	tail_pattern_1	True	0.082163	PAICS	1	0.30804179918218993		0	0	0.0	0.0		1.0	0.0	+	True	PRAISE+ELAP_cross_chemistry	2.0	2.0
chr4_56963592-56963589	chr4	56963589.0	56963592.0	1.0	tail_pattern_1	True	0.087529	NOA1	1	0.360290776919582		0	0	0.0	0.0		1.0	0.0	-	True	PRAISE+ELAP_cross_chemistry	2.0	2.0
chr4_56986394-56986396	chr4	56986394.0	56986396.0	1.0	tail_pattern_1	True	0.0659135	POLR2B	1	0.14402544298046344		0	0	0.0	0.0		1.0	0.0	+	True	PRAISE+ELAP_cross_chemistry	2.0	2.0
chr4_71023638	chr4	71023638.0	71023638.0	0.0	tail_pattern_1	True	0.08721200000000001	DCK	1	0.3571104043616538	DKC1	1	1	0.0	0.0		0.0	0.0		True	PRAISE_only	1.0	1.0
chr4_71025896	chr4	71025896.0	71025896.0	0.0	tail_pattern_1	True	0.05831700000000001	DCK	1	0.05815538391640163		0	0	0.0	0.0		0.0	0.0		True	PRAISE_only	1.0	1.0
chr4_75800703	chr4	75800703.0	75800703.0	0.0	tail_pattern_1	True	0.06577	USO1	1	0.141753748296229		0	0	0.0	0.0		0.0	0.0		True	PRAISE_only	1.0	1.0
chr4_77034723	chr4	77034723.0	77034723.0	0.0	tail_pattern_1	True	0.068113	SEPTIN11	1	0.16855974557019537		0	0	0.0	0.0		0.0	0.0		True	PRAISE_only	1.0	1.0
chr4_786031	chr4	786031.0	786031.0	0.0	tail_pattern_1	True	0.21966049999999998	CPLX1	1	0.7823716492503408	PUS7	1	1	0.0	0.0		0.0	0.0		True	PRAISE_only	1.0	1.0
chr4_78926669	chr4	78926669.0	78926669.0	0.0	tail_pattern_1	True	0.0957485	PAQR3	1	0.43298500681508406		0	0	0.0	0.0		0.0	0.0		True	PRAISE_only	1.0	1.0
chr4_851813	chr4	851813.0	851813.0	0.0	tail_pattern_1	True	0.09576899999999999	GAK	1	0.43343934575193094		0	0	0.0	0.0		0.0	0.0		True	PRAISE_only	1.0	1.0
chr4_86775214-86775215	chr4	86775214.0	86775215.0	1.0	tail_pattern_1	True	0.07183500000000001	PTPN13	1	0.21263062244434347		0	0	0.0	0.0		1.0	0.0	+	True	PRAISE+ELAP_cross_chemistry	2.0	2.0
chr4_88506057-88506058	chr4	88506057.0	88506058.0	1.0	tail_pattern_1	True	0.8875	HERC5	1	0.9809177646524307	TRUB1	1	1	0.0	0.0		1.0	0.0	+	True	PRAISE+ELAP_cross_chemistry	2.0	2.0
chr4_88521729-88521728	chr4	88521728.0	88521729.0	1.0	tail_pattern_1	True	0.1510125	PIGY	1	0.671967287596547	TRUB1	1	1	1.0	0.0	-	1.0	0.0	-	True	PRAISE+BID+ELAP	3.0	2.0
chr5_10280551-10280550	chr5	10280550.0	10280551.0	1.0	tail_pattern_1	True	0.09541050000000001	CMBL	1	0.4298046342571558		0	0	0.0	0.0		1.0	0.0	-	True	PRAISE+ELAP_cross_chemistry	2.0	2.0
chr5_103007507-103007508	chr5	103007507.0	103007508.0	1.0	tail_pattern_1	True	0.061725	PAM	1	0.0963198546115402		0	0	0.0	0.0		0.0	0.0		True	PRAISE_only	1.0	1.0
chr5_109379253-109379252	chr5	109379252.0	109379253.0	1.0	tail_pattern_1	True	0.696531	PJA2	1	0.9500227169468424	TRUB1	1	1	1.0	0.0	-	1.0	0.0	-	True	PRAISE+BID+ELAP	3.0	2.0
chr5_112876654-112876652	chr5	112876652.0	112876654.0	1.0	tail_pattern_1	True	0.109902	REEP5	1	0.5206724216265334	DKC1	1	1	0.0	0.0		0.0	0.0		True	PRAISE_only	1.0	1.0
chr5_113553626-113553627	chr5	113553626.0	113553627.0	1.0	tail_pattern_1	True	0.087156	YTHDC2	1	0.3548387096774194		0	0	0.0	0.0		0.0	0.0		True	PRAISE_only	1.0	1.0
chr5_115615872-115615871	chr5	115615871.0	115615872.0	1.0	tail_pattern_1	True	0.11531	TMED7	1	0.5438437074057246		0	0	0.0	0.0		1.0	0.0	-	True	PRAISE+ELAP_cross_chemistry	2.0	2.0
chr5_115831644	chr5	115831644.0	115831644.0	0.0	tail_pattern_1	True	0.06587950000000001	ATG12	1	0.14311676510676966		0	0	0.0	0.0		0.0	0.0		True	PRAISE_only	1.0	1.0
chr5_123036591	chr5	123036591.0	123036591.0	0.0	tail_pattern_1	True	0.080696	PPIC	1	0.29441163107678325		0	0	0.0	0.0		0.0	0.0		True	PRAISE_only	1.0	1.0
chr5_126593403-126593402	chr5	126593402.0	126593403.0	1.0	tail_pattern_1	True	0.0551285	ALDH7A1	1	0.024988641526578828		0	0	0.0	0.0		1.0	0.0	-	True	PRAISE+ELAP_cross_chemistry	2.0	2.0
chr5_126804820-126804821	chr5	126804820.0	126804821.0	1.0	tail_pattern_1	True	0.065752	LMNB1	1	0.14084507042253522		0	0	0.0	0.0		1.0	0.0	+	True	PRAISE+ELAP_cross_chemistry	2.0	2.0
chr5_128527939	chr5	128527939.0	128527939.0	0.0	tail_pattern_1	True	0.06837850000000001	FBN2	1	0.1712857791912767		0	0	0.0	0.0		0.0	0.0		True	PRAISE_only	1.0	1.0
chr5_128537359	chr5	128537359.0	128537359.0	0.0	tail_pattern_1	True	0.104107	FBN2	1	0.4884143571104044	TRUB1	1	1	0.0	0.0		0.0	0.0		True	PRAISE_only	1.0	1.0
chr5_132887524-132887522	chr5	132887522.0	132887524.0	1.0	tail_pattern_1	True	0.07019149999999999	AFF4	1	0.19127669241253975		0	0	0.0	0.0		0.0	0.0		True	PRAISE_only	1.0	1.0
chr5_134157660-134157659	chr5	134157659.0	134157660.0	1.0	tail_pattern_1	True	0.16499999999999998	SKP1	1	0.7064970467969105		0	0	0.0	0.0		1.0	0.0	-	True	PRAISE+ELAP_cross_chemistry	2.0	2.0
chr5_134741127-134741128	chr5	134741127.0	134741128.0	1.0	tail_pattern_1	True	0.06929	CAMLG	1	0.18355293048614266		0	0	0.0	0.0		1.0	0.0	+	True	PRAISE+ELAP_cross_chemistry	2.0	2.0
chr5_136179805	chr5	136179805.0	136179805.0	0.0	tail_pattern_1	True	0.07086300000000001	SMAD5	1	0.19945479327578375	PUS7	1	1	0.0	0.0		0.0	0.0		True	PRAISE_only	1.0	1.0
chr5_138574124	chr5	138574124.0	138574124.0	0.0	tail_pattern_1	True	0.0596155	HSPA9	1	0.07360290776919581		0	0	0.0	0.0		0.0	0.0		True	PRAISE_only	1.0	1.0
chr5_138783178-138783179	chr5	138783178.0	138783179.0	1.0	tail_pattern_1	True	0.274451	CTNNA1	1	0.8287142208087233	TRUB1	1	1	0.0	0.0		1.0	0.0	+	True	PRAISE+ELAP_cross_chemistry	2.0	2.0
chr5_138810042-138810044	chr5	138810042.0	138810044.0	1.0	tail_pattern_1	True	0.0859705	CTNNA1	1	0.34393457519309406		0	0	0.0	0.0		1.0	0.0	+	True	PRAISE+ELAP_cross_chemistry	2.0	2.0
chr5_138824794-138824796	chr5	138824794.0	138824796.0	1.0	tail_pattern_1	True	0.079014	CTNNA1	1	0.28305315765561107		0	0	0.0	0.0		1.0	0.0	+	True	PRAISE+ELAP_cross_chemistry	2.0	2.0
chr5_139329855-139329858	chr5	139329855.0	139329858.0	1.0	tail_pattern_1	True	0.0784965	MATR3	1	0.2789641072239891		0	0	0.0	0.0		1.0	0.0	+	True	PRAISE+ELAP_cross_chemistry	2.0	2.0
chr5_139623411	chr5	139623411.0	139623411.0	0.0	tail_pattern_1	True	0.065761	UBE2D2	1	0.1412994093593821		0	0	0.0	0.0		1.0	0.0	+	True	PRAISE+ELAP_cross_chemistry	2.0	2.0
chr5_140245176-140245173	chr5	140245173.0	140245176.0	1.0	tail_pattern_1	True	0.069767	PFDN1	1	0.18764198091776466		0	0	0.0	0.0		1.0	0.0	-	True	PRAISE+ELAP_cross_chemistry	2.0	2.0
chr5_141529173	chr5	141529173.0	141529173.0	0.0	tail_pattern_1	True	0.3455505	DIAPH1	1	0.862335302135393		0	0	1.0	0.0	-	0.0	0.0		True	PRAISE+BID_same_family	2.0	1.0
chr5_141578576-141578575	chr5	141578575.0	141578576.0	1.0	tail_pattern_1	True	0.058245000000000005	DIAPH1	1	0.05542935029532031		0	0	0.0	0.0		0.0	0.0		True	PRAISE_only	1.0	1.0
chr5_141584190-141584188	chr5	141584188.0	141584190.0	1.0	tail_pattern_1	True	0.0858315	DIAPH1	1	0.34302589731940025	DKC1	1	1	0.0	0.0		1.0	0.0	-	True	PRAISE+ELAP_cross_chemistry	2.0	2.0
chr5_141933512-141933513	chr5	141933512.0	141933513.0	1.0	tail_pattern_1	True	0.6136585	DELE1	1	0.9368468877782826	TRUB1	1	1	0.0	0.0		0.0	0.0		True	PRAISE_only	1.0	1.0
chr5_146168227	chr5	146168227.0	146168227.0	0.0	tail_pattern_1	True	0.0899635	LARS1	1	0.3820990458882326		0	0	0.0	0.0		0.0	0.0		True	PRAISE_only	1.0	1.0
chr5_146171969-146171968	chr5	146171968.0	146171969.0	1.0	tail_pattern_1	True	0.0719265	LARS1	1	0.21444797819173103		0	0	0.0	0.0		0.0	0.0		True	PRAISE_only	1.0	1.0
chr5_149496667-149496666	chr5	149496666.0	149496667.0	1.0	tail_pattern_1	True	0.0784545	CSNK1A1	1	0.2785097682871422		0	0	0.0	0.0		0.0	0.0		True	PRAISE_only	1.0	1.0
chr5_149496845-149496844	chr5	149496844.0	149496845.0	1.0	tail_pattern_1	True	0.077659	CSNK1A1	1	0.2685143116765107		0	0	0.0	0.0		1.0	0.0	-	True	PRAISE+ELAP_cross_chemistry	2.0	2.0
chr5_149852473-149852474	chr5	149852473.0	149852474.0	1.0	tail_pattern_1	True	0.281396	PPARGC1B	1	0.8318945933666515	TRUB1	1	1	0.0	0.0		0.0	0.0		True	PRAISE_only	1.0	1.0
chr5_150753645-150753642	chr5	150753642.0	150753645.0	1.0	tail_pattern_1	True	0.0934085	DCTN4	1	0.412994093593821		0	0	0.0	0.0		1.0	0.0	-	True	PRAISE+ELAP_cross_chemistry	2.0	2.0
chr5_151028603	chr5	151028603.0	151028603.0	0.0	tail_pattern_1	True	0.20824900000000002	GPX3	1	0.7682871422080872		0	0	1.0	0.0	+	0.0	0.0		True	PRAISE+BID_same_family	2.0	1.0
chr5_151138764-151138763	chr5	151138763.0	151138764.0	1.0	tail_pattern_1	True	0.0594375	ANXA6	1	0.07133121308496138		0	0	0.0	0.0		1.0	0.0	-	True	PRAISE+ELAP_cross_chemistry	2.0	2.0
chr5_151268560-151268561	chr5	151268560.0	151268561.0	1.0	tail_pattern_1	True	0.083564	GM2A	1	0.3203089504770559		0	0	0.0	0.0		0.0	0.0		True	PRAISE_only	1.0	1.0
chr5_154799698-154799700	chr5	154799698.0	154799700.0	1.0	tail_pattern_1	True	0.0577625	LARP1	1	0.04861426624261699		0	0	0.0	0.0		0.0	0.0		True	PRAISE_only	1.0	1.0
chr5_154802373-154802375	chr5	154802373.0	154802375.0	1.0	tail_pattern_1	True	0.0709635	LARP1	1	0.20172648796001819	TRUB1	1	1	0.0	0.0		1.0	0.0	+	True	PRAISE+ELAP_cross_chemistry	2.0	2.0
chr5_154816059-154816060	chr5	154816059.0	154816060.0	1.0	tail_pattern_1	True	0.0643265	LARP1	1	0.1231258518855066		0	0	0.0	0.0		1.0	0.0	+	True	PRAISE+ELAP_cross_chemistry	2.0	2.0
chr5_163473417-163473418	chr5	163473417.0	163473418.0	1.0	tail_pattern_1	True	0.0943065	HMMR	1	0.42208087233075875		0	0	0.0	0.0		1.0	0.0	+	True	PRAISE+ELAP_cross_chemistry	2.0	2.0
chr5_168397734-168397735	chr5	168397734.0	168397735.0	1.0	tail_pattern_1	True	0.124965	WWC1	1	0.587005906406179	TRUB1	1	1	0.0	0.0		0.0	0.0		True	PRAISE_only	1.0	1.0
chr5_168557278	chr5	168557278.0	168557278.0	0.0	tail_pattern_1	True	0.090111	PANK3	1	0.3825533848250795	DKC1	1	1	0.0	0.0		0.0	0.0		True	PRAISE_only	1.0	1.0
chr5_169604366-169604367	chr5	169604366.0	169604367.0	1.0	tail_pattern_1	True	0.07867299999999999	SPDL1	1	0.28032712403452975		0	0	0.0	0.0		1.0	0.0	+	True	PRAISE+ELAP_cross_chemistry	2.0	2.0
chr5_171391345-171391346	chr5	171391345.0	171391346.0	1.0	tail_pattern_1	True	0.163922	NPM1	1	0.7014993184915947	DKC1	1	1	0.0	0.0		1.0	0.0	+	True	PRAISE+ELAP_cross_chemistry	2.0	2.0
chr5_171410624-171410625	chr5	171410624.0	171410625.0	1.0	tail_pattern_1	True	0.282713	NPM1	1	0.8323489323034984		0	0	0.0	0.0		1.0	0.0	+	True	PRAISE+ELAP_cross_chemistry	2.0	2.0
chr5_172909723	chr5	172909723.0	172909723.0	0.0	tail_pattern_1	True	0.108699	ERGIC1	1	0.5120399818264425	DKC1	1	1	0.0	0.0		0.0	0.0		True	PRAISE_only	1.0	1.0
chr5_175961349-175961347	chr5	175961347.0	175961349.0	1.0	tail_pattern_1	True	0.06292199999999999	THOC3	1	0.10881417537482962		0	0	0.0	0.0		1.0	0.0	-	True	PRAISE+ELAP_cross_chemistry	2.0	2.0
chr5_176378680-176378683	chr5	176378680.0	176378683.0	1.0	tail_pattern_1	True	0.1322415	ARL10	1	0.6124488868696047		0	0	0.0	0.0		1.0	0.0	+	True	PRAISE+ELAP_cross_chemistry	2.0	2.0
chr5_177041857	chr5	177041857.0	177041857.0	0.0	tail_pattern_1	True	0.057108500000000006	ZNF346	1	0.03861880963198546		0	0	0.0	0.0		0.0	0.0		True	PRAISE_only	1.0	1.0
chr5_177305904	chr5	177305904.0	177305904.0	0.0	tail_pattern_1	True	0.10851	PRELID1	1	0.510222626079055		0	0	1.0	0.0	+	1.0	0.0	+	True	PRAISE+BID+ELAP	3.0	2.0
chr5_177306148-177306151	chr5	177306148.0	177306151.0	1.0	tail_pattern_1	True	0.0667825	PRELID1	1	0.15265788278055428		0	0	0.0	0.0		1.0	0.0	+	True	PRAISE+ELAP_cross_chemistry	2.0	2.0
chr5_177337169-177337168	chr5	177337168.0	177337169.0	1.0	tail_pattern_1	True	0.138602	LMAN2	1	0.6365288505224898	DKC1	1	1	0.0	0.0		1.0	0.0	-	True	PRAISE+ELAP_cross_chemistry	2.0	2.0
chr5_177338569-177338568	chr5	177338568.0	177338569.0	1.0	tail_pattern_1	True	0.0652845	LMAN2	1	0.13175829168559747		0	0	0.0	0.0		0.0	0.0		True	PRAISE_only	1.0	1.0
chr5_177515820	chr5	177515820.0	177515820.0	0.0	tail_pattern_1	True	0.08458399999999999	DDX41	1	0.33166742389822806		0	0	0.0	0.0		0.0	0.0		True	PRAISE_only	1.0	1.0
chr5_178149556	chr5	178149556.0	178149556.0	0.0	tail_pattern_1	True	0.0812945	NHP2	1	0.3007723761926397		0	0	1.0	0.0	-	1.0	0.0	-	True	PRAISE+BID+ELAP	3.0	2.0
chr5_179799600	chr5	179799600.0	179799600.0	0.0	tail_pattern_1	True	0.1154215	MGAT4B	1	0.5449795547478419		0	0	1.0	0.0	-	0.0	0.0		True	PRAISE+BID_same_family	2.0	1.0
chr5_179955637-179955635	chr5	179955635.0	179955637.0	1.0	tail_pattern_1	True	0.1870275	RNF130	1	0.7473875511131304		0	0	0.0	0.0		1.0	0.0	-	True	PRAISE+ELAP_cross_chemistry	2.0	2.0
chr5_181243861-181243859	chr5	181243859.0	181243861.0	1.0	tail_pattern_1	True	0.0558135	RACK1	1	0.030895047705588367		0	0	0.0	0.0		1.0	0.0	-	True	PRAISE+ELAP_cross_chemistry	2.0	2.0
chr5_181264202-181264204	chr5	181264202.0	181264204.0	1.0	tail_pattern_1	True	0.157333	TRIM52-AS1	1	0.688323489323035		0	0	0.0	0.0		1.0	0.0	+	True	PRAISE+ELAP_cross_chemistry	2.0	2.0
chr5_1814351-1814353	chr5	1814351.0	1814353.0	1.0	tail_pattern_1	True	0.089174	NDUFS6	1	0.3752839618355293		0	0	0.0	0.0		0.0	0.0		True	PRAISE_only	1.0	1.0
chr5_31437254-31437253	chr5	31437253.0	31437254.0	1.0	tail_pattern_1	True	0.0901225	DROSHA	1	0.3830077237619264		0	0	0.0	0.0		0.0	0.0		True	PRAISE_only	1.0	1.0
chr5_33448541-33448542	chr5	33448541.0	33448542.0	1.0	tail_pattern_1	True	0.096969	TARS1	1	0.4407087687414811	TRUB1	1	1	0.0	0.0		1.0	0.0	+	True	PRAISE+ELAP_cross_chemistry	2.0	2.0
chr5_34914788-34914786	chr5	34914786.0	34914788.0	1.0	tail_pattern_1	True	0.059788	RAD1	1	0.07587460245343026		0	0	0.0	0.0		0.0	0.0		True	PRAISE_only	1.0	1.0
chr5_37289655-37289654	chr5	37289654.0	37289655.0	1.0	tail_pattern_1	True	0.1604245	NUP155	1	0.6951385733757383	TRUB1	1	1	0.0	0.0		0.0	0.0		True	PRAISE_only	1.0	1.0
chr5_40827632	chr5	40827632.0	40827632.0	0.0	tail_pattern_1	True	0.053801	RPL37	1	0.012721490231712857		0	0	0.0	0.0		1.0	0.0	-	True	PRAISE+ELAP_cross_chemistry	2.0	2.0
chr5_40832451	chr5	40832451.0	40832451.0	0.0	tail_pattern_1	True	0.08794350000000001	RPL37	1	0.3639254884143571	PUS1	1	1	0.0	0.0		0.0	0.0		True	PRAISE_only	1.0	1.0
chr5_41850160	chr5	41850160.0	41850160.0	0.0	tail_pattern_1	True	0.171419	OXCT1	1	0.7219445706497046	DKC1	1	1	1.0	0.0	-	0.0	0.0		True	PRAISE+BID_same_family	2.0	1.0
chr5_43295822-43295821	chr5	43295821.0	43295822.0	1.0	tail_pattern_1	True	0.076303	HMGCS1	1	0.2535211267605634		0	0	0.0	0.0		0.0	0.0		True	PRAISE_only	1.0	1.0
chr5_43628219-43628220	chr5	43628219.0	43628220.0	1.0	tail_pattern_1	True	0.19962449999999998	NNT	1	0.7632894139027715	TRUB1	1	1	0.0	0.0		1.0	0.0	+	True	PRAISE+ELAP_cross_chemistry	2.0	2.0
chr5_43655927-43655928	chr5	43655927.0	43655928.0	1.0	tail_pattern_1	True	0.076376	NNT	1	0.25442980463425713		0	0	0.0	0.0		0.0	0.0		True	PRAISE_only	1.0	1.0
chr5_53101492-53101490	chr5	53101490.0	53101492.0	1.0	tail_pattern_1	True	0.0927085	MOCS2	1	0.40708768741481144	DKC1	1	1	0.0	0.0		1.0	0.0	-	True	PRAISE+ELAP_cross_chemistry	2.0	2.0
chr5_65665108-65665109	chr5	65665108.0	65665109.0	1.0	tail_pattern_1	True	0.11545749999999999	TRAPPC13	1	0.5456610631531122		0	0	0.0	0.0		0.0	0.0		True	PRAISE_only	1.0	1.0
chr5_6625668	chr5	6625668.0	6625668.0	0.0	tail_pattern_1	True	0.06560099999999999	NSUN2	1	0.1372103589277601		0	0	0.0	0.0		0.0	0.0		True	PRAISE_only	1.0	1.0
chr5_69116096-69116100	chr5	69116096.0	69116100.0	1.0	tail_pattern_1	True	0.1071885	SLC30A5	1	0.5024988641526579		0	0	0.0	0.0		1.0	0.0	+	True	PRAISE+ELAP_cross_chemistry	2.0	2.0
chr5_69123367-69123368	chr5	69123367.0	69123368.0	1.0	tail_pattern_1	True	0.9090035000000001	SLC30A5	1	0.9845524761472059	TRUB1	1	1	1.0	0.0	+	1.0	0.0	+	True	PRAISE+BID+ELAP	3.0	2.0
chr5_71657630-71657631	chr5	71657630.0	71657631.0	1.0	tail_pattern_1	True	0.306972	MCCC2	1	0.8493866424352567		0	0	1.0	0.0	+	0.0	0.0		True	PRAISE+BID_same_family	2.0	1.0
chr5_77438327	chr5	77438327.0	77438327.0	0.0	tail_pattern_1	True	0.064874	WDR41	1	0.12857791912766925		0	0	0.0	0.0		0.0	0.0		True	PRAISE_only	1.0	1.0
chr5_78100954-78089498	chr5	78089498.0	78100954.0	1.0	tail_pattern_1	True	0.1550265	AP3B1	1	0.6810540663334848	DKC1	1	1	0.0	0.0		0.0	0.0		True	PRAISE_only	1.0	1.0
chr5_78216088	chr5	78216088.0	78216088.0	0.0	tail_pattern_1	True	0.06901550000000001	AP3B1	1	0.1785552021808269		0	0	0.0	0.0		0.0	0.0		True	PRAISE_only	1.0	1.0
chr5_80768937-80768939	chr5	80768937.0	80768939.0	1.0	tail_pattern_1	True	0.175163	MSH3	1	0.7292139936392549	DKC1	1	1	0.0	0.0		0.0	0.0		True	PRAISE_only	1.0	1.0
chr5_82275304-82275303	chr5	82275303.0	82275304.0	1.0	tail_pattern_1	True	0.1468695	RPS23	1	0.6608359836437983		0	0	0.0	0.0		0.0	0.0		True	PRAISE_only	1.0	1.0
chr5_82275435-82275434	chr5	82275434.0	82275435.0	1.0	tail_pattern_1	True	0.09761900000000001	RPS23	1	0.44434348023625625		0	0	0.0	0.0		1.0	0.0	-	True	PRAISE+ELAP_cross_chemistry	2.0	2.0
chr5_83580061-83580062	chr5	83580061.0	83580062.0	1.0	tail_pattern_1	True	0.101665	VCAN	1	0.47478418900499775	DKC1	1	1	0.0	0.0		1.0	0.0	+	True	PRAISE+ELAP_cross_chemistry	2.0	2.0
chr5_86620770-86620771	chr5	86620770.0	86620771.0	1.0	tail_pattern_1	True	0.1013915	COX7C	1	0.4720581553839164		0	0	0.0	0.0		1.0	0.0	+	True	PRAISE+ELAP_cross_chemistry	2.0	2.0
chr5_88722895-88722894	chr5	88722894.0	88722895.0	1.0	tail_pattern_1	True	0.81	MEF2C	1	0.9650159018627896	TRUB1	1	1	0.0	0.0		0.0	0.0		True	PRAISE_only	1.0	1.0
chr5_93594461-93594462	chr5	93594461.0	93594462.0	1.0	tail_pattern_1	True	0.11417250000000001	NR2F1	1	0.5393003180372558	TRUB1	1	1	1.0	0.0	+	0.0	0.0		True	PRAISE+BID_same_family	2.0	1.0
chr5_95467898-95467897	chr5	95467897.0	95467898.0	1.0	tail_pattern_1	True	0.083793	TTC37	1	0.3243980009086779		0	0	0.0	0.0		0.0	0.0		True	PRAISE_only	1.0	1.0
chr5_95886832-95886831	chr5	95886831.0	95886832.0	1.0	tail_pattern_1	True	0.8167420000000001	ELL2	1	0.9672875965470241		0	0	0.0	0.0		0.0	0.0		True	PRAISE_only	1.0	1.0
chr5_KI270791v1_alt_195704-195706	chr5_KI270791v1_alt	195704.0	195706.0	1.0	tail_pattern_1	True	0.0547175	CLPTM1L	1	0.021353930031803726		0	0	0.0	0.0		0.0	0.0		True	PRAISE_only	1.0	1.0
chr5_KI270793v1_alt_0	chr5_KI270793v1_alt	0.0	0.0	0.0	tail_pattern_1	True	0.059312000000000004	SLC9A3	1	0.06996819627442072		0	0	0.0	0.0		0.0	0.0		True	PRAISE_only	1.0	1.0
chr5_KI270897v1_alt_0-0	chr5_KI270897v1_alt	0.0	0.0	0.0	tail_pattern_1	True	0.306972	MCCC2	1	0.8493866424352567		0	0	0.0	0.0		0.0	0.0		True	PRAISE_only	1.0	1.0
chr5_KI270897v1_alt_1095685-1095686	chr5_KI270897v1_alt	1095685.0	1095686.0	1.0	tail_pattern_1	True	0.12810549999999998	BDP1	1	0.5979100408905044	TRUB1	1	1	0.0	0.0		0.0	0.0		True	PRAISE_only	1.0	1.0
chr5_KI270898v1_alt_16990-16992	chr5_KI270898v1_alt	16990.0	16992.0	1.0	tail_pattern_1	True	0.06292199999999999	LOC728554	1	0.10881417537482962		0	0	0.0	0.0		0.0	0.0		True	PRAISE_only	1.0	1.0
chr5_KV575244v1_fix_563236	chr5_KV575244v1_fix	563236.0	563236.0	0.0	tail_pattern_1	True	0.15246700000000002	MGAT4B	1	0.6765106769650159		0	0	0.0	0.0		0.0	0.0		True	PRAISE_only	1.0	1.0
chr5_KV575244v1_fix_565173	chr5_KV575244v1_fix	565173.0	565173.0	0.0	tail_pattern_1	True	0.1154215	MGAT4B	1	0.5449795547478419	PUS7	1	1	0.0	0.0		0.0	0.0		True	PRAISE_only	1.0	1.0
chr6_100767251-100767249	chr6	100767249.0	100767251.0	1.0	tail_pattern_1	True	0.15738649999999998	ASCC3	1	0.6892321671967288		0	0	0.0	0.0		0.0	0.0		True	PRAISE_only	1.0	1.0
chr6_10410280	chr6	10410280.0	10410280.0	0.0	tail_pattern_1	True	0.053247	TFAP2A	1	0.009541117673784643		0	0	0.0	0.0		0.0	0.0		True	PRAISE_only	1.0	1.0
chr6_104785262-104785261	chr6	104785261.0	104785262.0	1.0	tail_pattern_1	True	0.09130450000000001	HACE1	1	0.3939118582462517		0	0	0.0	0.0		1.0	0.0	-	True	PRAISE+ELAP_cross_chemistry	2.0	2.0
chr6_105333473-105333471	chr6	105333471.0	105333473.0	1.0	tail_pattern_1	True	0.066637	PREP	1	0.15129486597001363		0	0	0.0	0.0		0.0	0.0		True	PRAISE_only	1.0	1.0
chr6_10756806-10756807	chr6	10756806.0	10756807.0	1.0	tail_pattern_1	True	0.198467	TMEM14B	1	0.7619263970922308		0	0	0.0	0.0		1.0	0.0	+	True	PRAISE+ELAP_cross_chemistry	2.0	2.0
chr6_108211913	chr6	108211913.0	108211913.0	0.0	tail_pattern_1	True	0.059262499999999996	SNX3	1	0.06905951840072694		0	0	0.0	0.0		0.0	0.0		True	PRAISE_only	1.0	1.0
chr6_108223032-108223029	chr6	108223029.0	108223032.0	1.0	tail_pattern_1	True	0.11610799999999999	SNX3	1	0.550658791458428	DKC1	1	1	0.0	0.0		1.0	0.0	-	True	PRAISE+ELAP_cross_chemistry	2.0	2.0
chr6_108994587-108994586	chr6	108994586.0	108994587.0	1.0	tail_pattern_1	True	0.7019735	SESN1	1	0.951385733757383	TRUB1	1	1	0.0	0.0		1.0	0.0	-	True	PRAISE+ELAP_cross_chemistry	2.0	2.0
chr6_110179558-110179557	chr6	110179557.0	110179558.0	1.0	tail_pattern_1	True	0.0591915	WASF1	1	0.0667878237164925		0	0	0.0	0.0		0.0	0.0		True	PRAISE_only	1.0	1.0
chr6_110967667-110967668	chr6	110967667.0	110967668.0	1.0	tail_pattern_1	True	0.160297	GTF3C6	1	0.6946842344388914	TRUB1	1	1	1.0	0.0	+	0.0	0.0		True	PRAISE+BID_same_family	2.0	1.0
chr6_113944404-113944402	chr6	113944402.0	113944404.0	1.0	tail_pattern_1	True	0.148981	HDAC2	1	0.6656065424806906	DKC1	1	1	0.0	0.0		0.0	0.0		True	PRAISE_only	1.0	1.0
chr6_119290700	chr6	119290700.0	119290700.0	0.0	tail_pattern_1	True	0.087781	MAN1A1	1	0.36256247160381644	DKC1	1	1	0.0	0.0		0.0	0.0		True	PRAISE_only	1.0	1.0
chr6_122399778	chr6	122399778.0	122399778.0	0.0	tail_pattern_1	True	0.151329	HSF2	1	0.6728759654702408		0	0	0.0	0.0		0.0	0.0		True	PRAISE_only	1.0	1.0
chr6_130870124-130870123	chr6	130870123.0	130870124.0	1.0	tail_pattern_1	True	0.08720349999999999	EPB41L2	1	0.3566560654248069		0	0	0.0	0.0		1.0	0.0	-	True	PRAISE+ELAP_cross_chemistry	2.0	2.0
chr6_131868047	chr6	131868047.0	131868047.0	0.0	tail_pattern_1	True	0.1213235	ENPP1	1	0.5738300772376193	PUS1	1	1	0.0	0.0		0.0	0.0		True	PRAISE_only	1.0	1.0
chr6_132323972-132323971	chr6	132323971.0	132323972.0	1.0	tail_pattern_1	True	0.25111100000000003	MOXD1	1	0.8132666969559291	TRUB1	1	1	0.0	0.0		1.0	0.0	-	True	PRAISE+ELAP_cross_chemistry	2.0	2.0
chr6_134986169-134986166	chr6	134986166.0	134986169.0	1.0	tail_pattern_1	True	0.9229320000000001	HBS1L	1	0.9895502044525216	TRUB1	1	1	1.0	0.0	-	0.0	0.0		True	PRAISE+BID_same_family	2.0	1.0
chr6_135465841-135465840	chr6	135465840.0	135465841.0	1.0	tail_pattern_1	True	0.613124	AHI1	1	0.9363925488414357	TRUB1	1	1	0.0	0.0		0.0	0.0		True	PRAISE_only	1.0	1.0
chr6_136260235	chr6	136260235.0	136260235.0	0.0	tail_pattern_1	True	0.061156	BCLAF1	1	0.09041344843253067	PUS7	1	1	0.0	0.0		0.0	0.0		True	PRAISE_only	1.0	1.0
chr6_150063245-150063244	chr6	150063244.0	150063245.0	1.0	tail_pattern_1	True	0.22436050000000002	ULBP3	1	0.7878237164925034	TRUB1	1	1	0.0	0.0		0.0	0.0		True	PRAISE_only	1.0	1.0
chr6_151092540-151092541	chr6	151092540.0	151092541.0	1.0	tail_pattern_1	True	0.210712	MTHFD1L	1	0.773284870513403	TRUB1	1	1	1.0	0.0	+	1.0	0.0	+	True	PRAISE+BID+ELAP	3.0	2.0
chr6_152975605-152975604	chr6	152975604.0	152975605.0	1.0	tail_pattern_1	True	0.8518985	FBXO5	1	0.9727396637891867	TRUB1	1	1	1.0	0.0	-	0.0	0.0		True	PRAISE+BID_same_family	2.0	1.0
chr6_158192253-158192256	chr6	158192253.0	158192256.0	1.0	tail_pattern_1	True	0.052610500000000004	GTF2H5	1	0.0068150840527033164		0	0	1.0	0.0	+	1.0	0.0	+	True	PRAISE+BID+ELAP	3.0	2.0
chr6_158632485-158632486	chr6	158632485.0	158632486.0	1.0	tail_pattern_1	True	0.244844	TMEM181	1	0.8073602907769196	TRUB1	1	1	1.0	0.0	+	1.0	0.0	+	True	PRAISE+BID+ELAP	3.0	2.0
chr6_159768529-159768530	chr6	159768529.0	159768530.0	1.0	tail_pattern_1	True	0.16698000000000002	ACAT2	1	0.7110404361653794		0	0	0.0	0.0		1.0	0.0	+	True	PRAISE+ELAP_cross_chemistry	2.0	2.0
chr6_159779136-159779135	chr6	159779135.0	159779136.0	1.0	tail_pattern_1	True	0.069472	TCP1	1	0.18491594729668331		0	0	0.0	0.0		1.0	0.0	-	True	PRAISE+ELAP_cross_chemistry	2.0	2.0
chr6_159790948-159790949	chr6	159790948.0	159790949.0	1.0	tail_pattern_1	True	0.08144799999999999	MRPL18	1	0.3012267151294866		0	0	0.0	0.0		1.0	0.0	+	True	PRAISE+ELAP_cross_chemistry	2.0	2.0
chr6_160047178-160047179	chr6	160047178.0	160047179.0	1.0	tail_pattern_1	True	0.07864399999999999	IGF2R	1	0.2798727850976829	DKC1	1	1	0.0	0.0		0.0	0.0		True	PRAISE_only	1.0	1.0
chr6_169659185	chr6	169659185.0	169659185.0	0.0	tail_pattern_1	True	0.29285700000000003	WDR27	1	0.8405270331667424		0	0	0.0	0.0		1.0	0.0	-	True	PRAISE+ELAP_cross_chemistry	2.0	2.0
chr6_170583716-170583712	chr6	170583712.0	170583716.0	1.0	tail_pattern_1	True	0.0643195	PDCD2	1	0.12221717401181281		0	0	0.0	0.0		1.0	0.0	-	True	PRAISE+ELAP_cross_chemistry	2.0	2.0
chr6_18197104	chr6	18197104.0	18197104.0	0.0	tail_pattern_1	True	0.096788	KDM1B	1	0.4393457519309405	DKC1	1	1	0.0	0.0		0.0	0.0		True	PRAISE_only	1.0	1.0
chr6_3140444	chr6	3140444.0	3140444.0	0.0	tail_pattern_1	True	0.096578	BPHL	1	0.43752839618355294		0	0	0.0	0.0		0.0	0.0		True	PRAISE_only	1.0	1.0
chr6_31641208-31641207	chr6	31641207.0	31641208.0	1.0	tail_pattern_1	True	0.0720765	BAG6	1	0.2162653339391186		0	0	0.0	0.0		1.0	0.0	-	True	PRAISE+ELAP_cross_chemistry	2.0	2.0
chr6_3298175-3298173	chr6	3298173.0	3298175.0	1.0	tail_pattern_1	True	0.2908815	SLC22A23	1	0.8364379827351204	TRUB1	1	1	0.0	0.0		1.0	0.0	-	True	PRAISE+ELAP_cross_chemistry	2.0	2.0
chr6_34245631-34245632	chr6	34245631.0	34245632.0	1.0	tail_pattern_1	True	0.1038255	HMGA1	1	0.48568832348932306		0	0	0.0	0.0		1.0	0.0	+	True	PRAISE+ELAP_cross_chemistry	2.0	2.0
chr6_34246157-34246159	chr6	34246157.0	34246159.0	1.0	tail_pattern_1	True	0.122525	HMGA1	1	0.5774647887323944	DKC1	1	1	0.0	0.0		1.0	0.0	+	True	PRAISE+ELAP_cross_chemistry	2.0	2.0
chr6_34589459	chr6	34589459.0	34589459.0	0.0	tail_pattern_1	True	0.080371	ILRUN	1	0.2921399363925488	PUS7	1	1	0.0	0.0		0.0	0.0		True	PRAISE_only	1.0	1.0
chr6_34590068-34590066	chr6	34590066.0	34590068.0	1.0	tail_pattern_1	True	0.144655	ILRUN	1	0.6565197637437529	DKC1	1	1	0.0	0.0		1.0	0.0	-	True	PRAISE+ELAP_cross_chemistry	2.0	2.0
chr6_34880004	chr6	34880004.0	34880004.0	0.0	tail_pattern_1	True	0.050726	TAF11	1	0.00045433893684688776		0	0	0.0	0.0		0.0	0.0		True	PRAISE_only	1.0	1.0
chr6_35833234	chr6	35833234.0	35833234.0	0.0	tail_pattern_1	True	0.1097245	SRPK1	1	0.5188550658791459	PUS7	1	1	0.0	0.0		0.0	0.0		True	PRAISE_only	1.0	1.0
chr6_36856640	chr6	36856640.0	36856640.0	0.0	tail_pattern_1	True	0.0677905	PPIL1	1	0.16628805088596094		0	0	0.0	0.0		1.0	0.0	-	True	PRAISE+ELAP_cross_chemistry	2.0	2.0
chr6_37381201	chr6	37381201.0	37381201.0	0.0	tail_pattern_1	True	0.0594	RNF8	1	0.0708768741481145		0	0	0.0	0.0		0.0	0.0		True	PRAISE_only	1.0	1.0
chr6_37480412	chr6	37480412.0	37480412.0	0.0	tail_pattern_1	True	0.08121400000000001	CMTR1	1	0.29986369831894594		0	0	0.0	0.0		0.0	0.0		True	PRAISE_only	1.0	1.0
chr6_42210543-42210541	chr6	42210541.0	42210543.0	1.0	tail_pattern_1	True	0.09128449999999999	MRPS10	1	0.3934575193094048	DKC1	1	1	0.0	0.0		1.0	0.0	-	True	PRAISE+ELAP_cross_chemistry	2.0	2.0
chr6_42935606-42935608	chr6	42935606.0	42935608.0	1.0	tail_pattern_1	True	0.1005745	CNPY3	1	0.46660608814175375		0	0	0.0	0.0		0.0	0.0		True	PRAISE_only	1.0	1.0
chr6_43160865	chr6	43160865.0	43160865.0	0.0	tail_pattern_1	True	0.0653985	PTK7	1	0.13493866424352566		0	0	0.0	0.0		0.0	0.0		True	PRAISE_only	1.0	1.0
chr6_43225704-43225703	chr6	43225703.0	43225704.0	1.0	tail_pattern_1	True	0.104932	DNPH1	1	0.4934120854157201	DKC1	1	1	0.0	0.0		1.0	0.0	-	True	PRAISE+ELAP_cross_chemistry	2.0	2.0
chr6_43225786-43225785	chr6	43225785.0	43225786.0	1.0	tail_pattern_1	True	0.11935899999999999	DNPH1	1	0.5651976374375284	DKC1	1	1	0.0	0.0		1.0	0.0	-	True	PRAISE+ELAP_cross_chemistry	2.0	2.0
chr6_43369415	chr6	43369415.0	43369415.0	0.0	tail_pattern_1	True	0.502335	ZNF318	1	0.9086778736937755	PUS7	1	1	1.0	0.0	-	0.0	0.0		True	PRAISE+BID_same_family	2.0	1.0
chr6_43547632	chr6	43547632.0	43547632.0	0.0	tail_pattern_1	True	0.10997950000000001	XPO5	1	0.5215810995002271	DKC1	1	1	0.0	0.0		0.0	0.0		True	PRAISE_only	1.0	1.0
chr6_44230594-44230595	chr6	44230594.0	44230595.0	1.0	tail_pattern_1	True	0.083746	SLC29A1	1	0.3234893230349841	DKC1	1	1	0.0	0.0		0.0	0.0		True	PRAISE_only	1.0	1.0
chr6_44231400-44231402	chr6	44231400.0	44231402.0	1.0	tail_pattern_1	True	0.6110180000000001	SLC29A1	1	0.9359382099045889	TRUB1	1	1	1.0	0.0	+	1.0	0.0	+	True	PRAISE+BID+ELAP	3.0	2.0
chr6_44249712-44249713	chr6	44249712.0	44249713.0	1.0	tail_pattern_1	True	0.1003635	HSP90AB1	1	0.46342571558382556	DKC1	1	1	0.0	0.0		1.0	0.0	+	True	PRAISE+ELAP_cross_chemistry	2.0	2.0
chr6_44253773	chr6	44253773.0	44253773.0	0.0	tail_pattern_1	True	0.056465	HSP90AB1	1	0.03452975920036347		0	0	0.0	0.0		0.0	0.0		True	PRAISE_only	1.0	1.0
chr6_44256715	chr6	44256715.0	44256715.0	0.0	tail_pattern_1	True	0.1876285	SLC35B2	1	0.7478418900499773	PUS1	1	1	0.0	0.0		1.0	0.0	-	True	PRAISE+ELAP_cross_chemistry	2.0	2.0
chr6_52995865-52995867	chr6	52995865.0	52995867.0	1.0	tail_pattern_1	True	0.2608105	RN7SK	1	0.8205361199454794		0	0	0.0	0.0		1.0	0.0	+	True	PRAISE+ELAP_cross_chemistry	2.0	2.0
chr6_52995869	chr6	52995869.0	52995869.0	0.0	tail_pattern_1	True	0.3368055	RN7SK	1	0.8609722853248524	PUS7	1	1	0.0	0.0		0.0	0.0		True	PRAISE_only	1.0	1.0
chr6_71308078-71308079	chr6	71308078.0	71308079.0	1.0	tail_pattern_1	True	0.32382350000000004	OGFRL1	1	0.8546115402089959		0	0	0.0	0.0		0.0	0.0		True	PRAISE_only	1.0	1.0
chr6_73517922-73517921	chr6	73517921.0	73517922.0	1.0	tail_pattern_1	True	0.101761	EEF1A1	1	0.4752385279418446		0	0	0.0	0.0		1.0	0.0	-	True	PRAISE+ELAP_cross_chemistry	2.0	2.0
chr6_73519098-73519097	chr6	73519097.0	73519098.0	1.0	tail_pattern_1	True	0.0631925	EEF1A1	1	0.1113130395274875		0	0	0.0	0.0		1.0	0.0	-	True	PRAISE+ELAP_cross_chemistry	2.0	2.0
chr6_75866938-75866940	chr6	75866938.0	75866940.0	1.0	tail_pattern_1	True	0.111139	MYO6	1	0.5288505224897774	DKC1	1	1	0.0	0.0		1.0	0.0	+	True	PRAISE+ELAP_cross_chemistry	2.0	2.0
chr6_7882824-7882823	chr6	7882823.0	7882824.0	1.0	tail_pattern_1	True	0.061496999999999996	BLOC1S5-TXNDC5	1	0.09495683780099955		0	0	0.0	0.0		0.0	0.0		True	PRAISE_only	1.0	1.0
chr6_78938743-78938742	chr6	78938742.0	78938743.0	1.0	tail_pattern_1	True	0.0819445	PHIP	1	0.30667878237164925		0	0	0.0	0.0		0.0	0.0		True	PRAISE_only	1.0	1.0
chr6_79201302-79201301	chr6	79201301.0	79201302.0	1.0	tail_pattern_1	True	0.08663599999999999	HMGN3	1	0.3502953203089505		0	0	0.0	0.0		1.0	0.0	-	True	PRAISE+ELAP_cross_chemistry	2.0	2.0
chr6_80167720-80167721	chr6	80167720.0	80167721.0	1.0	tail_pattern_1	True	0.0997595	BCKDHB	1	0.45933666515220356	DKC1	1	1	0.0	0.0		0.0	0.0		True	PRAISE_only	1.0	1.0
chr6_80167728-80167730	chr6	80167728.0	80167730.0	1.0	tail_pattern_1	True	0.130504	BCKDHB	1	0.6065424806905951		0	0	0.0	0.0		1.0	0.0	+	True	PRAISE+ELAP_cross_chemistry	2.0	2.0
chr6_83216550-83216548	chr6	83216548.0	83216550.0	1.0	tail_pattern_1	True	0.104095	ME1	1	0.4879600181735575		0	0	0.0	0.0		1.0	0.0	-	True	PRAISE+ELAP_cross_chemistry	2.0	2.0
chr6_83398382	chr6	83398382.0	83398382.0	0.0	tail_pattern_1	True	0.120261	ME1	1	0.5688323489323035		0	0	0.0	0.0		0.0	0.0		True	PRAISE_only	1.0	1.0
chr6_83407868-83407867	chr6	83407867.0	83407868.0	1.0	tail_pattern_1	True	0.1002885	ME1	1	0.4620626987732849		0	0	0.0	0.0		0.0	0.0		True	PRAISE_only	1.0	1.0
chr6_85618912-85618911	chr6	85618911.0	85618912.0	1.0	tail_pattern_1	True	0.0740885	SYNCRIP	1	0.23307587460245344	DKC1	1	1	0.0	0.0		0.0	0.0		True	PRAISE_only	1.0	1.0
chr6_89163381	chr6	89163381.0	89163381.0	0.0	tail_pattern_1	True	0.1655505	PM20D2	1	0.708314402544298		0	0	0.0	0.0		0.0	0.0		True	PRAISE_only	1.0	1.0
chr6_GL000251v2_alt_2749746-2749745	chr6_GL000251v2_alt	2749745.0	2749746.0	1.0	tail_pattern_1	True	0.092837	HLA-C	1	0.40867787369377556	DKC1	1	1	0.0	0.0		0.0	0.0		True	PRAISE_only	1.0	1.0
chr6_GL000255v2_alt_3091253-3091254	chr6_GL000255v2_alt	3091253.0	3091254.0	1.0	tail_pattern_1	True	0.14354050000000002	SNHG32	1	0.6537937301226715		0	0	0.0	0.0		0.0	0.0		True	PRAISE_only	1.0	1.0
chr6_GL000255v2_alt_4021882-4021881	chr6_GL000255v2_alt	4021881.0	4021882.0	1.0	tail_pattern_1	True	0.5801565	TAP2	1	0.9300318037255793	TRUB1	1	1	0.0	0.0		0.0	0.0		True	PRAISE_only	1.0	1.0
chr6_GL000256v2_alt_0-0	chr6_GL000256v2_alt	0.0	0.0	0.0	tail_pattern_1	True	0.0576325	EHMT2	1	0.046342571558382555		0	0	0.0	0.0		0.0	0.0		True	PRAISE_only	1.0	1.0
chr6_GL000256v2_alt_2025978	chr6_GL000256v2_alt	2025978.0	2025978.0	0.0	tail_pattern_1	True	0.051643499999999995	TUBB	1	0.0027260336210813267		0	0	0.0	0.0		0.0	0.0		True	PRAISE_only	1.0	1.0
chr6_GL000256v2_alt_212857-212856	chr6_GL000256v2_alt	212856.0	212857.0	1.0	tail_pattern_1	True	0.0804145	TRIM27	1	0.29259427532939575	TRUB1	1	1	0.0	0.0		0.0	0.0		True	PRAISE_only	1.0	1.0
chr6_GL000256v2_alt_2570774-2570773	chr6_GL000256v2_alt	2570773.0	2570774.0	1.0	tail_pattern_1	True	0.092837	HLA-C	1	0.40867787369377556	DKC1	1	1	0.0	0.0		0.0	0.0		True	PRAISE_only	1.0	1.0
chr6_GL000256v2_alt_2940489-2940488	chr6_GL000256v2_alt	2940488.0	2940489.0	1.0	tail_pattern_1	True	0.0922945	BAG6	1	0.4016356201726488	TRUB1	1	1	0.0	0.0		0.0	0.0		True	PRAISE_only	1.0	1.0
chr6_GL000256v2_alt_2940493-2940492	chr6_GL000256v2_alt	2940492.0	2940493.0	1.0	tail_pattern_1	True	0.0592095	BAG6	1	0.06815084052703317		0	0	0.0	0.0		0.0	0.0		True	PRAISE_only	1.0	1.0
chr6_GL000256v2_alt_3078933-3078932	chr6_GL000256v2_alt	3078932.0	3078933.0	1.0	tail_pattern_1	True	0.0770045	VARS1	1	0.2612448886869605	DKC1	1	1	0.0	0.0		0.0	0.0		True	PRAISE_only	1.0	1.0
chr6_GL000256v2_alt_3078944	chr6_GL000256v2_alt	3078944.0	3078944.0	0.0	tail_pattern_1	True	0.088226	VARS1	1	0.3675601999091322	DKC1	1	1	0.0	0.0		0.0	0.0		True	PRAISE_only	1.0	1.0
chr6_GL000256v2_alt_3081608	chr6_GL000256v2_alt	3081608.0	3081608.0	0.0	tail_pattern_1	True	0.0870655	VARS1	1	0.35438437074057244	PUS7	1	1	0.0	0.0		0.0	0.0		True	PRAISE_only	1.0	1.0
chr6_GL000256v2_alt_3181437	chr6_GL000256v2_alt	3181437.0	3181437.0	0.0	tail_pattern_1	True	0.0759975	EHMT2	1	0.25079509313948206		0	0	0.0	0.0		0.0	0.0		True	PRAISE_only	1.0	1.0
chr6_GL000256v2_alt_3255322	chr6_GL000256v2_alt	3255322.0	3255322.0	0.0	tail_pattern_1	True	0.1022285	NELFE	1	0.4788732394366197		0	0	0.0	0.0		0.0	0.0		True	PRAISE_only	1.0	1.0
chr6_GL000256v2_alt_3496258-3496260	chr6_GL000256v2_alt	3496258.0	3496260.0	1.0	tail_pattern_1	True	0.0817325	RNF5	1	0.30531576556110857		0	0	0.0	0.0		0.0	0.0		True	PRAISE_only	1.0	1.0
chr6_GL000256v2_alt_4716000-4715999	chr6_GL000256v2_alt	4715999.0	4716000.0	1.0	tail_pattern_1	True	0.1607255	VPS52	1	0.6960472512494321	DKC1	1	1	0.0	0.0		0.0	0.0		True	PRAISE_only	1.0	1.0
chr6_KV766194v1_fix_0	chr6_KV766194v1_fix	0.0	0.0	0.0	tail_pattern_1	True	0.097513	MDN1	1	0.44298046342571556		0	0	0.0	0.0		0.0	0.0		True	PRAISE_only	1.0	1.0
chr6_KZ208911v1_fix_241772-241773	chr6_KZ208911v1_fix	241772.0	241773.0	1.0	tail_pattern_1	True	0.07706	TMEM14C	1	0.2616992276238074		0	0	0.0	0.0		0.0	0.0		True	PRAISE_only	1.0	1.0
chr7_100098186	chr7	100098186.0	100098186.0	0.0	tail_pattern_1	True	0.072749	MCM7	1	0.22080872330758747		0	0	0.0	0.0		0.0	0.0		True	PRAISE_only	1.0	1.0
chr7_100676559	chr7	100676559.0	100676559.0	0.0	tail_pattern_1	True	0.05924599999999999	GNB2	1	0.06860517946388005		0	0	0.0	0.0		1.0	0.0	+	True	PRAISE+ELAP_cross_chemistry	2.0	2.0
chr7_100868736	chr7	100868736.0	100868736.0	0.0	tail_pattern_1	True	0.128752	TRIP6	1	0.6019990913221263		0	0	0.0	0.0		0.0	0.0		True	PRAISE_only	1.0	1.0
chr7_100868770	chr7	100868770.0	100868770.0	0.0	tail_pattern_1	True	0.066103	TRIP6	1	0.14629713766469787	PUS7	1	1	0.0	0.0		0.0	0.0		True	PRAISE_only	1.0	1.0
chr7_100873195	chr7	100873195.0	100873195.0	0.0	tail_pattern_1	True	0.24063299999999999	TRIP6	1	0.8046342571558383		0	0	1.0	0.0	+	1.0	0.0	+	True	PRAISE+BID+ELAP	3.0	2.0
chr7_100887339-100887342	chr7	100887339.0	100887342.0	1.0	tail_pattern_1	True	0.078358	SRRT	1	0.2757837346660609	DKC1	1	1	0.0	0.0		1.0	0.0	+	True	PRAISE+ELAP_cross_chemistry	2.0	2.0
chr7_101090572	chr7	101090572.0	101090572.0	0.0	tail_pattern_1	True	0.181165	TRIM56	1	0.7401181281235802		0	0	0.0	0.0		0.0	0.0		True	PRAISE_only	1.0	1.0
chr7_101245032	chr7	101245032.0	101245032.0	0.0	tail_pattern_1	True	0.0572665	FIS1	1	0.040436165379373015	PUS7	1	1	0.0	0.0		0.0	0.0		True	PRAISE_only	1.0	1.0
chr7_102273391	chr7	102273391.0	102273391.0	0.0	tail_pattern_1	True	0.1093015	CUX1	1	0.5165833711949114	DKC1	1	1	0.0	0.0		0.0	0.0		True	PRAISE_only	1.0	1.0
chr7_102449624-102449625	chr7	102449624.0	102449625.0	1.0	tail_pattern_1	True	0.1737395	ORAI2	1	0.7264879600181735	TRUB1	1	1	0.0	0.0		0.0	0.0		True	PRAISE_only	1.0	1.0
chr7_103311809-103311810	chr7	103311809.0	103311810.0	1.0	tail_pattern_1	True	0.593836	PMPCB	1	0.9332121762835075	TRUB1	1	1	1.0	0.0	+	1.0	0.0	+	True	PRAISE+BID+ELAP	3.0	2.0
chr7_103364237-103364238	chr7	103364237.0	103364238.0	1.0	tail_pattern_1	True	0.1161545	PSMC2	1	0.5515674693321218		0	0	0.0	0.0		1.0	0.0	+	True	PRAISE+ELAP_cross_chemistry	2.0	2.0
chr7_103368009-103368010	chr7	103368009.0	103368010.0	1.0	tail_pattern_1	True	0.0686465	PSMC2	1	0.17492049068605178		0	0	0.0	0.0		1.0	0.0	+	True	PRAISE+ELAP_cross_chemistry	2.0	2.0
chr7_105547044-105547045	chr7	105547044.0	105547045.0	1.0	tail_pattern_1	True	0.3194445	RINT1	1	0.8537028623353021	TRUB1	1	1	0.0	0.0		1.0	0.0	+	True	PRAISE+ELAP_cross_chemistry	2.0	2.0
chr7_106274994-106274992	chr7	106274992.0	106274994.0	1.0	tail_pattern_1	True	0.059645500000000004	NAMPT	1	0.0740572467060427		0	0	0.0	0.0		1.0	0.0	-	True	PRAISE+ELAP_cross_chemistry	2.0	2.0
chr7_107975808	chr7	107975808.0	107975808.0	0.0	tail_pattern_1	True	0.09839700000000001	LAMB1	1	0.449341208541572		0	0	0.0	0.0		0.0	0.0		True	PRAISE_only	1.0	1.0
chr7_11051710-11051711	chr7	11051710.0	11051711.0	1.0	tail_pattern_1	True	0.0842195	PHF14	1	0.3293957292139936		0	0	0.0	0.0		0.0	0.0		True	PRAISE_only	1.0	1.0
chr7_127887946	chr7	127887946.0	127887946.0	0.0	tail_pattern_1	True	0.2345455	SND1	1	0.7964561562925943		0	0	1.0	0.0	+	1.0	0.0	+	True	PRAISE+BID+ELAP	3.0	2.0
chr7_128085741	chr7	128085741.0	128085741.0	0.0	tail_pattern_1	True	0.1366085	SND1	1	0.6292594275329396	DKC1	1	1	0.0	0.0		0.0	0.0		True	PRAISE_only	1.0	1.0
chr7_128394298	chr7	128394298.0	128394298.0	0.0	tail_pattern_1	True	0.0642905	IMPDH1	1	0.12130849613811903		0	0	0.0	0.0		0.0	0.0		True	PRAISE_only	1.0	1.0
chr7_128397005-128397004	chr7	128397004.0	128397005.0	1.0	tail_pattern_1	True	0.0612605	IMPDH1	1	0.09268514311676511		0	0	0.0	0.0		0.0	0.0		True	PRAISE_only	1.0	1.0
chr7_130129493-130129494	chr7	130129493.0	130129494.0	1.0	tail_pattern_1	True	0.2126085	KLHDC10	1	0.7755565651976375	TRUB1	1	1	0.0	0.0		0.0	0.0		True	PRAISE_only	1.0	1.0
chr7_130132453	chr7	130132453.0	130132453.0	0.0	tail_pattern_1	True	0.1919975	KLHDC10	1	0.7546569741026806	PUS7	1	1	0.0	0.0		0.0	0.0		True	PRAISE_only	1.0	1.0
chr7_130549322-130549319	chr7	130549319.0	130549322.0	1.0	tail_pattern_1	True	0.1508925	COPG2	1	0.6715129486597001		0	0	0.0	0.0		0.0	0.0		True	PRAISE_only	1.0	1.0
chr7_133305894-133305896	chr7	133305894.0	133305896.0	1.0	tail_pattern_1	True	0.06181	EXOC4	1	0.09813721035892777		0	0	0.0	0.0		0.0	0.0		True	PRAISE_only	1.0	1.0
chr7_134296419-134296418	chr7	134296418.0	134296419.0	1.0	tail_pattern_1	True	0.1342805	SLC35B4	1	0.6219900045433894	TRUB1	1	1	0.0	0.0		1.0	0.0	-	True	PRAISE+ELAP_cross_chemistry	2.0	2.0
chr7_135187060-135187059	chr7	135187059.0	135187060.0	1.0	tail_pattern_1	True	0.31408250000000004	WDR91	1	0.8523398455247615	TRUB1	1	1	0.0	0.0		0.0	0.0		True	PRAISE_only	1.0	1.0
chr7_135929354-135929353	chr7	135929353.0	135929354.0	1.0	tail_pattern_1	True	0.06385199999999999	MTPN	1	0.11676510676965016		0	0	0.0	0.0		1.0	0.0	-	True	PRAISE+ELAP_cross_chemistry	2.0	2.0
chr7_143265147-143265148	chr7	143265147.0	143265148.0	1.0	tail_pattern_1	True	0.17232150000000002	GSTK1	1	0.7242162653339391	DKC1	1	1	1.0	0.0	+	1.0	0.0	+	True	PRAISE+BID+ELAP	3.0	2.0
chr7_1476656-1476655	chr7	1476655.0	1476656.0	1.0	tail_pattern_1	True	0.9084654999999999	INTS1	1	0.983643798273512	TRUB1	1	1	1.0	0.0	-	0.0	0.0		True	PRAISE+BID_same_family	2.0	1.0
chr7_149880246	chr7	149880246.0	149880246.0	0.0	tail_pattern_1	True	0.0777235	ATP6V0E2	1	0.26942298955020444		0	0	0.0	0.0		0.0	0.0		True	PRAISE_only	1.0	1.0
chr7_1499581	chr7	1499581.0	1499581.0	0.0	tail_pattern_1	True	0.3812545	INTS1	1	0.8791458427987279		0	0	1.0	0.0	-	1.0	0.0	-	True	PRAISE+BID+ELAP	3.0	2.0
chr7_1503057-1503056	chr7	1503056.0	1503057.0	1.0	tail_pattern_1	True	0.1726115	INTS1	1	0.724670604270786		0	0	0.0	0.0		0.0	0.0		True	PRAISE_only	1.0	1.0
chr7_152120858-152120859	chr7	152120858.0	152120859.0	1.0	tail_pattern_1	True	0.1370535	GALNT11	1	0.6306224443434802		0	0	0.0	0.0		1.0	0.0	+	True	PRAISE+ELAP_cross_chemistry	2.0	2.0
chr7_152249950-152249949	chr7	152249949.0	152249950.0	1.0	tail_pattern_1	True	0.727796	KMT2C	1	0.9545661063153112	TRUB1	1	1	0.0	0.0		0.0	0.0		True	PRAISE_only	1.0	1.0
chr7_156684135-156684134	chr7	156684134.0	156684135.0	1.0	tail_pattern_1	True	0.066966	LMBR1	1	0.15720127214902316		0	0	0.0	0.0		0.0	0.0		True	PRAISE_only	1.0	1.0
chr7_157231101	chr7	157231101.0	157231101.0	0.0	tail_pattern_1	True	0.067984	UBE3C	1	0.1671967287596547		0	0	0.0	0.0		0.0	0.0		True	PRAISE_only	1.0	1.0
chr7_158734468-158734467	chr7	158734467.0	158734468.0	1.0	tail_pattern_1	True	0.0872415	ESYT2	1	0.35801908223534756	DKC1	1	1	0.0	0.0		1.0	0.0	-	True	PRAISE+ELAP_cross_chemistry	2.0	2.0
chr7_2250988	chr7	2250988.0	2250988.0	0.0	tail_pattern_1	True	0.0609335	NUDT1	1	0.08814175374829623		0	0	1.0	0.0	+	0.0	0.0		True	PRAISE+BID_same_family	2.0	1.0
chr7_22813148-22813146	chr7	22813146.0	22813148.0	1.0	tail_pattern_1	True	0.061374	TOMM7	1	0.09404815992730577		0	0	0.0	0.0		1.0	0.0	-	True	PRAISE+ELAP_cross_chemistry	2.0	2.0
chr7_22813180-22813178	chr7	22813178.0	22813180.0	1.0	tail_pattern_1	True	0.24787949999999997	TOMM7	1	0.809631985461154	DKC1	1	1	0.0	0.0		1.0	0.0	-	True	PRAISE+ELAP_cross_chemistry	2.0	2.0
chr7_2369496	chr7	2369496.0	2369496.0	0.0	tail_pattern_1	True	0.178245	EIF3B	1	0.7337573830077238		0	0	1.0	0.0	+	1.0	0.0	+	True	PRAISE+BID+ELAP	3.0	2.0
chr7_26191987-26191983	chr7	26191983.0	26191987.0	1.0	tail_pattern_1	True	0.0952645	HNRNPA2B1	1	0.42889595638346206	DKC1	1	1	0.0	0.0		1.0	0.0	-	True	PRAISE+ELAP_cross_chemistry	2.0	2.0
chr7_26196924-26196922	chr7	26196922.0	26196924.0	1.0	tail_pattern_1	True	0.13028050000000002	HNRNPA2B1	1	0.6051794638800545	DKC1	1	1	0.0	0.0		1.0	0.0	-	True	PRAISE+ELAP_cross_chemistry	2.0	2.0
chr7_2663888-2663889	chr7	2663888.0	2663889.0	1.0	tail_pattern_1	True	0.3331575	TTYH3	1	0.8591549295774648	TRUB1	1	1	1.0	0.0	+	1.0	0.0	+	True	PRAISE+BID+ELAP	3.0	2.0
chr7_30500671-30500670	chr7	30500670.0	30500671.0	1.0	tail_pattern_1	True	0.061184	GGCT	1	0.09086778736937756		0	0	0.0	0.0		1.0	0.0	-	True	PRAISE+ELAP_cross_chemistry	2.0	2.0
chr7_35905058-35905062	chr7	35905058.0	35905062.0	1.0	tail_pattern_1	True	0.0730505	SEPTIN7	1	0.22353475692866878		0	0	0.0	0.0		0.0	0.0		True	PRAISE_only	1.0	1.0
chr7_41962277-41962276	chr7	41962276.0	41962277.0	1.0	tail_pattern_1	True	1.0	GLI3	1	0.9995456610631531	TRUB1	1	1	0.0	0.0		0.0	0.0		True	PRAISE_only	1.0	1.0
chr7_44060994-44060995	chr7	44060994.0	44060995.0	1.0	tail_pattern_1	True	0.0848265	DBNL	1	0.3334847796456156	DKC1	1	1	0.0	0.0		1.0	0.0	+	True	PRAISE+ELAP_cross_chemistry	2.0	2.0
chr7_44117624-44117623	chr7	44117623.0	44117624.0	1.0	tail_pattern_1	True	0.08618200000000001	POLD2	1	0.3466606088141754	DKC1	1	1	0.0	0.0		1.0	0.0	-	True	PRAISE+ELAP_cross_chemistry	2.0	2.0
chr7_44694001-44694003	chr7	44694001.0	44694003.0	1.0	tail_pattern_1	True	0.059032	OGDH	1	0.06497046796910495		0	0	0.0	0.0		0.0	0.0		True	PRAISE_only	1.0	1.0
chr7_44694515	chr7	44694515.0	44694515.0	0.0	tail_pattern_1	True	0.0886625	OGDH	1	0.3711949114039073		0	0	0.0	0.0		0.0	0.0		True	PRAISE_only	1.0	1.0
chr7_44696110	chr7	44696110.0	44696110.0	0.0	tail_pattern_1	True	0.078037	OGDH	1	0.2726033621081327	DKC1	1	1	0.0	0.0		0.0	0.0		True	PRAISE_only	1.0	1.0
chr7_44835565-44835564	chr7	44835564.0	44835565.0	1.0	tail_pattern_1	True	0.328643	H2AZ2	1	0.8577919127669241	TRUB1	1	1	1.0	0.0	-	1.0	0.0	-	True	PRAISE+BID+ELAP	3.0	2.0
chr7_45104580	chr7	45104580.0	45104580.0	0.0	tail_pattern_1	True	0.0949625	TBRG4	1	0.4275329395729214	DKC1	1	1	0.0	0.0		0.0	0.0		True	PRAISE_only	1.0	1.0
chr7_5231336	chr7	5231336.0	5231336.0	0.0	tail_pattern_1	True	0.092832	WIPI2	1	0.40799636528850525		0	0	1.0	0.0	+	0.0	0.0		True	PRAISE+BID_same_family	2.0	1.0
chr7_5529216	chr7	5529216.0	5529216.0	0.0	tail_pattern_1	True	0.053589	ACTB	1	0.009995456610631531		0	0	0.0	0.0		0.0	0.0		True	PRAISE_only	1.0	1.0
chr7_56051175	chr7	56051175.0	56051175.0	0.0	tail_pattern_1	True	0.159128	PSPH	1	0.6919582008178101	PUS7	1	1	0.0	0.0		0.0	0.0		True	PRAISE_only	1.0	1.0
chr7_5606011-5606017	chr7	5606011.0	5606017.0	1.0	tail_pattern_1	True	0.0860425	FSCN1	1	0.3452975920036347	DKC1	1	1	0.0	0.0		1.0	0.0	+	True	PRAISE+ELAP_cross_chemistry	2.0	2.0
chr7_5606283	chr7	5606283.0	5606283.0	0.0	tail_pattern_1	True	0.11296049999999999	FSCN1	1	0.5352112676056338	PUS7	1	1	1.0	0.0	+	0.0	0.0		True	PRAISE+BID_same_family	2.0	1.0
chr7_5971345	chr7	5971345.0	5971345.0	0.0	tail_pattern_1	True	0.4258065	PMS2	1	0.8909586551567469	PUS7	1	1	0.0	0.0		0.0	0.0		True	PRAISE_only	1.0	1.0
chr7_6024269-6024267	chr7	6024267.0	6024269.0	1.0	tail_pattern_1	True	0.17179250000000001	EIF2AK1	1	0.7223989095865516	DKC1	1	1	0.0	0.0		1.0	0.0	-	True	PRAISE+ELAP_cross_chemistry	2.0	2.0
chr7_6608328-6608329	chr7	6608328.0	6608329.0	1.0	tail_pattern_1	True	0.715409	C7orf26	1	0.9532030895047705		0	0	1.0	0.0	+	1.0	0.0	+	True	PRAISE+BID+ELAP	3.0	2.0
chr7_67302830	chr7	67302830.0	67302830.0	0.0	tail_pattern_1	True	0.083726	STAG3L4	1	0.3225806451612903		0	0	0.0	0.0		1.0	0.0	+	True	PRAISE+ELAP_cross_chemistry	2.0	2.0
chr7_73176921	chr7	73176921.0	73176921.0	0.0	tail_pattern_1	True	0.06533649999999999	GTF2IP4	1	0.13380281690140844		0	0	0.0	0.0		0.0	0.0		True	PRAISE_only	1.0	1.0
chr7_73686665	chr7	73686665.0	73686665.0	0.0	tail_pattern_1	True	0.073484	BUD23	1	0.22807814629713766	DKC1	1	1	0.0	0.0		1.0	0.0	+	True	PRAISE+ELAP_cross_chemistry	2.0	2.0
chr7_74730293	chr7	74730293.0	74730293.0	0.0	tail_pattern_1	True	0.0717815	GTF2I	1	0.2121762835074966		0	0	0.0	0.0		0.0	0.0		True	PRAISE_only	1.0	1.0
chr7_75215757	chr7	75215757.0	75215757.0	0.0	tail_pattern_1	True	0.06533649999999999	GTF2IP1	1	0.13380281690140844		0	0	0.0	0.0		0.0	0.0		True	PRAISE_only	1.0	1.0
chr7_75888787	chr7	75888787.0	75888787.0	0.0	tail_pattern_1	True	0.7469805	RHBDD2	1	0.9572921399363925	PUS7	1	1	0.0	0.0		1.0	0.0	+	True	PRAISE+ELAP_cross_chemistry	2.0	2.0
chr7_76060404-76060407	chr7	76060404.0	76060407.0	1.0	tail_pattern_1	True	0.0582605	MDH2	1	0.05611085870059064		0	0	0.0	0.0		1.0	0.0	+	True	PRAISE+ELAP_cross_chemistry	2.0	2.0
chr7_76066289	chr7	76066289.0	76066289.0	0.0	tail_pattern_1	True	0.065402	MDH2	1	0.13539300318037256		0	0	0.0	0.0		0.0	0.0		True	PRAISE_only	1.0	1.0
chr7_780060	chr7	780060.0	780060.0	0.0	tail_pattern_1	True	0.1607885	DNAAF5	1	0.696501590186279		0	0	0.0	0.0		0.0	0.0		True	PRAISE_only	1.0	1.0
chr7_896191-896194	chr7	896191.0	896194.0	1.0	tail_pattern_1	True	0.0810815	GET4	1	0.29850068150840525		0	0	0.0	0.0		0.0	0.0		True	PRAISE_only	1.0	1.0
chr7_90383052-90383053	chr7	90383052.0	90383053.0	1.0	tail_pattern_1	True	0.08533650000000001	GTPBP10	1	0.3384825079509314		0	0	0.0	0.0		0.0	0.0		True	PRAISE_only	1.0	1.0
chr7_96121708-96121706	chr7	96121706.0	96121708.0	1.0	tail_pattern_1	True	0.120926	SLC25A13	1	0.5720127214902317		0	0	0.0	0.0		1.0	0.0	-	True	PRAISE+ELAP_cross_chemistry	2.0	2.0
chr7_98304342-98304341	chr7	98304341.0	98304342.0	1.0	tail_pattern_1	True	0.10435749999999999	BAIAP2L1	1	0.49023171285779193	DKC1	1	1	0.0	0.0		0.0	0.0		True	PRAISE_only	1.0	1.0
chr7_98362417-98362416	chr7	98362416.0	98362417.0	1.0	tail_pattern_1	True	0.12250349999999999	BAIAP2L1	1	0.5765561108587006	TRUB1	1	1	0.0	0.0		0.0	0.0		True	PRAISE_only	1.0	1.0
chr7_99344423-99344426	chr7	99344423.0	99344426.0	1.0	tail_pattern_1	True	0.098257	ARPC1A	1	0.44797819173103137	DKC1	1	1	0.0	0.0		1.0	0.0	+	True	PRAISE+ELAP_cross_chemistry	2.0	2.0
chr7_KI270806v1_alt_103035	chr7_KI270806v1_alt	103035.0	103035.0	0.0	tail_pattern_1	True	0.1119385	RPL19P12	1	0.5320308950477056	PUS1	1	1	0.0	0.0		0.0	0.0		True	PRAISE_only	1.0	1.0
chr7_KZ208912v1_fix_395956-395955	chr7_KZ208912v1_fix	395955.0	395956.0	1.0	tail_pattern_1	True	0.055647	TCAF1	1	0.029532030895047707	TRUB1	1	1	0.0	0.0		0.0	0.0		True	PRAISE_only	1.0	1.0
chr8_103421059-103421062	chr8	103421059.0	103421062.0	1.0	tail_pattern_1	True	0.09958900000000001	DCAF13	1	0.45570195365742844	DKC1	1	1	0.0	0.0		1.0	0.0	+	True	PRAISE+ELAP_cross_chemistry	2.0	2.0
chr8_116657229-116657225	chr8	116657225.0	116657229.0	1.0	tail_pattern_1	True	0.0720035	EIF3H	1	0.2149023171285779		0	0	0.0	0.0		1.0	0.0	-	True	PRAISE+ELAP_cross_chemistry	2.0	2.0
chr8_116726168	chr8	116726168.0	116726168.0	0.0	tail_pattern_1	True	0.11298549999999999	EIF3H	1	0.5361199454793276	PUS1	1	1	0.0	0.0		0.0	0.0		True	PRAISE_only	1.0	1.0
chr8_116847474-116847472	chr8	116847472.0	116847474.0	1.0	tail_pattern_1	True	0.14200649999999998	RAD21	1	0.6492503407542026	TRUB1	1	1	0.0	0.0		1.0	0.0	-	True	PRAISE+ELAP_cross_chemistry	2.0	2.0
chr8_116863213-116863212	chr8	116863212.0	116863213.0	1.0	tail_pattern_1	True	0.3555415	RAD21	1	0.866424352567015	TRUB1	1	1	1.0	0.0	-	1.0	0.0	-	True	PRAISE+BID+ELAP	3.0	2.0
chr8_118110620-118110619	chr8	118110619.0	118110620.0	1.0	tail_pattern_1	True	0.5855710000000001	EXT1	1	0.93139482053612	TRUB1	1	1	1.0	0.0	-	1.0	0.0	-	True	PRAISE+BID+ELAP	3.0	2.0
chr8_118580880-118580878	chr8	118580878.0	118580880.0	1.0	tail_pattern_1	True	0.801948	SAMD12	1	0.9631985461154021	TRUB1	1	1	0.0	0.0		0.0	0.0		True	PRAISE_only	1.0	1.0
chr8_119834575-119834574	chr8	119834574.0	119834575.0	1.0	tail_pattern_1	True	0.24243399999999998	DSCC1	1	0.805542935029532	TRUB1	1	1	0.0	0.0		0.0	0.0		True	PRAISE_only	1.0	1.0
chr8_124371870	chr8	124371870.0	124371870.0	0.0	tail_pattern_1	True	0.099219	TMEM65	1	0.4538845979100409		0	0	0.0	0.0		0.0	0.0		True	PRAISE_only	1.0	1.0
chr8_124508609-124508605	chr8	124508605.0	124508609.0	1.0	tail_pattern_1	True	0.115966	TATDN1	1	0.5502044525215811		0	0	0.0	0.0		1.0	0.0	-	True	PRAISE+ELAP_cross_chemistry	2.0	2.0
chr8_127736351	chr8	127736351.0	127736351.0	0.0	tail_pattern_1	True	0.078174	MYC	1	0.2739663789186733		0	0	0.0	0.0		1.0	0.0	+	True	PRAISE+ELAP_cross_chemistry	2.0	2.0
chr8_129846863	chr8	129846863.0	129846863.0	0.0	tail_pattern_1	True	0.1131915	CYRIB	1	0.5370286233530214	DKC1	1	1	0.0	0.0		0.0	0.0		True	PRAISE_only	1.0	1.0
chr8_135457782	chr8	135457782.0	135457782.0	0.0	tail_pattern_1	True	0.1550635	KHDRBS3	1	0.6815084052703316		0	0	0.0	0.0		0.0	0.0		True	PRAISE_only	1.0	1.0
chr8_140287710-140287709	chr8	140287709.0	140287710.0	1.0	tail_pattern_1	True	0.90873	TRAPPC9	1	0.9840981372103589	TRUB1	1	1	0.0	0.0		0.0	0.0		True	PRAISE_only	1.0	1.0
chr8_140300582	chr8	140300582.0	140300582.0	0.0	tail_pattern_1	True	0.13119550000000002	TRAPPC9	1	0.607451158564289	DKC1	1	1	0.0	0.0		0.0	0.0		True	PRAISE_only	1.0	1.0
chr8_140527676-140527675	chr8	140527675.0	140527676.0	1.0	tail_pattern_1	True	0.194942	AGO2	1	0.7592003634711495		0	0	0.0	0.0		1.0	0.0	-	True	PRAISE+ELAP_cross_chemistry	2.0	2.0
chr8_143261206-143261208	chr8	143261206.0	143261208.0	1.0	tail_pattern_1	True	0.483582	ZFP41	1	0.9059518400726942	TRUB1	1	1	0.0	0.0		1.0	0.0	+	True	PRAISE+ELAP_cross_chemistry	2.0	2.0
chr8_144084000	chr8	144084000.0	144084000.0	0.0	tail_pattern_1	True	0.071563	GPAA1	1	0.20945024988641528	DKC1	1	1	0.0	0.0		0.0	0.0		True	PRAISE_only	1.0	1.0
chr8_144097068	chr8	144097068.0	144097068.0	0.0	tail_pattern_1	True	0.2339805	CYC1	1	0.7955474784189005	DKC1	1	1	1.0	0.0	+	1.0	0.0	+	True	PRAISE+BID+ELAP	3.0	2.0
chr8_144511982-144511980	chr8	144511980.0	144511982.0	1.0	tail_pattern_1	True	0.172199	RECQL4	1	0.7237619263970922	DKC1	1	1	0.0	0.0		1.0	0.0	-	True	PRAISE+ELAP_cross_chemistry	2.0	2.0
chr8_144791786-144791785	chr8	144791785.0	144791786.0	1.0	tail_pattern_1	True	0.0564195	RPL8	1	0.033166742389822805		0	0	0.0	0.0		1.0	0.0	-	True	PRAISE+ELAP_cross_chemistry	2.0	2.0
chr8_15662157-15662158	chr8	15662157.0	15662158.0	1.0	tail_pattern_1	True	0.1497255	TUSC3	1	0.667878237164925		0	0	0.0	0.0		1.0	0.0	+	True	PRAISE+ELAP_cross_chemistry	2.0	2.0
chr8_17960067-17960069	chr8	17960067.0	17960069.0	1.0	tail_pattern_1	True	0.086816	PCM1	1	0.3530213539300318		0	0	0.0	0.0		0.0	0.0		True	PRAISE_only	1.0	1.0
chr8_18071323-18071322	chr8	18071322.0	18071323.0	1.0	tail_pattern_1	True	0.22417	ASAH1	1	0.7873693775556565	DKC1	1	1	0.0	0.0		0.0	0.0		True	PRAISE_only	1.0	1.0
chr8_19851849	chr8	19851849.0	19851849.0	0.0	tail_pattern_1	True	0.20854699999999998	INTS10	1	0.7696501590186279	PUS7	1	1	0.0	0.0		1.0	0.0	+	True	PRAISE+ELAP_cross_chemistry	2.0	2.0
chr8_22606661-22606663	chr8	22606661.0	22606663.0	1.0	tail_pattern_1	True	0.07527600000000001	CCAR2	1	0.24307133121308497	DKC1	1	1	0.0	0.0		1.0	0.0	+	True	PRAISE+ELAP_cross_chemistry	2.0	2.0
chr8_22615906-22615909	chr8	22615906.0	22615909.0	1.0	tail_pattern_1	True	0.059828	CCAR2	1	0.07678328032712403		0	0	0.0	0.0		0.0	0.0		True	PRAISE_only	1.0	1.0
chr8_24914311	chr8	24914311.0	24914311.0	0.0	tail_pattern_1	True	0.0590435	NEFM	1	0.06565197637437528		0	0	0.0	0.0		0.0	0.0		True	PRAISE_only	1.0	1.0
chr8_27811022-27811020	chr8	27811020.0	27811022.0	1.0	tail_pattern_1	True	0.07809050000000001	PBK	1	0.27351203998182644		0	0	0.0	0.0		1.0	0.0	-	True	PRAISE+ELAP_cross_chemistry	2.0	2.0
chr8_38238133-38238134	chr8	38238133.0	38238134.0	1.0	tail_pattern_1	True	0.23905500000000002	DDHD2	1	0.8019082235347569	TRUB1	1	1	1.0	0.0	+	1.0	0.0	+	True	PRAISE+BID+ELAP	3.0	2.0
chr8_38245839	chr8	38245839.0	38245839.0	0.0	tail_pattern_1	True	0.0694485	DDHD2	1	0.18446160835983644		0	0	0.0	0.0		0.0	0.0		True	PRAISE_only	1.0	1.0
chr8_38275432-38275431	chr8	38275431.0	38275432.0	1.0	tail_pattern_1	True	0.5208725000000001	NSD3	1	0.9127669241253975	TRUB1	1	1	0.0	0.0		0.0	0.0		True	PRAISE_only	1.0	1.0
chr8_41510774	chr8	41510774.0	41510774.0	0.0	tail_pattern_1	True	0.0908805	GOLGA7	1	0.3898228078146297	PUS7	1	1	0.0	0.0		0.0	0.0		True	PRAISE_only	1.0	1.0
chr8_42182873-42182871	chr8	42182871.0	42182873.0	1.0	tail_pattern_1	True	0.12041400000000001	PLAT	1	0.5692866878691504	DKC1	1	1	0.0	0.0		0.0	0.0		True	PRAISE_only	1.0	1.0
chr8_42416916-42416915	chr8	42416915.0	42416916.0	1.0	tail_pattern_1	True	0.17905300000000002	SLC20A2	1	0.7351203998182644	TRUB1	1	1	0.0	0.0		0.0	0.0		True	PRAISE_only	1.0	1.0
chr8_47713636-47713637	chr8	47713636.0	47713637.0	1.0	tail_pattern_1	True	0.1415265	SPIDR	1	0.647887323943662	TRUB1	1	1	0.0	0.0		1.0	0.0	+	True	PRAISE+ELAP_cross_chemistry	2.0	2.0
chr8_47789220	chr8	47789220.0	47789220.0	0.0	tail_pattern_1	True	0.2135445	PRKDC	1	0.7764652430713312		0	0	1.0	0.0	-	1.0	0.0	-	True	PRAISE+BID+ELAP	3.0	2.0
chr8_47849298	chr8	47849298.0	47849298.0	0.0	tail_pattern_1	True	0.08218349999999999	PRKDC	1	0.3084961381190368		0	0	0.0	0.0		0.0	0.0		True	PRAISE_only	1.0	1.0
chr8_47929859-47929857	chr8	47929857.0	47929859.0	1.0	tail_pattern_1	True	0.0815295	PRKDC	1	0.3030440708768741	DKC1	1	1	0.0	0.0		0.0	0.0		True	PRAISE_only	1.0	1.0
chr8_47954446-47954445	chr8	47954445.0	47954446.0	1.0	tail_pattern_1	True	0.2158605	PRKDC	1	0.7800999545661064		0	0	0.0	0.0		1.0	0.0	-	True	PRAISE+ELAP_cross_chemistry	2.0	2.0
chr8_52657421-52657420	chr8	52657420.0	52657421.0	1.0	tail_pattern_1	True	0.0576605	RB1CC1	1	0.04702407996365288		0	0	0.0	0.0		0.0	0.0		True	PRAISE_only	1.0	1.0
chr8_54051073	chr8	54051073.0	54051073.0	0.0	tail_pattern_1	True	0.25246650000000004	LYPLA1	1	0.8150840527033166		0	0	1.0	0.0	-	1.0	0.0	-	True	PRAISE+BID+ELAP	3.0	2.0
chr8_54063339	chr8	54063339.0	54063339.0	0.0	tail_pattern_1	True	0.0668875	LYPLA1	1	0.15492957746478872		0	0	0.0	0.0		0.0	0.0		True	PRAISE_only	1.0	1.0
chr8_58575994-58575995	chr8	58575994.0	58575995.0	1.0	tail_pattern_1	True	0.0935425	SDCBP	1	0.41526578827805544	DKC1	1	1	0.0	0.0		1.0	0.0	+	True	PRAISE+ELAP_cross_chemistry	2.0	2.0
chr8_6758246-6758247	chr8	6758246.0	6758247.0	1.0	tail_pattern_1	True	0.5688105	AGPAT5	1	0.9266242616992276		0	0	1.0	0.0	+	0.0	0.0		True	PRAISE+BID_same_family	2.0	1.0
chr8_69690123-69690122	chr8	69690122.0	69690123.0	1.0	tail_pattern_1	True	0.9434015	SLCO5A1	1	0.9940935938209905		0	0	0.0	0.0		1.0	0.0	-	True	PRAISE+ELAP_cross_chemistry	2.0	2.0
chr8_69690160-69690159	chr8	69690159.0	69690160.0	1.0	tail_pattern_1	True	0.3158025	SLCO5A1	1	0.8532485233984552	DKC1	1	1	0.0	0.0		1.0	0.0	-	True	PRAISE+ELAP_cross_chemistry	2.0	2.0
chr8_69690190	chr8	69690190.0	69690190.0	0.0	tail_pattern_1	True	0.4913065	SLCO5A1	1	0.906860517946388	DKC1	1	1	0.0	0.0		0.0	0.0		True	PRAISE_only	1.0	1.0
chr8_69690192	chr8	69690192.0	69690192.0	0.0	tail_pattern_1	True	0.451051	SLCO5A1	1	0.8968650613357565		0	0	0.0	0.0		0.0	0.0		True	PRAISE_only	1.0	1.0
chr8_69690199	chr8	69690199.0	69690199.0	0.0	tail_pattern_1	True	0.6105835	SLCO5A1	1	0.9354838709677419	DKC1	1	1	0.0	0.0		1.0	0.0	-	True	PRAISE+ELAP_cross_chemistry	2.0	2.0
chr8_69690221	chr8	69690221.0	69690221.0	0.0	tail_pattern_1	True	0.590865	SLCO5A1	1	0.9323034984098137		0	0	0.0	0.0		0.0	0.0		True	PRAISE_only	1.0	1.0
chr8_69690225	chr8	69690225.0	69690225.0	0.0	tail_pattern_1	True	0.159351	SLCO5A1	1	0.692412539754657		0	0	0.0	0.0		0.0	0.0		True	PRAISE_only	1.0	1.0
chr8_69690273	chr8	69690273.0	69690273.0	0.0	tail_pattern_1	True	0.23611100000000002	SLCO5A1	1	0.7982735120399819		0	0	0.0	0.0		1.0	0.0	-	True	PRAISE+ELAP_cross_chemistry	2.0	2.0
chr8_69690275	chr8	69690275.0	69690275.0	0.0	tail_pattern_1	True	0.22115400000000002	SLCO5A1	1	0.7841890049977283		0	0	0.0	0.0		0.0	0.0		True	PRAISE_only	1.0	1.0
chr8_69690279	chr8	69690279.0	69690279.0	0.0	tail_pattern_1	True	0.0833335	SLCO5A1	1	0.3166742389822808		0	0	0.0	0.0		0.0	0.0		True	PRAISE_only	1.0	1.0
chr8_69690281	chr8	69690281.0	69690281.0	0.0	tail_pattern_1	True	0.2448975	SLCO5A1	1	0.8078146297137665		0	0	0.0	0.0		1.0	0.0	-	True	PRAISE+ELAP_cross_chemistry	2.0	2.0
chr8_69690328	chr8	69690328.0	69690328.0	0.0	tail_pattern_1	True	0.7813215	SLCO5A1	1	0.9613811903680145	DKC1	1	1	0.0	0.0		0.0	0.0		True	PRAISE_only	1.0	1.0
chr8_69690350-69690348	chr8	69690348.0	69690350.0	1.0	tail_pattern_1	True	0.910903	SLCO5A1	1	0.9859154929577465		0	0	0.0	0.0		0.0	0.0		True	PRAISE_only	1.0	1.0
chr8_73046775	chr8	73046775.0	73046775.0	0.0	tail_pattern_1	True	0.29433549999999997	TERF1	1	0.8427987278509769		0	0	0.0	0.0		0.0	0.0		True	PRAISE_only	1.0	1.0
chr8_73291590-73291589	chr8	73291589.0	73291590.0	1.0	tail_pattern_1	True	0.055064	RPL7	1	0.02453430258973194		0	0	0.0	0.0		1.0	0.0	-	True	PRAISE+ELAP_cross_chemistry	2.0	2.0
chr8_73793738-73793737	chr8	73793737.0	73793738.0	1.0	tail_pattern_1	True	0.1259885	UBE2W	1	0.5897319400272604		0	0	0.0	0.0		0.0	0.0		True	PRAISE_only	1.0	1.0
chr8_79918938-79918937	chr8	79918937.0	79918938.0	1.0	tail_pattern_1	True	0.0923665	TPD52-MRPS28	1	0.4020899591094957		0	0	0.0	0.0		1.0	0.0	-	True	PRAISE+ELAP_cross_chemistry	2.0	2.0
chr8_81714007	chr8	81714007.0	81714007.0	0.0	tail_pattern_1	True	0.07071749999999999	ZFAND1	1	0.1967287596547024		0	0	0.0	0.0		0.0	0.0		True	PRAISE_only	1.0	1.0
chr8_85202204-85202205	chr8	85202204.0	85202205.0	1.0	tail_pattern_1	True	0.0605275	E2F5	1	0.0858700590640618		0	0	0.0	0.0		0.0	0.0		True	PRAISE_only	1.0	1.0
chr8_86560017	chr8	86560017.0	86560017.0	0.0	tail_pattern_1	True	0.10055900000000001	CPNE3	1	0.4661517492049069		0	0	0.0	0.0		0.0	0.0		True	PRAISE_only	1.0	1.0
chr8_90044931	chr8	90044931.0	90044931.0	0.0	tail_pattern_1	True	0.133105	DECR1	1	0.6165379373012267	PUS7	1	1	0.0	0.0		0.0	0.0		True	PRAISE_only	1.0	1.0
chr8_90044956-90044958	chr8	90044956.0	90044958.0	1.0	tail_pattern_1	True	0.103274	DECR1	1	0.4834166288050886	DKC1	1	1	0.0	0.0		0.0	0.0		True	PRAISE_only	1.0	1.0
chr8_92884248	chr8	92884248.0	92884248.0	0.0	tail_pattern_1	True	0.475177	TRIQK	1	0.9018627896410722		0	0	0.0	0.0		0.0	0.0		True	PRAISE_only	1.0	1.0
chr8_94458380-94458378	chr8	94458378.0	94458380.0	1.0	tail_pattern_1	True	0.2481525	RAD54B	1	0.8105406633348478	TRUB1	1	1	0.0	0.0		1.0	0.0	-	True	PRAISE+ELAP_cross_chemistry	2.0	2.0
chr8_96230746-96230745	chr8	96230745.0	96230746.0	1.0	tail_pattern_1	True	0.9096059999999999	UQCRB	1	0.9850068150840527	TRUB1	1	1	0.0	0.0		1.0	0.0	-	True	PRAISE+ELAP_cross_chemistry	2.0	2.0
chr8_97776037-97776038	chr8	97776037.0	97776038.0	1.0	tail_pattern_1	True	0.240027	LAPTM4B	1	0.8037255792821445	TRUB1	1	1	1.0	0.0	+	1.0	0.0	+	True	PRAISE+BID+ELAP	3.0	2.0
chr8_97816121-97816122	chr8	97816121.0	97816122.0	1.0	tail_pattern_1	True	0.247378	LAPTM4B	1	0.8091776465243071	DKC1	1	1	0.0	0.0		1.0	0.0	+	True	PRAISE+ELAP_cross_chemistry	2.0	2.0
chr8_9781854-9781855	chr8	9781854.0	9781855.0	1.0	tail_pattern_1	True	0.8518735	TNKS	1	0.9720581553839164		0	0	1.0	0.0	+	0.0	0.0		True	PRAISE+BID_same_family	2.0	1.0
chr8_97851571-97851572	chr8	97851571.0	97851572.0	1.0	tail_pattern_1	True	0.09783700000000001	LAPTM4B	1	0.44570649704679693		0	0	0.0	0.0		1.0	0.0	+	True	PRAISE+ELAP_cross_chemistry	2.0	2.0
chr8_99878179-99878178	chr8	99878178.0	99878179.0	1.0	tail_pattern_1	True	0.10405450000000001	COX6C	1	0.48750567923671057	DKC1	1	1	0.0	0.0		1.0	0.0	-	True	PRAISE+ELAP_cross_chemistry	2.0	2.0
chr8_99893526	chr8	99893526.0	99893526.0	0.0	tail_pattern_1	True	0.118371	COX6C	1	0.5620172648796001	TRUB1	1	1	0.0	0.0		0.0	0.0		True	PRAISE_only	1.0	1.0
chr8_KI270816v1_alt_285678	chr8_KI270816v1_alt	285678.0	285678.0	0.0	tail_pattern_1	True	0.356054	SCRIB	1	0.8668786915038619		0	0	0.0	0.0		0.0	0.0		True	PRAISE_only	1.0	1.0
chr8_KI270822v1_alt_10926-10927	chr8_KI270822v1_alt	10926.0	10927.0	1.0	tail_pattern_1	True	0.0658715	ADAM9	1	0.14266242616992275	DKC1	1	1	0.0	0.0		0.0	0.0		True	PRAISE_only	1.0	1.0
chr8_KI270822v1_alt_10929-10931	chr8_KI270822v1_alt	10929.0	10931.0	1.0	tail_pattern_1	True	0.085367	ADAM9	1	0.33984552476147206	DKC1	1	1	0.0	0.0		0.0	0.0		True	PRAISE_only	1.0	1.0
chr8_KZ208914v1_fix_0	chr8_KZ208914v1_fix	0.0	0.0	0.0	tail_pattern_1	True	0.2100255	BOP1	1	0.7719218537028624		0	0	0.0	0.0		0.0	0.0		True	PRAISE_only	1.0	1.0
chr8_KZ208914v1_fix_127227-127226	chr8_KZ208914v1_fix	127226.0	127227.0	1.0	tail_pattern_1	True	0.16841099999999998	CPSF1	1	0.7133121308496138	DKC1	1	1	0.0	0.0		0.0	0.0		True	PRAISE_only	1.0	1.0
chr8_KZ208914v1_fix_130996-130994	chr8_KZ208914v1_fix	130994.0	130996.0	1.0	tail_pattern_1	True	0.100926	CPSF1	1	0.46933212176283506	DKC1	1	1	0.0	0.0		0.0	0.0		True	PRAISE_only	1.0	1.0
chr8_KZ208914v1_fix_131834-131832	chr8_KZ208914v1_fix	131832.0	131834.0	1.0	tail_pattern_1	True	0.13618049999999998	CPSF1	1	0.6288050885960926	DKC1	1	1	0.0	0.0		0.0	0.0		True	PRAISE_only	1.0	1.0
chr8_KZ208915v1_fix_153516-153517	chr8_KZ208915v1_fix	153516.0	153517.0	1.0	tail_pattern_1	True	0.5688105	AGPAT5	1	0.9266242616992276	TRUB1	1	1	0.0	0.0		0.0	0.0		True	PRAISE_only	1.0	1.0
chr8_KZ208915v1_fix_3567209-3567208	chr8_KZ208915v1_fix	3567208.0	3567209.0	1.0	tail_pattern_1	True	0.8518735	TNKS	1	0.9720581553839164	TRUB1	1	1	0.0	0.0		0.0	0.0		True	PRAISE_only	1.0	1.0
chr8_KZ208915v1_fix_3616124-3616122	chr8_KZ208915v1_fix	3616122.0	3616124.0	1.0	tail_pattern_1	True	0.1926535	TNKS	1	0.7560199909132213	TRUB1	1	1	0.0	0.0		0.0	0.0		True	PRAISE_only	1.0	1.0
chr9_101557579-101557580	chr9	101557579.0	101557580.0	1.0	tail_pattern_1	True	0.2440385	RNF20	1	0.8064516129032258		0	0	0.0	0.0		0.0	0.0		True	PRAISE_only	1.0	1.0
chr9_104751109	chr9	104751109.0	104751109.0	0.0	tail_pattern_1	True	0.1304245	NIPSNAP3A	1	0.6056338028169014		0	0	0.0	0.0		0.0	0.0		True	PRAISE_only	1.0	1.0
chr9_105383347	chr9	105383347.0	105383347.0	0.0	tail_pattern_1	True	0.06471450000000001	SLC44A1	1	0.1267605633802817		0	0	0.0	0.0		0.0	0.0		True	PRAISE_only	1.0	1.0
chr9_105721675-105721676	chr9	105721675.0	105721676.0	1.0	tail_pattern_1	True	0.1105795	TMEM38B	1	0.5252158109950023		0	0	0.0	0.0		1.0	0.0	+	True	PRAISE+ELAP_cross_chemistry	2.0	2.0
chr9_110250835	chr9	110250835.0	110250835.0	0.0	tail_pattern_1	True	0.0849085	TXN	1	0.3348477964561563	DKC1	1	1	0.0	0.0		1.0	0.0	-	True	PRAISE+ELAP_cross_chemistry	2.0	2.0
chr9_111383223-111383222	chr9	111383222.0	111383223.0	1.0	tail_pattern_1	True	0.07667099999999999	ECPAS	1	0.25942753293957294	TRUB1	1	1	0.0	0.0		0.0	0.0		True	PRAISE_only	1.0	1.0
chr9_113407736-113407735	chr9	113407735.0	113407736.0	1.0	tail_pattern_1	True	0.0978745	POLE3	1	0.4461608359836438	TRUB1	1	1	0.0	0.0		1.0	0.0	-	True	PRAISE+ELAP_cross_chemistry	2.0	2.0
chr9_114598016	chr9	114598016.0	114598016.0	0.0	tail_pattern_1	True	0.085505	ATP6V1G1	1	0.3407542026351658		0	0	0.0	0.0		1.0	0.0	+	True	PRAISE+ELAP_cross_chemistry	2.0	2.0
chr9_122845671-122845669	chr9	122845669.0	122845671.0	1.0	tail_pattern_1	True	0.237908	RC3H2	1	0.8005452067242163		0	0	0.0	0.0		0.0	0.0		True	PRAISE_only	1.0	1.0
chr9_123104146	chr9	123104146.0	123104146.0	0.0	tail_pattern_1	True	0.3532335	RABGAP1	1	0.8659700136301681		0	0	0.0	0.0		0.0	0.0		True	PRAISE_only	1.0	1.0
chr9_123158348-123158347	chr9	123158347.0	123158348.0	1.0	tail_pattern_1	True	0.08388599999999999	STRBP	1	0.3253066787823716	DKC1	1	1	0.0	0.0		0.0	0.0		True	PRAISE_only	1.0	1.0
chr9_123158350	chr9	123158350.0	123158350.0	0.0	tail_pattern_1	True	0.083052	STRBP	1	0.31349386642435256	DKC1	1	1	0.0	0.0		1.0	0.0	-	True	PRAISE+ELAP_cross_chemistry	2.0	2.0
chr9_124312596	chr9	124312596.0	124312596.0	0.0	tail_pattern_1	True	0.3665895	NEK6	1	0.870513402998637		0	0	1.0	0.0	+	1.0	0.0	+	True	PRAISE+BID+ELAP	3.0	2.0
chr9_124350897	chr9	124350897.0	124350897.0	0.0	tail_pattern_1	True	0.0738655	NEK6	1	0.23216719672875966		0	0	0.0	0.0		0.0	0.0		True	PRAISE_only	1.0	1.0
chr9_127449691	chr9	127449691.0	127449691.0	0.0	tail_pattern_1	True	0.074373	RPL12	1	0.23671058609722853		0	0	0.0	0.0		1.0	0.0	-	True	PRAISE+ELAP_cross_chemistry	2.0	2.0
chr9_127506478	chr9	127506478.0	127506478.0	0.0	tail_pattern_1	True	0.66601	NIBAN2	1	0.9459336665152204		0	0	1.0	0.0	-	1.0	0.0	-	True	PRAISE+BID+ELAP	3.0	2.0
chr9_128333952-128333954	chr9	128333952.0	128333954.0	1.0	tail_pattern_1	True	0.085504	COQ4	1	0.34029986369831894	DKC1	1	1	0.0	0.0		1.0	0.0	+	True	PRAISE+ELAP_cross_chemistry	2.0	2.0
chr9_128434143	chr9	128434143.0	128434143.0	0.0	tail_pattern_1	True	0.0554335	CERCAM	1	0.02680599727396638		0	0	0.0	0.0		0.0	0.0		True	PRAISE_only	1.0	1.0
chr9_128541939-128541940	chr9	128541939.0	128541940.0	1.0	tail_pattern_1	True	0.07468	GLE1	1	0.24034529759200363		0	0	0.0	0.0		0.0	0.0		True	PRAISE_only	1.0	1.0
chr9_128575245	chr9	128575245.0	128575245.0	0.0	tail_pattern_1	True	0.092999	SPTAN1	1	0.4093593820990459	PUS7	1	1	1.0	0.0	+	0.0	0.0		True	PRAISE+BID_same_family	2.0	1.0
chr9_128577155-128577156	chr9	128577155.0	128577156.0	1.0	tail_pattern_1	True	0.166683	SPTAN1	1	0.7101317582916856		0	0	1.0	0.0	+	1.0	0.0	+	True	PRAISE+BID+ELAP	3.0	2.0
chr9_128636327	chr9	128636327.0	128636327.0	0.0	tail_pattern_1	True	0.069833	DYNC2I2	1	0.18855065879145844		0	0	0.0	0.0		1.0	0.0	-	True	PRAISE+ELAP_cross_chemistry	2.0	2.0
chr9_128640848	chr9	128640848.0	128640848.0	0.0	tail_pattern_1	True	0.475298	DYNC2I2	1	0.902771467514766		0	0	1.0	0.0	-	1.0	0.0	-	True	PRAISE+BID+ELAP	3.0	2.0
chr9_128692662	chr9	128692662.0	128692662.0	0.0	tail_pattern_1	True	0.170049	SET	1	0.7178555202180827		0	0	0.0	0.0		1.0	0.0	+	True	PRAISE+ELAP_cross_chemistry	2.0	2.0
chr9_129129031-129129032	chr9	129129031.0	129129032.0	1.0	tail_pattern_1	True	0.0549595	PTPA	1	0.023171285779191277		0	0	0.0	0.0		1.0	0.0	+	True	PRAISE+ELAP_cross_chemistry	2.0	2.0
chr9_129632857-129632861	chr9	129632857.0	129632861.0	1.0	tail_pattern_1	True	0.0704665	NTMT1	1	0.19536574284416175		0	0	0.0	0.0		1.0	0.0	+	True	PRAISE+ELAP_cross_chemistry	2.0	2.0
chr9_129874600-129874602	chr9	129874600.0	129874602.0	1.0	tail_pattern_1	True	0.13899050000000002	USP20	1	0.6374375283961835		0	0	0.0	0.0		0.0	0.0		True	PRAISE_only	1.0	1.0
chr9_130101120	chr9	130101120.0	130101120.0	0.0	tail_pattern_1	True	0.10970450000000001	GPR107	1	0.518400726942299	TRUB1	1	1	0.0	0.0		0.0	0.0		True	PRAISE_only	1.0	1.0
chr9_130107508-130107510	chr9	130107508.0	130107510.0	1.0	tail_pattern_1	True	0.08993499999999999	GPR107	1	0.38164470695138575		0	0	0.0	0.0		0.0	0.0		True	PRAISE_only	1.0	1.0
chr9_130701148-130701151	chr9	130701148.0	130701151.0	1.0	tail_pattern_1	True	0.5394734999999999	EXOSC2	1	0.9186733303044071	TRUB1	1	1	0.0	0.0		0.0	0.0		True	PRAISE_only	1.0	1.0
chr9_131523256-131523257	chr9	131523256.0	131523257.0	1.0	tail_pattern_1	True	0.1643925	POMT1	1	0.704679691049523		0	0	0.0	0.0		0.0	0.0		True	PRAISE_only	1.0	1.0
chr9_133361816-133361814	chr9	133361814.0	133361816.0	1.0	tail_pattern_1	True	0.0537305	SURF4	1	0.011585642889595639		0	0	0.0	0.0		1.0	0.0	-	True	PRAISE+ELAP_cross_chemistry	2.0	2.0
chr9_135504308	chr9	135504308.0	135504308.0	0.0	tail_pattern_1	True	0.072294	MRPS2	1	0.21808268968650613	PUS1	1	1	0.0	0.0		0.0	0.0		True	PRAISE_only	1.0	1.0
chr9_136412152-136412153	chr9	136412152.0	136412153.0	1.0	tail_pattern_1	True	0.0691505	PMPCA	1	0.18037255792821444	DKC1	1	1	0.0	0.0		0.0	0.0		True	PRAISE_only	1.0	1.0
chr9_136419045-136419046	chr9	136419045.0	136419046.0	1.0	tail_pattern_1	True	0.054773	PMPCA	1	0.021808268968650613		0	0	0.0	0.0		0.0	0.0		True	PRAISE_only	1.0	1.0
chr9_136440653-136440652	chr9	136440652.0	136440653.0	1.0	tail_pattern_1	True	0.177596	SEC16A	1	0.7323943661971831	TRUB1	1	1	1.0	0.0	-	0.0	0.0		True	PRAISE+BID_same_family	2.0	1.0
chr9_19060140-19060139	chr9	19060139.0	19060140.0	1.0	tail_pattern_1	True	0.706688	HAUS6	1	0.9522944116310768	TRUB1	1	1	1.0	0.0	-	1.0	0.0	-	True	PRAISE+BID+ELAP	3.0	2.0
chr9_26715955-26715954	chr9	26715954.0	26715955.0	1.0	tail_pattern_1	True	0.246817	LOC105376000	1	0.8087233075874602	TRUB1	1	1	0.0	0.0		0.0	0.0		True	PRAISE_only	1.0	1.0
chr9_32450060-32450062	chr9	32450060.0	32450062.0	1.0	tail_pattern_1	True	0.1012795	ACO1	1	0.4711494775102226	DKC1	1	1	0.0	0.0		0.0	0.0		True	PRAISE_only	1.0	1.0
chr9_32451473-32451474	chr9	32451473.0	32451474.0	1.0	tail_pattern_1	True	0.878205	ACO1	1	0.9786460699681963	TRUB1	1	1	0.0	0.0		0.0	0.0		True	PRAISE_only	1.0	1.0
chr9_32571025-32571023	chr9	32571023.0	32571025.0	1.0	tail_pattern_1	True	0.062496499999999996	NDUFB6	1	0.10358927760109041		0	0	0.0	0.0		1.0	0.0	-	True	PRAISE+ELAP_cross_chemistry	2.0	2.0
chr9_33039672	chr9	33039672.0	33039672.0	0.0	tail_pattern_1	True	0.0528705	DNAJA1	1	0.00817810086324398		0	0	0.0	0.0		0.0	0.0		True	PRAISE_only	1.0	1.0
chr9_33048179	chr9	33048179.0	33048179.0	0.0	tail_pattern_1	True	0.0566015	SMU1	1	0.03589277601090413		0	0	0.0	0.0		0.0	0.0		True	PRAISE_only	1.0	1.0
chr9_34610868-34610867	chr9	34610867.0	34610868.0	1.0	tail_pattern_1	True	0.14806049999999998	RPP25L	1	0.6633348477964561	TRUB1	1	1	0.0	0.0		1.0	0.0	-	True	PRAISE+ELAP_cross_chemistry	2.0	2.0
chr9_34616089-34616088	chr9	34616088.0	34616089.0	1.0	tail_pattern_1	True	0.825926	DCTN3	1	0.9681962744207179	TRUB1	1	1	1.0	0.0	-	1.0	0.0	-	True	PRAISE+BID+ELAP	3.0	2.0
chr9_34634931-34634929	chr9	34634929.0	34634931.0	1.0	tail_pattern_1	True	0.0661645	SIGMAR1	1	0.14766015447523853		0	0	0.0	0.0		1.0	0.0	-	True	PRAISE+ELAP_cross_chemistry	2.0	2.0
chr9_34635332-34635331	chr9	34635331.0	34635332.0	1.0	tail_pattern_1	True	0.0912705	SIGMAR1	1	0.39254884143571106		0	0	0.0	0.0		1.0	0.0	-	True	PRAISE+ELAP_cross_chemistry	2.0	2.0
chr9_35089069-35089068	chr9	35089068.0	35089069.0	1.0	tail_pattern_1	True	0.15079350000000002	PIGO	1	0.6706042707860064		0	0	0.0	0.0		0.0	0.0		True	PRAISE_only	1.0	1.0
chr9_35101952	chr9	35101952.0	35101952.0	0.0	tail_pattern_1	True	0.083411	STOML2	1	0.31803725579282144		0	0	0.0	0.0		1.0	0.0	-	True	PRAISE+ELAP_cross_chemistry	2.0	2.0
chr9_35313970-35313971	chr9	35313970.0	35313971.0	1.0	tail_pattern_1	True	0.7539685	UNC13B	1	0.9591094956837801	TRUB1	1	1	0.0	0.0		0.0	0.0		True	PRAISE_only	1.0	1.0
chr9_35405143-35405144	chr9	35405143.0	35405144.0	1.0	tail_pattern_1	True	0.1325075	UNC13B	1	0.6142662426169923	PUS1	1	1	0.0	0.0		0.0	0.0		True	PRAISE_only	1.0	1.0
chr9_35659049-35659048	chr9	35659048.0	35659049.0	1.0	tail_pattern_1	True	0.97541	ARHGEF39	1	0.9986369831894594	TRUB1	1	1	0.0	0.0		0.0	0.0		True	PRAISE_only	1.0	1.0
chr9_35698912-35698910	chr9	35698910.0	35698912.0	1.0	tail_pattern_1	True	0.0795525	TLN1	1	0.28850522489777375	DKC1	1	1	0.0	0.0		1.0	0.0	-	True	PRAISE+ELAP_cross_chemistry	2.0	2.0
chr9_35710623-35710621	chr9	35710621.0	35710623.0	1.0	tail_pattern_1	True	0.070865	TLN1	1	0.19990913221263062		0	0	0.0	0.0		0.0	0.0		True	PRAISE_only	1.0	1.0
chr9_35719772-35719770	chr9	35719770.0	35719772.0	1.0	tail_pattern_1	True	0.054053000000000004	TLN1	1	0.01590186278964107		0	0	0.0	0.0		0.0	0.0		True	PRAISE_only	1.0	1.0
chr9_37436848-37436849	chr9	37436848.0	37436849.0	1.0	tail_pattern_1	True	0.054945999999999995	GRHPR	1	0.02271694684234439		0	0	0.0	0.0		1.0	0.0	+	True	PRAISE+ELAP_cross_chemistry	2.0	2.0
chr9_37501714-37501715	chr9	37501714.0	37501715.0	1.0	tail_pattern_1	True	0.060201500000000005	POLR1E	1	0.0817810086324398		0	0	0.0	0.0		0.0	0.0		True	PRAISE_only	1.0	1.0
chr9_38396951	chr9	38396951.0	38396951.0	0.0	tail_pattern_1	True	0.0753055	ALDH1B1	1	0.24352567014993184		0	0	0.0	0.0		0.0	0.0		True	PRAISE_only	1.0	1.0
chr9_4586826-4586827	chr9	4586826.0	4586827.0	1.0	tail_pattern_1	True	0.4294635	SLC1A1	1	0.8914129940935939	TRUB1	1	1	0.0	0.0		0.0	0.0		True	PRAISE_only	1.0	1.0
chr9_65681784-65681787	chr9	65681784.0	65681787.0	1.0	tail_pattern_1	True	0.2087475	CBWD5	1	0.7701044979554748	PUS1	1	1	0.0	0.0		0.0	0.0		True	PRAISE_only	1.0	1.0
chr9_75117510-75117511	chr9	75117510.0	75117511.0	1.0	tail_pattern_1	True	0.155713	OSTF1	1	0.684234438891413	TRUB1	1	1	0.0	0.0		1.0	0.0	+	True	PRAISE+ELAP_cross_chemistry	2.0	2.0
chr9_75127584-75127586	chr9	75127584.0	75127586.0	1.0	tail_pattern_1	True	0.07861499999999999	OSTF1	1	0.279418446160836	DKC1	1	1	0.0	0.0		1.0	0.0	+	True	PRAISE+ELAP_cross_chemistry	2.0	2.0
chr9_75134363-75134365	chr9	75134363.0	75134365.0	1.0	tail_pattern_1	True	0.1888955	OSTF1	1	0.7496592457973649	DKC1	1	1	0.0	0.0		0.0	0.0		True	PRAISE_only	1.0	1.0
chr9_76398930	chr9	76398930.0	76398930.0	0.0	tail_pattern_1	True	0.09793550000000001	RPSAP9	1	0.4466151749204907	DKC1	1	1	0.0	0.0		1.0	0.0	+	True	PRAISE+ELAP_cross_chemistry	2.0	2.0
chr9_79725534-79725540	chr9	79725534.0	79725540.0	1.0	tail_pattern_1	True	0.3350695	TLE4	1	0.8605179463880055		0	0	0.0	0.0		1.0	0.0	+	True	PRAISE+ELAP_cross_chemistry	2.0	2.0
chr9_83972108-83972106	chr9	83972106.0	83972108.0	1.0	tail_pattern_1	True	0.0751385	HNRNPK	1	0.2417083144025443		0	0	0.0	0.0		1.0	0.0	-	True	PRAISE+ELAP_cross_chemistry	2.0	2.0
chr9_85585544	chr9	85585544.0	85585544.0	0.0	tail_pattern_1	True	0.08902750000000001	AGTPBP1	1	0.3739209450249886	DKC1	1	1	0.0	0.0		0.0	0.0		True	PRAISE_only	1.0	1.0
chr9_86040857	chr9	86040857.0	86040857.0	0.0	tail_pattern_1	True	0.11615400000000001	GOLM1	1	0.5511131303952749	DKC1	1	1	0.0	0.0		0.0	0.0		True	PRAISE_only	1.0	1.0
chr9_98076969	chr9	98076969.0	98076969.0	0.0	tail_pattern_1	True	0.273633	NANS	1	0.8282598818718764		0	0	1.0	0.0	+	1.0	0.0	+	True	PRAISE+BID+ELAP	3.0	2.0
chr9_KN196479v1_fix_174313-174315	chr9_KN196479v1_fix	174313.0	174315.0	1.0	tail_pattern_1	True	0.142649	RPL7A	1	0.6515220354384371		0	0	0.0	0.0		0.0	0.0		True	PRAISE_only	1.0	1.0
chr9_KN196479v1_fix_175702	chr9_KN196479v1_fix	175702.0	175702.0	0.0	tail_pattern_1	True	0.06304599999999999	RPL7A	1	0.11040436165379373		0	0	0.0	0.0		0.0	0.0		True	PRAISE_only	1.0	1.0
chr9_KN196479v1_fix_187910-187908	chr9_KN196479v1_fix	187908.0	187910.0	1.0	tail_pattern_1	True	0.0537305	SURF4	1	0.011585642889595639		0	0	0.0	0.0		0.0	0.0		True	PRAISE_only	1.0	1.0
chr9_KN196479v1_fix_233904-233903	chr9_KN196479v1_fix	233903.0	233904.0	1.0	tail_pattern_1	True	0.1040085	REXO4	1	0.4870513402998637	TRUB1	1	1	0.0	0.0		0.0	0.0		True	PRAISE_only	1.0	1.0
chrX_100635230-100635224	chrX	100635224.0	100635230.0	1.0	tail_pattern_1	True	0.0777525	TSPAN6	1	0.2698773284870513		0	0	0.0	0.0		1.0	0.0	-	True	PRAISE+ELAP_cross_chemistry	2.0	2.0
chrX_101035674-101035673	chrX	101035673.0	101035674.0	1.0	tail_pattern_1	True	0.133656	TRMT2B	1	0.6183552930486143	DKC1	1	1	0.0	0.0		0.0	0.0		True	PRAISE_only	1.0	1.0
chrX_101395366-101395367	chrX	101395366.0	101395367.0	1.0	tail_pattern_1	True	0.156173	RPL36A-HNRNPH2	1	0.6851431167651068		0	0	0.0	0.0		1.0	0.0	+	True	PRAISE+ELAP_cross_chemistry	2.0	2.0
chrX_102906316-102906317	chrX	102906316.0	102906317.0	1.0	tail_pattern_1	True	0.8770055	ARMCX5-GPRASP2	1	0.9781917310313494	TRUB1	1	1	0.0	0.0		0.0	0.0		True	PRAISE_only	1.0	1.0
chrX_104194374-104194375	chrX	104194374.0	104194375.0	1.0	tail_pattern_1	True	0.2011625	FAM199X	1	0.7646524307133121		0	0	0.0	0.0		1.0	0.0	+	True	PRAISE+ELAP_cross_chemistry	2.0	2.0
chrX_10448699-10448698	chrX	10448698.0	10448699.0	1.0	tail_pattern_1	True	0.0537855	MID1	1	0.01226715129486597	TRUB1	1	1	0.0	0.0		0.0	0.0		True	PRAISE_only	1.0	1.0
chrX_107123856	chrX	107123856.0	107123856.0	0.0	tail_pattern_1	True	0.0753705	NUP62CL	1	0.2448886869604725		0	0	0.0	0.0		0.0	0.0		True	PRAISE_only	1.0	1.0
chrX_111727383-111727387	chrX	111727383.0	111727387.0	1.0	tail_pattern_1	True	0.4488345	ALG13	1	0.8964107223989096		0	0	0.0	0.0		1.0	0.0	+	True	PRAISE+ELAP_cross_chemistry	2.0	2.0
chrX_118741039-118741041	chrX	118741039.0	118741041.0	1.0	tail_pattern_1	True	0.165612	IL13RA1	1	0.7087687414811449	DKC1	1	1	0.0	0.0		1.0	0.0	+	True	PRAISE+ELAP_cross_chemistry	2.0	2.0
chrX_118792476	chrX	118792476.0	118792476.0	0.0	tail_pattern_1	True	0.0937305	IL13RA1	1	0.4161744661517492		0	0	0.0	0.0		0.0	0.0		True	PRAISE_only	1.0	1.0
chrX_119243975	chrX	119243975.0	119243975.0	0.0	tail_pattern_1	True	0.10550599999999999	PGRMC1	1	0.4965924579736483	PUS7	1	1	1.0	0.0	+	1.0	0.0	+	True	PRAISE+BID+ELAP	3.0	2.0
chrX_119469814-119469815	chrX	119469814.0	119469815.0	1.0	tail_pattern_1	True	0.051527500000000004	SLC25A5	1	0.002271694684234439		0	0	0.0	0.0		1.0	0.0	+	True	PRAISE+ELAP_cross_chemistry	2.0	2.0
chrX_119469886-119469888	chrX	119469886.0	119469888.0	1.0	tail_pattern_1	True	0.106324	SLC25A5	1	0.49886415265788275	DKC1	1	1	0.0	0.0		1.0	0.0	+	True	PRAISE+ELAP_cross_chemistry	2.0	2.0
chrX_119471173-119471174	chrX	119471173.0	119471174.0	1.0	tail_pattern_1	True	0.22515449999999998	SLC25A5	1	0.7882780554293503		0	0	0.0	0.0		1.0	0.0	+	True	PRAISE+ELAP_cross_chemistry	2.0	2.0
chrX_119538849	chrX	119538849.0	119538849.0	0.0	tail_pattern_1	True	0.1655085	STEEP1	1	0.7078600636074511	PUS7	1	1	1.0	0.0	-	0.0	0.0		True	PRAISE+BID_same_family	2.0	1.0
chrX_119544380	chrX	119544380.0	119544380.0	0.0	tail_pattern_1	True	0.0578375	STEEP1	1	0.050431621990004546		0	0	0.0	0.0		0.0	0.0		True	PRAISE_only	1.0	1.0
chrX_119583858-119583859	chrX	119583858.0	119583859.0	1.0	tail_pattern_1	True	0.0573825	UBE2A	1	0.04179918218991367		0	0	0.0	0.0		0.0	0.0		True	PRAISE_only	1.0	1.0
chrX_119617924-119617923	chrX	119617923.0	119617924.0	1.0	tail_pattern_1	True	0.138688	SEPTIN6	1	0.6369831894593366		0	0	0.0	0.0		0.0	0.0		True	PRAISE_only	1.0	1.0
chrX_119675631	chrX	119675631.0	119675631.0	0.0	tail_pattern_1	True	0.06403	SEPTIN6	1	0.11812812358019083		0	0	0.0	0.0		0.0	0.0		True	PRAISE_only	1.0	1.0
chrX_119873321-119873324	chrX	119873321.0	119873324.0	1.0	tail_pattern_1	True	0.1446675	NDUFA1	1	0.6569741026805997	DKC1	1	1	0.0	0.0		1.0	0.0	+	True	PRAISE+ELAP_cross_chemistry	2.0	2.0
chrX_120560184	chrX	120560184.0	120560184.0	0.0	tail_pattern_1	True	0.1286385	CUL4B	1	0.6015447523852794		0	0	0.0	0.0		0.0	0.0		True	PRAISE_only	1.0	1.0
chrX_129592365-129592366	chrX	129592365.0	129592366.0	1.0	tail_pattern_1	True	0.9104425	OCRL	1	0.9854611540208996	TRUB1	1	1	1.0	0.0	+	1.0	0.0	+	True	PRAISE+BID+ELAP	3.0	2.0
chrX_130495446-130495449	chrX	130495446.0	130495449.0	1.0	tail_pattern_1	True	0.109725	DENND10P1	1	0.5193094048159927		0	0	0.0	0.0		0.0	0.0		True	PRAISE_only	1.0	1.0
chrX_132628015-132628011	chrX	132628011.0	132628015.0	1.0	tail_pattern_1	True	0.061204	HS6ST2	1	0.09132212630622444		0	0	0.0	0.0		0.0	0.0		True	PRAISE_only	1.0	1.0
chrX_133535954	chrX	133535954.0	133535954.0	0.0	tail_pattern_1	True	0.2383055	GPC3	1	0.8009995456610631		0	0	0.0	0.0		0.0	0.0		True	PRAISE_only	1.0	1.0
chrX_134498641	chrX	134498641.0	134498641.0	0.0	tail_pattern_1	True	0.0996065	HPRT1	1	0.4561562925942753	PUS7	1	1	0.0	0.0		1.0	0.0	+	True	PRAISE+ELAP_cross_chemistry	2.0	2.0
chrX_134498670-134498671	chrX	134498670.0	134498671.0	1.0	tail_pattern_1	True	0.08291950000000001	HPRT1	1	0.3130395274875057	DKC1	1	1	0.0	0.0		0.0	0.0		True	PRAISE_only	1.0	1.0
chrX_134500228	chrX	134500228.0	134500228.0	0.0	tail_pattern_1	True	0.07751949999999999	HPRT1	1	0.2676056338028169		0	0	0.0	0.0		0.0	0.0		True	PRAISE_only	1.0	1.0
chrX_136210696	chrX	136210696.0	136210696.0	0.0	tail_pattern_1	True	0.06850400000000001	FHL1	1	0.17355747387551113		0	0	0.0	0.0		0.0	0.0		True	PRAISE_only	1.0	1.0
chrX_136218318-136218317	chrX	136218317.0	136218318.0	1.0	tail_pattern_1	True	0.602381	MAP7D3	1	0.9341208541572013	TRUB1	1	1	0.0	0.0		1.0	0.0	-	True	PRAISE+ELAP_cross_chemistry	2.0	2.0
chrX_136873847-136873843	chrX	136873843.0	136873847.0	1.0	tail_pattern_1	True	0.06382	RBMX	1	0.11631076783280327		0	0	0.0	0.0		1.0	0.0	-	True	PRAISE+ELAP_cross_chemistry	2.0	2.0
chrX_136879023	chrX	136879023.0	136879023.0	0.0	tail_pattern_1	True	0.1596395	RBMX	1	0.6928668786915039		0	0	0.0	0.0		1.0	0.0	-	True	PRAISE+ELAP_cross_chemistry	2.0	2.0
chrX_13746378-13746379	chrX	13746378.0	13746379.0	1.0	tail_pattern_1	True	0.087195	OFD1	1	0.35620172648796	TRUB1	1	1	0.0	0.0		0.0	0.0		True	PRAISE_only	1.0	1.0
chrX_13760268	chrX	13760268.0	13760268.0	0.0	tail_pattern_1	True	0.1035355	OFD1	1	0.4843253066787824		0	0	0.0	0.0		0.0	0.0		True	PRAISE_only	1.0	1.0
chrX_1425586	chrX	1425586.0	1425586.0	0.0	tail_pattern_1	True	0.0675865	ASMTL	1	0.16378918673330303	DKC1	1	1	0.0	0.0		0.0	0.0		True	PRAISE_only	1.0	1.0
chrX_147925593	chrX	147925593.0	147925593.0	0.0	tail_pattern_1	True	0.0723605	FMR1	1	0.21853702862335303	PUS7	1	1	0.0	0.0		0.0	0.0		True	PRAISE_only	1.0	1.0
chrX_150736710	chrX	150736710.0	150736710.0	0.0	tail_pattern_1	True	0.0958595	MTMR1	1	0.4348023625624716	DKC1	1	1	0.0	0.0		0.0	0.0		True	PRAISE_only	1.0	1.0
chrX_151403702-151403703	chrX	151403702.0	151403703.0	1.0	tail_pattern_1	True	0.115931	VMA21	1	0.5488414357110404		0	0	0.0	0.0		1.0	0.0	+	True	PRAISE+ELAP_cross_chemistry	2.0	2.0
chrX_153588033	chrX	153588033.0	153588033.0	0.0	tail_pattern_1	True	0.110527	CCNQ	1	0.5247614720581554	DKC1	1	1	0.0	0.0		1.0	0.0	-	True	PRAISE+ELAP_cross_chemistry	2.0	2.0
chrX_153693266	chrX	153693266.0	153693266.0	0.0	tail_pattern_1	True	0.1005335	SLC6A8	1	0.46569741026806	DKC1	1	1	0.0	0.0		0.0	0.0		True	PRAISE_only	1.0	1.0
chrX_153693270	chrX	153693270.0	153693270.0	0.0	tail_pattern_1	True	0.0844245	SLC6A8	1	0.3307587460245343	DKC1	1	1	0.0	0.0		0.0	0.0		True	PRAISE_only	1.0	1.0
chrX_153703029	chrX	153703029.0	153703029.0	0.0	tail_pattern_1	True	0.24964399999999998	BCAP31	1	0.8114493412085416		0	0	1.0	0.0	-	0.0	0.0		True	PRAISE+BID_same_family	2.0	1.0
chrX_154018103-154018102	chrX	154018102.0	154018103.0	1.0	tail_pattern_1	True	0.0692845	IRAK1	1	0.18309859154929578		0	0	0.0	0.0		1.0	0.0	-	True	PRAISE+ELAP_cross_chemistry	2.0	2.0
chrX_154355045-154355044	chrX	154355044.0	154355045.0	1.0	tail_pattern_1	True	0.060264	FLNA	1	0.08268968650613358		0	0	0.0	0.0		0.0	0.0		True	PRAISE_only	1.0	1.0
chrX_154358203	chrX	154358203.0	154358203.0	0.0	tail_pattern_1	True	0.092555	FLNA	1	0.40345297592003637	DKC1	1	1	0.0	0.0		0.0	0.0		True	PRAISE_only	1.0	1.0
chrX_154365209-154365208	chrX	154365208.0	154365209.0	1.0	tail_pattern_1	True	0.0655505	FLNA	1	0.13675601999091322		0	0	0.0	0.0		0.0	0.0		True	PRAISE_only	1.0	1.0
chrX_154367696-154367695	chrX	154367695.0	154367696.0	1.0	tail_pattern_1	True	0.06357499999999999	FLNA	1	0.11313039527487506		0	0	0.0	0.0		0.0	0.0		True	PRAISE_only	1.0	1.0
chrX_154399389	chrX	154399389.0	154399389.0	0.0	tail_pattern_1	True	0.059207	RPL10	1	0.06769650159018628		0	0	0.0	0.0		1.0	0.0	+	True	PRAISE+ELAP_cross_chemistry	2.0	2.0
chrX_154400750-154400752	chrX	154400750.0	154400752.0	1.0	tail_pattern_1	True	0.133357	RPL10	1	0.6179009541117674	DKC1	1	1	0.0	0.0		1.0	0.0	+	True	PRAISE+ELAP_cross_chemistry	2.0	2.0
chrX_154411935	chrX	154411935.0	154411935.0	0.0	tail_pattern_1	True	0.156823	DNASE1L1	1	0.6874148114493412	PUS7	1	1	0.0	0.0		0.0	0.0		True	PRAISE_only	1.0	1.0
chrX_154436177-154436178	chrX	154436177.0	154436178.0	1.0	tail_pattern_1	True	0.089361	ATP6AP1	1	0.37664697864606994		0	0	0.0	0.0		1.0	0.0	+	True	PRAISE+ELAP_cross_chemistry	2.0	2.0
chrX_154440472	chrX	154440472.0	154440472.0	0.0	tail_pattern_1	True	0.088464	GDI1	1	0.36937755565651975	DKC1	1	1	0.0	0.0		0.0	0.0		True	PRAISE_only	1.0	1.0
chrX_154533054	chrX	154533054.0	154533054.0	0.0	tail_pattern_1	True	0.074235	G6PD	1	0.23398455247614722		0	0	0.0	0.0		0.0	0.0		True	PRAISE_only	1.0	1.0
chrX_154534084-154534082	chrX	154534082.0	154534084.0	1.0	tail_pattern_1	True	0.083674	G6PD	1	0.32167196728759656	DKC1	1	1	0.0	0.0		0.0	0.0		True	PRAISE_only	1.0	1.0
chrX_154765960-154765961	chrX	154765960.0	154765961.0	1.0	tail_pattern_1	True	0.814244	DKC1	1	0.9668332576101772	TRUB1	1	1	1.0	0.0	+	1.0	0.0	+	True	PRAISE+BID+ELAP	3.0	2.0
chrX_155033408-155033410	chrX	155033408.0	155033410.0	1.0	tail_pattern_1	True	0.240335	FUNDC2	1	0.8041799182189914	DKC1	1	1	0.0	0.0		1.0	0.0	+	True	PRAISE+ELAP_cross_chemistry	2.0	2.0
chrX_155064009	chrX	155064009.0	155064009.0	0.0	tail_pattern_1	True	0.0581095	CMC4	1	0.05452067242162653		0	0	0.0	0.0		1.0	0.0	-	True	PRAISE+ELAP_cross_chemistry	2.0	2.0
chrX_155122201	chrX	155122201.0	155122201.0	0.0	tail_pattern_1	True	0.07452	BRCC3	1	0.2385279418446161		0	0	0.0	0.0		0.0	0.0		True	PRAISE_only	1.0	1.0
chrX_155239516	chrX	155239516.0	155239516.0	0.0	tail_pattern_1	True	0.053170499999999996	VBP1	1	0.008632439800090867		0	0	0.0	0.0		1.0	0.0	+	True	PRAISE+ELAP_cross_chemistry	2.0	2.0
chrX_16589469-16589467	chrX	16589467.0	16589469.0	1.0	tail_pattern_1	True	0.1276025	CTPS2	1	0.5956383462062699		0	0	0.0	0.0		1.0	0.0	-	True	PRAISE+ELAP_cross_chemistry	2.0	2.0
chrX_16857630-16857628	chrX	16857628.0	16857630.0	1.0	tail_pattern_1	True	0.13146750000000001	RBBP7	1	0.6088141753748296	DKC1	1	1	0.0	0.0		1.0	0.0	-	True	PRAISE+ELAP_cross_chemistry	2.0	2.0
chrX_19607970-19607969	chrX	19607969.0	19607970.0	1.0	tail_pattern_1	True	0.0825595	SH3KBP1	1	0.31076783280327125		0	0	0.0	0.0		0.0	0.0		True	PRAISE_only	1.0	1.0
chrX_20127422-20127421	chrX	20127421.0	20127422.0	1.0	tail_pattern_1	True	0.0576605	EIF1AX	1	0.04702407996365288		0	0	0.0	0.0		0.0	0.0		True	PRAISE_only	1.0	1.0
chrX_20136260	chrX	20136260.0	20136260.0	0.0	tail_pattern_1	True	0.574275	SCARNA9L	1	0.9291231258518855		0	0	0.0	0.0		0.0	0.0		True	PRAISE_only	1.0	1.0
chrX_20136269	chrX	20136269.0	20136269.0	0.0	tail_pattern_1	True	0.454681	SCARNA9L	1	0.8977737392094502		0	0	0.0	0.0		0.0	0.0		True	PRAISE_only	1.0	1.0
chrX_20136345-20136343	chrX	20136343.0	20136345.0	1.0	tail_pattern_1	True	0.3095235	SCARNA9L	1	0.8509768287142208		0	0	0.0	0.0		1.0	0.0	-	True	PRAISE+ELAP_cross_chemistry	2.0	2.0
chrX_20154531-20154530	chrX	20154530.0	20154531.0	1.0	tail_pattern_1	True	0.1274775	RPS6KA3	1	0.5947296683325761		0	0	0.0	0.0		0.0	0.0		True	PRAISE_only	1.0	1.0
chrX_21839736	chrX	21839736.0	21839736.0	0.0	tail_pattern_1	True	0.2936745	MBTPS2	1	0.84234438891413		0	0	0.0	0.0		0.0	0.0		True	PRAISE_only	1.0	1.0
chrX_23679225-23679227	chrX	23679225.0	23679227.0	1.0	tail_pattern_1	True	0.1395315	PRDX4	1	0.639709223080418	DKC1	1	1	0.0	0.0		1.0	0.0	+	True	PRAISE+ELAP_cross_chemistry	2.0	2.0
chrX_23730893-23730892	chrX	23730892.0	23730893.0	1.0	tail_pattern_1	True	0.09261	ACOT9	1	0.4043616537937301		0	0	0.0	0.0		0.0	0.0		True	PRAISE_only	1.0	1.0
chrX_24843572	chrX	24843572.0	24843572.0	0.0	tail_pattern_1	True	0.148818	POLA1	1	0.6651522035438437	DKC1	1	1	0.0	0.0		0.0	0.0		True	PRAISE_only	1.0	1.0
chrX_24996254-24996255	chrX	24996254.0	24996255.0	1.0	tail_pattern_1	True	0.089472	POLA1	1	0.3784643343934575		0	0	0.0	0.0		0.0	0.0		True	PRAISE_only	1.0	1.0
chrX_3607418-3607416	chrX	3607416.0	3607418.0	1.0	tail_pattern_1	True	0.13725500000000002	PRKX	1	0.631531122217174	PUS7	1	1	0.0	0.0		0.0	0.0		True	PRAISE_only	1.0	1.0
chrX_40599657-40599659	chrX	40599657.0	40599659.0	1.0	tail_pattern_1	True	0.074289	ATP6AP2	1	0.23534756928668787		0	0	0.0	0.0		0.0	0.0		True	PRAISE_only	1.0	1.0
chrX_40600805	chrX	40600805.0	40600805.0	0.0	tail_pattern_1	True	0.0661815	ATP6AP2	1	0.1481144934120854		0	0	0.0	0.0		0.0	0.0		True	PRAISE_only	1.0	1.0
chrX_41569709-41569708	chrX	41569708.0	41569709.0	1.0	tail_pattern_1	True	0.107381	CASK	1	0.5034075420263516		0	0	0.0	0.0		0.0	0.0		True	PRAISE_only	1.0	1.0
chrX_47202251-47202253	chrX	47202251.0	47202253.0	1.0	tail_pattern_1	True	0.1743045	UBA1	1	0.7283053157655611	DKC1	1	1	0.0	0.0		1.0	0.0	+	True	PRAISE+ELAP_cross_chemistry	2.0	2.0
chrX_47203580-47203582	chrX	47203580.0	47203582.0	1.0	tail_pattern_1	True	0.0911885	UBA1	1	0.39164016356201725	DKC1	1	1	0.0	0.0		1.0	0.0	+	True	PRAISE+ELAP_cross_chemistry	2.0	2.0
chrX_47213099-47213100	chrX	47213099.0	47213100.0	1.0	tail_pattern_1	True	0.308295	UBA1	1	0.8505224897773739	DKC1	1	1	0.0	0.0		1.0	0.0	+	True	PRAISE+ELAP_cross_chemistry	2.0	2.0
chrX_47657238-47657237	chrX	47657237.0	47657238.0	1.0	tail_pattern_1	True	0.104115	UXT	1	0.48886869604725125		0	0	0.0	0.0		1.0	0.0	-	True	PRAISE+ELAP_cross_chemistry	2.0	2.0
chrX_47657621-47657620	chrX	47657620.0	47657621.0	1.0	tail_pattern_1	True	0.06366	UXT	1	0.11403907314856883		0	0	0.0	0.0		1.0	0.0	-	True	PRAISE+ELAP_cross_chemistry	2.0	2.0
chrX_48580153-48580154	chrX	48580153.0	48580154.0	1.0	tail_pattern_1	True	0.06696450000000001	RBM3	1	0.15674693321217628		0	0	0.0	0.0		1.0	0.0	+	True	PRAISE+ELAP_cross_chemistry	2.0	2.0
chrX_48823353	chrX	48823353.0	48823353.0	0.0	tail_pattern_1	True	0.36475250000000004	HDAC6	1	0.8696047251249432	PUS7	1	1	0.0	0.0		0.0	0.0		True	PRAISE_only	1.0	1.0
chrX_48831451-48831450	chrX	48831450.0	48831451.0	1.0	tail_pattern_1	True	0.1282345	PCSK1N	1	0.5983643798273512	DKC1	1	1	0.0	0.0		0.0	0.0		True	PRAISE_only	1.0	1.0
chrX_48999440-48999439	chrX	48999439.0	48999440.0	1.0	tail_pattern_1	True	0.180451	GRIPAP1	1	0.7387551113130395	TRUB1	1	1	0.0	0.0		0.0	0.0		True	PRAISE_only	1.0	1.0
chrX_49075653	chrX	49075653.0	49075653.0	0.0	tail_pattern_1	True	0.077642	WDR45	1	0.2680599727396638	PUS7	1	1	0.0	0.0		0.0	0.0		True	PRAISE_only	1.0	1.0
chrX_49249706-49249707	chrX	49249706.0	49249707.0	1.0	tail_pattern_1	True	0.395652	CCDC22	1	0.8836892321671967	TRUB1	1	1	1.0	0.0	+	1.0	0.0	+	True	PRAISE+BID+ELAP	3.0	2.0
chrX_49272348-49272349	chrX	49272348.0	49272349.0	1.0	tail_pattern_1	True	1.0	PPP1R3F	1	0.9995456610631531		0	0	0.0	0.0		0.0	0.0		True	PRAISE_only	1.0	1.0
chrX_51895388-51895392	chrX	51895388.0	51895392.0	1.0	tail_pattern_1	True	0.14395950000000002	MAGED1	1	0.6547024079963653		0	0	0.0	0.0		1.0	0.0	+	True	PRAISE+ELAP_cross_chemistry	2.0	2.0
chrX_51897844-51897845	chrX	51897844.0	51897845.0	1.0	tail_pattern_1	True	0.069204	MAGED1	1	0.18128123580190822	DKC1	1	1	0.0	0.0		1.0	0.0	+	True	PRAISE+ELAP_cross_chemistry	2.0	2.0
chrX_53534150	chrX	53534150.0	53534150.0	0.0	tail_pattern_1	True	0.203093	HUWE1	1	0.7664697864606996		0	0	0.0	0.0		0.0	0.0		True	PRAISE_only	1.0	1.0
chrX_53549306-53549305	chrX	53549305.0	53549306.0	1.0	tail_pattern_1	True	0.061641999999999995	HUWE1	1	0.09541117673784644		0	0	0.0	0.0		0.0	0.0		True	PRAISE_only	1.0	1.0
chrX_53585135-53585134	chrX	53585134.0	53585135.0	1.0	tail_pattern_1	True	0.064937	HUWE1	1	0.13039527487505678		0	0	0.0	0.0		0.0	0.0		True	PRAISE_only	1.0	1.0
chrX_53647486	chrX	53647486.0	53647486.0	0.0	tail_pattern_1	True	0.11927800000000001	HUWE1	1	0.5647432985006815	DKC1	1	1	1.0	0.0	-	0.0	0.0		True	PRAISE+BID_same_family	2.0	1.0
chrX_56732099	chrX	56732099.0	56732099.0	0.0	tail_pattern_1	True	0.057379	NBDY	1	0.04134484325306679		0	0	0.0	0.0		0.0	0.0		True	PRAISE_only	1.0	1.0
chrX_65518397-65518395	chrX	65518395.0	65518397.0	1.0	tail_pattern_1	True	0.115818	LAS1L	1	0.5470240799636529		0	0	1.0	0.0	-	1.0	0.0	-	True	PRAISE+BID+ELAP	3.0	2.0
chrX_65740648	chrX	65740648.0	65740648.0	0.0	tail_pattern_1	True	0.29349400000000003	MSN	1	0.841890049977283	PUS7	1	1	1.0	0.0	+	1.0	0.0	+	True	PRAISE+BID+ELAP	3.0	2.0
chrX_65740878-65740881	chrX	65740878.0	65740881.0	1.0	tail_pattern_1	True	0.16461150000000002	MSN	1	0.7060427078600636	PUS7	1	1	1.0	0.0	+	1.0	0.0	+	True	PRAISE+BID+ELAP	3.0	2.0
chrX_65741092	chrX	65741092.0	65741092.0	0.0	tail_pattern_1	True	0.0702855	MSN	1	0.1930940481599273		0	0	0.0	0.0		0.0	0.0		True	PRAISE_only	1.0	1.0
chrX_70287756-70287754	chrX	70287754.0	70287756.0	1.0	tail_pattern_1	True	0.120966	PDZD11	1	0.5724670604270786	DKC1	1	1	0.0	0.0		1.0	0.0	-	True	PRAISE+ELAP_cross_chemistry	2.0	2.0
chrX_70301974	chrX	70301974.0	70301974.0	0.0	tail_pattern_1	True	0.14903650000000002	KIF4A	1	0.6660608814175375	PUS7	1	1	1.0	0.0	+	1.0	0.0	+	True	PRAISE+BID+ELAP	3.0	2.0
chrX_71122871	chrX	71122871.0	71122871.0	0.0	tail_pattern_1	True	0.0992225	MED12	1	0.45433893684688775		0	0	0.0	0.0		0.0	0.0		True	PRAISE_only	1.0	1.0
chrX_71239829-71239828	chrX	71239828.0	71239829.0	1.0	tail_pattern_1	True	0.234809	ZMYM3	1	0.797364834166288	PUS7	1	1	0.0	0.0		0.0	0.0		True	PRAISE_only	1.0	1.0
chrX_72208378-72208377	chrX	72208377.0	72208378.0	1.0	tail_pattern_1	True	0.137593	ERCC6L	1	0.6333484779645616	TRUB1	1	1	0.0	0.0		0.0	0.0		True	PRAISE_only	1.0	1.0
chrX_72490938-72490934	chrX	72490934.0	72490938.0	1.0	tail_pattern_1	True	0.0832225	HDAC8	1	0.3144025442980463		0	0	0.0	0.0		0.0	0.0		True	PRAISE_only	1.0	1.0
chrX_73846489	chrX	73846489.0	73846489.0	0.0	tail_pattern_1	True	0.133299	XIST	1	0.6169922762380736		0	0	0.0	0.0		1.0	0.0	-	True	PRAISE+ELAP_cross_chemistry	2.0	2.0
chrX_75065146	chrX	75065146.0	75065146.0	0.0	tail_pattern_1	True	0.0644755	ABCB7	1	0.12539754656974103		0	0	0.0	0.0		0.0	0.0		True	PRAISE_only	1.0	1.0
chrX_78129970-78129969	chrX	78129969.0	78129970.0	1.0	tail_pattern_1	True	0.938173	TAF9B	1	0.9931849159472966	TRUB1	1	1	1.0	0.0	-	1.0	0.0	-	True	PRAISE+BID+ELAP	3.0	2.0
chrY_1425586	chrY	1425586.0	1425586.0	0.0	tail_pattern_1	True	0.0675865	ASMTL	1	0.16378918673330303	DKC1	1	1	0.0	0.0		0.0	0.0		True	PRAISE_only	1.0	1.0
