gene_name	TE_raw	TE_log10	TE_z	TE_dataset	gene_id	transcript_id	transcript_length	BID_count	BACS_count	ELAP_count	DRS_count	BID_density_per_kb	BACS_density_per_kb	ELAP_density_per_kb	DRS_density_per_kb	naive_singleU_union_count	orthogonal_singleU_count	triple_singleU_count	breadth_sum_singleU
ABCE1	0.738212661628161	-0.13181851017248797	-0.7103350429431746	raw__HeLa_TE_GSE21992	ABCE1	NM_002940.3	3887	0	0	1	2	0.0	0.0	0.2572678157962439	0.5145356315924878	0	0	0	0
ABHD14B	1.76423581774452	0.24655663493425584	0.48134195081540454	raw__HeLa_TE_GSE21992	ABHD14B	NM_001146314.2	1657	0	0	0	0	0.0	0.0	0.0	0.0	0	0	0	0
ACADM	1.2527610492025	0.09786824185675225	0.013053957904542016	raw__HeLa_TE_GSE21992	ACADM	NM_000016.6	2261	0	0	0	1	0.0	0.0	0.0	0.44228217602830605	0	0	0	0
ACADSB	1.85122222208351	0.2674585549127303	0.5471716901253265	raw__HeLa_TE_GSE21992	ACADSB	NM_001609.4	5848	0	0	0	0	0.0	0.0	0.0	0.0	0	0	0	0
ACAT1	1.04186651003351	0.017812078205677664	-0.2390796445936974	raw__HeLa_TE_GSE21992	ACAT1	NM_000019.4	1537	0	0	0	3	0.0	0.0	0.0	1.951854261548471	0	0	0	0
ACAT2	1.14590519447888	0.05914868812189668	-0.10889168781542066	raw__HeLa_TE_GSE21992	ACAT2	NM_005891.3	1520	0	1	2	0	0.0	0.6578947368421053	1.3157894736842106	0.0	0	0	0	0
ACIN1	0.9967311	-0.0014219906728707343	-0.29965655530084173	raw__HeLa_TE_GSE21992	ACIN1	NM_001386863.1	4460	1	0	0	0	0.2242152466367713	0.0	0.0	0.0	1	0	0	1
ACLY	1.16277386018304	0.06549526002144941	-0.08890342003478181	raw__HeLa_TE_GSE21992	ACLY	NM_001096.3	4293	0	2	3	2	0.0	0.4658746797111577	0.6988120195667366	0.4658746797111577	2	0	0	2
ACO1	1.00553731663805	0.0023981923959783924	-0.28762504547794027	raw__HeLa_TE_GSE21992	ACO1	NM_002197.3	7443	1	1	1	0	0.13435442697836894	0.13435442697836894	0.13435442697836894	0.0	2	0	0	2
ACOT7	1.23336337180434	0.0910910466851759	-0.008290540201698208	raw__HeLa_TE_GSE21992	ACOT7	NM_007274.4	1806	0	0	0	2	0.0	0.0	0.0	1.1074197120708749	0	0	0	0
ACP1	1.9714399051129	0.2947835431258858	0.6332306192845224	raw__HeLa_TE_GSE21992	ACP1	NM_004300.4	1474	0	0	0	2	0.0	0.0	0.0	1.3568521031207599	0	0	0	0
ACTB	1.90845834410301	0.2806826850482115	0.5888205453652147	raw__HeLa_TE_GSE21992	ACTB	NM_001101.5	1812	1	0	2	31	0.5518763796909493	0.0	1.1037527593818985	17.108167770419428	1	0	0	1
ACTG1	1.53705749692984	0.18669011351946582	0.29279479810474135	raw__HeLa_TE_GSE21992	ACTG1	NM_001614.5	1919	0	0	8	11	0.0	0.0	4.168837936425222	5.732152162584679	1	0	0	1
ACTN1	1.00076766832936	0.00033326621677329824	-0.29412844574984326	raw__HeLa_TE_GSE21992	ACTN1	NM_001130004.2	3722	0	1	1	0	0.0	0.2686727565824825	0.2686727565824825	0.0	0	0	0	0
ACTN4	0.732580278368495	-0.13514477705971287	-0.7208109840187669	raw__HeLa_TE_GSE21992	ACTN4	NM_004924.6	4990	0	0	1	0	0.0	0.0	0.20040080160320642	0.0	1	0	0	1
ACTR1A	1.48277604134325	0.1710755600952637	0.24361740280255642	raw__HeLa_TE_GSE21992	ACTR1A	NM_005736.4	2830	0	0	0	1	0.0	0.0	0.0	0.35335689045936397	0	0	0	0
ACTR3	1.1264049389722	0.05169454606265894	-0.13236820236738955	raw__HeLa_TE_GSE21992	ACTR3	NM_005721.5	6589	0	0	1	2	0.0	0.0	0.15176809834572771	0.30353619669145543	0	0	0	0
ADA	0.88812426317829	-0.05152626503554644	-0.45745791149225895	raw__HeLa_TE_GSE21992	ADA	NM_000022.4	1496	0	0	0	0	0.0	0.0	0.0	0.0	0	0	0	0
ADH5	2.08392946204411	0.3188830146450185	0.7091309159675635	raw__HeLa_TE_GSE21992	ADH5	NM_000671.4	2652	0	0	0	2	0.0	0.0	0.0	0.7541478129713424	0	0	0	0
ADK	0.985515944941382	-0.006336344754363452	-0.31513411183126955	raw__HeLa_TE_GSE21992	ADK	NM_006721.4	1992	0	1	2	4	0.0	0.5020080321285141	1.0040160642570282	2.0080321285140563	0	0	0	0
ADRM1	1.81155848086868	0.25805235852435715	0.517547260561812	raw__HeLa_TE_GSE21992	ADRM1	NM_007002.4	1379	0	0	1	1	0.0	0.0	0.7251631617113851	0.7251631617113851	0	0	0	0
AHCY	1.59762145207386	0.20347388339416453	0.3456545926416534	raw__HeLa_TE_GSE21992	AHCY	NM_000687.4	2150	0	0	3	0	0.0	0.0	1.3953488372093024	0.0	0	0	0	0
AHNAK	0.06492448	-1.1875915200819476	-4.035448816432224	raw__HeLa_TE_GSE21992	AHNAK	NM_001620.3	18761	2	0	7	3	0.10660412557965994	0.0	0.37311443952880974	0.1599061883694899	2	1	0	3
AHSA1	1.82456698640175	0.26115981250231324	0.5273340593581473	raw__HeLa_TE_GSE21992	AHSA1	NM_012111.3	1337	0	1	2	3	0.0	0.7479431563201197	1.4958863126402393	2.243829468960359	0	0	0	0
AIMP1	1.27960501800767	0.10707593451363877	0.042053208110884144	raw__HeLa_TE_GSE21992	AIMP1	NM_001142416.2	2773	0	0	1	1	0.0	0.0	0.36062026685899745	0.36062026685899745	0	0	0	0
AIMP2	1.51928174671917	0.18163832007671973	0.2768843819455546	raw__HeLa_TE_GSE21992	AIMP2	NM_006303.4	1198	0	0	2	1	0.0	0.0	1.669449081803005	0.8347245409015025	0	0	0	0
AK1	2.31276604478828	0.36413170255168253	0.8516398018536109	raw__HeLa_TE_GSE21992	AK1	NM_000476.3	2192	0	0	1	0	0.0	0.0	0.4562043795620438	0.0	0	0	0	0
AK2	0.727127053182074	-0.13838969687844951	-0.7310307258400454	raw__HeLa_TE_GSE21992	AK2	NM_001625.4	5970	1	1	3	3	0.16750418760469013	0.16750418760469013	0.5025125628140703	0.5025125628140703	0	0	0	0
AKR1A1	1.26980679180881	0.10373764565312299	0.031539404323706444	raw__HeLa_TE_GSE21992	AKR1A1	NM_153326.3	1407	0	1	1	1	0.0	0.7107320540156361	0.7107320540156361	0.7107320540156361	1	0	0	1
AKR1B1	2.0803862984681	0.31814398482626455	0.7068033718777893	raw__HeLa_TE_GSE21992	AKR1B1	NM_001628.4	1361	0	0	3	0	0.0	0.0	2.204261572373255	0.0	0	0	0	0
AKR1C1	5.35584453710328	0.728827962354521	2.0002357076291837	raw__HeLa_TE_GSE21992	AKR1C1	NM_001353.6	6543	0	0	0	0	0.0	0.0	0.0	0.0	0	0	0	0
ALDH18A1	0.729505745885502	-0.13697128307616396	-0.7265634897710999	raw__HeLa_TE_GSE21992	ALDH18A1	NM_002860.4	3352	1	1	1	0	0.29832935560859186	0.29832935560859186	0.29832935560859186	0.0	1	0	0	1
ALDH9A1	1.12533435527695	0.05128157762756162	-0.13366882950851725	raw__HeLa_TE_GSE21992	ALDH9A1	NM_000696.4	2395	0	0	1	0	0.0	0.0	0.4175365344467641	0.0	0	0	0	0
ALDOA	1.61497807873979	0.20816663171544486	0.3604342109233757	raw__HeLa_TE_GSE21992	ALDOA	NM_001243177.4	1640	0	0	0	0	0.0	0.0	0.0	0.0	0	0	0	0
ALDOC	1.84693818918612	0.2664523613067407	0.5440027246501061	raw__HeLa_TE_GSE21992	ALDOC	NM_005165.3	1608	0	0	0	0	0.0	0.0	0.0	0.0	0	0	0	0
ALYREF	3.41203140942537	0.5330130204079508	1.3835245827848992	raw__HeLa_TE_GSE21992	ALYREF	NM_005782.4	1097	0	0	2	1	0.0	0.0	1.8231540565177757	0.9115770282588879	0	0	0	0
ANP32A	2.56053526244903	0.4083307611044438	0.9908429231586714	raw__HeLa_TE_GSE21992	ANP32A	NM_006305.4	2440	0	0	0	1	0.0	0.0	0.0	0.4098360655737705	0	0	0	0
ANP32B	2.02052626260972	0.3054644997340523	0.6668698538534182	raw__HeLa_TE_GSE21992	ANP32B	NM_006401.3	1483	0	0	1	1	0.0	0.0	0.6743088334457181	0.6743088334457181	0	0	0	0
ANP32E	2.52421403261356	0.4021261767377353	0.9713018392865933	raw__HeLa_TE_GSE21992	ANP32E	NM_030920.5	3407	0	0	0	2	0.0	0.0	0.0	0.587026709715292	0	0	0	0
ANXA1	1.84308746141513	0.2655459446106714	0.5411480024585632	raw__HeLa_TE_GSE21992	ANXA1	NM_000700.3	1401	0	0	1	0	0.0	0.0	0.7137758743754461	0.0	0	0	0	0
ANXA2	2.49527484183428	0.3971183879226183	0.9555300138964954	raw__HeLa_TE_GSE21992	ANXA2	NM_004039.3	1554	0	0	7	11	0.0	0.0	4.504504504504505	7.078507078507078	2	0	0	2
ANXA4	2.22225546893528	0.34679398366486236	0.7970353676330478	raw__HeLa_TE_GSE21992	ANXA4	NM_001153.5	2651	0	0	0	0	0.0	0.0	0.0	0.0	0	0	0	0
ANXA5	2.85868006562858	0.45616555322193747	1.1414966381418796	raw__HeLa_TE_GSE21992	ANXA5	NM_001154.4	1638	0	1	4	2	0.0	0.6105006105006106	2.442002442002442	1.221001221001221	0	0	0	0
ANXA6	1.54450211303661	0.1887885067970758	0.29940360162982493	raw__HeLa_TE_GSE21992	ANXA6	NM_001155.5	2889	0	1	0	1	0.0	0.3461405330564209	0.0	0.3461405330564209	0	0	0	0
ANXA7	1.6023866424672	0.20476731601157705	0.3497282055971571	raw__HeLa_TE_GSE21992	ANXA7	NM_001156.5	2443	0	0	1	1	0.0	0.0	0.4093327875562833	0.4093327875562833	0	0	0	0
AP2B1	1.71010185841693	0.23302197894826854	0.43871510715106254	raw__HeLa_TE_GSE21992	AP2B1	NM_001030006.2	5700	2	2	3	2	0.3508771929824561	0.3508771929824561	0.5263157894736842	0.3508771929824561	2	2	1	5
AP2M1	0.529565702638901	-0.2760801497711541	-1.1646811574141012	raw__HeLa_TE_GSE21992	AP2M1	NM_004068.4	1931	0	3	5	3	0.0	1.5535991714137753	2.589331952356292	1.5535991714137753	2	0	0	2
APEH	0.986995706309157	-0.005684736621443439	-0.3130818987538812	raw__HeLa_TE_GSE21992	APEH	NM_001640.4	2879	0	0	2	0	0.0	0.0	0.6946856547412296	0.0	0	0	0	0
APEX1	2.03276234833554	0.308086607934901	0.675128076039803	raw__HeLa_TE_GSE21992	APEX1	NM_001641.4	1453	0	0	0	4	0.0	0.0	0.0	2.752924982794219	0	0	0	0
API5	1.21542824754351	0.08472932548646327	-0.028326520078424455	raw__HeLa_TE_GSE21992	API5	NM_001142930.2	3726	0	0	0	1	0.0	0.0	0.0	0.2683843263553409	0	0	0	0
APRT	1.48536911422784	0.17183438924440075	0.24600730407095217	raw__HeLa_TE_GSE21992	APRT	NM_000485.3	931	0	0	1	1	0.0	0.0	1.0741138560687433	1.0741138560687433	0	0	0	0
ARF4	3.03452234628943	0.4820903399923969	1.223145690311355	raw__HeLa_TE_GSE21992	ARF4	NM_001660.4	1596	0	0	0	3	0.0	0.0	0.0	1.8796992481203008	0	0	0	0
ARHGAP1	2.84967354931412	0.45479511128854594	1.1371804875056004	raw__HeLa_TE_GSE21992	ARHGAP1	NM_004308.5	3395	0	0	0	0	0.0	0.0	0.0	0.0	0	0	0	0
ARHGDIA	1.72526845478857	0.2368566816482285	0.4507923459563678	raw__HeLa_TE_GSE21992	ARHGDIA	NM_004309.6	1837	0	0	1	3	0.0	0.0	0.5443658138268916	1.633097441480675	0	0	0	0
ARHGDIB	6.10932765171691	0.7859934175721421	2.1802759631839117	raw__HeLa_TE_GSE21992	ARHGDIB	NM_001175.7	1174	0	0	0	0	0.0	0.0	0.0	0.0	0	0	0	0
ARL3	1.63251739364066	0.2128578171580867	0.37520890698295517	raw__HeLa_TE_GSE21992	ARL3	NM_004311.4	3834	0	0	0	0	0.0	0.0	0.0	0.0	0	0	0	0
ARPC1B	0.52691957	-0.27825567125985906	-1.1715328730752494	raw__HeLa_TE_GSE21992	ARPC1B	NM_005720.4	1511	0	0	1	0	0.0	0.0	0.6618133686300464	0.0	0	0	0	0
ARPC2	0.51339255	-0.2895504378020233	-1.20710527684499	raw__HeLa_TE_GSE21992	ARPC2	NM_152862.3	1410	1	0	2	3	0.7092198581560284	0.0	1.4184397163120568	2.127659574468085	0	0	0	0
ARPC3	1.56395973043138	0.19422556644979214	0.31652739790879886	raw__HeLa_TE_GSE21992	ARPC3	NM_001278556.2	946	0	0	0	1	0.0	0.0	0.0	1.0570824524312896	0	0	0	0
ASNS	0.946444593067819	-0.02390480550286771	-0.37046525807724423	raw__HeLa_TE_GSE21992	ASNS	NM_001673.5	2385	0	0	2	0	0.0	0.0	0.8385744234800838	0.0	0	0	0	0
ATIC	1.31796210703145	0.11990292395775068	0.08245128503906099	raw__HeLa_TE_GSE21992	ATIC	NM_004044.7	1972	1	2	3	4	0.5070993914807302	1.0141987829614605	1.5212981744421907	2.028397565922921	2	1	0	3
ATP6V1A	1.75950151407732	0.24538964488825643	0.47766656355028586	raw__HeLa_TE_GSE21992	ATP6V1A	NM_001690.4	4575	0	0	0	0	0.0	0.0	0.0	0.0	0	0	0	0
ATRX	0.229303988545273	-0.6395883910261112	-2.309535447520735	raw__HeLa_TE_GSE21992	ATRX	NM_000489.6	11165	0	0	0	0	0.0	0.0	0.0	0.0	0	0	0	0
ATXN10	1.36950813950566	0.13656461777427287	0.1349266060398568	raw__HeLa_TE_GSE21992	ATXN10	NM_013236.4	3294	0	1	7	2	0.0	0.3035822707953855	2.125075895567699	0.607164541590771	1	0	0	1
ATXN2L	0.731581782584856	-0.13573711760428298	-0.7226765362585564	raw__HeLa_TE_GSE21992	ATXN2L	NM_007245.4	4456	0	0	0	0	0.0	0.0	0.0	0.0	0	0	0	0
BAG2	1.14213458540367	0.057717282766451564	-0.11339984024796364	raw__HeLa_TE_GSE21992	BAG2	NM_004282.4	6651	0	0	0	2	0.0	0.0	0.0	0.30070666065253343	0	0	0	0
BANF1	2.05002935622014	0.311760080154843	0.6866975260640142	raw__HeLa_TE_GSE21992	BANF1	NM_003860.4	731	0	0	1	4	0.0	0.0	1.3679890560875514	5.471956224350206	0	0	0	0
BCCIP	1.04237825243776	0.018025341936300333	-0.2384079792248887	raw__HeLa_TE_GSE21992	BCCIP	NM_078468.3	1234	0	0	0	0	0.0	0.0	0.0	0.0	0	0	0	0
BCLAF1	0.659120855995987	-0.18103494613456764	-0.8653401885223244	raw__HeLa_TE_GSE21992	BCLAF1	NM_014739.3	7494	0	0	0	2	0.0	0.0	0.0	0.26688017080330934	0	0	0	0
BLVRA	1.55778739687768	0.19250818590187102	0.31111857834188794	raw__HeLa_TE_GSE21992	BLVRA	NM_000712.4	1074	0	0	0	0	0.0	0.0	0.0	0.0	0	0	0	0
BSG	2.27998046227452	0.35793112543785716	0.8321113386600596	raw__HeLa_TE_GSE21992	BSG	NM_001728.4	1946	0	1	7	2	0.0	0.513874614594039	3.597122302158273	1.027749229188078	3	1	0	4
BTF3	3.13838720451839	0.49670652446815783	1.2691787635762013	raw__HeLa_TE_GSE21992	BTF3	NM_001037637.2	1276	0	0	2	15	0.0	0.0	1.567398119122257	11.755485893416928	0	0	0	0
BUB3	1.50114289133184	0.176422033990964	0.26045590295678683	raw__HeLa_TE_GSE21992	BUB3	NM_004725.4	7703	0	0	0	0	0.0	0.0	0.0	0.0	0	0	0	0
BZW1	1.63041231671391	0.21229744748956034	0.37344404570541384	raw__HeLa_TE_GSE21992	BZW1	NM_001207067.2	6511	0	1	1	4	0.0	0.1535862386730149	0.1535862386730149	0.6143449546920596	1	0	0	1
C1QBP	1.69347971420663	0.22877999870082158	0.42535516442164567	raw__HeLa_TE_GSE21992	C1QBP	NM_001212.4	1169	0	0	1	6	0.0	0.0	0.8554319931565441	5.132591958939265	0	0	0	0
CACYBP	2.51309339445301	0.4002086286410804	0.9652626002383611	raw__HeLa_TE_GSE21992	CACYBP	NM_014412.3	2869	0	0	1	6	0.0	0.0	0.34855350296270476	2.0913210177762287	0	0	0	0
CAD	0.702298665380873	-0.15347815689807034	-0.7785512115515362	raw__HeLa_TE_GSE21992	CAD	NM_004341.5	7286	0	0	0	2	0.0	0.0	0.0	0.2744990392533626	0	0	0	0
CALR	1.50350697573959	0.1771054474137117	0.26260828548943044	raw__HeLa_TE_GSE21992	CALR	NM_004343.4	1901	0	2	4	8	0.0	1.0520778537611783	2.1041557075223567	4.208311415044713	1	1	0	2
CALU	1.42745206898792	0.15456153441453196	0.19160715653620985	raw__HeLa_TE_GSE21992	CALU	NM_001219.5	5266	0	1	6	3	0.0	0.189897455374098	1.139384732244588	0.569692366122294	0	0	0	0
CAND1	1.04988593138983	0.02114211615655849	-0.22859182670785785	raw__HeLa_TE_GSE21992	CAND1	NM_018448.5	11176	0	0	0	2	0.0	0.0	0.0	0.17895490336435219	0	0	0	0
CAP1	2.20738551605764	0.3438781885650106	0.7878521906090203	raw__HeLa_TE_GSE21992	CAP1	NM_006367.4	2626	0	2	6	2	0.0	0.7616146230007617	2.2848438690022848	0.7616146230007617	0	0	0	0
CAPG	2.10254823710324	0.32274596825946167	0.7212971298688223	raw__HeLa_TE_GSE21992	CAPG	NM_001747.4	1250	0	2	0	2	0.0	1.6	0.0	1.6	2	0	0	2
CAPN1	1.08103069048979	0.03383802376011855	-0.18860658665785676	raw__HeLa_TE_GSE21992	CAPN1	NM_005186.4	2952	0	1	1	0	0.0	0.33875338753387535	0.33875338753387535	0.0	1	0	0	1
CAPNS1	1.54254412450285	0.1882375958845483	0.2976685303161837	raw__HeLa_TE_GSE21992	CAPNS1	NM_001749.4	1428	2	3	5	0	1.4005602240896358	2.100840336134454	3.5014005602240896	0.0	2	1	0	3
CAPRIN1	1.64227961558184	0.21544710233629472	0.38336375440635057	raw__HeLa_TE_GSE21992	CAPRIN1	NM_005898.5	5514	0	1	2	3	0.0	0.18135654697134568	0.36271309394269136	0.544069640914037	0	0	0	0
CAPZA1	2.00204220463263	0.30147322851086383	0.6542995089086344	raw__HeLa_TE_GSE21992	CAPZA1	NM_006135.3	2358	0	1	1	1	0.0	0.42408821034775235	0.42408821034775235	0.42408821034775235	0	0	0	0
CAPZB	1.93283206970486	0.2861941228497255	0.6061785925718903	raw__HeLa_TE_GSE21992	CAPZB	NM_004930.5	1675	0	1	1	3	0.0	0.5970149253731343	0.5970149253731343	1.791044776119403	0	0	0	0
CARHSP1	1.17123463385808	0.06864390615886969	-0.0789868882224398	raw__HeLa_TE_GSE21992	CARHSP1	NM_014316.4	2709	0	0	1	2	0.0	0.0	0.36913990402362495	0.7382798080472499	0	0	0	0
CBX1	1.5375887446707	0.1868401912497447	0.2932674617581597	raw__HeLa_TE_GSE21992	CBX1	NM_001127228.2	2182	0	0	0	1	0.0	0.0	0.0	0.458295142071494	0	0	0	0
CBX3	0.919550068783059	-0.03642461878675282	-0.4098958962930551	raw__HeLa_TE_GSE21992	CBX3	NM_016587.4	2061	0	0	2	5	0.0	0.0	0.970402717127608	2.42600679281902	0	0	0	0
CBX5	2.38127895025866	0.3768102729613882	0.8915704391229594	raw__HeLa_TE_GSE21992	CBX5	NM_012117.3	11546	0	0	1	0	0.0	0.0	0.08661008141347652	0.0	0	0	0	0
CCT2	0.934454627558514	-0.02944178094041743	-0.3879037350207361	raw__HeLa_TE_GSE21992	CCT2	NM_006431.3	1916	1	0	2	4	0.5219206680584552	0.0	1.0438413361169103	2.0876826722338206	1	0	0	1
CCT3	1.29469660701467	0.11216800985634662	0.058090490461125195	raw__HeLa_TE_GSE21992	CCT3	NM_005998.5	1977	0	0	2	16	0.0	0.0	1.0116337885685383	8.093070308548306	0	0	0	0
CCT4	1.04957185091423	0.02101217458822215	-0.22900107234547934	raw__HeLa_TE_GSE21992	CCT4	NM_006430.4	2376	0	0	2	6	0.0	0.0	0.8417508417508418	2.525252525252525	0	0	0	0
CCT5	2.10205256177883	0.32264357135212096	0.7209746350107746	raw__HeLa_TE_GSE21992	CCT5	NM_012073.5	3293	0	0	9	14	0.0	0.0	2.733070148800486	4.251442453689645	1	0	0	1
CCT6A	1.00490076142046	0.00212317529330664	-0.2884912005581098	raw__HeLa_TE_GSE21992	CCT6A	NM_001762.4	2584	0	0	3	9	0.0	0.0	1.1609907120743035	3.48297213622291	0	0	0	0
CCT7	1.80281006886583	0.255949974981732	0.5109258898607945	raw__HeLa_TE_GSE21992	CCT7	NM_006429.4	1847	1	1	3	7	0.5414185165132648	0.5414185165132648	1.6242555495397943	3.7899296155928535	1	1	0	2
CCT8	1.52558963100774	0.18343772827377453	0.28255154422759576	raw__HeLa_TE_GSE21992	CCT8	NM_006585.4	1854	0	1	5	14	0.0	0.5393743257820928	2.696871628910464	7.5512405609492985	1	0	0	1
CDC37	1.17705484866702	0.07079670066707278	-0.07220675025383273	raw__HeLa_TE_GSE21992	CDC37	NM_007065.4	1618	1	1	0	3	0.6180469715698393	0.6180469715698393	0.0	1.854140914709518	1	1	0	2
CDK1	1.398711484114	0.14572814066808856	0.16378674538981214	raw__HeLa_TE_GSE21992	CDK1	NM_001786.5	1889	0	0	0	0	0.0	0.0	0.0	0.0	0	0	0	0
CDK6	2.94585313639185	0.46921109157501256	1.1825830258911836	raw__HeLa_TE_GSE21992	CDK6	NM_001145306.2	11663	0	1	0	0	0.0	0.08574123295892995	0.0	0.0	1	0	0	1
CDV3	1.82118217210297	0.2603533902660662	0.5247942656147716	raw__HeLa_TE_GSE21992	CDV3	NM_017548.5	3351	0	0	0	1	0.0	0.0	0.0	0.29841838257236647	0	0	0	0
CFL1	2.35737803512037	0.3724292326736631	0.8777725325026962	raw__HeLa_TE_GSE21992	CFL1	NM_005507.3	1245	0	1	3	14	0.0	0.8032128514056225	2.4096385542168677	11.244979919678714	1	0	0	1
CFL2	1.71577130797023	0.23445940105035545	0.44324220908027046	raw__HeLa_TE_GSE21992	CFL2	NM_138638.5	4306	0	0	0	0	0.0	0.0	0.0	0.0	0	0	0	0
CHORDC1	1.90236108114226	0.2792929524880037	0.5844436396913242	raw__HeLa_TE_GSE21992	CHORDC1	NM_012124.3	3070	0	2	0	3	0.0	0.6514657980456026	0.0	0.9771986970684039	2	0	0	2
CIAPIN1	2.57806984614438	0.4112946792641549	1.0001776617851068	raw__HeLa_TE_GSE21992	CIAPIN1	NM_020313.4	2021	0	0	0	1	0.0	0.0	0.0	0.49480455220188024	0	0	0	0
CIRBP	1.69529084505314	0.22924421673729242	0.42681720007938956	raw__HeLa_TE_GSE21992	CIRBP	NM_001300829.2	3346	0	0	0	1	0.0	0.0	0.0	0.2988643156007173	0	0	0	0
CKB	0.713999064572045	-0.14630235720346874	-0.7559513248558489	raw__HeLa_TE_GSE21992	CKB	NM_001823.5	1420	0	0	0	4	0.0	0.0	0.0	2.816901408450704	0	0	0	0
CLIC1	1.29829636	0.11337383947637783	0.061888201370964326	raw__HeLa_TE_GSE21992	CLIC1	NM_001288.6	1199	0	0	0	0	0.0	0.0	0.0	0.0	0	0	0	0
CLTA	1.4635715666377	0.16541396369220238	0.22578643724172087	raw__HeLa_TE_GSE21992	CLTA	NM_001833.4	1078	1	0	0	5	0.9276437847866419	0.0	0.0	4.638218923933209	1	0	0	1
CLTB	1.01770857469314	0.007623433676513744	-0.27116836247066994	raw__HeLa_TE_GSE21992	CLTB	NM_007097.5	1139	0	0	0	0	0.0	0.0	0.0	0.0	0	0	0	0
CLTC	1.05154432863348	0.021827585415226742	-0.226432969404339	raw__HeLa_TE_GSE21992	CLTC	NM_004859.4	8369	0	1	7	6	0.0	0.1194885888397658	0.8364201218783606	0.7169315330385948	0	0	0	0
CLUH	0.661889450827602	-0.17921454062787182	-0.8596068960751452	raw__HeLa_TE_GSE21992	CLUH	NM_001366661.1	5357	0	1	2	1	0.0	0.1866716445771887	0.3733432891543774	0.1866716445771887	1	1	0	2
CMPK1	1.06470518100406	0.027229367409980283	-0.20942027866158122	raw__HeLa_TE_GSE21992	CMPK1	NM_016308.3	2937	0	0	0	2	0.0	0.0	0.0	0.6809669731018045	0	0	0	0
CNBP	4.37557176344671	0.6410348110692726	1.723734780046633	raw__HeLa_TE_GSE21992	CNBP	NM_003418.5	3295	0	0	4	5	0.0	0.0	1.2139605462822458	1.5174506828528074	0	0	0	0
CNDP2	1.1639156063851	0.06592149147366044	-0.08756102156547194	raw__HeLa_TE_GSE21992	CNDP2	NM_018235.3	4975	0	1	1	1	0.0	0.20100502512562815	0.20100502512562815	0.20100502512562815	0	0	0	0
CNPY2	2.22314191465475	0.3469671868484502	0.7975808639527628	raw__HeLa_TE_GSE21992	CNPY2	NM_014255.7	1450	1	2	1	2	0.6896551724137931	1.3793103448275863	0.6896551724137931	1.3793103448275863	1	1	1	3
COPA	0.782364038100194	-0.10659112040550907	-0.6308824140200769	raw__HeLa_TE_GSE21992	COPA	NM_004371.4	5318	0	1	1	1	0.0	0.188040616773223	0.188040616773223	0.188040616773223	0	0	0	0
COPB1	0.773813622115669	-0.11136362928317108	-0.6459132349013321	raw__HeLa_TE_GSE21992	COPB1	NM_001144061.2	3336	0	0	1	0	0.0	0.0	0.2997601918465228	0.0	0	0	0	0
COPB2	0.788456604579886	-0.10322220456732165	-0.6202721518234302	raw__HeLa_TE_GSE21992	COPB2	NM_004766.3	3275	0	2	1	2	0.0	0.6106870229007634	0.3053435114503817	0.6106870229007634	0	0	0	0
COPE	1.69052485399759	0.2280215601208118	0.4229664932346901	raw__HeLa_TE_GSE21992	COPE	NM_007263.4	1131	0	0	0	1	0.0	0.0	0.0	0.8841732979664014	0	0	0	0
COPS4	1.33248502918031	0.12466233831331519	0.09744086526027372	raw__HeLa_TE_GSE21992	COPS4	NM_016129.3	1651	0	0	1	2	0.0	0.0	0.6056935190793459	1.2113870381586918	0	0	0	0
CORO1C	1.21010188307042	0.08282193675658091	-0.03433376261787288	raw__HeLa_TE_GSE21992	CORO1C	NM_014325.4	3814	0	0	1	1	0.0	0.0	0.26219192448872575	0.26219192448872575	0	0	0	0
COTL1	0.974145123439497	-0.01137633920551431	-0.33100736755057164	raw__HeLa_TE_GSE21992	COTL1	NM_021149.5	1842	0	0	1	4	0.0	0.0	0.5428881650380022	2.1715526601520088	0	0	0	0
COX5A	0.882188779597948	-0.05443847023669212	-0.46662978227761487	raw__HeLa_TE_GSE21992	COX5A	NM_004255.4	1173	0	0	2	5	0.0	0.0	1.7050298380221653	4.262574595055414	0	0	0	0
CPNE1	1.47972867955628	0.17018209122353986	0.24080345925250543	raw__HeLa_TE_GSE21992	CPNE1	NM_152925.3	1952	0	0	0	0	0.0	0.0	0.0	0.0	0	0	0	0
CPNE3	1.52001525953492	0.18184794787802708	0.2775445961041767	raw__HeLa_TE_GSE21992	CPNE3	NM_003909.5	4857	0	0	1	1	0.0	0.0	0.20588840848260243	0.20588840848260243	0	0	0	0
CPS1	0.377484076244193	-0.42310136388946745	-1.6277184386018537	raw__HeLa_TE_GSE21992	CPS1	NM_001875.5	5760	0	0	1	17	0.0	0.0	0.1736111111111111	2.951388888888889	0	0	0	0
CPSF6	0.972142464535692	-0.012270085868014096	-0.33382218599127295	raw__HeLa_TE_GSE21992	CPSF6	NM_007007.3	6584	0	0	0	0	0.0	0.0	0.0	0.0	0	0	0	0
CPSF7	0.872948903875046	-0.0590111760132677	-0.48103133149045973	raw__HeLa_TE_GSE21992	CPSF7	NM_001142565.3	3487	0	0	0	0	0.0	0.0	0.0	0.0	0	0	0	0
CRKL	1.23366829885234	0.0911984049623954	-0.007952419712795745	raw__HeLa_TE_GSE21992	CRKL	NM_005207.4	5342	0	0	2	1	0.0	0.0	0.3743916136278547	0.18719580681392736	0	0	0	0
CRYZ	1.11678722804812	0.04797043857068509	-0.144097126103163	raw__HeLa_TE_GSE21992	CRYZ	NM_001889.4	1908	0	0	0	0	0.0	0.0	0.0	0.0	0	0	0	0
CS	0.981495747006034	-0.008111577934390456	-0.32072513588914797	raw__HeLa_TE_GSE21992	CS	NM_004077.3	2915	0	1	1	3	0.0	0.34305317324185247	0.34305317324185247	1.0291595197255574	0	0	0	0
CSDE1	0.756594937384235	-0.12113656903514192	-0.6766927076400259	raw__HeLa_TE_GSE21992	CSDE1	NM_001007553.3	4097	0	0	0	1	0.0	0.0	0.0	0.24408103490358798	0	0	0	0
CSE1L	1.02950492144562	0.012628427060477605	-0.2554053411762849	raw__HeLa_TE_GSE21992	CSE1L	NM_001316.4	3550	0	1	6	2	0.0	0.28169014084507044	1.6901408450704225	0.5633802816901409	0	0	0	0
CSNK2B	0.139214812618215	-0.8563145528281881	-2.9921056012560556	raw__HeLa_TE_GSE21992	CSNK2B	NM_001320.7	929	0	0	0	0	0.0	0.0	0.0	0.0	0	0	0	0
CSTB	1.33929730686229	0.1268769955312854	0.10441583729489808	raw__HeLa_TE_GSE21992	CSTB	NM_000100.4	588	0	0	1	3	0.0	0.0	1.7006802721088434	5.1020408163265305	0	0	0	0
CTNNBL1	1.18034075762261	0.0720074037394295	-0.06839369060586532	raw__HeLa_TE_GSE21992	CTNNBL1	NM_030877.5	1890	0	0	0	0	0.0	0.0	0.0	0.0	0	0	0	0
CTPS1	1.10751395190225	0.044349205952437666	-0.1555020496453692	raw__HeLa_TE_GSE21992	CTPS1	NM_001905.4	2840	0	0	2	2	0.0	0.0	0.704225352112676	0.704225352112676	0	0	0	0
CTSC	1.31832873652195	0.12002371879800362	0.08283172343189878	raw__HeLa_TE_GSE21992	CTSC	NM_001814.6	1870	1	1	0	5	0.5347593582887701	0.5347593582887701	0.0	2.6737967914438503	1	1	0	2
CTSD	0.125432283274331	-0.901590672089986	-3.1347008810695143	raw__HeLa_TE_GSE21992	CTSD	NM_001909.5	2055	0	1	2	2	0.0	0.48661800486618007	0.9732360097323601	0.9732360097323601	0	0	0	0
CUTA	1.4706684235264	0.1675147678567625	0.23240283375632878	raw__HeLa_TE_GSE21992	CUTA	NM_001014840.2	855	0	0	1	0	0.0	0.0	1.1695906432748537	0.0	0	0	0	0
DAZAP1	1.40090072924811	0.14640736136196764	0.165925923094923	raw__HeLa_TE_GSE21992	DAZAP1	NM_018959.4	2184	1	1	1	6	0.45787545787545786	0.45787545787545786	0.45787545787545786	2.7472527472527473	0	0	0	0
DBI	2.8667933264733	0.4573963848168992	1.145373091745864	raw__HeLa_TE_GSE21992	DBI	NM_001079862.4	564	0	0	2	1	0.0	0.0	3.5460992907801416	1.7730496453900708	0	0	0	0
DBN1	0.167145530455928	-0.7769052321391947	-2.7420092041251753	raw__HeLa_TE_GSE21992	DBN1	NM_001363541.2	3024	0	0	0	1	0.0	0.0	0.0	0.3306878306878307	0	0	0	0
DCTN1	0.66511603121626	-0.17710258428905817	-0.8529553762453297	raw__HeLa_TE_GSE21992	DCTN1	NM_004082.5	4455	2	0	1	0	0.4489337822671156	0.0	0.2244668911335578	0.0	1	0	0	1
DCTN2	2.2494479124274	0.35207594121918484	0.8136706762173886	raw__HeLa_TE_GSE21992	DCTN2	NM_001261413.2	1973	0	1	1	2	0.0	0.5068423720223011	0.5068423720223011	1.0136847440446022	1	0	0	1
DDB1	1.07992604362241	0.033394014795784605	-0.1900049746721384	raw__HeLa_TE_GSE21992	DDB1	NM_001923.5	4245	0	1	8	4	0.0	0.23557126030624265	1.8845700824499412	0.9422850412249706	0	0	0	0
DDT	2.18414739187447	0.339281942328433	0.7733765016833278	raw__HeLa_TE_GSE21992	DDT	NM_001084392.3	565	0	0	0	0	0.0	0.0	0.0	0.0	0	0	0	0
DDX1	1.29471541047267	0.1121743172635843	0.05811035538141031	raw__HeLa_TE_GSE21992	DDX1	NM_004939.3	2484	0	1	2	3	0.0	0.4025764895330113	0.8051529790660226	1.2077294685990339	0	0	0	0
DDX17	1.26514578402156	0.10214057258547422	0.02650948822937218	raw__HeLa_TE_GSE21992	DDX17	NM_006386.5	4761	0	0	3	7	0.0	0.0	0.630119722747322	1.4702793530770846	0	0	0	0
DDX21	1.22153281580022	0.08690513854606693	-0.021473886126694673	raw__HeLa_TE_GSE21992	DDX21	NM_004728.4	4664	1	0	2	2	0.2144082332761578	0.0	0.4288164665523156	0.4288164665523156	1	0	0	1
DDX39A	1.34289005331781	0.12804045705291764	0.10808011161730727	raw__HeLa_TE_GSE21992	DDX39A	NM_005804.4	1498	0	0	1	1	0.0	0.0	0.6675567423230975	0.6675567423230975	0	0	0	0
DDX39B	1.60094021014929	0.20437511275183504	0.3484929775237597	raw__HeLa_TE_GSE21992	DDX39B	NM_004640.7	1681	0	0	1	0	0.0	0.0	0.594883997620464	0.0	0	0	0	0
DDX3X	1.49997468717162	0.176083930179385	0.2593910588755322	raw__HeLa_TE_GSE21992	DDX3X	NM_001356.5	4635	0	0	3	1	0.0	0.0	0.6472491909385113	0.21574973031283712	0	0	0	0
DDX5	1.01490717750212	0.006426323882696846	-0.2749386106456452	raw__HeLa_TE_GSE21992	DDX5	NM_004396.5	3684	0	0	4	8	0.0	0.0	1.0857763300760044	2.1715526601520088	1	0	0	1
DDX6	1.9195795261717	0.2832061091922069	0.5967679661638138	raw__HeLa_TE_GSE21992	DDX6	NM_004397.6	6128	0	0	0	0	0.0	0.0	0.0	0.0	0	0	0	0
DEK	0.707005732048889	-0.15057706514636643	-0.769414342119182	raw__HeLa_TE_GSE21992	DEK	NM_003472.4	3142	0	0	1	6	0.0	0.0	0.31826861871419476	1.9096117122851686	0	0	0	0
DHX15	0.914662099098057	-0.03873931642561438	-0.41718594152834787	raw__HeLa_TE_GSE21992	DHX15	NM_001358.3	2998	0	0	2	1	0.0	0.0	0.66711140760507	0.333555703802535	0	0	0	0
DHX9	0.543856370396813	-0.26451578004477505	-1.1282596494782235	raw__HeLa_TE_GSE21992	DHX9	NM_001357.5	4493	0	2	1	2	0.0	0.44513687959047404	0.22256843979523702	0.44513687959047404	1	0	0	1
DIAPH1	0.296171689838551	-0.528456456734793	-1.9595299805139283	raw__HeLa_TE_GSE21992	DIAPH1	NM_005219.5	5735	1	0	1	1	0.17436791630340018	0.0	0.17436791630340018	0.17436791630340018	1	0	0	1
DLD	0.877065447809704	-0.05696799778324554	-0.47459642549213127	raw__HeLa_TE_GSE21992	DLD	NM_000108.5	3537	0	0	0	1	0.0	0.0	0.0	0.2827254735651682	0	0	0	0
DLST	1.39636864166369	0.14500008727380942	0.16149377109852897	raw__HeLa_TE_GSE21992	DLST	NM_001933.5	2813	0	0	0	0	0.0	0.0	0.0	0.0	0	0	0	0
DNAJA1	1.97973258157789	0.2966065305703193	0.6389720434386628	raw__HeLa_TE_GSE21992	DNAJA1	NM_001539.4	2319	0	0	7	2	0.0	0.0	3.0185424752048298	0.8624407072013799	1	0	0	1
DNAJA2	2.1371541300806	0.32983584431179347	0.74362640357886	raw__HeLa_TE_GSE21992	DNAJA2	NM_005880.4	3008	0	0	0	2	0.0	0.0	0.0	0.6648936170212766	0	0	0	0
DNAJB1	1.06574901819138	0.027654941230722836	-0.20807995137559696	raw__HeLa_TE_GSE21992	DNAJB1	NM_006145.3	2242	0	0	0	1	0.0	0.0	0.0	0.44603033006244425	0	0	0	0
DNAJC8	2.41871270148089	0.3835842852401218	0.9129049128387942	raw__HeLa_TE_GSE21992	DNAJC8	NM_014280.3	1763	0	0	1	1	0.0	0.0	0.5672149744753261	0.5672149744753261	0	0	0	0
DNAJC9	3.04218055021946	0.48318498540308674	1.226593231116062	raw__HeLa_TE_GSE21992	DNAJC9	NM_015190.5	2295	0	0	0	0	0.0	0.0	0.0	0.0	0	0	0	0
DNM1L	0.86702524547557	-0.06196825683623416	-0.49034453620537216	raw__HeLa_TE_GSE21992	DNM1L	NM_012062.5	4514	0	0	0	3	0.0	0.0	0.0	0.664599025254763	0	0	0	0
DNM2	0.804859731407943	-0.09427980060542421	-0.5921084174764438	raw__HeLa_TE_GSE21992	DNM2	NM_001005361.3	3633	0	0	0	2	0.0	0.0	0.0	0.5505092210294522	0	0	0	0
DNPH1	1.51773617650792	0.18119628602288437	0.2754922138308524	raw__HeLa_TE_GSE21992	DNPH1	NM_006443.3	654	0	2	1	4	0.0	3.058103975535168	1.529051987767584	6.116207951070336	0	0	0	0
DPP3	1.05090058323126	0.021561633063187518	-0.22727057542434254	raw__HeLa_TE_GSE21992	DPP3	NM_130443.4	2660	0	0	1	0	0.0	0.0	0.37593984962406013	0.0	0	0	0	0
DPYSL2	2.90308465117022	0.4628596996277858	1.1625795775681749	raw__HeLa_TE_GSE21992	DPYSL2	NM_001197293.3	4798	0	0	0	0	0.0	0.0	0.0	0.0	0	0	0	0
DSTN	2.9463433023983	0.469283348633826	1.182810596533014	raw__HeLa_TE_GSE21992	DSTN	NM_006870.4	3405	0	0	1	1	0.0	0.0	0.2936857562408223	0.2936857562408223	0	0	0	0
DUT	1.71003190691829	0.2330042138244758	0.4386591566226283	raw__HeLa_TE_GSE21992	DUT	NM_001025248.2	2141	0	0	1	2	0.0	0.0	0.4670714619336759	0.9341429238673518	0	0	0	0
DYNC1H1	0.113396416900607	-0.9454006680610961	-3.272678665737954	raw__HeLa_TE_GSE21992	DYNC1H1	NM_001376.5	19940	0	0	1	1	0.0	0.0	0.05015045135406219	0.05015045135406219	0	0	0	0
DYNC1I2	0.990706020245821	-0.004055197912268422	-0.30794973345371307	raw__HeLa_TE_GSE21992	DYNC1I2	NM_001378.3	4354	0	0	0	2	0.0	0.0	0.0	0.4593477262287552	0	0	0	0
DYNLL1	2.4481977543189	0.388846495230359	0.9294780272803445	raw__HeLa_TE_GSE21992	DYNLL1	NM_003746.3	663	0	0	1	3	0.0	0.0	1.5082956259426847	4.524886877828054	0	0	0	0
DYNLL2	1.04249339746456	0.01807331309060235	-0.23825689604280065	raw__HeLa_TE_GSE21992	DYNLL2	NM_080677.3	6807	0	0	0	2	0.0	0.0	0.0	0.2938151902453357	0	0	0	0
EBNA1BP2	1.42679789934136	0.15436246125986328	0.19098018380409051	raw__HeLa_TE_GSE21992	EBNA1BP2	NM_006824.3	1352	0	0	0	0	0.0	0.0	0.0	0.0	0	0	0	0
ECH1	1.31780161797526	0.1198500364315024	0.0822847179452602	raw__HeLa_TE_GSE21992	ECH1	NM_001398.3	1200	0	0	1	0	0.0	0.0	0.8333333333333334	0.0	0	0	0	0
ECHS1	1.18143910586049	0.07241134199013828	-0.06712150365993647	raw__HeLa_TE_GSE21992	ECHS1	NM_004092.4	1277	0	1	1	1	0.0	0.7830853563038371	0.7830853563038371	0.7830853563038371	0	0	0	0
ECI1	0.885322009876092	-0.0528987387071673	-0.4617804610047237	raw__HeLa_TE_GSE21992	ECI1	NM_001919.4	1507	0	0	0	0	0.0	0.0	0.0	0.0	0	0	0	0
EEF1B2	1.84740255974571	0.26656154104210145	0.544346581746685	raw__HeLa_TE_GSE21992	EEF1B2	NM_001959.4	808	0	0	3	0	0.0	0.0	3.712871287128713	0.0	1	0	0	1
EEF1D	1.42414027029535	0.1535527671204064	0.18843008533581063	raw__HeLa_TE_GSE21992	EEF1D	NM_001130053.5	2090	0	0	1	0	0.0	0.0	0.4784688995215311	0.0	1	0	0	1
EEF1G	1.40612640860986	0.14802436484739334	0.1710186092222468	raw__HeLa_TE_GSE21992	EEF1G	NM_001404.5	1446	1	0	11	9	0.6915629322268326	0.0	7.607192254495159	6.224066390041494	1	0	0	1
EEF2	0.876266950979885	-0.05736356771764218	-0.4758422567692097	raw__HeLa_TE_GSE21992	EEF2	NM_001961.4	3158	0	0	6	16	0.0	0.0	1.8999366687777075	5.06649778340722	0	0	0	0
EFHD2	1.91886458266002	0.28304432696129134	0.5962584396659075	raw__HeLa_TE_GSE21992	EFHD2	NM_024329.6	2422	0	0	0	2	0.0	0.0	0.0	0.8257638315441783	0	0	0	0
EFTUD2	0.83549434	-0.07805648785927172	-0.5410137596688168	raw__HeLa_TE_GSE21992	EFTUD2	NM_004247.4	4326	0	0	2	2	0.0	0.0	0.4623208506703652	0.4623208506703652	0	0	0	0
EHD1	1.01936903172687	0.008331435654075396	-0.2689385392935747	raw__HeLa_TE_GSE21992	EHD1	NM_006795.4	4453	0	0	0	1	0.0	0.0	0.0	0.22456770716370986	0	0	0	0
EIF1	2.45430081413201	0.3899277914436125	0.9328835253354795	raw__HeLa_TE_GSE21992	EIF1	NM_005801.4	2338	1	0	0	6	0.42771599657827203	0.0	0.0	2.5662959794696323	1	0	0	1
EIF2A	0.774532495645438	-0.11096035662208246	-0.644643144202601	raw__HeLa_TE_GSE21992	EIF2A	NM_032025.5	3879	0	0	0	0	0.0	0.0	0.0	0.0	0	0	0	0
EIF2S1	1.44288672946986	0.15923223913435736	0.2063173493996584	raw__HeLa_TE_GSE21992	EIF2S1	NM_004094.5	4154	0	0	1	1	0.0	0.0	0.2407318247472316	0.2407318247472316	0	0	0	0
EIF2S2	2.56275409191292	0.40870693562282373	0.9920276693688517	raw__HeLa_TE_GSE21992	EIF2S2	NM_003908.5	2556	0	0	0	0	0.0	0.0	0.0	0.0	0	0	0	0
EIF2S3	2.01014443	0.3032272628426524	0.6598237680638319	raw__HeLa_TE_GSE21992	EIF2S3	NM_001415.4	3457	0	0	3	8	0.0	0.0	0.8678044547295343	2.3141452126120914	0	0	0	0
EIF3A	0.856677231266547	-0.0671827756072697	-0.5067674491089464	raw__HeLa_TE_GSE21992	EIF3A	NM_003750.4	6659	0	2	1	9	0.0	0.3003453972067878	0.1501726986033939	1.351554287430545	0	0	0	0
EIF3B	1.39426761001326	0.1443461384662969	0.15943418616255578	raw__HeLa_TE_GSE21992	EIF3B	NM_001037283.2	3096	3	1	3	5	0.9689922480620154	0.32299741602067183	0.9689922480620154	1.6149870801033592	3	1	1	5
EIF3D	1.10765127418556	0.044403051425685326	-0.15533246553680102	raw__HeLa_TE_GSE21992	EIF3D	NM_003753.4	1880	0	0	1	1	0.0	0.0	0.5319148936170213	0.5319148936170213	0	0	0	0
EIF3E	0.909897393732144	-0.04100757894084595	-0.42432974124712663	raw__HeLa_TE_GSE21992	EIF3E	NM_001568.3	2022	0	0	5	4	0.0	0.0	2.472799208704253	1.9782393669634026	0	0	0	0
EIF3F	1.93381451501464	0.2864148156783264	0.6068736555799454	raw__HeLa_TE_GSE21992	EIF3F	NM_003754.3	6920	0	1	4	4	0.0	0.14450867052023122	0.5780346820809249	0.5780346820809249	3	0	0	3
EIF3G	2.6288817072385	0.41977104443675595	1.0268736260880356	raw__HeLa_TE_GSE21992	EIF3G	NM_003755.5	1103	0	0	2	1	0.0	0.0	1.813236627379873	0.9066183136899365	0	0	0	0
EIF3H	1.24314530695907	0.09452189478986747	0.002514775127055151	raw__HeLa_TE_GSE21992	EIF3H	NM_003756.3	3961	0	0	2	1	0.0	0.0	0.5049229992426155	0.25246149962130776	1	0	0	1
EIF3I	1.98176914119154	0.2970530615790573	0.6403783745283086	raw__HeLa_TE_GSE21992	EIF3I	NM_003757.4	1421	0	0	4	5	0.0	0.0	2.8149190710767065	3.518648838845883	0	0	0	0
EIF3J	1.30355740292618	0.11513016034146188	0.06741966186895337	raw__HeLa_TE_GSE21992	EIF3J	NM_003758.4	2479	0	0	0	1	0.0	0.0	0.0	0.40338846308995563	0	0	0	0
EIF3K	1.63964207945021	0.21474905543522063	0.38116528433416924	raw__HeLa_TE_GSE21992	EIF3K	NM_013234.4	772	0	2	2	0	0.0	2.5906735751295336	2.5906735751295336	0.0	1	1	0	2
EIF4A1	2.04614749836314	0.3109369370087498	0.6841050705011822	raw__HeLa_TE_GSE21992	EIF4A1	NM_001416.4	1758	0	0	5	13	0.0	0.0	2.844141069397042	7.39476678043231	1	0	0	1
EIF4A3	1.74484817558046	0.24175764368705724	0.46622772479793706	raw__HeLa_TE_GSE21992	EIF4A3	NM_014740.4	2524	0	0	2	2	0.0	0.0	0.7923930269413629	0.7923930269413629	0	0	0	0
EIF4B	1.23471144031781	0.09156547215394485	-0.00679635665476994	raw__HeLa_TE_GSE21992	EIF4B	NM_001417.7	3856	0	0	4	5	0.0	0.0	1.037344398340249	1.2966804979253113	0	0	0	0
EIF4E	0.348197498833885	-0.4581743528239242	-1.7381793781113724	raw__HeLa_TE_GSE21992	EIF4E	NM_001968.5	2427	0	0	0	0	0.0	0.0	0.0	0.0	0	0	0	0
EIF4G1	0.473775968750339	-0.32442697169219925	-1.3169474892536277	raw__HeLa_TE_GSE21992	EIF4G1	NM_198241.3	5405	0	0	4	3	0.0	0.0	0.7400555041628122	0.5550416281221091	0	0	0	0
EIF4G2	0.311499970683899	-0.5065419898774327	-1.8905112663564914	raw__HeLa_TE_GSE21992	EIF4G2	NM_001418.4	3794	0	0	5	6	0.0	0.0	1.3178703215603584	1.58144438587243	1	0	0	1
EIF4H	1.99653229101392	0.30027633867047787	0.6505299534679647	raw__HeLa_TE_GSE21992	EIF4H	NM_022170.2	2563	0	0	0	1	0.0	0.0	0.0	0.3901677721420211	0	0	0	0
EIF5A	7.20907234815458	0.8578793839986141	2.406677864768545	raw__HeLa_TE_GSE21992	EIF5A	NM_001970.5	1264	0	2	4	13	0.0	1.5822784810126582	3.1645569620253164	10.284810126582279	1	1	0	2
EIF5B	0.571245189226325	-0.24317744434223915	-1.061055436752687	raw__HeLa_TE_GSE21992	EIF5B	NM_015904.4	5741	0	0	0	1	0.0	0.0	0.0	0.17418568193694478	0	0	0	0
EIF6	1.55589945892496	0.19198152977137842	0.30945989646902633	raw__HeLa_TE_GSE21992	EIF6	NM_002212.4	1069	0	1	3	1	0.0	0.9354536950420954	2.8063610851262863	0.9354536950420954	1	1	0	2
ELAVL1	1.63946662959212	0.21470258127894656	0.38101891588594433	raw__HeLa_TE_GSE21992	ELAVL1	NM_001419.3	6054	0	0	0	1	0.0	0.0	0.0	0.16518004625041294	0	0	0	0
ENAH	1.066428	0.027931539337022714	-0.20720881698937355	raw__HeLa_TE_GSE21992	ENAH	NM_018212.6	13092	0	0	0	1	0.0	0.0	0.0	0.07638252367858234	0	0	0	0
ENO1	1.53122779799254	0.1850398047099267	0.2875972182257298	raw__HeLa_TE_GSE21992	ENO1	NM_001428.5	1781	0	0	10	22	0.0	0.0	5.614823133071308	12.352610892756879	3	0	0	3
ENSA	1.15112721	0.06112331976211602	-0.10267266648902432	raw__HeLa_TE_GSE21992	ENSA	NM_004436.4	1227	1	1	1	2	0.8149959250203749	0.8149959250203749	0.8149959250203749	1.6299918500407498	1	1	0	2
ERH	3.36231776268762	0.5266387549275079	1.363449095207589	raw__HeLa_TE_GSE21992	ERH	NM_004450.3	791	1	1	1	2	1.2642225031605563	1.2642225031605563	1.2642225031605563	2.5284450063211126	0	0	0	0
ERP29	1.24862023203909	0.09643036775028149	0.00852543240607414	raw__HeLa_TE_GSE21992	ERP29	NM_006817.4	1623	0	2	1	0	0.0	1.2322858903265557	0.6161429451632778	0.0	1	0	0	1
ESD	1.62238723359561	0.21015452024644068	0.36669498428330655	raw__HeLa_TE_GSE21992	ESD	NM_001984.2	1121	0	0	2	0	0.0	0.0	1.784121320249777	0.0	0	0	0	0
ETF1	1.00227986823557	0.0009890072190036655	-0.29206321637014476	raw__HeLa_TE_GSE21992	ETF1	NM_004730.4	3682	0	0	2	5	0.0	0.0	0.5431830526887561	1.3579576317218902	1	0	0	1
ETFA	1.25995303391173	0.10035435663095213	0.02088387437387435	raw__HeLa_TE_GSE21992	ETFA	NM_000126.4	2289	0	0	2	2	0.0	0.0	0.873743993010048	0.873743993010048	0	0	0	0
ETFB	1.73693316270683	0.239783107090689	0.46000900280824997	raw__HeLa_TE_GSE21992	ETFB	NM_001985.3	872	0	0	0	0	0.0	0.0	0.0	0.0	0	0	0	0
EWSR1	1.7654558528753	0.2468568620337146	0.4822875037460204	raw__HeLa_TE_GSE21992	EWSR1	NM_005243.4	2400	2	0	0	0	0.8333333333333334	0.0	0.0	0.0	1	0	0	1
EZR	1.2652924231101	0.10219090738272474	0.02666801560793987	raw__HeLa_TE_GSE21992	EZR	NM_001111077.2	3052	0	0	0	0	0.0	0.0	0.0	0.0	0	0	0	0
FARSA	1.18498349674811	0.07371230197385409	-0.06302418357312871	raw__HeLa_TE_GSE21992	FARSA	NM_004461.3	1811	0	0	0	1	0.0	0.0	0.0	0.5521811154058531	0	0	0	0
FARSB	1.02267327373989	0.009736906365142737	-0.26451206695933094	raw__HeLa_TE_GSE21992	FARSB	NM_005687.5	6761	0	0	0	0	0.0	0.0	0.0	0.0	0	0	0	0
FASN	0.554216064340403	-0.25632089004191433	-1.1024501796727049	raw__HeLa_TE_GSE21992	FASN	NM_004104.5	8464	0	0	4	9	0.0	0.0	0.4725897920604915	1.063327032136106	0	0	0	0
FAU	1.41706764397215	0.1513905818654278	0.18162037159556182	raw__HeLa_TE_GSE21992	FAU	NM_001997.5	506	0	0	0	4	0.0	0.0	0.0	7.905138339920948	0	0	0	0
FDPS	1.32656271034543	0.12272778512365265	0.09134806936937882	raw__HeLa_TE_GSE21992	FDPS	NM_002004.4	1417	0	0	0	0	0.0	0.0	0.0	0.0	0	0	0	0
FEN1	1.03656297306584	0.015595691402614806	-0.2460600638856015	raw__HeLa_TE_GSE21992	FEN1	NM_004111.6	2016	0	0	1	0	0.0	0.0	0.49603174603174605	0.0	0	0	0	0
FH	1.34095760051187	0.12741504619250899	0.10611040577474856	raw__HeLa_TE_GSE21992	FH	NM_000143.4	1791	0	0	0	2	0.0	0.0	0.0	1.1166945840312674	0	0	0	0
FKBP1A	0.541982480954206	-0.26601475137283564	-1.1329805981691046	raw__HeLa_TE_GSE21992	FKBP1A	NM_000801.5	1514	0	0	0	3	0.0	0.0	0.0	1.9815059445178336	0	0	0	0
FKBP3	1.91830368	0.28291735992977646	0.5958585622099519	raw__HeLa_TE_GSE21992	FKBP3	NM_002013.4	1299	0	0	0	0	0.0	0.0	0.0	0.0	0	0	0	0
FKBP4	1.67877224027043	0.22499177922122074	0.41342432261152917	raw__HeLa_TE_GSE21992	FKBP4	NM_002014.4	3715	1	1	1	4	0.2691790040376851	0.2691790040376851	0.2691790040376851	1.0767160161507403	0	0	0	0
FLNA	0.288862714775183	-0.5393085115043592	-1.9937080817215322	raw__HeLa_TE_GSE21992	FLNA	NM_001110556.2	8507	2	0	19	2	0.23510050546608674	0.0	2.233454801927824	0.23510050546608674	10	0	0	10
FLNB	0.06945757	-1.15828041472021	-3.9431346928093247	raw__HeLa_TE_GSE21992	FLNB	NM_001457.4	9441	0	0	2	0	0.0	0.0	0.21184196589344348	0.0	0	0	0	0
FSCN1	1.37146489596827	0.13718469587610563	0.13687951657809821	raw__HeLa_TE_GSE21992	FSCN1	NM_003088.4	2784	1	2	3	5	0.35919540229885055	0.7183908045977011	1.0775862068965518	1.7959770114942528	1	1	1	3
FTO	1.75928972483065	0.24533736619650043	0.47750191395573643	raw__HeLa_TE_GSE21992	FTO	NM_001080432.3	11573	0	0	0	0	0.0	0.0	0.0	0.0	0	0	0	0
FUBP1	1.41389820254783	0.15041814237232096	0.1785577133138431	raw__HeLa_TE_GSE21992	FUBP1	NM_003902.5	6714	1	0	0	3	0.14894250819183796	0.0	0.0	0.44682752457551383	0	0	0	0
FUBP3	1.12063056454327	0.04946246342109259	-0.13939805505861774	raw__HeLa_TE_GSE21992	FUBP3	NM_003934.2	3153	0	0	1	0	0.0	0.0	0.3171582619727244	0.0	0	0	0	0
FUS	2.19989661109841	0.34240227069286566	0.7832038478316001	raw__HeLa_TE_GSE21992	FUS	NM_004960.4	1824	0	0	4	1	0.0	0.0	2.192982456140351	0.5482456140350878	2	0	0	2
G3BP1	1.72116813604999	0.23582329740020264	0.44753774466975976	raw__HeLa_TE_GSE21992	G3BP1	NM_005754.3	10227	0	0	2	1	0.0	0.0	0.1955607705094358	0.0977803852547179	0	0	0	0
G3BP2	1.44439084295993	0.15968472645613277	0.20774243965281197	raw__HeLa_TE_GSE21992	G3BP2	NM_203505.3	4321	0	0	0	2	0.0	0.0	0.0	0.4628558204119417	0	0	0	0
G6PD	1.09677612229654	0.040117986942166	-0.16882810029986506	raw__HeLa_TE_GSE21992	G6PD	NM_001360016.2	2223	0	1	0	1	0.0	0.449842555105713	0.0	0.449842555105713	0	0	0	0
GALK1	1.59280481274529	0.20216255926543836	0.3415246311054044	raw__HeLa_TE_GSE21992	GALK1	NM_000154.2	1397	0	0	0	1	0.0	0.0	0.0	0.7158196134574087	0	0	0	0
GAMT	0.935462954343567	-0.028973406499333398	-0.38642860893721154	raw__HeLa_TE_GSE21992	GAMT	NM_000156.6	1110	0	0	0	0	0.0	0.0	0.0	0.0	0	0	0	0
GANAB	1.01428266184164	0.0061590017144962615	-0.27578053084544163	raw__HeLa_TE_GSE21992	GANAB	NM_198334.3	3835	1	1	8	1	0.2607561929595828	0.2607561929595828	2.0860495436766624	0.2607561929595828	1	0	0	1
GAPDH	1.64877945699553	0.2171625677030688	0.38876654218882395	raw__HeLa_TE_GSE21992	GAPDH	NM_002046.7	1285	0	0	9	23	0.0	0.0	7.003891050583658	17.898832684824903	3	0	0	3
GART	1.45833355235571	0.1638568678639513	0.2208824278224954	raw__HeLa_TE_GSE21992	GART	NM_000819.5	3318	0	0	0	2	0.0	0.0	0.0	0.6027727546714888	0	0	0	0
GCSH	0.268194515374125	-0.5715501077935483	-2.095251666274475	raw__HeLa_TE_GSE21992	GCSH	NM_004483.5	1560	0	0	0	0	0.0	0.0	0.0	0.0	0	0	0	0
GDI1	1.23736090680174	0.09249639079463146	-0.003864466594035972	raw__HeLa_TE_GSE21992	GDI1	NM_001493.3	2240	0	0	0	2	0.0	0.0	0.0	0.8928571428571429	0	0	0	0
GDI2	1.17094411681826	0.06853616890960697	-0.07932620226824212	raw__HeLa_TE_GSE21992	GDI2	NM_001494.4	2297	0	0	0	3	0.0	0.0	0.0	1.30605137135394	0	0	0	0
GFPT1	1.69510291187595	0.22919606991556293	0.4266655636399468	raw__HeLa_TE_GSE21992	GFPT1	NM_001244710.2	8665	0	0	0	0	0.0	0.0	0.0	0.0	0	0	0	0
GLO1	1.26909181677718	0.10349304374732526	0.030769040658073964	raw__HeLa_TE_GSE21992	GLO1	NM_006708.3	2016	0	0	0	1	0.0	0.0	0.0	0.49603174603174605	0	0	0	0
GLOD4	1.90893852016984	0.28079194160427867	0.5891646444054565	raw__HeLa_TE_GSE21992	GLOD4	NM_016080.4	1765	0	0	0	0	0.0	0.0	0.0	0.0	0	0	0	0
GLRX	2.15262503396517	0.3329683865991214	0.7534922169761207	raw__HeLa_TE_GSE21992	GLRX	NM_001118890.2	932	0	0	0	0	0.0	0.0	0.0	0.0	0	0	0	0
GLRX3	1.67191498556218	0.22321419042362642	0.40782587963277983	raw__HeLa_TE_GSE21992	GLRX3	NM_006541.5	1318	0	0	2	2	0.0	0.0	1.5174506828528074	1.5174506828528074	0	0	0	0
GLS	0.952679633213292	-0.021053119213634206	-0.3614839891217011	raw__HeLa_TE_GSE21992	GLS	NM_014905.5	4840	0	0	1	0	0.0	0.0	0.2066115702479339	0.0	0	0	0	0
GLUD1	1.42202423118351	0.15290699680136235	0.18639625821368333	raw__HeLa_TE_GSE21992	GLUD1	NM_005271.5	3300	0	0	3	1	0.0	0.0	0.9090909090909091	0.30303030303030304	0	0	0	0
GMPS	1.47168496366973	0.16781485267619134	0.2333479385818285	raw__HeLa_TE_GSE21992	GMPS	NM_003875.3	8631	0	0	0	2	0.0	0.0	0.0	0.23172285946008575	0	0	0	0
GOT1	2.36809378777768	0.3743988985186714	0.8839759142608353	raw__HeLa_TE_GSE21992	GOT1	NM_002079.3	1978	0	0	0	1	0.0	0.0	0.0	0.5055611729019212	0	0	0	0
GOT2	1.39584058733377	0.14483582230255887	0.16097642531181122	raw__HeLa_TE_GSE21992	GOT2	NM_002080.4	2421	0	0	0	3	0.0	0.0	0.0	1.2391573729863692	0	0	0	0
GPI	1.85360175384838	0.26801643170461725	0.5489287001901816	raw__HeLa_TE_GSE21992	GPI	NM_000175.5	4125	0	1	2	6	0.0	0.24242424242424243	0.48484848484848486	1.4545454545454546	0	0	0	0
GRPEL1	2.85598369022612	0.455755722969325	1.1402058945777198	raw__HeLa_TE_GSE21992	GRPEL1	NM_025196.4	2653	0	0	0	0	0.0	0.0	0.0	0.0	0	0	0	0
GRSF1	1.13541257854969	0.05515370120211302	-0.12147373519416585	raw__HeLa_TE_GSE21992	GRSF1	NM_002092.4	6610	1	0	1	0	0.15128593040847202	0.0	0.15128593040847202	0.0	1	0	0	1
GSPT1	1.37993986757944	0.13986016194658185	0.1453057871854573	raw__HeLa_TE_GSE21992	GSPT1	NM_002094.4	7141	0	0	3	2	0.0	0.0	0.42010922839938386	0.2800728189329226	0	0	0	0
GSR	1.14568897519767	0.0590667339589547	-0.10914979908880558	raw__HeLa_TE_GSE21992	GSR	NM_000637.5	3034	0	0	0	0	0.0	0.0	0.0	0.0	0	0	0	0
GSTM3	2.45929420086228	0.3908104857002138	0.9356635346773137	raw__HeLa_TE_GSE21992	GSTM3	NM_000849.5	4122	0	0	1	2	0.0	0.0	0.242600679281902	0.485201358563804	0	0	0	0
GSTO1	1.29106232830521	0.11094720910267955	0.054245628580206026	raw__HeLa_TE_GSE21992	GSTO1	NM_004832.3	813	0	0	0	1	0.0	0.0	0.0	1.2300123001230012	0	0	0	0
GTF2I	0.438281496807683	-0.3582468638291466	-1.4234618518173396	raw__HeLa_TE_GSE21992	GTF2I	NM_032999.4	4515	0	0	2	0	0.0	0.0	0.4429678848283499	0.0	0	0	0	0
HADH	1.59480122901228	0.20270656167373136	0.3432379443684337	raw__HeLa_TE_GSE21992	HADH	NM_005327.7	1803	0	0	2	1	0.0	0.0	1.1092623405435384	0.5546311702717692	0	0	0	0
HADHA	0.678098412112492	-0.1687072725992329	-0.8265146865605596	raw__HeLa_TE_GSE21992	HADHA	NM_000182.5	2943	0	0	2	1	0.0	0.0	0.6795786612300374	0.3397893306150187	0	0	0	0
HADHB	0.648257224334978	-0.18825263464911018	-0.888072002337604	raw__HeLa_TE_GSE21992	HADHB	NM_000183.3	1997	0	0	0	1	0.0	0.0	0.0	0.5007511266900351	0	0	0	0
HDGF	0.80038565837981	-0.09670070182282264	-0.5997329465245185	raw__HeLa_TE_GSE21992	HDGF	NM_004494.3	2309	0	0	8	13	0.0	0.0	3.4647033347769596	5.63014291901256	2	0	0	2
HDLBP	0.561671586255856	-0.2505175455815965	-1.0841727844218458	raw__HeLa_TE_GSE21992	HDLBP	NM_005336.6	6322	0	1	4	2	0.0	0.15817779183802594	0.6327111673521038	0.3163555836760519	1	0	0	1
HINT1	0.736017877400922	-0.13311163680070978	-0.7144076921982779	raw__HeLa_TE_GSE21992	HINT1	NM_005340.7	852	0	0	5	8	0.0	0.0	5.868544600938967	9.389671361502348	0	0	0	0
HMGA1	0.505791666556121	-0.29602833038605164	-1.227507133732942	raw__HeLa_TE_GSE21992	HMGA1	NM_145899.3	1920	0	1	3	3	0.0	0.5208333333333334	1.5625	1.5625	0	0	0	0
HMGB1	0.506554096525715	-0.2953741681357374	-1.225446876567623	raw__HeLa_TE_GSE21992	HMGB1	NM_002128.7	5456	0	0	1	2	0.0	0.0	0.18328445747800587	0.36656891495601174	0	0	0	0
HMGB2	0.967073666396706	-0.014540442472285295	-0.3409725809575559	raw__HeLa_TE_GSE21992	HMGB2	NM_002129.4	1441	0	0	0	0	0.0	0.0	0.0	0.0	0	0	0	0
HMGCS1	1.17566000366076	0.07028174360824845	-0.0738285863805197	raw__HeLa_TE_GSE21992	HMGCS1	NM_001098272.3	5350	0	0	0	0	0.0	0.0	0.0	0.0	0	0	0	0
HMGN1	0.222848307583126	-0.6519906598057629	-2.348595884143631	raw__HeLa_TE_GSE21992	HMGN1	NM_004965.7	1271	0	0	0	9	0.0	0.0	0.0	7.081038552321007	0	0	0	0
HMGN2	2.64814311207371	0.42294145172855063	1.0368586937631608	raw__HeLa_TE_GSE21992	HMGN2	NM_005517.4	1940	0	0	1	2	0.0	0.0	0.5154639175257731	1.0309278350515463	0	0	0	0
HNRNPA0	1.40146077805641	0.14658094789578585	0.1664726267604587	raw__HeLa_TE_GSE21992	HNRNPA0	NM_006805.4	8713	0	0	0	12	0.0	0.0	0.0	1.3772523814989097	0	0	0	0
HNRNPA1	0.591383510389909	-0.2281307891208762	-1.0136666135379457	raw__HeLa_TE_GSE21992	HNRNPA1	NM_031157.4	3744	0	0	2	6	0.0	0.0	0.5341880341880342	1.6025641025641026	0	0	0	0
HNRNPA2B1	2.53672065674873	0.4042726454195806	0.9780620543246521	raw__HeLa_TE_GSE21992	HNRNPA2B1	NM_002137.4	3628	0	2	4	17	0.0	0.5512679162072768	1.1025358324145536	4.685777287761852	0	0	0	0
HNRNPA3	2.7279379063623	0.4358344806357888	1.077464759270676	raw__HeLa_TE_GSE21992	HNRNPA3	NM_194247.4	5710	0	0	0	4	0.0	0.0	0.0	0.7005253940455342	0	0	0	0
HNRNPAB	2.0435086201753	0.3103764740450039	0.682339915394175	raw__HeLa_TE_GSE21992	HNRNPAB	NM_031266.3	1770	0	0	1	3	0.0	0.0	0.5649717514124294	1.694915254237288	0	0	0	0
HNRNPC	1.5278575296803	0.18408285884803421	0.2845833564997752	raw__HeLa_TE_GSE21992	HNRNPC	NM_004500.4	3165	0	0	1	8	0.0	0.0	0.315955766192733	2.527646129541864	1	0	0	1
HNRNPD	2.65387013536894	0.4238796672576672	1.0398135650745939	raw__HeLa_TE_GSE21992	HNRNPD	NM_031370.3	3068	0	0	0	0	0.0	0.0	0.0	0.0	0	0	0	0
HNRNPDL	3.0828464499975	0.4889518939838887	1.2447558730594486	raw__HeLa_TE_GSE21992	HNRNPDL	NM_031372.4	4372	0	0	1	2	0.0	0.0	0.22872827081427263	0.45745654162854527	0	0	0	0
HNRNPF	1.0273906435973	0.011735606305034564	-0.2582172435107035	raw__HeLa_TE_GSE21992	HNRNPF	NM_001098204.2	2569	0	0	1	2	0.0	0.0	0.3892565200467108	0.7785130400934216	0	0	0	0
HNRNPH1	1.83185604694606	0.2628913424358999	0.5327874418346242	raw__HeLa_TE_GSE21992	HNRNPH1	NM_001257293.2	2240	0	0	3	0	0.0	0.0	1.3392857142857142	0.0	0	0	0	0
HNRNPH3	1.90701593479539	0.2803543219735332	0.5877863793351401	raw__HeLa_TE_GSE21992	HNRNPH3	NM_012207.3	2356	0	0	1	1	0.0	0.0	0.4244482173174873	0.4244482173174873	0	0	0	0
HNRNPK	1.56751777823633	0.19521247514623194	0.31963562635270415	raw__HeLa_TE_GSE21992	HNRNPK	NM_031263.4	2889	0	0	2	5	0.0	0.0	0.6922810661128418	1.7307026652821045	0	0	0	0
HNRNPL	1.23090232627344	0.09022359245736371	-0.011022551698200638	raw__HeLa_TE_GSE21992	HNRNPL	NM_001533.3	2142	1	2	4	0	0.4668534080298786	0.9337068160597572	1.8674136321195145	0.0	0	0	0	0
HNRNPM	1.46553940612444	0.1659975004491814	0.22762426231373564	raw__HeLa_TE_GSE21992	HNRNPM	NM_005968.5	2477	0	0	1	6	0.0	0.0	0.4037141703673799	2.4222850222042793	0	0	0	0
HNRNPR	1.45221325441821	0.1620303962652896	0.21513003046757778	raw__HeLa_TE_GSE21992	HNRNPR	NM_005826.5	7751	0	0	3	0	0.0	0.0	0.38704683266675266	0.0	1	0	0	1
HNRNPU	1.39834498142872	0.1456143280964143	0.16342829736536157	raw__HeLa_TE_GSE21992	HNRNPU	NM_031844.3	6867	0	0	1	3	0.0	0.0	0.145623998835008	0.436871996505024	0	0	0	0
HNRNPUL1	0.666391152988326	-0.17627077725831541	-0.8503356341332965	raw__HeLa_TE_GSE21992	HNRNPUL1	NM_007040.6	3925	0	0	2	1	0.0	0.0	0.5095541401273885	0.25477707006369427	0	0	0	0
HNRNPUL2	0.251178017688696	-0.6000183713609539	-2.1849112942502034	raw__HeLa_TE_GSE21992	HNRNPUL2	NM_001079559.3	5214	0	0	2	0	0.0	0.0	0.3835826620636747	0.0	0	0	0	0
HPRT1	2.15820986751284	0.3340936738367484	0.7570362629574493	raw__HeLa_TE_GSE21992	HPRT1	NM_000194.3	1395	0	1	0	6	0.0	0.7168458781362007	0.0	4.301075268817204	1	0	0	1
HSD17B10	2.67471445	0.4272774239614281	1.0505146603939457	raw__HeLa_TE_GSE21992	HSD17B10	NM_004493.3	954	0	0	0	0	0.0	0.0	0.0	0.0	0	0	0	0
HSD17B4	1.01936292285663	0.008328833008220075	-0.26894673621990245	raw__HeLa_TE_GSE21992	HSD17B4	NM_000414.4	2628	0	0	0	0	0.0	0.0	0.0	0.0	0	0	0	0
HSP90AA1	1.9160120429017	0.28239823446555146	0.5942235978614965	raw__HeLa_TE_GSE21992	HSP90AA1	NM_005348.4	3228	0	2	8	20	0.0	0.6195786864931846	2.4783147459727384	6.195786864931846	0	0	0	0
HSP90AB1	1.72234225530508	0.23611945653747288	0.44847048572038223	raw__HeLa_TE_GSE21992	HSP90AB1	NM_007355.4	2555	0	1	5	30	0.0	0.3913894324853229	1.9569471624266144	11.741682974559687	0	0	0	0
HSP90B1	1.04634421633026	0.019674578088629813	-0.23321377763574494	raw__HeLa_TE_GSE21992	HSP90B1	NM_003299.3	2782	0	0	1	8	0.0	0.0	0.35945363048166784	2.8756290438533427	0	0	0	0
HSPA4	1.30591651604659	0.1159154144741501	0.069892787538755	raw__HeLa_TE_GSE21992	HSPA4	NM_002154.4	4774	0	0	0	3	0.0	0.0	0.0	0.6284038542103059	0	0	0	0
HSPA4L	0.879747550660947	-0.055641933627088205	-0.470420040844311	raw__HeLa_TE_GSE21992	HSPA4L	NM_014278.4	10608	0	0	0	0	0.0	0.0	0.0	0.0	0	0	0	0
HSPA5	0.8679062785588	-0.06152716987226906	-0.4889553509113547	raw__HeLa_TE_GSE21992	HSPA5	NM_005347.5	3921	0	1	3	8	0.0	0.2550369803621525	0.7651109410864575	2.04029584289722	1	1	0	2
HSPA8	2.01411313149747	0.30408386095701667	0.6625215886764859	raw__HeLa_TE_GSE21992	HSPA8	NM_006597.6	2264	0	1	7	23	0.0	0.4416961130742049	3.091872791519435	10.159010600706713	0	0	0	0
HSPA9	1.20064257973758	0.07941374116641851	-0.0450677347816105	raw__HeLa_TE_GSE21992	HSPA9	NM_004134.7	4404	0	0	1	3	0.0	0.0	0.22706630336058128	0.6811989100817438	0	0	0	0
HSPB1	1.37466796420022	0.13819781181766252	0.1400702836651457	raw__HeLa_TE_GSE21992	HSPB1	NM_001540.5	777	0	0	1	8	0.0	0.0	1.287001287001287	10.296010296010296	0	0	0	0
HSPD1	0.9359007	-0.028770227896294697	-0.3857887062639085	raw__HeLa_TE_GSE21992	HSPD1	NM_002156.5	2245	0	1	5	18	0.0	0.44543429844098	2.2271714922048997	8.017817371937639	1	0	0	1
HSPE1	0.198820034435496	-0.7015398553190294	-2.50464904227522	raw__HeLa_TE_GSE21992	HSPE1	NM_002157.3	557	0	0	0	5	0.0	0.0	0.0	8.976660682226212	0	0	0	0
HSPH1	0.969349578891338	-0.013519574028114056	-0.33775739768163066	raw__HeLa_TE_GSE21992	HSPH1	NM_006644.4	5244	1	1	0	4	0.19069412662090007	0.19069412662090007	0.0	0.7627765064836003	1	1	0	2
HYPK	2.6768650157198	0.4276264718944122	1.051613972536499	raw__HeLa_TE_GSE21992	HYPK	NM_016400.4	3011	0	0	1	0	0.0	0.0	0.33211557622052473	0.0	0	0	0	0
IDH1	0.803131212437696	-0.09521349559004268	-0.5950490515184702	raw__HeLa_TE_GSE21992	IDH1	NM_005896.4	2318	0	0	0	0	0.0	0.0	0.0	0.0	0	0	0	0
IDH2	0.992496905411544	-0.003270838685537928	-0.3054794262535049	raw__HeLa_TE_GSE21992	IDH2	NM_002168.4	2658	0	0	0	0	0.0	0.0	0.0	0.0	0	0	0	0
IGF2BP1	1.64810605055211	0.21698515377355682	0.3882077842975991	raw__HeLa_TE_GSE21992	IGF2BP1	NM_006546.4	8796	0	1	0	0	0.0	0.11368804001819009	0.0	0.0	1	0	0	1
ILF2	1.61857228573054	0.20913209984169254	0.3634749131712255	raw__HeLa_TE_GSE21992	ILF2	NM_004515.4	1852	0	0	1	6	0.0	0.0	0.5399568034557235	3.239740820734341	1	0	0	1
ILF3	0.741842416069637	-0.12968833879070624	-0.7036261555829436	raw__HeLa_TE_GSE21992	ILF3	NM_017620.3	6017	0	0	3	2	0.0	0.0	0.4985873358816686	0.33239155725444575	0	0	0	0
IMPDH2	2.14159390964618	0.3307371231159243	0.7464649441905641	raw__HeLa_TE_GSE21992	IMPDH2	NM_000884.3	1651	0	0	3	2	0.0	0.0	1.8170805572380375	1.2113870381586918	1	0	0	1
IPO5	0.842884096763199	-0.07423214019948948	-0.528969133637656	raw__HeLa_TE_GSE21992	IPO5	NM_002271.6	6002	0	0	4	5	0.0	0.0	0.6664445184938353	0.8330556481172943	0	0	0	0
IQGAP1	0.109898545548386	-0.9590080552060817	-3.315534573203205	raw__HeLa_TE_GSE21992	IQGAP1	NM_003870.4	7205	0	0	4	1	0.0	0.0	0.5551700208188758	0.13879250520471895	0	0	0	0
ISOC1	0.641719522012606	-0.19265474865740212	-0.9019362797760808	raw__HeLa_TE_GSE21992	ISOC1	NM_016048.2	1942	0	1	0	0	0.0	0.5149330587023687	0.0	0.0	1	0	0	1
ITPA	2.1672307778066	0.33590515967768575	0.7627414632833204	raw__HeLa_TE_GSE21992	ITPA	NM_033453.4	1037	0	1	1	1	0.0	0.9643201542912246	0.9643201542912246	0.9643201542912246	1	1	0	2
KHDRBS1	1.48555311656928	0.17188818479705334	0.24617673095665452	raw__HeLa_TE_GSE21992	KHDRBS1	NM_006559.3	2713	0	0	0	2	0.0	0.0	0.0	0.7371913011426465	0	0	0	0
KHSRP	0.791081415524428	-0.10177881802766266	-0.6157262651428259	raw__HeLa_TE_GSE21992	KHSRP	NM_001366299.1	4276	1	0	0	1	0.23386342376052385	0.0	0.0	0.23386342376052385	1	0	0	1
KIF5B	0.681126677934681	-0.1667721092153806	-0.820419968888102	raw__HeLa_TE_GSE21992	KIF5B	NM_004521.3	5866	0	0	0	0	0.0	0.0	0.0	0.0	0	0	0	0
KPNA2	1.46357825433683	0.16541594816925784	0.22579268727077859	raw__HeLa_TE_GSE21992	KPNA2	NM_002266.4	1977	0	0	1	3	0.0	0.0	0.5058168942842691	1.5174506828528074	0	0	0	0
KPNB1	1.24220920880685	0.09419474445483524	0.0014844285707337937	raw__HeLa_TE_GSE21992	KPNB1	NM_002265.6	6058	0	0	7	1	0.0	0.0	1.15549686365137	0.1650709805216243	1	0	0	1
LANCL1	1.70565464399994	0.2318911010469326	0.43515345360378255	raw__HeLa_TE_GSE21992	LANCL1	NM_006055.3	4592	0	0	2	1	0.0	0.0	0.4355400696864111	0.21777003484320556	0	0	0	0
LAP3	1.77240332583052	0.24856255629327295	0.48765951782725275	raw__HeLa_TE_GSE21992	LAP3	NM_015907.3	2209	0	1	1	0	0.0	0.4526935264825713	0.4526935264825713	0.0	1	1	0	2
LARP1	0.415464233096976	-0.38146635825104963	-1.4965906967404952	raw__HeLa_TE_GSE21992	LARP1	NM_033551.3	7181	1	0	2	2	0.13925637097897228	0.0	0.27851274195794457	0.27851274195794457	1	0	0	1
LASP1	2.26993715121366	0.35601383284996796	0.8260729043262007	raw__HeLa_TE_GSE21992	LASP1	NM_006148.4	3910	0	0	1	3	0.0	0.0	0.2557544757033248	0.7672634271099744	0	0	0	0
LDHA	1.88259347995149	0.27475655024811346	0.5701564269776377	raw__HeLa_TE_GSE21992	LDHA	NM_005566.4	2241	1	1	8	24	0.4462293618920125	0.4462293618920125	3.5698348951361	10.7095046854083	2	1	0	3
LGALS1	2.2499098681639	0.35216512053664917	0.813951542818474	raw__HeLa_TE_GSE21992	LGALS1	NM_002305.4	528	0	0	2	4	0.0	0.0	3.787878787878788	7.575757575757576	0	0	0	0
LMNA	1.07338895928108	0.030757123885651355	-0.1983097543948404	raw__HeLa_TE_GSE21992	LMNA	NM_170707.4	3178	0	0	3	3	0.0	0.0	0.9439899307740718	0.9439899307740718	0	0	0	0
LMNB1	1.08174465462408	0.03412475783609454	-0.1877035294510447	raw__HeLa_TE_GSE21992	LMNB1	NM_005573.4	2890	0	0	1	0	0.0	0.0	0.3460207612456747	0.0	0	0	0	0
LMNB2	0.73320941585212	-0.13477196647801382	-0.7196368323891317	raw__HeLa_TE_GSE21992	LMNB2	NM_032737.4	4634	1	0	2	0	0.21579628830384118	0.0	0.43159257660768235	0.0	1	0	0	1
LONP1	0.6475392	-0.188733935619869	-0.8895878399959288	raw__HeLa_TE_GSE21992	LONP1	NM_004793.4	3092	0	0	0	3	0.0	0.0	0.0	0.9702457956015524	0	0	0	0
LRPPRC	1.00657227914234	0.002844965817438674	-0.2862179509193724	raw__HeLa_TE_GSE21992	LRPPRC	NM_133259.4	6603	0	0	0	3	0.0	0.0	0.0	0.45433893684688775	0	0	0	0
LSM8	3.77199561423552	0.5765711791038857	1.5207092162887388	raw__HeLa_TE_GSE21992	LSM8	NM_016200.5	12384	0	0	1	0	0.0	0.0	0.08074935400516796	0.0	0	0	0	0
LTA4H	1.65444418067848	0.21865211907383125	0.39345782311072064	raw__HeLa_TE_GSE21992	LTA4H	NM_000895.3	2140	0	0	1	0	0.0	0.0	0.4672897196261682	0.0	0	0	0	0
LUC7L	0.71912376960376	-0.14319635602885308	-0.7461691016040221	raw__HeLa_TE_GSE21992	LUC7L	NM_201412.3	1434	0	0	0	0	0.0	0.0	0.0	0.0	0	0	0	0
LUC7L2	2.73470123820503	0.43690988727412056	1.0808517083512603	raw__HeLa_TE_GSE21992	LUC7L2	NM_016019.5	2661	1	0	0	0	0.37579857196542654	0.0	0.0	0.0	1	0	0	1
LYPLA1	0.561439233735727	-0.2506972418626612	-1.0847387304856348	raw__HeLa_TE_GSE21992	LYPLA1	NM_006330.4	2515	0	1	0	1	0.0	0.3976143141153082	0.0	0.3976143141153082	1	0	0	1
LYPLA2	1.01930443179057	0.008303912466691191	-0.26902522244289045	raw__HeLa_TE_GSE21992	LYPLA2	NM_007260.3	1635	0	0	0	0	0.0	0.0	0.0	0.0	0	0	0	0
M6PR	1.6352476455213	0.21358353249420733	0.377494517656005	raw__HeLa_TE_GSE21992	M6PR	NM_002355.4	2450	1	1	2	1	0.40816326530612246	0.40816326530612246	0.8163265306122449	0.40816326530612246	0	0	0	0
MANF	1.90092079082364	0.27896402069242593	0.5834076824981128	raw__HeLa_TE_GSE21992	MANF	NM_006010.6	909	0	0	0	0	0.0	0.0	0.0	0.0	0	0	0	0
MAP4	1.22087360408615	0.08667070416655709	-0.022212227585484568	raw__HeLa_TE_GSE21992	MAP4	NM_001385682.1	9232	0	0	0	4	0.0	0.0	0.0	0.43327556325823224	0	0	0	0
MAPRE1	1.91508294119733	0.2821875877690221	0.5935601747341807	raw__HeLa_TE_GSE21992	MAPRE1	NM_012325.3	2562	0	0	1	1	0.0	0.0	0.39032006245121	0.39032006245121	0	0	0	0
MARCKS	0.483146195527656	-0.3159214359069948	-1.2901596533032536	raw__HeLa_TE_GSE21992	MARCKS	NM_002356.7	4296	0	0	1	2	0.0	0.0	0.23277467411545624	0.4655493482309125	0	0	0	0
MAT2A	0.94648897223443	-0.023884441737833995	-0.3704011232348509	raw__HeLa_TE_GSE21992	MAT2A	NM_005911.6	2817	0	0	1	0	0.0	0.0	0.35498757543485976	0.0	0	0	0	0
MATR3	0.423457528901637	-0.3731901411505271	-1.4705250905779612	raw__HeLa_TE_GSE21992	MATR3	NM_018834.6	5069	0	1	4	4	0.0	0.19727756954034326	0.789110278161373	0.789110278161373	0	0	0	0
MCM2	1.14462924843661	0.05866483913687446	-0.11041555034011624	raw__HeLa_TE_GSE21992	MCM2	NM_004526.4	3434	0	1	1	6	0.0	0.29120559114735	0.29120559114735	1.7472335468841003	0	0	0	0
MCM3	1.17529632334153	0.07014737755876953	-0.07425176673995129	raw__HeLa_TE_GSE21992	MCM3	NM_002388.6	3068	0	0	2	3	0.0	0.0	0.651890482398957	0.9778357235984355	0	0	0	0
MCM4	1.31644113406754	0.11940144398047199	0.08087189442770094	raw__HeLa_TE_GSE21992	MCM4	NM_182746.3	4062	0	0	2	2	0.0	0.0	0.49236829148202854	0.49236829148202854	0	0	0	0
MCM5	1.24001030321915	0.09342529372080996	-0.000938924943435048	raw__HeLa_TE_GSE21992	MCM5	NM_006739.4	3458	1	1	1	2	0.2891844997108155	0.2891844997108155	0.2891844997108155	0.578368999421631	1	1	1	3
MCM6	1.1160575271445	0.04768658087173234	-0.1449911242785659	raw__HeLa_TE_GSE21992	MCM6	NM_005915.6	3753	0	1	0	0	0.0	0.2664535038635758	0.0	0.0	1	0	0	1
MCM7	1.64235731367308	0.21546764880947458	0.38342846468055325	raw__HeLa_TE_GSE21992	MCM7	NM_005916.5	2467	0	0	0	1	0.0	0.0	0.0	0.40535062829347385	0	0	0	0
MDH1	1.61210981211185	0.20739462132137232	0.3580027958649178	raw__HeLa_TE_GSE21992	MDH1	NM_005917.4	1296	0	1	2	5	0.0	0.7716049382716049	1.5432098765432098	3.8580246913580245	0	0	0	0
MDH2	1.56816812637057	0.19539262240501915	0.32020299275232544	raw__HeLa_TE_GSE21992	MDH2	NM_005918.4	2170	0	0	4	5	0.0	0.0	1.8433179723502304	2.304147465437788	1	0	0	1
MIF	1.47601268990109	0.16909009131515848	0.23736425034876665	raw__HeLa_TE_GSE21992	MIF	NM_002415.2	557	0	0	3	0	0.0	0.0	5.3859964093357275	0.0	0	0	0	0
MPST	0.61961724980822	-0.20787650022167076	-0.9498765617381275	raw__HeLa_TE_GSE21992	MPST	NM_021126.8	1350	0	0	0	1	0.0	0.0	0.0	0.7407407407407407	0	0	0	0
MRPL12	0.00540656	-2.2670789730076026	-7.435250255133073	raw__HeLa_TE_GSE21992	MRPL12	NM_002949.4	1009	0	0	0	3	0.0	0.0	0.0	2.9732408325074333	0	0	0	0
MRPL53	2.90538921819678	0.463204320544687	1.1636649470052274	raw__HeLa_TE_GSE21992	MRPL53	NM_053050.5	496	0	0	0	0	0.0	0.0	0.0	0.0	0	0	0	0
MSH2	1.16005987915494	0.06448040691260915	-0.0920996582589076	raw__HeLa_TE_GSE21992	MSH2	NM_000251.3	3115	0	0	0	0	0.0	0.0	0.0	0.0	0	0	0	0
MSN	1.5370139767896	0.186677816761293	0.29275606996944525	raw__HeLa_TE_GSE21992	MSN	NM_002444.3	3960	1	2	7	3	0.25252525252525254	0.5050505050505051	1.7676767676767677	0.7575757575757576	1	0	0	1
MT2A	1.52993244722909	0.18467225536444473	0.2864396366436776	raw__HeLa_TE_GSE21992	MT2A	NM_005953.5	401	0	0	0	0	0.0	0.0	0.0	0.0	0	0	0	0
MTHFD1	1.09515351890541	0.03947500295713338	-0.17085315197735415	raw__HeLa_TE_GSE21992	MTHFD1	NM_005956.4	3154	0	0	0	2	0.0	0.0	0.0	0.6341154090044389	0	0	0	0
MTPN	3.4284356092341	0.5350959972265298	1.3900848328048436	raw__HeLa_TE_GSE21992	MTPN	NM_145808.4	3782	0	0	0	0	0.0	0.0	0.0	0.0	0	0	0	0
MYH10	0.467238294078633	-0.3304615703787468	-1.335953210201011	raw__HeLa_TE_GSE21992	MYH10	NM_001256012.3	7707	0	0	3	0	0.0	0.0	0.3892565200467108	0.0	0	0	0	0
MYH9	0.679767752905149	-0.16763944149983623	-0.8231515963290066	raw__HeLa_TE_GSE21992	MYH9	NM_002473.6	7451	0	0	0	1	0.0	0.0	0.0	0.13421017313112335	0	0	0	0
MYL6	2.48226321929972	0.3948478322103408	0.9483789918477167	raw__HeLa_TE_GSE21992	MYL6	NM_021019.5	708	0	0	6	11	0.0	0.0	8.474576271186441	15.536723163841808	2	0	0	2
NAA15	1.24781943393496	0.09615174518678751	0.0076479220749868645	raw__HeLa_TE_GSE21992	NAA15	NM_057175.5	6174	0	0	0	2	0.0	0.0	0.0	0.32393909944930355	0	0	0	0
NAA50	1.21554971412177	0.08477272552179858	-0.028189833447956652	raw__HeLa_TE_GSE21992	NAA50	NM_025146.4	6112	0	0	1	2	0.0	0.0	0.16361256544502617	0.32722513089005234	0	0	0	0
NACA	2.30952199532579	0.3635221027172832	0.8497198921886994	raw__HeLa_TE_GSE21992	NACA	NM_001365896.1	6387	0	0	3	3	0.0	0.0	0.4697040864255519	0.4697040864255519	0	0	0	0
NAMPT	1.2538819500144	0.098256650632927	0.014277235407642292	raw__HeLa_TE_GSE21992	NAMPT	NM_005746.3	4360	0	0	1	0	0.0	0.0	0.22935779816513763	0.0	0	0	0	0
NANS	1.2307807631857	0.09018069970770182	-0.011157640653255288	raw__HeLa_TE_GSE21992	NANS	NM_018946.4	1179	1	1	1	2	0.8481764206955047	0.8481764206955047	0.8481764206955047	1.6963528413910094	1	1	0	2
NAP1L1	1.7507456947285	0.24322306704461602	0.4708430155322864	raw__HeLa_TE_GSE21992	NAP1L1	NM_004537.7	13159	0	0	6	2	0.0	0.0	0.45596169921726576	0.15198723307242193	0	0	0	0
NAP1L4	1.68506474255434	0.22661659173194704	0.41854160294361187	raw__HeLa_TE_GSE21992	NAP1L4	NM_005969.4	2463	0	1	0	0	0.0	0.4060089321965083	0.0	0.0	1	0	0	1
NASP	1.64957839969482	0.21737296113369106	0.3894291676655575	raw__HeLa_TE_GSE21992	NASP	NM_002482.4	3225	0	1	1	0	0.0	0.31007751937984496	0.31007751937984496	0.0	0	0	0	0
NCL	1.21404715370423	0.08423555510484672	-0.029881629634592146	raw__HeLa_TE_GSE21992	NCL	NM_005381.3	3924	0	0	3	6	0.0	0.0	0.764525993883792	1.529051987767584	0	0	0	0
NDUFA5	2.71511877806347	0.4337888333831291	1.0710220771868615	raw__HeLa_TE_GSE21992	NDUFA5	NM_005000.5	5496	0	0	0	1	0.0	0.0	0.0	0.1819505094614265	0	0	0	0
NIPSNAP1	1.88642124559117	0.2756386789676443	0.5729346551836739	raw__HeLa_TE_GSE21992	NIPSNAP1	NM_003634.4	2013	0	0	0	2	0.0	0.0	0.0	0.9935419771485345	0	0	0	0
NIT2	1.34958172046902	0.13019918728023938	0.11487894388971992	raw__HeLa_TE_GSE21992	NIT2	NM_020202.5	7233	0	1	1	1	0.0	0.13825521913452232	0.13825521913452232	0.13825521913452232	0	0	0	0
NME1	5.42304065922773	0.7342428605689689	2.017289707367675	raw__HeLa_TE_GSE21992	NME1	NM_000269.3	890	0	0	3	8	0.0	0.0	3.3707865168539324	8.98876404494382	0	0	0	0
NOLC1	1.04443315991092	0.01888065186951831	-0.23571421568589754	raw__HeLa_TE_GSE21992	NOLC1	NM_004741.5	3723	1	0	2	5	0.2686005909213	0.0	0.5372011818426	1.3430029546065	1	0	0	1
NONO	2.82526951851548	0.45105988395043595	1.1254165422706988	raw__HeLa_TE_GSE21992	NONO	NM_007363.5	2661	0	0	1	2	0.0	0.0	0.37579857196542654	0.7515971439308531	0	0	0	0
NPC2	1.17357573	0.06951111955023645	-0.07625563523044006	raw__HeLa_TE_GSE21992	NPC2	NM_006432.5	821	0	1	5	1	0.0	1.218026796589525	6.090133982947624	1.218026796589525	1	0	0	1
NPM1	0.859129410419605	-0.06594141358661612	-0.5028578303613377	raw__HeLa_TE_GSE21992	NPM1	NM_002520.7	1320	1	2	5	17	0.7575757575757576	1.5151515151515151	3.787878787878788	12.878787878787879	0	0	0	0
NQO1	2.0715424969308	0.31629384711692515	0.7009764390783768	raw__HeLa_TE_GSE21992	NQO1	NM_000903.3	2521	1	1	4	1	0.3966679888932963	0.3966679888932963	1.5866719555731852	0.3966679888932963	1	1	1	3
NSFL1C	2.12403576610778	0.32716182544731703	0.7352046908874145	raw__HeLa_TE_GSE21992	NSFL1C	NM_016143.5	2721	0	0	0	0	0.0	0.0	0.0	0.0	0	0	0	0
NUCKS1	1.10249625536222	0.042377123057530185	-0.16171304380298776	raw__HeLa_TE_GSE21992	NUCKS1	NM_022731.5	6399	0	0	4	1	0.0	0.0	0.6250976715111736	0.1562744178777934	0	0	0	0
NUDC	1.55744946	0.1924139624906015	0.3108218255743359	raw__HeLa_TE_GSE21992	NUDC	NM_006600.4	1792	0	0	0	1	0.0	0.0	0.0	0.5580357142857143	0	0	0	0
NUDT21	2.43637174382845	0.38674355406590316	0.9228549003722518	raw__HeLa_TE_GSE21992	NUDT21	NM_007006.3	4393	0	0	1	0	0.0	0.0	0.22763487366264512	0.0	0	0	0	0
NUDT5	1.62315820992964	0.21036085275952462	0.36734482006688357	raw__HeLa_TE_GSE21992	NUDT5	NM_014142.4	3195	0	0	0	2	0.0	0.0	0.0	0.6259780907668232	0	0	0	0
NUMA1	0.297460070176667	-0.5265713239381125	-1.953592832122878	raw__HeLa_TE_GSE21992	NUMA1	NM_006185.4	7198	0	0	0	1	0.0	0.0	0.0	0.13892747985551543	0	0	0	0
NUP155	0.779530370427767	-0.10816696007455709	-0.635845456396782	raw__HeLa_TE_GSE21992	NUP155	NM_153485.3	8068	0	0	3	1	0.0	0.0	0.37183936539414975	0.12394645513138325	0	0	0	0
NUP54	1.09531634885818	0.03953957006316626	-0.1706498005262665	raw__HeLa_TE_GSE21992	NUP54	NM_017426.4	2249	0	0	1	1	0.0	0.0	0.444642063139173	0.444642063139173	0	0	0	0
NUP62	1.35612828853141	0.13230077534660867	0.12149780927091015	raw__HeLa_TE_GSE21992	NUP62	NM_016553.5	3361	0	0	0	1	0.0	0.0	0.0	0.2975304968759298	0	0	0	0
NUP93	1.22984244777733	0.08984947855846072	-0.012200808071890945	raw__HeLa_TE_GSE21992	NUP93	NM_014669.5	8234	0	0	2	0	0.0	0.0	0.24289531212047608	0.0	0	0	0	0
NUP98	0.98938766	-0.0046335106155887965	-0.30977110558308696	raw__HeLa_TE_GSE21992	NUP98	NM_016320.5	6726	0	0	1	1	0.0	0.0	0.14867677668748142	0.14867677668748142	0	0	0	0
OAT	1.61212748027055	0.20739938101064648	0.3580177863109838	raw__HeLa_TE_GSE21992	OAT	NM_000274.4	2039	0	0	0	0	0.0	0.0	0.0	0.0	0	0	0	0
OLA1	0.822888675820249	-0.08465891417674078	-0.5618078304402848	raw__HeLa_TE_GSE21992	OLA1	NM_013341.5	4251	0	0	0	0	0.0	0.0	0.0	0.0	0	0	0	0
OTUB1	1.84755595322697	0.26659759987322257	0.5444601475557097	raw__HeLa_TE_GSE21992	OTUB1	NM_017670.3	1701	0	0	0	1	0.0	0.0	0.0	0.5878894767783657	0	0	0	0
P4HB	1.41199639	0.1498335863722412	0.1767166781775049	raw__HeLa_TE_GSE21992	P4HB	NM_000918.4	2437	1	1	10	8	0.4103405826836274	0.4103405826836274	4.1034058268362745	3.282724661469019	3	0	0	3
PA2G4	2.06057590709416	0.31398861761087415	0.6937162133388678	raw__HeLa_TE_GSE21992	PA2G4	NM_006191.3	2386	0	1	1	3	0.0	0.4191114836546521	0.4191114836546521	1.2573344509639564	0	0	0	0
PABPC1	0.6592709	-0.18093609344837555	-0.8650288560433554	raw__HeLa_TE_GSE21992	PABPC1	NM_002568.4	2861	0	0	3	4	0.0	0.0	1.048584411045089	1.3981125480601189	0	0	0	0
PABPC4	0.939706756843482	-0.027007650393465317	-0.3802375407420673	raw__HeLa_TE_GSE21992	PABPC4	NM_001135653.2	3142	0	1	4	4	0.0	0.31826861871419476	1.273074474856779	1.273074474856779	0	0	0	0
PAFAH1B1	1.05893337413236	0.0248686360688434	-0.21685530515330287	raw__HeLa_TE_GSE21992	PAFAH1B1	NM_000430.4	5589	0	0	0	0	0.0	0.0	0.0	0.0	0	0	0	0
PAFAH1B2	6.90569096276297	0.8392071392943805	2.3478703962452405	raw__HeLa_TE_GSE21992	PAFAH1B2	NM_002572.4	4175	0	0	0	0	0.0	0.0	0.0	0.0	0	0	0	0
PAFAH1B3	1.65115708059675	0.217788391246626	0.39073754776002545	raw__HeLa_TE_GSE21992	PAFAH1B3	NM_002573.4	1054	0	0	1	0	0.0	0.0	0.9487666034155597	0.0	0	0	0	0
PAICS	1.98930127048731	0.29870055999830875	0.6455671031984269	raw__HeLa_TE_GSE21992	PAICS	NM_001079524.2	6371	1	0	2	3	0.15696123057604772	0.0	0.31392246115209543	0.47088369172814315	0	0	0	0
PARK7	2.350404697557	0.3711426464350533	0.873720481936306	raw__HeLa_TE_GSE21992	PARK7	NM_007262.5	1127	0	0	5	4	0.0	0.0	4.436557231588288	3.54924578527063	0	0	0	0
PARP1	0.778423259061035	-0.10878419595277158	-0.6377894154683618	raw__HeLa_TE_GSE21992	PARP1	NM_001618.4	3978	0	0	1	2	0.0	0.0	0.2513826043237808	0.5027652086475616	0	0	0	0
PCBD1	1.71242145507218	0.2336106605083851	0.4405691355694537	raw__HeLa_TE_GSE21992	PCBD1	NM_000281.4	787	0	0	0	1	0.0	0.0	0.0	1.2706480304955527	0	0	0	0
PCBP1	1.69878357418336	0.23013805307446028	0.42963230094677846	raw__HeLa_TE_GSE21992	PCBP1	NM_006196.4	1727	0	0	1	6	0.0	0.0	0.5790387955993052	3.4742327735958307	0	0	0	0
PCBP2	1.24656883590626	0.09571626537394662	0.006276396273358473	raw__HeLa_TE_GSE21992	PCBP2	NM_031989.5	3159	2	0	3	2	0.6331117442228553	0.0	0.949667616334283	0.6331117442228553	0	0	0	0
PCM1	0.409927291620997	-0.38729316681197173	-1.5149419912134117	raw__HeLa_TE_GSE21992	PCM1	NM_006197.4	8652	0	0	0	0	0.0	0.0	0.0	0.0	0	0	0	0
PCMT1	1.22089112689651	0.0866769374123324	-0.02219259623368215	raw__HeLa_TE_GSE21992	PCMT1	NM_001360452.2	1686	0	0	1	0	0.0	0.0	0.5931198102016607	0.0	0	0	0	0
PCNA	1.48082890825062	0.17050488398038302	0.24182008179512351	raw__HeLa_TE_GSE21992	PCNA	NM_182649.2	1276	0	0	0	2	0.0	0.0	0.0	1.567398119122257	0	0	0	0
PCNP	0.955296415362916	-0.01986185188998932	-0.3577321415668003	raw__HeLa_TE_GSE21992	PCNP	NM_020357.3	2285	0	0	1	0	0.0	0.0	0.437636761487965	0.0	0	0	0	0
PDAP1	1.2449649812109	0.09515713562391463	0.004515440068237938	raw__HeLa_TE_GSE21992	PDAP1	NM_014891.7	2604	0	0	1	2	0.0	0.0	0.38402457757296465	0.7680491551459293	0	0	0	0
PDCD5	2.33678305689803	0.36861839507711264	0.8657704558613293	raw__HeLa_TE_GSE21992	PDCD5	NM_004708.4	603	0	0	0	1	0.0	0.0	0.0	1.658374792703151	0	0	0	0
PDCD6IP	0.882511137812942	-0.05427980485211991	-0.4661300721593744	raw__HeLa_TE_GSE21992	PDCD6IP	NM_013374.6	5884	0	1	1	0	0.0	0.1699524133242692	0.1699524133242692	0.0	0	0	0	0
PDIA3	1.13719577875847	0.05583523893143151	-0.11932726008101278	raw__HeLa_TE_GSE21992	PDIA3	NM_005313.5	3680	0	0	2	2	0.0	0.0	0.5434782608695652	0.5434782608695652	0	0	0	0
PDIA4	1.04423681412635	0.0187990000125042	-0.23597137485916703	raw__HeLa_TE_GSE21992	PDIA4	NM_004911.5	2767	0	2	0	4	0.0	0.7228044813877846	0.0	1.4456089627755693	1	0	0	1
PDIA6	1.14099470656963	0.0572836295953113	-0.11476561311650793	raw__HeLa_TE_GSE21992	PDIA6	NM_005742.4	2279	0	2	7	0	0.0	0.8775778850372971	3.0715225976305396	0.0	0	0	0	0
PDLIM1	2.6485923097097	0.4230151137258102	1.037090689200979	raw__HeLa_TE_GSE21992	PDLIM1	NM_020992.4	1431	0	0	1	2	0.0	0.0	0.6988120195667366	1.397624039133473	0	0	0	0
PDXK	1.25606493754427	0.09901209265605113	0.016656469061643232	raw__HeLa_TE_GSE21992	PDXK	NM_003681.5	7341	2	0	2	0	0.27244244653316985	0.0	0.27244244653316985	0.0	2	0	0	2
PEA15	2.53125969120884	0.40333670330658183	0.9751143430439977	raw__HeLa_TE_GSE21992	PEA15	NM_003768.5	2420	0	0	0	0	0.0	0.0	0.0	0.0	0	0	0	0
PEBP1	3.3326827503896	0.5227939736326751	1.351340114281284	raw__HeLa_TE_GSE21992	PEBP1	NM_002567.4	1431	0	1	1	4	0.0	0.6988120195667366	0.6988120195667366	2.795248078266946	0	0	0	0
PELP1	0.499970086882873	-0.30105597864463046	-1.243341505625336	raw__HeLa_TE_GSE21992	PELP1	NM_014389.3	5084	0	0	0	0	0.0	0.0	0.0	0.0	0	0	0	0
PFDN1	1.5290365531212	0.18441786777273897	0.28563845336181093	raw__HeLa_TE_GSE21992	PFDN1	NM_002622.5	1336	0	0	2	2	0.0	0.0	1.4970059880239521	1.4970059880239521	0	0	0	0
PFDN2	2.71466863903326	0.43371682581364607	1.0707952923014399	raw__HeLa_TE_GSE21992	PFDN2	NM_012394.4	598	0	0	0	0	0.0	0.0	0.0	0.0	0	0	0	0
PFDN5	3.54149923322221	0.5491871521043648	1.4344643468944058	raw__HeLa_TE_GSE21992	PFDN5	NM_002624.4	596	0	0	1	4	0.0	0.0	1.6778523489932886	6.7114093959731544	1	0	0	1
PFDN6	2.65807353498838	0.42456699142910875	1.0419782643497801	raw__HeLa_TE_GSE21992	PFDN6	NM_001185181.3	734	0	0	0	0	0.0	0.0	0.0	0.0	0	0	0	0
PFKP	0.855019527896756	-0.06802396625316552	-0.509416744531869	raw__HeLa_TE_GSE21992	PFKP	NM_002627.5	2626	1	1	2	2	0.38080731150038083	0.38080731150038083	0.7616146230007617	0.7616146230007617	0	0	0	0
PFN1	3.15992114964969	0.49967624568825025	1.2785317787031922	raw__HeLa_TE_GSE21992	PFN1	NM_005022.4	807	0	0	4	15	0.0	0.0	4.956629491945477	18.587360594795538	0	0	0	0
PFN2	2.11342039142302	0.3249858934156423	0.7283516822380286	raw__HeLa_TE_GSE21992	PFN2	NM_053024.4	2047	0	0	1	0	0.0	0.0	0.48851978505129456	0.0	0	0	0	0
PGAM1	0.747777819122095	-0.1262274212033904	-0.6927261376524974	raw__HeLa_TE_GSE21992	PGAM1	NM_002629.4	1802	1	0	1	6	0.5549389567147613	0.0	0.5549389567147613	3.329633740288568	2	0	0	2
PGD	1.72599727214889	0.23704010499934106	0.45137003027434075	raw__HeLa_TE_GSE21992	PGD	NM_002631.4	2268	1	4	6	4	0.4409171075837742	1.763668430335097	2.6455026455026456	1.763668430335097	3	2	0	5
PGK1	2.32881393899839	0.3671347918862538	0.8610979084879691	raw__HeLa_TE_GSE21992	PGK1	NM_000291.4	4812	0	0	5	15	0.0	0.0	1.0390689941812137	3.117206982543641	0	0	0	0
PGLS	0.70277410205291	-0.15318425107934536	-0.777625567235212	raw__HeLa_TE_GSE21992	PGLS	NM_012088.3	1008	0	0	0	0	0.0	0.0	0.0	0.0	0	0	0	0
PGM1	1.61606547218249	0.20845895150761667	0.36135486011414947	raw__HeLa_TE_GSE21992	PGM1	NM_002633.3	2337	0	0	1	1	0.0	0.0	0.4278990158322636	0.4278990158322636	0	0	0	0
PGM2	1.77447964716168	0.2490710224629497	0.48926091116490816	raw__HeLa_TE_GSE21992	PGM2	NM_018290.4	3211	0	0	0	0	0.0	0.0	0.0	0.0	0	0	0	0
PGP	0.47557422606105	-0.32278169018197306	-1.3117657426475187	raw__HeLa_TE_GSE21992	PGP	NM_001042371.3	3164	0	0	2	3	0.0	0.0	0.6321112515802781	0.9481668773704172	0	0	0	0
PHB2	1.25845696992221	0.09983837042484348	0.019258796990044107	raw__HeLa_TE_GSE21992	PHB2	NM_001144831.2	1379	0	0	1	5	0.0	0.0	0.7251631617113851	3.625815808556925	0	0	0	0
PHGDH	1.94178133747075	0.28820032275192436	0.6124970368440601	raw__HeLa_TE_GSE21992	PHGDH	NM_006623.4	1866	0	0	6	4	0.0	0.0	3.215434083601286	2.1436227224008575	2	0	0	2
PHPT1	2.29131845342184	0.3600854527653806	0.8388963041802204	raw__HeLa_TE_GSE21992	PHPT1	NM_014172.6	577	0	0	1	1	0.0	0.0	1.733102253032929	1.733102253032929	1	0	0	1
PIN1	0.826383581097872	-0.08281832013004975	-0.5560109550147809	raw__HeLa_TE_GSE21992	PIN1	NM_006221.4	1009	0	0	1	1	0.0	0.0	0.9910802775024777	0.9910802775024777	0	0	0	0
PKM	1.77278764716074	0.24865671688147123	0.48795607273611974	raw__HeLa_TE_GSE21992	PKM	NM_002654.6	2305	1	1	9	18	0.43383947939262474	0.43383947939262474	3.9045553145336225	7.809110629067245	3	1	1	5
PLEC	0.0476499591921053	-1.3219374669595703	-4.458565863545903	raw__HeLa_TE_GSE21992	PLEC	NM_201384.3	14804	2	0	4	2	0.13509862199405567	0.0	0.27019724398811135	0.13509862199405567	2	0	0	2
PLIN3	2.44589519244003	0.3884378434115664	0.9281909951451459	raw__HeLa_TE_GSE21992	PLIN3	NM_005817.5	2232	0	0	0	1	0.0	0.0	0.0	0.44802867383512546	0	0	0	0
PLS3	1.80151811527383	0.2556386335548443	0.5099453328119921	raw__HeLa_TE_GSE21992	PLS3	NM_005032.7	3288	0	0	2	1	0.0	0.0	0.6082725060827251	0.30413625304136255	0	0	0	0
PNN	0.551640393343742	-0.2583439405309834	-1.1088216941767972	raw__HeLa_TE_GSE21992	PNN	NM_002687.4	3537	0	0	0	0	0.0	0.0	0.0	0.0	0	0	0	0
PNP	2.76090924142507	0.44105213043639285	1.0938975332234018	raw__HeLa_TE_GSE21992	PNP	NM_000270.4	1477	0	0	1	1	0.0	0.0	0.6770480704129993	0.6770480704129993	0	0	0	0
POLR2A	0.785579586547454	-0.10480981030891433	-0.6252722509628207	raw__HeLa_TE_GSE21992	POLR2A_1	NM_000937.5	6749	0	0	0	0	0.0	0.0	0.0	0.0	0	0	0	0
POLR2D	2.1122726992923	0.3247499859037378	0.7276087012092084	raw__HeLa_TE_GSE21992	POLR2D	NM_004805.4	5038	0	0	0	3	0.0	0.0	0.0	0.5954743946010321	0	0	0	0
PPA1	0.922990868728214	-0.034802595486076844	-0.40478740046357714	raw__HeLa_TE_GSE21992	PPA1	NM_021129.4	1292	0	0	1	4	0.0	0.0	0.7739938080495357	3.0959752321981426	0	0	0	0
PPIA	0.301265894655423	-0.5210500306277301	-1.9362037453954197	raw__HeLa_TE_GSE21992	PPIA	NM_021130.5	2237	0	0	5	11	0.0	0.0	2.235136343316942	4.917299955297273	0	0	0	0
PPIB	1.86883602539212	0.27157119737055746	0.5601242887934149	raw__HeLa_TE_GSE21992	PPIB	NM_000942.5	893	0	0	0	1	0.0	0.0	0.0	1.1198208286674132	0	0	0	0
PPIH	1.95967362362199	0.292183747242822	0.6250426688274664	raw__HeLa_TE_GSE21992	PPIH	NM_006347.4	754	0	0	0	1	0.0	0.0	0.0	1.3262599469496021	0	0	0	0
PPM1G	0.970926966101074	-0.012813436839884307	-0.3355334475820189	raw__HeLa_TE_GSE21992	PPM1G	NM_177983.3	2210	0	0	2	2	0.0	0.0	0.9049773755656109	0.9049773755656109	0	0	0	0
PPP1CA	1.52949467683797	0.1845479698307211	0.2860482044549865	raw__HeLa_TE_GSE21992	PPP1CA	NM_002708.4	1421	0	0	0	3	0.0	0.0	0.0	2.1111893033075297	0	0	0	0
PPP1R14B	0.250855341710728	-0.6005766466761212	-2.186669559447777	raw__HeLa_TE_GSE21992	PPP1R14B	NM_138689.3	989	0	0	2	4	0.0	0.0	2.0222446916076846	4.044489383215369	0	0	0	0
PPP2CA	1.90808352676754	0.2805973821187286	0.5885518872890181	raw__HeLa_TE_GSE21992	PPP2CA	NM_002715.4	4582	0	0	1	1	0.0	0.0	0.21824530772588388	0.21824530772588388	0	0	0	0
PPP2R1A	1.76167429070564	0.24592561643422228	0.47935458394194386	raw__HeLa_TE_GSE21992	PPP2R1A	NM_014225.6	5352	0	1	0	5	0.0	0.18684603886397608	0.0	0.9342301943198804	0	0	0	0
PRDX1	2.08838493401156	0.3198105514706617	0.7120521551405832	raw__HeLa_TE_GSE21992	PRDX1	NM_181697.3	945	0	0	2	11	0.0	0.0	2.1164021164021163	11.640211640211641	1	0	0	1
PRDX3	1.95060024336053	0.29016827406316453	0.6186950187484485	raw__HeLa_TE_GSE21992	PRDX3	NM_006793.5	1553	0	1	5	4	0.0	0.6439150032195751	3.219575016097875	2.5756600128783003	0	0	0	0
PRDX4	1.47618145705387	0.16913974566687812	0.23752063469205534	raw__HeLa_TE_GSE21992	PRDX4	NM_006406.2	956	1	1	7	6	1.0460251046025104	1.0460251046025104	7.322175732217573	6.2761506276150625	1	0	0	1
PRDX5	2.35324743312784	0.3716675936411559	0.8753737816219233	raw__HeLa_TE_GSE21992	PRDX5	NM_012094.5	860	0	0	3	1	0.0	0.0	3.488372093023256	1.1627906976744187	0	0	0	0
PRDX6	1.88763892662187	0.27591892472238627	0.5738172776889928	raw__HeLa_TE_GSE21992	PRDX6	NM_004905.3	1690	0	1	4	10	0.0	0.591715976331361	2.366863905325444	5.9171597633136095	0	0	0	0
PREP	1.37294090486638	0.1376518444160925	0.13835078173641935	raw__HeLa_TE_GSE21992	PREP	NM_002726.5	7250	0	0	0	0	0.0	0.0	0.0	0.0	0	0	0	0
PRKAR2A	1.03242221	0.013857338739606252	-0.2515349342684377	raw__HeLa_TE_GSE21992	PRKAR2A	NM_004157.4	6492	0	0	0	1	0.0	0.0	0.0	0.15403573629081946	0	0	0	0
PRKCSH	1.48595401783142	0.17200537058804552	0.24654580279693458	raw__HeLa_TE_GSE21992	PRKCSH	NM_001289104.2	2096	1	2	4	1	0.4770992366412214	0.9541984732824428	1.9083969465648856	0.4770992366412214	1	1	0	2
PRMT1	0.866595421816839	-0.06218360965305866	-0.49102278106545266	raw__HeLa_TE_GSE21992	PRMT1	NM_001536.6	1328	0	0	0	0	0.0	0.0	0.0	0.0	0	0	0	0
PRMT5	1.03041130093838	0.013010613125466102	-0.2542016618467311	raw__HeLa_TE_GSE21992	PRMT5	NM_006109.5	2304	0	0	4	1	0.0	0.0	1.7361111111111112	0.4340277777777778	0	0	0	0
PRPF19	0.809847258492578	-0.09159688365096195	-0.5836586806157006	raw__HeLa_TE_GSE21992	PRPF19	NM_014502.5	2337	0	0	2	3	0.0	0.0	0.8557980316645272	1.2836970474967908	0	0	0	0
PRPF40A	1.03754378421684	0.01600643294320693	-0.24476645025734245	raw__HeLa_TE_GSE21992	PRPF40A	NM_001365597.4	7515	0	0	0	2	0.0	0.0	0.0	0.2661343978709248	0	0	0	0
PRRC1	2.05205327020006	0.3121886306374628	0.6880472282244404	raw__HeLa_TE_GSE21992	PRRC1	NM_130809.5	4664	0	0	0	0	0.0	0.0	0.0	0.0	0	0	0	0
PSAP	1.59211110865516	0.20197337256750572	0.3409287953631072	raw__HeLa_TE_GSE21992	PSAP	NM_002778.4	2748	2	4	11	9	0.727802037845706	1.455604075691412	4.0029112081513825	3.2751091703056767	3	3	1	7
PSAT1	1.11067567862621	0.04558726187020975	-0.15160284333312732	raw__HeLa_TE_GSE21992	PSAT1	NM_058179.4	2206	0	0	3	0	0.0	0.0	1.3599274705349047	0.0	0	0	0	0
PSIP1	1.27152198677396	0.10432387426559972	0.033385707284157115	raw__HeLa_TE_GSE21992	PSIP1	NM_033222.5	3342	0	0	0	1	0.0	0.0	0.0	0.2992220227408737	0	0	0	0
PSMA1	0.971690340819896	-0.012472114394240954	-0.33445846654484784	raw__HeLa_TE_GSE21992	PSMA1	NM_002786.4	1195	0	1	3	1	0.0	0.8368200836820083	2.510460251046025	0.8368200836820083	0	0	0	0
PSMA3	1.94921256971902	0.2898592033156637	0.617721613111203	raw__HeLa_TE_GSE21992	PSMA3	NM_002788.4	955	0	0	0	2	0.0	0.0	0.0	2.094240837696335	0	0	0	0
PSMA4	1.12906696461319	0.05271970056052246	-0.12913952034122886	raw__HeLa_TE_GSE21992	PSMA4	NM_002789.6	4378	0	0	1	1	0.0	0.0	0.2284148012791229	0.2284148012791229	0	0	0	0
PSMA5	1.35532233761799	0.13204259617025496	0.12068468454877372	raw__HeLa_TE_GSE21992	PSMA5	NM_002790.4	3815	0	0	0	9	0.0	0.0	0.0	2.3591087811271296	0	0	0	0
PSMA6	1.62572934776165	0.21104824571230688	0.3695097359660801	raw__HeLa_TE_GSE21992	PSMA6	NM_002791.3	1023	0	0	1	2	0.0	0.0	0.9775171065493646	1.9550342130987293	0	0	0	0
PSMA7	1.58679056835592	0.20051961042881286	0.3363502311590847	raw__HeLa_TE_GSE21992	PSMA7	NM_002792.4	962	0	0	1	9	0.0	0.0	1.0395010395010396	9.355509355509355	0	0	0	0
PSMB1	1.44962948362772	0.16125701342228665	0.21269429293752887	raw__HeLa_TE_GSE21992	PSMB1	NM_002793.4	891	0	0	1	4	0.0	0.0	1.122334455667789	4.489337822671156	0	0	0	0
PSMB2	2.43051860161622	0.3856989492321469	0.9195649603112969	raw__HeLa_TE_GSE21992	PSMB2	NM_002794.5	4426	1	1	3	1	0.22593764121102575	0.22593764121102575	0.6778129236330773	0.22593764121102575	0	0	0	0
PSMB3	2.24355762610185	0.3509372289288823	0.8100843485835245	raw__HeLa_TE_GSE21992	PSMB3	NM_002795.4	762	0	0	1	0	0.0	0.0	1.3123359580052494	0.0	0	0	0	0
PSMB4	1.23784434785197	0.09266603796446957	-0.003330169793712848	raw__HeLa_TE_GSE21992	PSMB4	NM_002796.3	918	0	0	7	10	0.0	0.0	7.625272331154684	10.893246187363834	0	0	0	0
PSMB5	1.71494728698981	0.23425077550340645	0.44258515148062477	raw__HeLa_TE_GSE21992	PSMB5	NM_002797.5	1044	0	0	1	3	0.0	0.0	0.9578544061302682	2.8735632183908044	0	0	0	0
PSMB6	1.91226245249461	0.2815474976932118	0.5915442373050424	raw__HeLa_TE_GSE21992	PSMB6	NM_002798.3	824	0	0	0	2	0.0	0.0	0.0	2.4271844660194173	0	0	0	0
PSMB7	1.6563961339834	0.2191642081913428	0.39507062677392246	raw__HeLa_TE_GSE21992	PSMB7	NM_002799.4	984	0	0	3	2	0.0	0.0	3.048780487804878	2.032520325203252	0	0	0	0
PSMC1	1.70969231492984	0.23291795954337033	0.4383875023035329	raw__HeLa_TE_GSE21992	PSMC1	NM_002802.3	4390	0	0	0	0	0.0	0.0	0.0	0.0	0	0	0	0
PSMC2	1.94538522512789	0.289005613158773	0.6150332659371874	raw__HeLa_TE_GSE21992	PSMC2	NM_002803.4	2712	0	0	2	3	0.0	0.0	0.7374631268436578	1.1061946902654867	0	0	0	0
PSMC3	1.90488719326179	0.2798692620092641	0.5862587028809962	raw__HeLa_TE_GSE21992	PSMC3	NM_002804.5	1540	0	0	0	0	0.0	0.0	0.0	0.0	0	0	0	0
PSMC4	1.40639340144956	0.14810682010116472	0.17127829866063776	raw__HeLa_TE_GSE21992	PSMC4	NM_006503.4	1754	0	0	0	0	0.0	0.0	0.0	0.0	0	0	0	0
PSMC5	1.73695114	0.2397876020240506	0.46002315941643296	raw__HeLa_TE_GSE21992	PSMC5	NM_002805.6	1331	0	0	1	0	0.0	0.0	0.7513148009015778	0.0	0	0	0	0
PSMC6	1.91678630279615	0.2825736972861666	0.59477621081531	raw__HeLa_TE_GSE21992	PSMC6	NM_002806.5	2163	0	0	1	1	0.0	0.0	0.4623208506703652	0.4623208506703652	0	0	0	0
PSMD1	1.06068594355117	0.025586813521597397	-0.21459343473461656	raw__HeLa_TE_GSE21992	PSMD1	NM_002807.4	3323	0	1	1	2	0.0	0.30093289196509176	0.30093289196509176	0.6018657839301835	1	0	0	1
PSMD11	2.02384609	0.3061774820782039	0.6691153624907304	raw__HeLa_TE_GSE21992	PSMD11	NM_002815.4	3850	0	0	0	1	0.0	0.0	0.0	0.2597402597402597	0	0	0	0
PSMD12	1.70419069307261	0.23151818920740264	0.4339789830667638	raw__HeLa_TE_GSE21992	PSMD12	NM_002816.5	4356	0	0	0	0	0.0	0.0	0.0	0.0	0	0	0	0
PSMD13	2.12066312927775	0.3264716856239385	0.7330311238319865	raw__HeLa_TE_GSE21992	PSMD13	NM_002817.4	1589	1	1	2	1	0.6293266205160478	0.6293266205160478	1.2586532410320956	0.6293266205160478	1	1	0	2
PSMD14	2.22919445457163	0.34814795401814047	0.8012996417036333	raw__HeLa_TE_GSE21992	PSMD14	NM_005805.6	1567	0	0	0	1	0.0	0.0	0.0	0.6381620931716656	0	0	0	0
PSMD2	1.08642600037227	0.03600015060642391	-0.18179705687332767	raw__HeLa_TE_GSE21992	PSMD2	NM_002808.5	2913	0	1	4	2	0.0	0.3432887058015791	1.3731548232063164	0.6865774116031582	0	0	0	0
PSMD3	0.977975011324008	-0.009672241922766696	-0.3256403830822764	raw__HeLa_TE_GSE21992	PSMD3	NM_002809.4	2147	0	0	3	1	0.0	0.0	1.3972985561248252	0.4657661853749418	0	0	0	0
PSMD4	1.93116200464496	0.2858187081512856	0.6049962393834339	raw__HeLa_TE_GSE21992	PSMD4	NM_002810.4	1319	0	1	2	2	0.0	0.7581501137225171	1.5163002274450341	1.5163002274450341	1	1	0	2
PSMD5	1.99637204052775	0.30024147888114927	0.6504201639918656	raw__HeLa_TE_GSE21992	PSMD5	NM_005047.4	3381	0	0	0	1	0.0	0.0	0.0	0.29577048210588586	0	0	0	0
PSMD6	1.75383472502338	0.24398866463305177	0.473254233722526	raw__HeLa_TE_GSE21992	PSMD6	NM_014814.3	1362	0	0	1	0	0.0	0.0	0.7342143906020558	0.0	0	0	0	0
PSMD7	1.30012093403558	0.11398375118496358	0.0638090932708289	raw__HeLa_TE_GSE21992	PSMD7	NM_002811.5	1631	0	0	0	0	0.0	0.0	0.0	0.0	0	0	0	0
PSMD8	1.29474862413532	0.11218545818712738	0.058145443262967035	raw__HeLa_TE_GSE21992	PSMD8	NM_002812.5	1518	1	1	1	2	0.6587615283267457	0.6587615283267457	0.6587615283267457	1.3175230566534915	1	1	0	2
PSME1	2.04140659652771	0.3099295138007264	0.6809322324448103	raw__HeLa_TE_GSE21992	PSME1	NM_006263.4	965	0	0	1	1	0.0	0.0	1.0362694300518134	1.0362694300518134	0	0	0	0
PSME2	1.56064884072536	0.19330519409919336	0.3136287229559537	raw__HeLa_TE_GSE21992	PSME2	NM_002818.3	793	0	1	0	1	0.0	1.2610340479192939	0.0	1.2610340479192939	1	0	0	1
PSME3	1.16850959255137	0.06763228196147424	-0.0821729571224611	raw__HeLa_TE_GSE21992	PSME3	NM_005789.4	3182	0	1	3	3	0.0	0.3142677561282212	0.9428032683846638	0.9428032683846638	1	0	0	1
PSPC1	1.71265464896633	0.23366979777630154	0.44075538596819464	raw__HeLa_TE_GSE21992	PSPC1	NM_001354909.2	2435	0	0	0	0	0.0	0.0	0.0	0.0	0	0	0	0
PTBP1	1.35790857204472	0.13287052989060658	0.12329222782866234	raw__HeLa_TE_GSE21992	PTBP1	NM_002819.5	3206	1	0	0	3	0.3119151590767311	0.0	0.0	0.9357454772301934	1	0	0	1
PTGES3	3.77788686456061	0.5772489480715928	1.5228438218418392	raw__HeLa_TE_GSE21992	PTGES3	NM_006601.7	1898	0	0	1	4	0.0	0.0	0.5268703898840885	2.107481559536354	1	0	0	1
PTMA	3.00674986948845	0.47809730079115415	1.2105697771922341	raw__HeLa_TE_GSE21992	PTMA	NM_002823.5	1215	0	0	1	8	0.0	0.0	0.823045267489712	6.584362139917696	0	0	0	0
PTPN11	0.869989366828609	-0.06048605537664669	-0.48567640352713437	raw__HeLa_TE_GSE21992	PTPN11	NM_002834.5	6073	0	0	1	1	0.0	0.0	0.16466326362588507	0.16466326362588507	0	0	0	0
PTRHD1	1.59624158773255	0.20309862152537264	0.3444727207839023	raw__HeLa_TE_GSE21992	PTRHD1	NM_001013663.2	1120	0	1	0	0	0.0	0.8928571428571429	0.0	0.0	1	0	0	1
PUF60	0.914819600831266	-0.03866453881642099	-0.41695043251652075	raw__HeLa_TE_GSE21992	PUF60	NM_078480.3	1868	0	0	1	0	0.0	0.0	0.5353319057815846	0.0	0	0	0	0
PYGB	0.944626384907752	-0.024739928058695064	-0.3730954422994863	raw__HeLa_TE_GSE21992	PYGB	NM_002862.4	4116	0	0	1	0	0.0	0.0	0.24295432458697766	0.0	0	0	0	0
QPRT	1.40591561914075	0.1479592557896013	0.17081355091633146	raw__HeLa_TE_GSE21992	QPRT	NM_014298.6	2200	0	0	0	0	0.0	0.0	0.0	0.0	0	0	0	0
RAD23B	1.3687979335811	0.1363393408967179	0.1342171057577167	raw__HeLa_TE_GSE21992	RAD23B	NM_002874.5	4114	0	0	2	3	0.0	0.0	0.48614487117160915	0.7292173067574137	0	0	0	0
RALGAPA1	0.237904840188456	-0.6235967221251788	-2.2591703424986553	raw__HeLa_TE_GSE21992	RALGAPA1	NM_001346249.2	9447	0	0	0	0	0.0	0.0	0.0	0.0	0	0	0	0
RALY	0.905615152461475	-0.04305631961941574	-0.4307821659489135	raw__HeLa_TE_GSE21992	RALY	NM_016732.3	6213	0	0	1	0	0.0	0.0	0.16095284081764044	0.0	0	0	0	0
RAN	3.91396573387831	0.5926170191623735	1.57124493114875	raw__HeLa_TE_GSE21992	RAN	NM_006325.5	2474	0	0	4	15	0.0	0.0	1.6168148746968471	6.063055780113177	0	0	0	0
RANBP1	0.981868616419166	-0.007946621155549814	-0.320205611282812	raw__HeLa_TE_GSE21992	RANBP1	NM_001278639.2	1221	0	0	0	3	0.0	0.0	0.0	2.457002457002457	0	0	0	0
RANBP2	0.12166901	-0.914820025713033	-3.1763661874691573	raw__HeLa_TE_GSE21992	RANBP2	NM_006267.5	11708	0	0	1	2	0.0	0.0	0.08541168431841475	0.1708233686368295	0	0	0	0
RANGAP1	1.18462451028706	0.07358071409953744	-0.06343861418388277	raw__HeLa_TE_GSE21992	RANGAP1	NM_002883.4	3828	0	0	0	4	0.0	0.0	0.0	1.044932079414838	0	0	0	0
RAP1GDS1	1.1842907659496	0.07345834304934556	-0.06382401678524707	raw__HeLa_TE_GSE21992	RAP1GDS1	NM_001100427.2	3747	0	0	0	0	0.0	0.0	0.0	0.0	0	0	0	0
RBBP4	1.28744327965845	0.10972810460723333	0.05040610899495134	raw__HeLa_TE_GSE21992	RBBP4	NM_005610.3	7883	0	1	0	0	0.0	0.12685525815045035	0.0	0.0	1	0	0	1
RBBP7	0.73757994	-0.13219090332342862	-0.7115078798917646	raw__HeLa_TE_GSE21992	RBBP7	NM_002893.4	2281	0	1	1	3	0.0	0.4384042086804033	0.4384042086804033	1.31521262604121	0	0	0	0
RBM12	0.880719711233444	-0.05516228367935648	-0.468909403015264	raw__HeLa_TE_GSE21992	RBM12	NM_006047.6	6646	0	0	0	1	0.0	0.0	0.0	0.15046644598254588	0	0	0	0
RBM14	0.71230502614078	-0.14733399119171492	-0.7592004137710988	raw__HeLa_TE_GSE21992	RBM14	NM_006328.4	5367	0	0	0	0	0.0	0.0	0.0	0.0	0	0	0	0
RBM25	0.945948640949886	-0.024132442411694058	-0.37118219118103507	raw__HeLa_TE_GSE21992	RBM25	NM_021239.3	6813	0	0	0	0	0.0	0.0	0.0	0.0	0	0	0	0
RBM3	4.41601207	0.6450302517517659	1.736318256532413	raw__HeLa_TE_GSE21992	RBM3	NM_006743.5	4298	0	0	2	1	0.0	0.0	0.46533271288971617	0.23266635644485809	0	0	0	0
RBM39	0.885824545876721	-0.05265228974202802	-0.46100428010148486	raw__HeLa_TE_GSE21992	RBM39	NM_184234.3	5060	1	0	0	1	0.1976284584980237	0.0	0.0	0.1976284584980237	0	0	0	0
RBM4	2.36010487356641	0.3729313016985954	0.8793537782954709	raw__HeLa_TE_GSE21992	RBM4	NM_002896.4	1607	0	0	0	2	0.0	0.0	0.0	1.2445550715619167	0	0	0	0
RBM8A	1.02482451963785	0.010649507657810834	-0.26163786663457095	raw__HeLa_TE_GSE21992	RBM8A	NM_005105.5	4909	0	0	0	1	0.0	0.0	0.0	0.20370747606437156	0	0	0	0
RCC1	1.84384823253692	0.2657251713356809	0.5417124696748237	raw__HeLa_TE_GSE21992	RCC1	NM_001381865.2	2551	0	0	0	3	0.0	0.0	0.0	1.1760094080752646	0	0	0	0
RCC2	1.35656582702905	0.13244087264375917	0.12193903995971482	raw__HeLa_TE_GSE21992	RCC2	NM_018715.4	4040	1	1	1	0	0.24752475247524752	0.24752475247524752	0.24752475247524752	0.0	1	1	0	2
RCN1	4.36155276872036	0.6396411312026389	1.7193454424931227	raw__HeLa_TE_GSE21992	RCN1	NM_002901.4	2369	0	0	1	2	0.0	0.0	0.42211903756859437	0.8442380751371887	0	0	0	0
RDX	0.85830131772378	-0.06636022071551877	-0.5041768462290278	raw__HeLa_TE_GSE21992	RDX	NM_002906.4	4392	0	0	1	1	0.0	0.0	0.22768670309653916	0.22768670309653916	0	0	0	0
RECQL	0.499386586772382	-0.30156312672029423	-1.2449387476799827	raw__HeLa_TE_GSE21992	RECQL	NM_002907.4	3745	0	1	0	0	0.0	0.26702269692923897	0.0	0.0	1	0	0	1
RNH1	1.41327012928983	0.150225179858136	0.17794998579319116	raw__HeLa_TE_GSE21992	RNH1	NM_203387.3	1952	0	0	0	0	0.0	0.0	0.0	0.0	0	0	0	0
RPA2	2.0452508716704	0.3107465864263817	0.6835055691526128	raw__HeLa_TE_GSE21992	RPA2	NM_002946.5	1584	0	0	2	0	0.0	0.0	1.2626262626262625	0.0	0	0	0	0
RPA3	2.95354003241303	0.47034286168042594	1.186147489398596	raw__HeLa_TE_GSE21992	RPA3	NM_002947.5	2020	0	0	1	0	0.0	0.0	0.49504950495049505	0.0	1	0	0	1
RPL10	0.353903793087223	-0.45111478263509763	-1.7159455514749131	raw__HeLa_TE_GSE21992	RPL10	NM_006013.5	2164	0	0	5	7	0.0	0.0	2.310536044362292	3.234750462107209	2	0	0	2
RPL10A	1.6822757363892	0.22589718110384951	0.4162758486897816	raw__HeLa_TE_GSE21992	RPL10A	NM_007104.5	718	0	0	2	7	0.0	0.0	2.785515320334262	9.749303621169917	0	0	0	0
RPL11	1.70032074921625	0.2305308545989193	0.4308694132303537	raw__HeLa_TE_GSE21992	RPL11	NM_000975.5	1017	0	0	6	5	0.0	0.0	5.899705014749262	4.916420845624385	0	0	0	0
RPL12	0.824784121309661	-0.08365970865321908	-0.558660873644057	raw__HeLa_TE_GSE21992	RPL12	NM_000976.4	634	0	0	0	4	0.0	0.0	0.0	6.309148264984227	0	0	0	0
RPL13	0.49588693	-0.3046173381772939	-1.2545578613412502	raw__HeLa_TE_GSE21992	RPL13	NM_000977.4	2187	0	0	5	7	0.0	0.0	2.286236854138089	3.2007315957933242	2	0	0	2
RPL14	0.339465288332139	-0.4692046274409964	-1.7729187754158542	raw__HeLa_TE_GSE21992	RPL14	NM_001034996.3	7136	0	1	5	7	0.0	0.14013452914798205	0.7006726457399103	0.9809417040358744	1	1	0	2
RPL15	6.97278382260164	0.8434062009705057	2.361095168695344	raw__HeLa_TE_GSE21992	RPL15	NM_002948.5	2155	2	1	8	9	0.9280742459396751	0.46403712296983757	3.7122969837587005	4.176334106728539	2	0	0	2
RPL17	0.252208292248172	-0.5982406385463607	-2.179312397695825	raw__HeLa_TE_GSE21992	RPL17	NM_001035006.5	614	0	0	1	5	0.0	0.0	1.6286644951140066	8.143322475570033	0	0	0	0
RPL18	0.687203765385941	-0.16291446954663907	-0.808270491040785	raw__HeLa_TE_GSE21992	RPL18	NM_000979.4	643	0	1	5	11	0.0	1.5552099533437014	7.776049766718507	17.107309486780714	3	1	0	4
RPL18A	1.59293440548573	0.20219789261085264	0.341635912026964	raw__HeLa_TE_GSE21992	RPL18A	NM_000980.4	634	0	1	4	0	0.0	1.5772870662460567	6.309148264984227	0.0	2	1	0	3
RPL19	2.95814861919273	0.47101998942892737	1.188280075458119	raw__HeLa_TE_GSE21992	RPL19	NM_000981.4	737	0	1	5	20	0.0	1.3568521031207599	6.784260515603799	27.137042062415198	1	0	0	1
RPL21	1.39903432569642	0.14582837015849084	0.16410241405714718	raw__HeLa_TE_GSE21992	RPL21	NM_000982.4	566	0	0	1	0	0.0	0.0	1.7667844522968197	0.0	0	0	0	0
RPL22	0.664159543832988	-0.17772758225344448	-0.8549237816888082	raw__HeLa_TE_GSE21992	RPL22	NM_000983.4	2061	3	2	6	11	1.455604075691412	0.970402717127608	2.911208151382824	5.337214944201844	3	3	2	8
RPL23	1.88175482502121	0.27456303828537265	0.5695469689913044	raw__HeLa_TE_GSE21992	RPL23	NM_000978.4	2706	0	0	2	3	0.0	0.0	0.7390983000739099	1.1086474501108647	1	0	0	1
RPL23A	1.65953116185412	0.2199854117878451	0.3976569738049028	raw__HeLa_TE_GSE21992	RPL23A	NM_000984.6	970	0	0	3	2	0.0	0.0	3.0927835051546393	2.0618556701030926	1	0	0	1
RPL24	0.922412893646668	-0.03507463502768634	-0.4056441778373584	raw__HeLa_TE_GSE21992	RPL24	NM_000986.4	560	0	1	1	8	0.0	1.7857142857142858	1.7857142857142858	14.285714285714286	1	0	0	1
RPL26	1.25757355529838	0.09953339629334365	0.0182982934767985	raw__HeLa_TE_GSE21992	RPL26	NM_000987.5	528	0	0	3	8	0.0	0.0	5.681818181818182	15.151515151515152	0	0	0	0
RPL27	2.05086652572309	0.3119373965808466	0.6872559768719403	raw__HeLa_TE_GSE21992	RPL27	NM_000988.5	505	0	0	6	9	0.0	0.0	11.881188118811881	17.821782178217823	3	0	0	3
RPL27A	0.562058542042088	-0.2502184474883594	-1.083230787249999	raw__HeLa_TE_GSE21992	RPL27A	NM_000990.5	4535	0	1	4	5	0.0	0.2205071664829107	0.8820286659316428	1.1025358324145536	1	0	0	1
RPL28	2.14675745805167	0.3317829803561599	0.7497588286543362	raw__HeLa_TE_GSE21992	RPL28	NM_000991.5	4209	0	1	0	5	0.0	0.23758612497030174	0.0	1.1879306248515087	0	0	0	0
RPL29	0.17728282686607	-0.7513333318470438	-2.6614715534392466	raw__HeLa_TE_GSE21992	RPL29	NM_000992.3	754	1	0	1	7	1.3262599469496021	0.0	1.3262599469496021	9.283819628647215	1	1	0	2
RPL3	1.48602463689752	0.17202600968024184	0.24661080477092914	raw__HeLa_TE_GSE21992	RPL3	NM_000967.4	1296	0	0	10	11	0.0	0.0	7.716049382716049	8.487654320987655	3	0	0	3
RPL30	1.68851321165983	0.22750446309314404	0.4213379173639396	raw__HeLa_TE_GSE21992	RPL30	NM_000989.4	498	0	0	4	6	0.0	0.0	8.032128514056225	12.048192771084338	0	0	0	0
RPL31	1.82787435785724	0.26194634043250287	0.5298111968009122	raw__HeLa_TE_GSE21992	RPL31	NM_000993.5	1291	0	0	1	6	0.0	0.0	0.774593338497289	4.647560030983733	1	0	0	1
RPL32	0.847867084493511	-0.07167222438876572	-0.5209067838320478	raw__HeLa_TE_GSE21992	RPL32	NM_000994.4	2094	0	0	3	2	0.0	0.0	1.4326647564469914	0.9551098376313276	0	0	0	0
RPL34	6.08060269826955	0.7839466278846215	2.17382968304838	raw__HeLa_TE_GSE21992	RPL34	NM_001319236.2	546	0	0	7	5	0.0	0.0	12.820512820512821	9.157509157509157	3	0	0	3
RPL35	1.93090997569807	0.28576202625533614	0.6048177220779525	raw__HeLa_TE_GSE21992	RPL35	NM_007209.4	452	0	0	2	5	0.0	0.0	4.424778761061947	11.061946902654867	0	0	0	0
RPL35A	2.52430075802274	0.40214109770685724	0.9713488322665951	raw__HeLa_TE_GSE21992	RPL35A	NM_000996.4	1234	1	2	2	7	0.8103727714748784	1.6207455429497568	1.6207455429497568	5.672609400324149	1	1	1	3
RPL36	2.44873887639658	0.38894247618786404	0.9297803153676484	raw__HeLa_TE_GSE21992	RPL36	NM_033643.3	607	0	0	2	5	0.0	0.0	3.2948929159802307	8.237232289950576	0	0	0	0
RPL36A	0.05959876	-1.224762776010766	-4.152518161742917	raw__HeLa_TE_GSE21992	RPL36A	NM_021029.6	761	0	0	2	0	0.0	0.0	2.628120893561104	0.0	0	0	0	0
RPL37	2.24954003	0.35209372573160586	0.8137266878095121	raw__HeLa_TE_GSE21992	RPL37	NM_000997.5	7573	0	0	8	4	0.0	0.0	1.056384523966724	0.528192261983362	3	0	0	3
RPL38	2.39124911030664	0.3786248214508301	0.8972852851346267	raw__HeLa_TE_GSE21992	RPL38	NM_000999.4	1145	0	0	2	4	0.0	0.0	1.7467248908296944	3.493449781659389	0	0	0	0
RPL4	0.384986552487173	-0.41455444005672826	-1.6008002526940326	raw__HeLa_TE_GSE21992	RPL4	NM_000968.4	2741	0	1	13	15	0.0	0.36483035388544327	4.742794600510763	5.472455308281649	1	0	0	1
RPL5	1.42132036389551	0.15269197841354976	0.1857190666240533	raw__HeLa_TE_GSE21992	RPL5	NM_000969.5	1028	0	0	3	11	0.0	0.0	2.9182879377431905	10.700389105058365	2	0	0	2
RPL6	0.371791850070351	-0.42970013448953165	-1.648500995841359	raw__HeLa_TE_GSE21992	RPL6	NM_000970.6	921	0	0	7	5	0.0	0.0	7.60043431053203	5.4288816503800215	0	0	0	0
RPL7	0.67203181	-0.17261016953470706	-0.8388067003124232	raw__HeLa_TE_GSE21992	RPL7	NM_000971.4	1233	1	0	3	1	0.8110300081103001	0.0	2.4330900243309004	0.8110300081103001	1	0	0	1
RPL7A	0.915561576323199	-0.03831244179583748	-0.41584151739768555	raw__HeLa_TE_GSE21992	RPL7A	NM_000972.3	887	0	0	5	0	0.0	0.0	5.636978579481398	0.0	4	0	0	4
RPL8	1.89029377241509	0.2765293035512008	0.5757396407648507	raw__HeLa_TE_GSE21992	RPL8	NM_001317782.2	1070	0	1	7	20	0.0	0.9345794392523364	6.542056074766355	18.69158878504673	4	0	0	4
RPL9	1.19252583210124	0.07646779535786666	-0.054345870225523916	raw__HeLa_TE_GSE21992	RPL9	NM_000661.5	724	1	2	3	0	1.3812154696132597	2.7624309392265194	4.143646408839779	0.0	0	0	0	0
RPLP0	0.6120177	-0.21323601755840677	-0.9667561416746921	raw__HeLa_TE_GSE21992	RPLP0	NM_001002.4	1105	1	2	11	21	0.9049773755656109	1.8099547511312217	9.95475113122172	19.004524886877828	4	1	1	6
RPLP1	0.409663879212476	-0.3875723268700483	-1.515821194361632	raw__HeLa_TE_GSE21992	RPLP1	NM_001003.3	1174	0	0	8	16	0.0	0.0	6.814310051107325	13.62862010221465	4	0	0	4
RPLP2	2.04962253106322	0.3116738865334393	0.6864260627901605	raw__HeLa_TE_GSE21992	RPLP2	NM_001004.4	462	0	0	3	4	0.0	0.0	6.4935064935064934	8.658008658008658	2	0	0	2
RPS10	0.0116002	-1.9355345230017362	-6.3910646140046845	raw__HeLa_TE_GSE21992	RPS10	NM_001014.5	588	0	0	5	6	0.0	0.0	8.503401360544217	10.204081632653061	1	0	0	1
RPS11	1.36987267479957	0.13668020277560733	0.1352906362587946	raw__HeLa_TE_GSE21992	RPS11	NM_001015.5	573	0	1	7	6	0.0	1.7452006980802792	12.216404886561955	10.471204188481675	2	0	0	2
RPS12	0.642135120859431	-0.1923735761848514	-0.901050738611049	raw__HeLa_TE_GSE21992	RPS12	NM_001016.4	503	0	0	2	5	0.0	0.0	3.9761431411530817	9.940357852882704	0	0	0	0
RPS13	0.5121380196826399	-0.29061298217094156	-1.21045171673583	raw__HeLa_TE_GSE21992	RPS13	NM_001017.3	527	0	0	4	2	0.0	0.0	7.590132827324478	3.795066413662239	1	0	0	1
RPS14	2.08044933612927	0.3181571441580933	0.706844816653421	raw__HeLa_TE_GSE21992	RPS14	NM_005617.4	2146	0	0	5	13	0.0	0.0	2.3299161230195713	6.0577819198508855	2	0	0	2
RPS15	1.79805891779174	0.2548039183497199	0.5073164315240741	raw__HeLa_TE_GSE21992	RPS15	NM_001018.5	501	0	0	1	4	0.0	0.0	1.996007984031936	7.984031936127744	0	0	0	0
RPS15A	2.10064376885176	0.3223524101693211	0.7200576348126769	raw__HeLa_TE_GSE21992	RPS15A	NM_001019.5	2203	0	0	2	4	0.0	0.0	0.9078529278256923	1.8157058556513845	1	0	0	1
RPS16	1.23959346142772	0.09327927676912504	-0.0013987993412964438	raw__HeLa_TE_GSE21992	RPS16	NM_001020.6	631	1	1	6	9	1.5847860538827259	1.5847860538827259	9.508716323296355	14.263074484944532	1	0	0	1
RPS17	0.00323279	-2.4904225059678877	-8.138661547802542	raw__HeLa_TE_GSE21992	RPS17	NM_001021.6	488	0	0	2	0	0.0	0.0	4.098360655737705	0.0	0	0	0	0
RPS18	0.61101060899707	-0.21395124902277088	-0.9690087338238265	raw__HeLa_TE_GSE21992	RPS18	NM_022551.3	549	0	0	3	0	0.0	0.0	5.46448087431694	0.0	0	0	0	0
RPS19	4.73799323671044	0.6755944364497619	1.8325789021076255	raw__HeLa_TE_GSE21992	RPS19	NM_001022.4	2021	0	0	3	8	0.0	0.0	1.4844136566056407	3.958436417615042	0	0	0	0
RPS2	0.43253111	-0.3639826502444122	-1.4415264757773958	raw__HeLa_TE_GSE21992	RPS2	NM_002952.4	945	0	0	4	7	0.0	0.0	4.232804232804233	7.407407407407407	1	0	0	1
RPS20	0.48778340112626	-0.3117729824600178	-1.2770942693942593	raw__HeLa_TE_GSE21992	RPS20	NM_001023.4	519	0	0	3	6	0.0	0.0	5.780346820809249	11.560693641618498	0	0	0	0
RPS21	1.49236858003338	0.1738760969342107	0.2524375786632224	raw__HeLa_TE_GSE21992	RPS21	NM_001024.4	358	0	0	6	4	0.0	0.0	16.75977653631285	11.1731843575419	4	0	0	4
RPS24	1.66545455805791	0.22153278746013977	0.4025303699917878	raw__HeLa_TE_GSE21992	RPS24	NM_033022.4	534	0	1	3	6	0.0	1.8726591760299625	5.617977528089888	11.235955056179776	0	0	0	0
RPS25	2.21811948678451	0.3459849372385081	0.7944873091106072	raw__HeLa_TE_GSE21992	RPS25	NM_001028.3	483	0	1	2	0	0.0	2.070393374741201	4.140786749482402	0.0	1	0	0	1
RPS26	2.80279080560628	0.447590684145854	1.1144904398368145	raw__HeLa_TE_GSE21992	RPS26	NM_001029.5	1140	0	0	0	0	0.0	0.0	0.0	0.0	0	0	0	0
RPS27A	1.28632216397153	0.10934975281266378	0.04921450554275152	raw__HeLa_TE_GSE21992	RPS27A	NM_002954.6	785	0	0	7	10	0.0	0.0	8.9171974522293	12.738853503184714	0	0	0	0
RPS28	1.30519949204456	0.11567689609784192	0.06914158369962616	raw__HeLa_TE_GSE21992	RPS28	NM_001031.5	1330	0	1	4	0	0.0	0.7518796992481203	3.007518796992481	0.0	1	0	0	1
RPS3	1.87639324752404	0.27332386140562315	0.5656442322553108	raw__HeLa_TE_GSE21992	RPS3	NM_001005.5	2059	0	1	10	13	0.0	0.48567265662943176	4.856726566294317	6.313744536182613	4	0	0	4
RPS3A	0.684486425539632	-0.16463516019863836	-0.8136897356446676	raw__HeLa_TE_GSE21992	RPS3A	NM_001006.5	869	0	1	4	8	0.0	1.1507479861910241	4.602991944764097	9.205983889528193	1	1	0	2
RPS4X	1.36231018768813	0.13427600439292198	0.12771871210328628	raw__HeLa_TE_GSE21992	RPS4X	NM_001007.5	1474	0	0	7	18	0.0	0.0	4.74898236092266	12.211668928086839	2	0	0	2
RPS5	2.08183146742394	0.31844556872382224	0.7077531979883446	raw__HeLa_TE_GSE21992	RPS5	NM_001009.4	741	0	0	4	13	0.0	0.0	5.398110661268556	17.54385964912281	1	0	0	1
RPS6	2.02268251392304	0.30592772000661683	0.66832874709468	raw__HeLa_TE_GSE21992	RPS6	NM_001010.3	1369	0	0	6	6	0.0	0.0	4.382761139517896	4.382761139517896	1	0	0	1
RPS7	1.63019676800602	0.21224002777924117	0.3732632046838496	raw__HeLa_TE_GSE21992	RPS7	NM_001011.4	732	0	0	3	9	0.0	0.0	4.098360655737705	12.295081967213115	1	0	0	1
RPS8	3.58042336229239	0.5539343822406994	1.4494155534171056	raw__HeLa_TE_GSE21992	RPS8	NM_001012.2	778	0	0	4	12	0.0	0.0	5.141388174807198	15.424164524421593	2	0	0	2
RPS9	2.99383100877358	0.47622728230347844	1.2046802306972135	raw__HeLa_TE_GSE21992	RPS9	NM_001013.4	713	0	0	9	0	0.0	0.0	12.622720897615709	0.0	2	0	0	2
RPSA	0.356006036089906	-0.44854263849253206	-1.7078446890399306	raw__HeLa_TE_GSE21992	RPSA	NM_002295.6	1140	0	2	5	3	0.0	1.7543859649122806	4.385964912280702	2.6315789473684212	2	1	0	3
RRBP1	0.11496292338668	-0.9394422010798066	-3.253912718472391	raw__HeLa_TE_GSE21992	RRBP1	NM_001365613.2	5049	0	0	0	0	0.0	0.0	0.0	0.0	0	0	0	0
RRM1	1.13038164974177	0.05322509869844901	-0.1275477896436811	raw__HeLa_TE_GSE21992	RRM1	NM_001033.5	3142	1	1	4	1	0.31826861871419476	0.31826861871419476	1.273074474856779	0.31826861871419476	1	1	0	2
RSL1D1	1.24173326005787	0.0940283139352308	0.0009602624783337669	raw__HeLa_TE_GSE21992	RSL1D1	NM_015659.3	5440	0	0	0	1	0.0	0.0	0.0	0.18382352941176472	0	0	0	0
RTCA	0.750162121758124	-0.12484486864002822	-0.6883718450840575	raw__HeLa_TE_GSE21992	RTCA	NM_003729.4	2526	0	0	0	1	0.0	0.0	0.0	0.39588281868566905	0	0	0	0
RTCB	1.3249787642845	0.12220891779888969	0.08971391802056694	raw__HeLa_TE_GSE21992	RTCB	NM_014306.5	2019	0	1	0	2	0.0	0.4952947003467063	0.0	0.9905894006934126	1	0	0	1
RUVBL1	1.60334323380241	0.2050265033833667	0.35054450558945005	raw__HeLa_TE_GSE21992	RUVBL1	NM_003707.3	1899	0	1	0	2	0.0	0.526592943654555	0.0	1.05318588730911	0	0	0	0
RUVBL2	1.15859675636516	0.0639323083036527	-0.09382587233784828	raw__HeLa_TE_GSE21992	RUVBL2	NM_006666.3	1545	0	0	0	1	0.0	0.0	0.0	0.6472491909385113	0	0	0	0
S100A10	2.87767232472309	0.45904134009868874	1.1505538109088977	raw__HeLa_TE_GSE21992	S100A10	NM_002966.3	671	0	1	1	1	0.0	1.4903129657228018	1.4903129657228018	1.4903129657228018	0	0	0	0
S100A11	2.14831088281502	0.33209712848077644	0.7507482252824692	raw__HeLa_TE_GSE21992	S100A11	NM_005620.2	563	0	0	0	2	0.0	0.0	0.0	3.552397868561279	0	0	0	0
S100A13	3.49980053252184	0.5440432928949435	1.418263973380783	raw__HeLa_TE_GSE21992	S100A13	NM_001024211.2	477	0	0	1	1	0.0	0.0	2.0964360587002098	2.0964360587002098	0	0	0	0
S100A4	2.93670393115003	0.46786016458573926	1.1783283367706539	raw__HeLa_TE_GSE21992	S100A4	NM_002961.3	513	0	1	2	12	0.0	1.949317738791423	3.898635477582846	23.391812865497077	1	0	0	1
SAE1	1.64800796848205	0.21695930727579169	0.3881263818134395	raw__HeLa_TE_GSE21992	SAE1	NM_005500.3	2522	0	0	1	3	0.0	0.0	0.3965107057890563	1.189532117367169	0	0	0	0
SAFB	1.98968650428402	0.29878465420625644	0.6458319544557455	raw__HeLa_TE_GSE21992	SAFB	NM_001201338.2	3064	0	0	0	0	0.0	0.0	0.0	0.0	0	0	0	0
SAP18	2.27439391506033	0.35686568476748226	0.828755776986625	raw__HeLa_TE_GSE21992	SAP18	NM_005870.5	2708	0	0	0	1	0.0	0.0	0.0	0.36927621861152143	0	0	0	0
SARNP	4.23513364273995	0.6268671193630055	1.6791142163564368	raw__HeLa_TE_GSE21992	SARNP	NM_033082.4	898	0	0	0	1	0.0	0.0	0.0	1.1135857461024499	0	0	0	0
SART3	0.98560393	-0.006297573469106866	-0.31501200325924456	raw__HeLa_TE_GSE21992	SART3	NM_014706.4	4154	0	0	0	0	0.0	0.0	0.0	0.0	0	0	0	0
SCP2	2.07493963707055	0.31700546699100896	0.7032176566721164	raw__HeLa_TE_GSE21992	SCP2	NM_002979.5	2759	1	1	1	3	0.3624501631025734	0.3624501631025734	0.3624501631025734	1.0873504893077202	0	0	0	0
SDHA	0.615361997802096	-0.2108693274815618	-0.9593023483893611	raw__HeLa_TE_GSE21992	SDHA	NM_004168.4	2693	0	1	1	1	0.0	0.37133308577794283	0.37133308577794283	0.37133308577794283	0	0	0	0
SEC13	1.83070590848173	0.262618583197432	0.5319283978051184	raw__HeLa_TE_GSE21992	SEC13	NM_183352.3	1359	0	0	0	5	0.0	0.0	0.0	3.679175864606328	0	0	0	0
SEC23B	0.993937733986356	-0.0026408214710418546	-0.30349521288775905	raw__HeLa_TE_GSE21992	SEC23B	NM_006363.6	3026	0	0	1	0	0.0	0.0	0.3304692663582287	0.0	0	0	0	0
SEC31A	0.956866970779064	-0.019148436175536115	-0.35548526804750535	raw__HeLa_TE_GSE21992	SEC31A	NM_001077207.4	4298	0	0	2	2	0.0	0.0	0.46533271288971617	0.46533271288971617	0	0	0	0
SERBP1	0.87342644	-0.0587736654347161	-0.4802833016690127	raw__HeLa_TE_GSE21992	SERBP1	NM_001018069.2	6681	0	0	1	23	0.0	0.0	0.149678191887442	3.442598413411166	0	0	0	0
SERPINH1	1.30801252918648	0.11661190402684943	0.07208635280613226	raw__HeLa_TE_GSE21992	SERPINH1	NM_001235.5	2058	0	0	1	2	0.0	0.0	0.4859086491739553	0.9718172983479106	0	0	0	0
SET	1.42320963639286	0.1532688756450622	0.18753598078304873	raw__HeLa_TE_GSE21992	SET	NM_003011.4	2927	0	1	2	4	0.0	0.341646737273659	0.683293474547318	1.366586949094636	1	0	0	1
SF1	1.59949911137852	0.20398400314253132	0.3472611938575422	raw__HeLa_TE_GSE21992	SF1	NM_004630.4	3282	1	0	0	1	0.30469226081657524	0.0	0.0	0.30469226081657524	1	0	0	1
SF3A1	1.27152597233367	0.10432523555065389	0.033389994595578	raw__HeLa_TE_GSE21992	SF3A1	NM_005877.6	5090	0	0	0	2	0.0	0.0	0.0	0.3929273084479371	0	0	0	0
SF3A2	1.42664755984703	0.15431669790899932	0.1908360540083385	raw__HeLa_TE_GSE21992	SF3A2	NM_007165.5	1619	0	0	0	0	0.0	0.0	0.0	0.0	0	0	0	0
SF3A3	1.98016567366813	0.2967015277109393	0.6392712330350557	raw__HeLa_TE_GSE21992	SF3A3	NM_006802.4	2774	0	0	3	2	0.0	0.0	1.0814708002883922	0.7209805335255948	0	0	0	0
SF3B1	0.919264898744832	-0.03655932268810895	-0.41032014070311096	raw__HeLa_TE_GSE21992	SF3B1	NM_012433.4	6463	0	0	2	4	0.0	0.0	0.3094538140182578	0.6189076280365156	0	0	0	0
SF3B2	1.96658270193333	0.29371221478749315	0.6298565146422528	raw__HeLa_TE_GSE21992	SF3B2	NM_006842.3	3272	0	0	0	2	0.0	0.0	0.0	0.6112469437652812	0	0	0	0
SF3B3	0.974850777920012	-0.0110618574149725	-0.3300169200552982	raw__HeLa_TE_GSE21992	SF3B3	NM_012426.5	9692	0	0	1	0	0.0	0.0	0.10317787866281469	0.0	0	0	0	0
SF3B4	1.47046088016923	0.1674534751180781	0.232209794790849	raw__HeLa_TE_GSE21992	SF3B4	NM_005850.5	1544	0	0	0	0	0.0	0.0	0.0	0.0	0	0	0	0
SFPQ	1.81428573301892	0.25870568542595945	0.5196048868306394	raw__HeLa_TE_GSE21992	SFPQ	NM_005066.3	3740	0	0	5	4	0.0	0.0	1.3368983957219251	1.0695187165775402	0	0	0	0
SH3BGRL	2.46800412615858	0.392345881441595	0.9404992005633556	raw__HeLa_TE_GSE21992	SH3BGRL	NM_003022.3	1764	0	0	0	0	0.0	0.0	0.0	0.0	0	0	0	0
SH3BGRL3	3.50791840609045	0.5450494831555798	1.4214329283199505	raw__HeLa_TE_GSE21992	SH3BGRL3	NM_031286.4	751	0	0	0	0	0.0	0.0	0.0	0.0	0	0	0	0
SH3GL1	1.36964452426706	0.13660786556409052	0.13506281317931373	raw__HeLa_TE_GSE21992	SH3GL1	NM_003025.4	2516	0	0	0	2	0.0	0.0	0.0	0.794912559618442	0	0	0	0
SHMT2	1.22414714790725	0.0878336250669974	-0.018549655927336196	raw__HeLa_TE_GSE21992	SHMT2	NM_005412.6	2157	1	3	5	1	0.46360686138154844	1.3908205841446453	2.3180343069077423	0.46360686138154844	1	1	1	3
SLC3A2	1.30612040893161	0.11598321562519559	0.07010632448190823	raw__HeLa_TE_GSE21992	SLC3A2	NM_001013251.3	1885	0	0	3	13	0.0	0.0	1.5915119363395225	6.896551724137931	0	0	0	0
SLIRP	1.42432001332758	0.15360757666618832	0.18860270575126692	raw__HeLa_TE_GSE21992	SLIRP	NM_031210.6	376	0	0	0	3	0.0	0.0	0.0	7.9787234042553195	0	0	0	0
SMARCC1	0.908119251964774	-0.041857117261281995	-0.42700532732848595	raw__HeLa_TE_GSE21992	SMARCC1	NM_003074.4	6354	1	0	1	1	0.15738117721120554	0.0	0.15738117721120554	0.15738117721120554	1	0	0	1
SMC1A	0.701013987558338	-0.15427331632892527	-0.7810555335514725	raw__HeLa_TE_GSE21992	SMC1A	NM_006306.4	9710	0	0	0	1	0.0	0.0	0.0	0.10298661174047374	0	0	0	0
SMC4	0.545298343141689	-0.263365821890503	-1.1246379034572356	raw__HeLa_TE_GSE21992	SMC4	NM_001002800.3	5116	0	0	0	1	0.0	0.0	0.0	0.19546520719311963	0	0	0	0
SMS	0.906060403096633	-0.042842848838499016	-0.43010984848369954	raw__HeLa_TE_GSE21992	SMS	NM_004595.5	1703	0	1	1	1	0.0	0.5871990604815033	0.5871990604815033	0.5871990604815033	0	0	0	0
SMU1	1.51076134556854	0.17919586441267293	0.2691919680521981	raw__HeLa_TE_GSE21992	SMU1	NM_018225.3	7136	0	0	1	0	0.0	0.0	0.14013452914798205	0.0	0	0	0	0
SNAPIN	1.72163582301207	0.23594129068158262	0.4479093596678826	raw__HeLa_TE_GSE21992	SNAPIN	NM_012437.6	1003	0	1	1	2	0.0	0.9970089730807578	0.9970089730807578	1.9940179461615155	1	0	0	1
SND1	0.776099143145033	-0.11008279604786755	-0.641879303182794	raw__HeLa_TE_GSE21992	SND1	NM_014390.4	3448	1	2	1	4	0.2900232018561485	0.580046403712297	0.2900232018561485	1.160092807424594	2	1	1	4
SNRNP200	0.56048472	-0.2514362226945899	-1.0870661202934129	raw__HeLa_TE_GSE21992	SNRNP200	NM_014014.5	7194	3	0	2	4	0.4170141784820684	0.0	0.2780094523213789	0.5560189046427578	3	1	0	4
SNRNP40	1.46847853114735	0.16686760160965708	0.23036461021605092	raw__HeLa_TE_GSE21992	SNRNP40	NM_004814.3	1615	0	0	1	0	0.0	0.0	0.6191950464396285	0.0	0	0	0	0
SNRNP70	0.596982611769931	-0.2240383183217957	-1.0007775446813822	raw__HeLa_TE_GSE21992	SNRNP70	NM_003089.6	1671	0	0	2	1	0.0	0.0	1.196888090963495	0.5984440454817475	0	0	0	0
SNRPA	0.703496856898537	-0.15273783857702625	-0.7762196093766699	raw__HeLa_TE_GSE21992	SNRPA	NM_004596.5	1277	0	0	1	1	0.0	0.0	0.7830853563038371	0.7830853563038371	0	0	0	0
SNRPA1	1.4201957297552	0.1523482024779558	0.18463635842095613	raw__HeLa_TE_GSE21992	SNRPA1	NM_003090.4	1052	0	0	0	1	0.0	0.0	0.0	0.9505703422053232	0	0	0	0
SNRPB2	1.41112020462999	0.14956401019939636	0.1758676590825692	raw__HeLa_TE_GSE21992	SNRPB2	NM_003092.5	2411	0	0	0	0	0.0	0.0	0.0	0.0	0	0	0	0
SNRPC	1.39807625814611	0.14553086067204765	0.16316542013721286	raw__HeLa_TE_GSE21992	SNRPC	NM_003093.3	806	0	0	0	6	0.0	0.0	0.0	7.444168734491315	0	0	0	0
SNRPD2	2.00157933833013	0.3013728092880312	0.6539832426867952	raw__HeLa_TE_GSE21992	SNRPD2	NM_001384647.1	515	0	0	2	4	0.0	0.0	3.883495145631068	7.766990291262136	0	0	0	0
SNRPF	4.64937984146705	0.6673950282898717	1.8067552025519347	raw__HeLa_TE_GSE21992	SNRPF	NM_003095.5	452	0	0	0	1	0.0	0.0	0.0	2.2123893805309733	0	0	0	0
SOD1	2.55954825388851	0.4081633215010206	0.9903155789981897	raw__HeLa_TE_GSE21992	SOD1	NM_000454.5	895	0	2	3	6	0.0	2.2346368715083798	3.35195530726257	6.70391061452514	0	0	0	0
SOD2	2.55024162042044	0.4065813292356004	0.9853331592716683	raw__HeLa_TE_GSE21992	SOD2	NM_000636.4	14167	0	0	1	0	0.0	0.0	0.07058657443354274	0.0	0	0	0	0
SON	0.411246375590659	-0.38589791656273087	-1.5105477078043172	raw__HeLa_TE_GSE21992	SON	NM_138927.4	8393	0	1	1	1	0.0	0.11914690813773382	0.11914690813773382	0.11914690813773382	1	0	0	1
SORD	1.35598308210324	0.13225427109812224	0.12135134604849718	raw__HeLa_TE_GSE21992	SORD	NM_003104.6	4818	0	0	0	1	0.0	0.0	0.0	0.20755500207555003	0	0	0	0
SPTAN1	0.332591027266127	-0.4780894714766101	-1.8009012271368494	raw__HeLa_TE_GSE21992	SPTAN1	NM_001130438.3	7875	3	0	4	1	0.38095238095238093	0.0	0.5079365079365079	0.12698412698412698	2	0	0	2
SPTBN1	0.0279217657991512	-1.5540571199823294	-5.189617186244202	raw__HeLa_TE_GSE21992	SPTBN1	NM_003128.3	10211	0	0	1	1	0.0	0.0	0.09793360101850945	0.09793360101850945	0	0	0	0
SRP14	3.29731432	0.5181603487006253	1.3367467026879507	raw__HeLa_TE_GSE21992	SRP14	NM_003134.6	1119	0	0	1	1	0.0	0.0	0.8936550491510277	0.8936550491510277	0	0	0	0
SRP9	1.30210968154231	0.11464756801277018	0.06589975713180675	raw__HeLa_TE_GSE21992	SRP9	NM_003133.6	1481	0	0	0	1	0.0	0.0	0.0	0.675219446320054	0	0	0	0
SRRM2	0.253296424218504	-0.5963709410943062	-2.1734238622893205	raw__HeLa_TE_GSE21992	SRRM2	NM_016333.4	9044	1	1	1	1	0.11057054400707651	0.11057054400707651	0.11057054400707651	0.11057054400707651	1	0	0	1
SRRT	0.920825764410106	-0.035822537787691226	-0.4079996668915216	raw__HeLa_TE_GSE21992	SRRT	NM_015908.6	2990	0	0	2	1	0.0	0.0	0.6688963210702341	0.33444816053511706	0	0	0	0
SRSF1	0.65708988	-0.18237522143222298	-0.8695613305771712	raw__HeLa_TE_GSE21992	SRSF1	NM_006924.5	5343	0	1	0	3	0.0	0.18716077110237694	0.0	0.5614823133071308	0	0	0	0
SRSF10	1.16225823428701	0.06530263172562842	-0.08951009494841031	raw__HeLa_TE_GSE21992	SRSF10	NM_054016.4	7656	0	0	1	1	0.0	0.0	0.13061650992685475	0.13061650992685475	0	0	0	0
SRSF2	1.0643788739912	0.02709624599951408	-0.20983953908151315	raw__HeLa_TE_GSE21992	SRSF2	NM_001195427.2	1888	0	0	0	7	0.0	0.0	0.0	3.707627118644068	0	0	0	0
SRSF3	1.57982729888256	0.19860961401663013	0.3303347758312315	raw__HeLa_TE_GSE21992	SRSF3	NM_003017.5	4228	0	0	2	6	0.0	0.0	0.47303689687795647	1.4191106906338695	0	0	0	0
SRSF5	1.44479492683457	0.15980620801675877	0.2081250408432867	raw__HeLa_TE_GSE21992	SRSF5	NM_001320214.2	1496	0	0	0	1	0.0	0.0	0.0	0.6684491978609626	0	0	0	0
SRSF7	2.01330886567282	0.30391040597041863	0.6619752993135224	raw__HeLa_TE_GSE21992	SRSF7	NM_001031684.3	2356	0	0	2	0	0.0	0.0	0.8488964346349746	0.0	0	0	0	0
SRSF9	2.19293275796392	0.3410253150824744	0.778867182636884	raw__HeLa_TE_GSE21992	SRSF9	NM_003769.3	1152	0	0	1	0	0.0	0.0	0.8680555555555556	0.0	0	0	0	0
SSB	3.18959295708609	0.5037352636933321	1.2913154893577157	raw__HeLa_TE_GSE21992	SSB	NM_003142.5	1650	0	0	0	0	0.0	0.0	0.0	0.0	0	0	0	0
SSBP1	1.14966294264408	0.06057053287033257	-0.10441364612235568	raw__HeLa_TE_GSE21992	SSBP1	NM_003143.3	677	0	0	3	3	0.0	0.0	4.431314623338257	4.431314623338257	0	0	0	0
SSRP1	0.749475899019683	-0.1252423282473913	-0.6896236278086052	raw__HeLa_TE_GSE21992	SSRP1	NM_003146.3	2831	0	0	6	3	0.0	0.0	2.1193924408336278	1.0596962204168139	0	0	0	0
STIP1	1.44559777106008	0.16004746992292662	0.20888488531713412	raw__HeLa_TE_GSE21992	STIP1	NM_006819.3	2140	0	0	0	1	0.0	0.0	0.0	0.4672897196261682	0	0	0	0
STMN1	2.49141990154896	0.3964469292857332	0.9534152824713891	raw__HeLa_TE_GSE21992	STMN1	NM_005563.4	1443	0	0	1	3	0.0	0.0	0.693000693000693	2.079002079002079	0	0	0	0
STRAP	1.1144992096178	0.04707976482276187	-0.14690226652549543	raw__HeLa_TE_GSE21992	STRAP	NM_007178.4	1874	1	1	1	2	0.5336179295624333	0.5336179295624333	0.5336179295624333	1.0672358591248665	0	0	0	0
SUB1	2.63734784005274	0.4211674127107883	1.0312714306703352	raw__HeLa_TE_GSE21992	SUB1	NM_006713.4	3449	0	0	2	5	0.0	0.0	0.5798782255726298	1.4496955639315743	0	0	0	0
SUGP2	0.145713520140567	-0.8365001500143047	-2.9297009526322437	raw__HeLa_TE_GSE21992	SUGP2	NM_001017392.5	6189	1	0	1	1	0.16157699143641946	0.0	0.16157699143641946	0.16157699143641946	0	0	0	0
SUGT1	1.34299802781822	0.12807537491123716	0.10819008397931047	raw__HeLa_TE_GSE21992	SUGT1	NM_006704.5	14161	0	0	0	0	0.0	0.0	0.0	0.0	0	0	0	0
SUMO2	2.597921385534	0.41462600495665836	1.0106695353603472	raw__HeLa_TE_GSE21992	SUMO2	NM_006937.4	3166	0	0	0	3	0.0	0.0	0.0	0.9475679090334808	0	0	0	0
SUPT16H	1.06739663735134	0.02832583030000452	-0.20596701378028648	raw__HeLa_TE_GSE21992	SUPT16H	NM_007192.4	4433	1	0	0	2	0.22558087074216107	0.0	0.0	0.45116174148432214	1	0	0	1
SYNCRIP	1.94131246403008	0.28809544290127287	0.612166722057937	raw__HeLa_TE_GSE21992	SYNCRIP	NM_006372.5	2754	0	0	2	2	0.0	0.0	0.7262164124909223	0.7262164124909223	0	0	0	0
TAF15	1.29154937304119	0.11111101293247976	0.0547615220208478	raw__HeLa_TE_GSE21992	TAF15	NM_139215.3	2162	0	0	1	0	0.0	0.0	0.46253469010175763	0.0	0	0	0	0
TAGLN	2.18107535293058	0.3386706700705083	0.7714513247891471	raw__HeLa_TE_GSE21992	TAGLN	NM_003186.5	3786	0	0	2	0	0.0	0.0	0.5282620179609087	0.0	1	0	0	1
TAGLN2	2.12617072165147	0.32759813342077115	0.7365788249469125	raw__HeLa_TE_GSE21992	TAGLN2	NM_003564.3	1375	1	0	0	5	0.7272727272727273	0.0	0.0	3.6363636363636362	1	0	0	1
TALDO1	1.82552558143055	0.2613879231779863	0.5280524845711819	raw__HeLa_TE_GSE21992	TALDO1	NM_006755.2	1199	0	0	1	1	0.0	0.0	0.8340283569641368	0.8340283569641368	0	0	0	0
TARDBP	1.24070888512814	0.09366989236597434	-0.0001685715470335005	raw__HeLa_TE_GSE21992	TARDBP	NM_007375.4	4185	0	0	0	4	0.0	0.0	0.0	0.955794504181601	0	0	0	0
TBCA	2.12311533439853	0.32697358706865115	0.7346118418377358	raw__HeLa_TE_GSE21992	TBCA	NM_004607.3	661	0	0	0	1	0.0	0.0	0.0	1.51285930408472	0	0	0	0
TBCB	1.48291421227084	0.17111602748485846	0.24374485318559874	raw__HeLa_TE_GSE21992	TBCB	NM_001281.3	987	0	0	0	2	0.0	0.0	0.0	2.026342451874367	0	0	0	0
TCEA1	2.18635275526231	0.3397202341481226	0.7747568837851418	raw__HeLa_TE_GSE21992	TCEA1	NM_006756.4	2777	0	0	0	2	0.0	0.0	0.0	0.7202016564638098	0	0	0	0
TCOF1	0.508825594014107	-0.29343105172375417	-1.2193271111594013	raw__HeLa_TE_GSE21992	TCOF1	NM_001371623.1	5026	0	0	0	0	0.0	0.0	0.0	0.0	0	0	0	0
TCP1	0.785577614915708	-0.10481090029378258	-0.6252756838254383	raw__HeLa_TE_GSE21992	TCP1	NM_030752.3	2352	0	1	5	5	0.0	0.42517006802721086	2.1258503401360542	2.1258503401360542	0	0	0	0
TFRC	1.35549403088183	0.13209760944081939	0.12085794658707316	raw__HeLa_TE_GSE21992	TFRC	NM_001128148.3	5012	0	0	5	2	0.0	0.0	0.9976057462090981	0.39904229848363926	0	0	0	0
THRAP3	0.690619386116383	-0.16076123489881147	-0.8014889668704908	raw__HeLa_TE_GSE21992	THRAP3	NM_005119.4	4405	0	0	0	1	0.0	0.0	0.0	0.22701475595913734	0	0	0	0
TIPRL	0.806344702326344	-0.09347926301410193	-0.5895871571807958	raw__HeLa_TE_GSE21992	TIPRL	NM_152902.5	2998	0	0	0	0	0.0	0.0	0.0	0.0	0	0	0	0
TKT	0.796903154416066	-0.0985944540848	-0.6056972415678412	raw__HeLa_TE_GSE21992	TKT	NM_001064.4	2996	0	0	6	5	0.0	0.0	2.0026702269692924	1.6688918558077437	3	0	0	3
TLN1	0.592216756102274	-0.227519308902467	-1.0117407816807524	raw__HeLa_TE_GSE21992	TLN1	NM_006289.4	8623	1	0	6	1	0.11596892032935173	0.0	0.6958135219761103	0.11596892032935173	1	0	0	1
TMA7	1.86058240985065	0.269648910772905	0.5540701260307243	raw__HeLa_TE_GSE21992	TMA7	NM_015933.6	561	0	0	1	0	0.0	0.0	1.7825311942959001	0.0	0	0	0	0
TMED2	1.34128020821671	0.12751951623334662	0.1064394298816785	raw__HeLa_TE_GSE21992	TMED2	NM_006815.4	2544	0	0	1	1	0.0	0.0	0.39308176100628933	0.39308176100628933	0	0	0	0
TMPO	1.43787764192958	0.15772193076472174	0.20156069516152642	raw__HeLa_TE_GSE21992	TMPO	NM_001032283.3	4136	0	0	3	0	0.0	0.0	0.7253384912959381	0.0	1	0	0	1
TMSB10	1.41909532447374	0.15201156917309533	0.18357614564027264	raw__HeLa_TE_GSE21992	TMSB10	NM_021103.4	461	0	0	0	7	0.0	0.0	0.0	15.184381778741866	0	0	0	0
TMSB4X	0.232364658778985	-0.6338299247516591	-2.291399394274787	raw__HeLa_TE_GSE21992	TMSB4X	NM_021109.4	622	0	0	3	13	0.0	0.0	4.823151125401929	20.90032154340836	0	0	0	0
TNPO1	1.3968360895949	0.14514544723022427	0.16195157631674556	raw__HeLa_TE_GSE21992	TNPO1	NM_002270.4	8489	0	2	0	0	0.0	0.23559901048415596	0.0	0.0	2	0	0	2
TPD52L2	3.61406980553479	0.5579965366769846	1.4622091421330075	raw__HeLa_TE_GSE21992	TPD52L2	NM_003288.4	2310	0	0	1	0	0.0	0.0	0.4329004329004329	0.0	0	0	0	0
TPI1	1.86992864744984	0.2718250350872928	0.5609237402666251	raw__HeLa_TE_GSE21992	TPI1	NM_000365.6	1351	1	1	3	13	0.7401924500370096	0.7401924500370096	2.220577350111029	9.622501850481125	1	1	1	3
TPM1	2.01518083149619	0.3043140234782346	0.6632464760928714	raw__HeLa_TE_GSE21992	TPM1	NM_001018005.2	1217	0	0	0	0	0.0	0.0	0.0	0.0	0	0	0	0
TPM3	2.84031662792048	0.45336675627726947	1.1326819420068528	raw__HeLa_TE_GSE21992	TPM3	NM_152263.4	7064	0	0	0	0	0.0	0.0	0.0	0.0	0	0	0	0
TPM4	2.78253787	0.44444108374173613	1.1045709026006645	raw__HeLa_TE_GSE21992	TPM4	NM_003290.3	2474	3	1	4	2	1.2126111560226354	0.4042037186742118	1.6168148746968471	0.8084074373484236	2	0	0	2
TPP2	0.989299016610311	-0.004672422622709412	-0.30989365735284846	raw__HeLa_TE_GSE21992	TPP2	NM_001330588.2	5484	0	0	1	0	0.0	0.0	0.18234865061998543	0.0	0	0	0	0
TPR	0.3118756	-0.5060186015169005	-1.8888628761910344	raw__HeLa_TE_GSE21992	TPR	NM_003292.3	9636	0	0	0	0	0.0	0.0	0.0	0.0	0	0	0	0
TPT1	1.2685593046368	0.10331077512453736	0.0301949931095778	raw__HeLa_TE_GSE21992	TPT1	NM_003295.4	4548	0	1	6	21	0.0	0.2198768689533861	1.3192612137203166	4.617414248021108	2	0	0	2
TRA2B	2.01976544985873	0.3053009388790762	0.666354725652015	raw__HeLa_TE_GSE21992	TRA2B	NM_004593.3	4178	0	0	1	1	0.0	0.0	0.23934897079942558	0.23934897079942558	0	0	0	0
TRAP1	0.758560596149539	-0.12000972071480241	-0.6731437450927495	raw__HeLa_TE_GSE21992	TRAP1	NM_016292.3	2223	0	0	3	0	0.0	0.0	1.349527665317139	0.0	0	0	0	0
TRIM25	1.14266544078444	0.05791909260894382	-0.11276424842983769	raw__HeLa_TE_GSE21992	TRIM25	NM_005082.5	5745	0	0	0	0	0.0	0.0	0.0	0.0	0	0	0	0
TRIM28	0.667385751850077	-0.17562306942072514	-0.8482957048760096	raw__HeLa_TE_GSE21992	TRIM28	NM_005762.3	3364	0	0	0	5	0.0	0.0	0.0	1.4863258026159334	0	0	0	0
TRMT112	2.84891697	0.4546797921681208	1.136817294667677	raw__HeLa_TE_GSE21992	TRMT112	NM_016404.3	812	0	0	1	0	0.0	0.0	1.2315270935960592	0.0	0	0	0	0
TSN	1.71496843437569	0.23425613084956687	0.4426020179236127	raw__HeLa_TE_GSE21992	TSN	NM_004622.3	3302	0	0	0	0	0.0	0.0	0.0	0.0	0	0	0	0
TUBA1C	0.543074511435414	-0.2651405798306744	-1.1302274307666893	raw__HeLa_TE_GSE21992	TUBA1C	NM_032704.5	2823	0	0	3	22	0.0	0.0	1.0626992561105206	7.793127878143818	0	0	0	0
TUBB	1.64090850512715	0.21508436604627662	0.3822213313449892	raw__HeLa_TE_GSE21992	TUBB	NM_178014.4	2515	0	0	8	0	0.0	0.0	3.1809145129224654	0.0	0	0	0	0
TUBB3	1.2841807619893	0.1086261595654693	0.04693557830169961	raw__HeLa_TE_GSE21992	TUBB3	NM_006086.4	1706	0	0	0	0	0.0	0.0	0.0	0.0	0	0	0	0
TUBB4B	1.53177037270851	0.18519366520510072	0.28808179554196833	raw__HeLa_TE_GSE21992	TUBB4B	NM_006088.6	1563	0	0	1	5	0.0	0.0	0.6397952655150352	3.198976327575176	1	0	0	1
TUFM	1.0772298698067	0.032308387175764626	-0.19342411431515516	raw__HeLa_TE_GSE21992	TUFM	NM_003321.5	2011	0	0	2	3	0.0	0.0	0.9945300845350572	1.4917951268025857	0	0	0	0
TXLNA	2.38991618721721	0.378382670794446	0.8965226415784411	raw__HeLa_TE_GSE21992	TXLNA	NM_175852.4	4865	0	0	0	0	0.0	0.0	0.0	0.0	0	0	0	0
TXN	1.54793880442574	0.18975378746731877	0.30244371349267973	raw__HeLa_TE_GSE21992	TXN	NM_003329.4	737	1	1	0	8	1.3568521031207599	1.3568521031207599	0.0	10.854816824966079	1	1	0	2
TXNDC12	2.16112118291124	0.33467912023542146	0.7588801023676217	raw__HeLa_TE_GSE21992	TXNDC12	NM_015913.4	1416	0	0	0	0	0.0	0.0	0.0	0.0	0	0	0	0
TXNDC17	1.68025741567343	0.2253758207988656	0.4146338458020576	raw__HeLa_TE_GSE21992	TXNDC17	NM_032731.4	1917	0	0	1	1	0.0	0.0	0.5216484089723527	0.5216484089723527	0	0	0	0
TXNDC5	1.07462850127773	0.031258354735839114	-0.19673114839903086	raw__HeLa_TE_GSE21992	TXNDC5	NM_030810.5	2938	0	3	2	2	0.0	1.0211027910142954	0.6807351940095303	0.6807351940095303	1	0	0	1
TXNRD1	1.03332249161033	0.01423588247734355	-0.25034272629910703	raw__HeLa_TE_GSE21992	TXNRD1	NM_001093771.3	3860	0	1	4	2	0.0	0.25906735751295334	1.0362694300518134	0.5181347150259067	1	0	0	1
TYMP	0.74264499	-0.1292187444218881	-0.7021471873870775	raw__HeLa_TE_GSE21992	TYMP	NM_001953.5	1586	0	0	0	1	0.0	0.0	0.0	0.6305170239596469	0	0	0	0
U2AF1	0.378193181743006	-0.4222863050998657	-1.6251514443880686	raw__HeLa_TE_GSE21992	U2AF1	NM_006758.3	945	0	0	0	0	0.0	0.0	0.0	0.0	0	0	0	0
U2AF2	1.4310255649963	0.15564739241641384	0.1950270217574475	raw__HeLa_TE_GSE21992	U2AF2	NM_007279.3	2146	0	0	0	4	0.0	0.0	0.0	1.8639328984156571	0	0	0	0
UBA1	1.14800503063645	0.059943791174205376	-0.10638754337740215	raw__HeLa_TE_GSE21992	UBA1	NM_003334.4	3572	0	1	9	5	0.0	0.2799552071668533	2.5195968645016795	1.3997760358342666	0	0	0	0
UBA2	0.84484891	-0.0732209519027748	-0.5257844375889427	raw__HeLa_TE_GSE21992	UBA2	NM_005499.3	4005	0	0	1	1	0.0	0.0	0.24968789013732834	0.24968789013732834	0	0	0	0
UBAP2L	0.829746781436948	-0.08105442353145141	-0.5504556350549415	raw__HeLa_TE_GSE21992	UBAP2L	NM_014847.4	3877	1	0	1	0	0.25793139025019346	0.0	0.25793139025019346	0.0	1	0	0	1
UBE2I	2.00877231889654	0.30293071512037983	0.6588898031806892	raw__HeLa_TE_GSE21992	UBE2I	NM_003345.5	2850	0	0	2	0	0.0	0.0	0.7017543859649122	0.0	0	0	0	0
UBE2L3	1.17932725495536	0.07163433545990762	-0.06956865384421942	raw__HeLa_TE_GSE21992	UBE2L3	NM_003347.4	2861	0	0	0	3	0.0	0.0	0.0	1.048584411045089	0	0	0	0
UBE2M	0.898547539862276	-0.046458940531996035	-0.44149858089435046	raw__HeLa_TE_GSE21992	UBE2M	NM_003969.4	1159	0	0	0	2	0.0	0.0	0.0	1.7256255392579811	0	0	0	0
UBE2N	1.32552977427331	0.12238948737456166	0.09028261448988797	raw__HeLa_TE_GSE21992	UBE2N	NM_003348.4	4877	0	0	0	2	0.0	0.0	0.0	0.4100881689563256	0	0	0	0
UBQLN1	1.06065510964145	0.025574188491946787	-0.2146331967474621	raw__HeLa_TE_GSE21992	UBQLN1	NM_013438.5	3868	1	0	0	1	0.25853154084798347	0.0	0.0	0.25853154084798347	1	0	0	1
UBXN1	1.49188263027299	0.17373465756707154	0.2519921211800573	raw__HeLa_TE_GSE21992	UBXN1	NM_001286077.2	1134	0	0	0	0	0.0	0.0	0.0	0.0	0	0	0	0
UBXN7	2.87029102405728	0.4579259328784165	1.147040881636824	raw__HeLa_TE_GSE21992	UBXN7	NM_015562.2	10521	0	0	0	0	0.0	0.0	0.0	0.0	0	0	0	0
UCHL5	1.16791905390263	0.06741274375101017	-0.0828643837080714	raw__HeLa_TE_GSE21992	UCHL5	NM_001199261.3	5184	0	0	1	2	0.0	0.0	0.19290123456790123	0.38580246913580246	0	0	0	0
UGDH	1.65925236556156	0.21991244547912475	0.397427169409593	raw__HeLa_TE_GSE21992	UGDH	NM_003359.4	3037	0	0	0	0	0.0	0.0	0.0	0.0	0	0	0	0
UGP2	0.720734999307973	-0.14222438783752378	-0.7431079276679129	raw__HeLa_TE_GSE21992	UGP2	NM_006759.4	2150	0	0	0	2	0.0	0.0	0.0	0.9302325581395349	0	0	0	0
UQCRC1	1.00726117554115	0.0031420945751128794	-0.2852821560890737	raw__HeLa_TE_GSE21992	UQCRC1	NM_003365.3	1595	0	1	4	4	0.0	0.6269592476489029	2.5078369905956115	2.5078369905956115	1	0	0	1
UQCRC2	0.993720239903347	-0.002735864463060792	-0.30379454689125174	raw__HeLa_TE_GSE21992	UQCRC2	NM_003366.4	1914	0	0	1	0	0.0	0.0	0.522466039707419	0.0	0	0	0	0
USP14	1.23324209704086	0.09104834106299094	-0.008425039806442611	raw__HeLa_TE_GSE21992	USP14	NM_005151.4	4972	0	0	0	0	0.0	0.0	0.0	0.0	0	0	0	0
USP5	1.4443411362693	0.15966978056180156	0.20769536817188627	raw__HeLa_TE_GSE21992	USP5	NM_001098536.2	3162	1	1	1	0	0.3162555344718533	0.3162555344718533	0.3162555344718533	0.0	0	0	0	0
USP7	0.65526679	-0.18358184224564145	-0.8733615333181186	raw__HeLa_TE_GSE21992	USP7	NM_003470.3	5831	0	0	0	2	0.0	0.0	0.0	0.3429943405933802	0	0	0	0
VAT1	1.67876735289272	0.224990514866111	0.41342034057699106	raw__HeLa_TE_GSE21992	VAT1	NM_006373.4	2699	0	1	1	2	0.0	0.3705075954057058	0.3705075954057058	0.7410151908114117	0	0	0	0
VBP1	3.31893245605744	0.5209984141259806	1.3456850732916101	raw__HeLa_TE_GSE21992	VBP1	NM_003372.7	1616	0	0	0	1	0.0	0.0	0.0	0.6188118811881188	0	0	0	0
VCL	0.624839736065284	-0.20423135972430934	-0.9383963413116566	raw__HeLa_TE_GSE21992	VCL	NM_014000.3	5497	0	3	7	1	0.0	0.5457522284882663	1.2734218664726213	0.18191740949608878	3	1	0	4
VCP	1.01353087287666	0.0058369821516367545	-0.27679471824533447	raw__HeLa_TE_GSE21992	VCP	NM_007126.5	3746	0	1	2	1	0.0	0.2669514148424987	0.5339028296849974	0.2669514148424987	0	0	0	0
VDAC1	1.58469213517869	0.19994490252863134	0.3345402122092818	raw__HeLa_TE_GSE21992	VDAC1	NM_003374.3	1839	0	0	0	7	0.0	0.0	0.0	3.806416530723219	0	0	0	0
VPS35	1.11180390734773	0.04602819599915579	-0.15021413938673112	raw__HeLa_TE_GSE21992	VPS35	NM_018206.6	6776	0	1	3	4	0.0	0.14757969303423848	0.4427390791027155	0.5903187721369539	0	0	0	0
VPS4A	0.298500449270154	-0.5250550108816743	-1.9488172663700498	raw__HeLa_TE_GSE21992	VPS4A	NM_013245.3	4106	0	0	0	0	0.0	0.0	0.0	0.0	0	0	0	0
WBP11	0.552645015359949	-0.2575537427886865	-1.1063329988113826	raw__HeLa_TE_GSE21992	WBP11	NM_016312.3	4581	0	0	0	4	0.0	0.0	0.0	0.8731717965509714	0	0	0	0
WDR1	1.06530108069674	0.02747236759237783	-0.2086549595580746	raw__HeLa_TE_GSE21992	WDR1	NM_017491.5	2993	0	1	6	3	0.0	0.3341129301703976	2.0046775810223854	1.0023387905111927	1	0	0	1
WDR77	1.21058895479536	0.08299670716672862	-0.03378333038241507	raw__HeLa_TE_GSE21992	WDR77	NM_024102.4	2456	0	0	0	3	0.0	0.0	0.0	1.221498371335505	0	0	0	0
XPO1	0.695963399258254	-0.15741359935228127	-0.7909457260792303	raw__HeLa_TE_GSE21992	XPO1	NM_003400.4	4988	0	0	1	1	0.0	0.0	0.20048115477145148	0.20048115477145148	0	0	0	0
XRCC5	1.03807817403715	0.016230059942671782	-0.24406214619854824	raw__HeLa_TE_GSE21992	XRCC5	NM_021141.4	3379	0	0	4	3	0.0	0.0	1.1837821840781295	0.8878366380585972	1	0	0	1
XRCC6	0.901357884265308	-0.04510273809828299	-0.4372272769780234	raw__HeLa_TE_GSE21992	XRCC6	NM_001469.5	2122	0	1	8	9	0.0	0.471253534401508	3.770028275212064	4.2412818096135725	0	0	0	0
XRN2	0.866768863006645	-0.06209669826048137	-0.49074905720073997	raw__HeLa_TE_GSE21992	XRN2	NM_012255.5	3408	0	0	0	0	0.0	0.0	0.0	0.0	0	0	0	0
YBX1	0.674777741256662	-0.1708392518221583	-0.8332292676422921	raw__HeLa_TE_GSE21992	YBX1	NM_004559.5	2979	1	0	1	13	0.3356831151393085	0.0	0.3356831151393085	4.36388049681101	2	0	0	2
YWHAB	3.00835145336682	0.4783285717273479	1.2112981555161046	raw__HeLa_TE_GSE21992	YWHAB	NM_139323.4	3020	0	1	4	3	0.0	0.33112582781456956	1.3245033112582782	0.9933774834437086	0	0	0	0
YWHAE	3.00716212762026	0.4781568432095106	1.2107573035956614	raw__HeLa_TE_GSE21992	YWHAE	NM_006761.5	2052	0	0	3	0	0.0	0.0	1.4619883040935673	0.0	1	0	0	1
YWHAG	3.60876101854591	0.5573581229120209	1.460198484176097	raw__HeLa_TE_GSE21992	YWHAG	NM_012479.4	3705	0	0	2	2	0.0	0.0	0.5398110661268556	0.5398110661268556	0	0	0	0
YWHAH	1.50237213324317	0.17677751948343107	0.26157548992878105	raw__HeLa_TE_GSE21992	YWHAH	NM_003405.4	1751	0	0	0	2	0.0	0.0	0.0	1.1422044545973729	0	0	0	0
YWHAQ	1.99973010347683	0.30097138442380095	0.6527189715484495	raw__HeLa_TE_GSE21992	YWHAQ	NM_006826.4	2196	1	2	3	8	0.4553734061930783	0.9107468123861566	1.366120218579235	3.6429872495446265	0	0	0	0
YWHAZ	2.5926297864441	0.4137405062860167	1.0078806936315658	raw__HeLa_TE_GSE21992	YWHAZ	NM_145690.3	5011	0	0	3	3	0.0	0.0	0.5986828976252245	0.5986828976252245	0	0	0	0
ZNF207	0.939260734341057	-0.027213832901842885	-0.38088690409197673	raw__HeLa_TE_GSE21992	ZNF207	NM_001098507.2	13740	0	0	2	3	0.0	0.0	0.14556040756914118	0.2183406113537118	0	0	0	0
ABCE1	1.54007004588308	0.1875404739849654	0.46200370705656585	raw__HeLa_TE_GSE79664	ABCE1	NM_002940.3	3887	0	0	1	2	0.0	0.0	0.2572678157962439	0.5145356315924878	0	0	0	0
ABHD14B	2.05937220638163	0.31373484713717376	0.8236961712059123	raw__HeLa_TE_GSE79664	ABHD14B	NM_001146314.2	1657	0	0	0	0	0.0	0.0	0.0	0.0	0	0	0	0
ACADM	1.42116243720356	0.15264372011562571	0.3619842483237195	raw__HeLa_TE_GSE79664	ACADM	NM_000016.6	2261	0	0	0	1	0.0	0.0	0.0	0.44228217602830605	0	0	0	0
ACADSB	3.08853247069778	0.4897521715700185	1.328188869389076	raw__HeLa_TE_GSE79664	ACADSB	NM_001609.4	5848	0	0	0	0	0.0	0.0	0.0	0.0	0	0	0	0
ACAT1	1.21009017737524	0.08281773566947988	0.16185224762414263	raw__HeLa_TE_GSE79664	ACAT1	NM_000019.4	1537	0	0	0	3	0.0	0.0	0.0	1.951854261548471	0	0	0	0
ACAT2	1.33522027659005	0.1255529188961052	0.2843378493273866	raw__HeLa_TE_GSE79664	ACAT2	NM_005891.3	1520	0	1	2	0	0.0	0.6578947368421053	1.3157894736842106	0.0	0	0	0	0
ACIN1	0.542969716215136	-0.2652243922296156	-0.8356899701716666	raw__HeLa_TE_GSE79664	ACIN1	NM_001386863.1	4460	1	0	0	0	0.2242152466367713	0.0	0.0	0.0	1	0	0	1
ACLY	1.34968226494511	0.13023154121924488	0.2977474998102926	raw__HeLa_TE_GSE79664	ACLY	NM_001096.3	4293	0	2	3	2	0.0	0.4658746797111577	0.6988120195667366	0.4658746797111577	2	0	0	2
ACO1	1.34780917434397	0.1296284082260684	0.296018827976021	raw__HeLa_TE_GSE79664	ACO1	NM_002197.3	7443	1	1	1	0	0.13435442697836894	0.13435442697836894	0.13435442697836894	0.0	2	0	0	2
ACOT7	1.42973973673004	0.15525698768242177	0.3694742747179708	raw__HeLa_TE_GSE79664	ACOT7	NM_007274.4	1806	0	0	0	2	0.0	0.0	0.0	1.1074197120708749	0	0	0	0
ACP1	1.58485047890679	0.19998829541889218	0.49768107598566724	raw__HeLa_TE_GSE79664	ACP1	NM_004300.4	1474	0	0	0	2	0.0	0.0	0.0	1.3568521031207599	0	0	0	0
ACTB	1.59960468515188	0.20401266748738334	0.509215544708379	raw__HeLa_TE_GSE79664	ACTB	NM_001101.5	1812	1	0	2	31	0.5518763796909493	0.0	1.1037527593818985	17.108167770419428	1	0	0	1
ACTG1	1.17356611350794	0.06950756084802295	0.1237032413794288	raw__HeLa_TE_GSE79664	ACTG1	NM_001614.5	1919	0	0	8	11	0.0	0.0	4.168837936425222	5.732152162584679	1	0	0	1
ACTN1	0.587868525675402	-0.23071979119960456	-0.7367944817335089	raw__HeLa_TE_GSE79664	ACTN1	NM_001130004.2	3722	0	1	1	0	0.0	0.2686727565824825	0.2686727565824825	0.0	0	0	0	0
ACTN4	0.34647666	-0.4603260158129667	-1.3948812021633414	raw__HeLa_TE_GSE79664	ACTN4	NM_004924.6	4990	0	0	1	0	0.0	0.0	0.20040080160320642	0.0	1	0	0	1
ACTR1A	1.63594692681597	0.2137692102369913	0.537179295393426	raw__HeLa_TE_GSE79664	ACTR1A	NM_005736.4	2830	0	0	0	1	0.0	0.0	0.0	0.35335689045936397	0	0	0	0
ACTR3	1.49480388159416	0.17458421692227213	0.4248690834905396	raw__HeLa_TE_GSE79664	ACTR3	NM_005721.5	6589	0	0	1	2	0.0	0.0	0.15176809834572771	0.30353619669145543	0	0	0	0
ADA	0.529497834145459	-0.2761358119882233	-0.8669637758198673	raw__HeLa_TE_GSE79664	ADA	NM_000022.4	1496	0	0	0	0	0.0	0.0	0.0	0.0	0	0	0	0
ADH5	0.90867632205315	-0.041590788482792164	-0.19472169888253105	raw__HeLa_TE_GSE79664	ADH5	NM_000671.4	2652	0	0	0	2	0.0	0.0	0.0	0.7541478129713424	0	0	0	0
ADK	1.87383304544727	0.2727308935576223	0.7061725396873715	raw__HeLa_TE_GSE79664	ADK	NM_006721.4	1992	0	1	2	4	0.0	0.5020080321285141	1.0040160642570282	2.0080321285140563	0	0	0	0
ADRM1	1.00883669830284	0.0038208721182868693	-0.06456490176363641	raw__HeLa_TE_GSE79664	ADRM1	NM_007002.4	1379	0	0	1	1	0.0	0.0	0.7251631617113851	0.7251631617113851	0	0	0	0
AHCY	1.47093082626138	0.16759224956005614	0.4048290306631331	raw__HeLa_TE_GSE79664	AHCY	NM_000687.4	2150	0	0	3	0	0.0	0.0	1.3953488372093024	0.0	0	0	0	0
AHNAK	0.506935014294671	-0.2950477107695162	-0.9211681836796257	raw__HeLa_TE_GSE79664	AHNAK	NM_001620.3	18761	2	0	7	3	0.10660412557965994	0.0	0.37311443952880974	0.1599061883694899	2	1	0	3
AHSA1	1.3521222759286	0.13101596775933952	0.29999578680712063	raw__HeLa_TE_GSE79664	AHSA1	NM_012111.3	1337	0	1	2	3	0.0	0.7479431563201197	1.4958863126402393	2.243829468960359	0	0	0	0
AIMP1	1.58058944723721	0.19881907805749688	0.494329919369047	raw__HeLa_TE_GSE79664	AIMP1	NM_001142416.2	2773	0	0	1	1	0.0	0.0	0.36062026685899745	0.36062026685899745	0	0	0	0
AIMP2	1.93887380260807	0.2875495426452138	0.748645064967011	raw__HeLa_TE_GSE79664	AIMP2	NM_006303.4	1198	0	0	2	1	0.0	0.0	1.669449081803005	0.8347245409015025	0	0	0	0
AK1	0.990546417218283	-0.004125168515704981	-0.08733947518833948	raw__HeLa_TE_GSE79664	AK1	NM_000476.3	2192	0	0	1	0	0.0	0.0	0.4562043795620438	0.0	0	0	0	0
AK2	1.05658259188584	0.023903451031783225	-0.007005144761356084	raw__HeLa_TE_GSE79664	AK2	NM_001625.4	5970	1	1	3	3	0.16750418760469013	0.16750418760469013	0.5025125628140703	0.5025125628140703	0	0	0	0
AKR1A1	0.864437135322877	-0.063266584547484	-0.25684786104969026	raw__HeLa_TE_GSE79664	AKR1A1	NM_153326.3	1407	0	1	1	1	0.0	0.7107320540156361	0.7107320540156361	0.7107320540156361	1	0	0	1
AKR1B1	0.753309442662507	-0.12302658869310347	-0.42812921549592864	raw__HeLa_TE_GSE79664	AKR1B1	NM_001628.4	1361	0	0	3	0	0.0	0.0	2.204261572373255	0.0	0	0	0	0
AKR1C1	25.6522306145684	1.4091251355873309	3.963253052691697	raw__HeLa_TE_GSE79664	AKR1C1	NM_001353.6	6543	0	0	0	0	0.0	0.0	0.0	0.0	0	0	0	0
ALDH18A1	0.768901270322984	-0.11412942158561562	-0.40262856745059633	raw__HeLa_TE_GSE79664	ALDH18A1	NM_002860.4	3352	1	1	1	0	0.29832935560859186	0.29832935560859186	0.29832935560859186	0.0	1	0	0	1
ALDH9A1	1.94273445677799	0.28841344298927774	0.7511211360977504	raw__HeLa_TE_GSE79664	ALDH9A1	NM_000696.4	2395	0	0	1	0	0.0	0.0	0.4175365344467641	0.0	0	0	0	0
ALDOA	1.2760613260342	0.10587154657813001	0.227928012076219	raw__HeLa_TE_GSE79664	ALDOA	NM_001243177.4	1640	0	0	0	0	0.0	0.0	0.0	0.0	0	0	0	0
ALDOC	1.45750499551468	0.16361005195300146	0.3934154404273149	raw__HeLa_TE_GSE79664	ALDOC	NM_005165.3	1608	0	0	0	0	0.0	0.0	0.0	0.0	0	0	0	0
ALYREF	1.88908635247611	0.276251810514062	0.7162640286993568	raw__HeLa_TE_GSE79664	ALYREF	NM_005782.4	1097	0	0	2	1	0.0	0.0	1.8231540565177757	0.9115770282588879	0	0	0	0
ANP32A	0.571635132943742	-0.2428810871331535	-0.7716506245517736	raw__HeLa_TE_GSE79664	ANP32A	NM_006305.4	2440	0	0	0	1	0.0	0.0	0.0	0.4098360655737705	0	0	0	0
ANP32B	0.427796705354062	-0.36876256443971395	-1.1324462811287412	raw__HeLa_TE_GSE79664	ANP32B	NM_006401.3	1483	0	0	1	1	0.0	0.0	0.6743088334457181	0.6743088334457181	0	0	0	0
ANP32E	0.946739689819038	-0.02376941573349514	-0.1436429061978316	raw__HeLa_TE_GSE79664	ANP32E	NM_030920.5	3407	0	0	0	2	0.0	0.0	0.0	0.587026709715292	0	0	0	0
ANXA1	1.17029575290671	0.068295628946239	0.1202296583266509	raw__HeLa_TE_GSE79664	ANXA1	NM_000700.3	1401	0	0	1	0	0.0	0.0	0.7137758743754461	0.0	0	0	0	0
ANXA2	0.831164765726961	-0.08031287543005144	-0.3057051500073038	raw__HeLa_TE_GSE79664	ANXA2	NM_004039.3	1554	0	0	7	11	0.0	0.0	4.504504504504505	7.078507078507078	2	0	0	2
ANXA4	1.94411830298018	0.2887226889689712	0.7520074825934749	raw__HeLa_TE_GSE79664	ANXA4	NM_001153.5	2651	0	0	0	0	0.0	0.0	0.0	0.0	0	0	0	0
ANXA5	1.56418811694534	0.19428898225222194	0.481345968708535	raw__HeLa_TE_GSE79664	ANXA5	NM_001154.4	1638	0	1	4	2	0.0	0.6105006105006106	2.442002442002442	1.221001221001221	0	0	0	0
ANXA6	0.919958407643212	-0.036231807153757775	-0.17936203494655734	raw__HeLa_TE_GSE79664	ANXA6	NM_001155.5	2889	0	1	0	1	0.0	0.3461405330564209	0.0	0.3461405330564209	0	0	0	0
ANXA7	1.27132985999944	0.10425824747867972	0.22330404896190253	raw__HeLa_TE_GSE79664	ANXA7	NM_001156.5	2443	0	0	1	1	0.0	0.0	0.4093327875562833	0.4093327875562833	0	0	0	0
AP2B1	0.968459396625423	-0.013918582679693058	-0.11540890501256436	raw__HeLa_TE_GSE79664	AP2B1	NM_001030006.2	5700	2	2	3	2	0.3508771929824561	0.3508771929824561	0.5263157894736842	0.3508771929824561	2	2	1	5
AP2M1	0.470292550000768	-0.327631900945997	-1.0145594795262902	raw__HeLa_TE_GSE79664	AP2M1	NM_004068.4	1931	0	3	5	3	0.0	1.5535991714137753	2.589331952356292	1.5535991714137753	2	0	0	2
APEH	0.765744063133486	-0.11591636162339672	-0.40775021217537827	raw__HeLa_TE_GSE79664	APEH	NM_001640.4	2879	0	0	2	0	0.0	0.0	0.6946856547412296	0.0	0	0	0	0
APEX1	1.09029742658075	0.037544987025660864	0.03209359351960081	raw__HeLa_TE_GSE79664	APEX1	NM_001641.4	1453	0	0	0	4	0.0	0.0	0.0	2.752924982794219	0	0	0	0
API5	0.999104893151689	-0.00038891405072901547	-0.07663079578869458	raw__HeLa_TE_GSE79664	API5	NM_001142930.2	3726	0	0	0	1	0.0	0.0	0.0	0.2683843263553409	0	0	0	0
APRT	1.58087891402596	0.19889860681757562	0.4945578610156126	raw__HeLa_TE_GSE79664	APRT	NM_000485.3	931	0	0	1	1	0.0	0.0	1.0741138560687433	1.0741138560687433	0	0	0	0
ARF4	2.56868622496448	0.4097110567423488	1.098778735386013	raw__HeLa_TE_GSE79664	ARF4	NM_001660.4	1596	0	0	0	3	0.0	0.0	0.0	1.8796992481203008	0	0	0	0
ARHGAP1	2.87525271211365	0.4586760217745818	1.2391198489959983	raw__HeLa_TE_GSE79664	ARHGAP1	NM_004308.5	3395	0	0	0	0	0.0	0.0	0.0	0.0	0	0	0	0
ARHGDIA	1.14414662	0.05848168195418428	0.09210137826216673	raw__HeLa_TE_GSE79664	ARHGDIA	NM_004309.6	1837	0	0	1	3	0.0	0.0	0.5443658138268916	1.633097441480675	0	0	0	0
ARHGDIB	2.37091763157617	0.3749164663470923	0.9990520928680596	raw__HeLa_TE_GSE79664	ARHGDIB	NM_001175.7	1174	0	0	0	0	0.0	0.0	0.0	0.0	0	0	0	0
ARL3	1.45947396502015	0.1641963521853323	0.3950958669825251	raw__HeLa_TE_GSE79664	ARL3	NM_004311.4	3834	0	0	0	0	0.0	0.0	0.0	0.0	0	0	0	0
ARPC1B	2.21843536136623	0.3460467791824225	0.916307133413998	raw__HeLa_TE_GSE79664	ARPC1B	NM_005720.4	1511	0	0	1	0	0.0	0.0	0.6618133686300464	0.0	0	0	0	0
ARPC2	0.881466250986318	-0.05479431103453697	-0.23256502333434295	raw__HeLa_TE_GSE79664	ARPC2	NM_152862.3	1410	1	0	2	3	0.7092198581560284	0.0	1.4184397163120568	2.127659574468085	0	0	0	0
ARPC3	1.32484412133257	0.12216478300677353	0.274626931256522	raw__HeLa_TE_GSE79664	ARPC3	NM_001278556.2	946	0	0	0	1	0.0	0.0	0.0	1.0570824524312896	0	0	0	0
ARPC4	0.06625851	-1.1787583346184696	-3.4540186202784366	raw__HeLa_TE_GSE79664	ARPC4	NM_005718.5	1433	0	0	2	1	0.0	0.0	1.3956734124214933	0.6978367062107467	0	0	0	0
ASNS	1.15217899596873	0.06151995384657155	0.10080953235860807	raw__HeLa_TE_GSE79664	ASNS	NM_001673.5	2385	0	0	2	0	0.0	0.0	0.8385744234800838	0.0	0	0	0	0
ATIC	0.846818924417308	-0.07220944508085626	-0.2824794734747388	raw__HeLa_TE_GSE79664	ATIC	NM_004044.7	1972	1	2	3	4	0.5070993914807302	1.0141987829614605	1.5212981744421907	2.028397565922921	2	1	0	3
ATP6V1A	4.94894530759496	0.6945126543080326	1.9150638758728813	raw__HeLa_TE_GSE79664	ATP6V1A	NM_001690.4	4575	0	0	0	0	0.0	0.0	0.0	0.0	0	0	0	0
ATRX	0.35859254947194	-0.4453987380779018	-1.3520973304884512	raw__HeLa_TE_GSE79664	ATRX	NM_000489.6	11165	0	0	0	0	0.0	0.0	0.0	0.0	0	0	0	0
ATXN10	1.2095453	0.08262213823871539	0.1612916353325854	raw__HeLa_TE_GSE79664	ATXN10	NM_013236.4	3294	0	1	7	2	0.0	0.3035822707953855	2.125075895567699	0.607164541590771	1	0	0	1
ATXN2L	0.561094470912861	-0.250964010861443	-0.7948175259578295	raw__HeLa_TE_GSE79664	ATXN2L	NM_007245.4	4456	0	0	0	0	0.0	0.0	0.0	0.0	0	0	0	0
BAG2	2.43272303154832	0.3860926667946443	1.0310848006562783	raw__HeLa_TE_GSE79664	BAG2	NM_004282.4	6651	0	0	0	2	0.0	0.0	0.0	0.30070666065253343	0	0	0	0
BANF1	1.75294583740885	0.24376849745268936	0.6231618621651042	raw__HeLa_TE_GSE79664	BANF1	NM_003860.4	731	0	0	1	4	0.0	0.0	1.3679890560875514	5.471956224350206	0	0	0	0
BCCIP	0.93639315	-0.028541771959695855	-0.15732121244981526	raw__HeLa_TE_GSE79664	BCCIP	NM_078468.3	1234	0	0	0	0	0.0	0.0	0.0	0.0	0	0	0	0
BCLAF1	0.367324650072695	-0.43494992645639874	-1.3221494308443404	raw__HeLa_TE_GSE79664	BCLAF1	NM_014739.3	7494	0	0	0	2	0.0	0.0	0.0	0.26688017080330934	0	0	0	0
BLVRA	1.02741215870612	0.011744700990936278	-0.041853990659941546	raw__HeLa_TE_GSE79664	BLVRA	NM_000712.4	1074	0	0	0	0	0.0	0.0	0.0	0.0	0	0	0	0
BSG	1.94123449556337	0.28807800008591916	0.7501597051934514	raw__HeLa_TE_GSE79664	BSG	NM_001728.4	1946	0	1	7	2	0.0	0.513874614594039	3.597122302158273	1.027749229188078	3	1	0	4
BTF3	0.849927572181058	-0.07061808174724457	-0.27791838163590776	raw__HeLa_TE_GSE79664	BTF3	NM_001037637.2	1276	0	0	2	15	0.0	0.0	1.567398119122257	11.755485893416928	0	0	0	0
BUB3	2.42303756818302	0.3843601477438192	1.0261191348422978	raw__HeLa_TE_GSE79664	BUB3	NM_004725.4	7703	0	0	0	0	0.0	0.0	0.0	0.0	0	0	0	0
BZW1	3.2312422588461	0.5093695199909928	1.3844152043136955	raw__HeLa_TE_GSE79664	BZW1	NM_001207067.2	6511	0	1	1	4	0.0	0.1535862386730149	0.1535862386730149	0.6143449546920596	1	0	0	1
C1QBP	1.30434100034138	0.1153911460019999	0.25521264678161315	raw__HeLa_TE_GSE79664	C1QBP	NM_001212.4	1169	0	0	1	6	0.0	0.0	0.8554319931565441	5.132591958939265	0	0	0	0
CACYBP	0.740206789833377	-0.13064693548834802	-0.4499703003335242	raw__HeLa_TE_GSE79664	CACYBP	NM_014412.3	2869	0	0	1	6	0.0	0.0	0.34855350296270476	2.0913210177762287	0	0	0	0
CAD	0.73535343	-0.13350387750555356	-0.4581587351450235	raw__HeLa_TE_GSE79664	CAD	NM_004341.5	7286	0	0	0	2	0.0	0.0	0.0	0.2744990392533626	0	0	0	0
CALR	1.09855340162447	0.0408211731974764	0.041483646498165314	raw__HeLa_TE_GSE79664	CALR	NM_004343.4	1901	0	2	4	8	0.0	1.0520778537611783	2.1041557075223567	4.208311415044713	1	1	0	2
CALU	3.04345103722471	0.48336631925341855	1.309886035416447	raw__HeLa_TE_GSE79664	CALU	NM_001219.5	5266	0	1	6	3	0.0	0.189897455374098	1.139384732244588	0.569692366122294	0	0	0	0
CAND1	1.28795642901644	0.10990117128637115	0.23947753567156105	raw__HeLa_TE_GSE79664	CAND1	NM_018448.5	11176	0	0	0	2	0.0	0.0	0.0	0.17895490336435219	0	0	0	0
CAP1	1.00944279609556	0.004081713033051532	-0.06381729162179271	raw__HeLa_TE_GSE79664	CAP1	NM_006367.4	2626	0	2	6	2	0.0	0.7616146230007617	2.2848438690022848	0.7616146230007617	0	0	0	0
CAPG	0.84421376691509	-0.07354756991851415	-0.28631474487220565	raw__HeLa_TE_GSE79664	CAPG	NM_001747.4	1250	0	2	0	2	0.0	1.6	0.0	1.6	2	0	0	2
CAPN1	0.846990183409766	-0.07212162309984252	-0.282227762182659	raw__HeLa_TE_GSE79664	CAPN1	NM_005186.4	2952	0	1	1	0	0.0	0.33875338753387535	0.33875338753387535	0.0	1	0	0	1
CAPNS1	1.77160236005858	0.2483662501630347	0.6363397279115298	raw__HeLa_TE_GSE79664	CAPNS1	NM_001749.4	1428	2	3	5	0	1.4005602240896358	2.100840336134454	3.5014005602240896	0.0	2	1	0	3
CAPRIN1	1.56982097185522	0.19585012669667592	0.48582044856768514	raw__HeLa_TE_GSE79664	CAPRIN1	NM_005898.5	5514	0	1	2	3	0.0	0.18135654697134568	0.36271309394269136	0.544069640914037	0	0	0	0
CAPZA1	2.81743139	0.44985334892144224	1.213832712930219	raw__HeLa_TE_GSE79664	CAPZA1	NM_006135.3	2358	0	1	1	1	0.0	0.42408821034775235	0.42408821034775235	0.42408821034775235	0	0	0	0
CAPZB	1.7693858141663	0.24782254104666926	0.6347813740391152	raw__HeLa_TE_GSE79664	CAPZB	NM_004930.5	1675	0	1	1	3	0.0	0.5970149253731343	0.5970149253731343	1.791044776119403	0	0	0	0
CARHSP1	1.78535395462179	0.251724329860077	0.6459645003169376	raw__HeLa_TE_GSE79664	CARHSP1	NM_014316.4	2709	0	0	1	2	0.0	0.0	0.36913990402362495	0.7382798080472499	0	0	0	0
CBS	0.47418713766437	-0.32405023044460535	-1.004293861519243	raw__HeLa_TE_GSE79664	CBS	NM_000071.3	2495	0	0	0	0	0.0	0.0	0.0	0.0	0	0	0	0
CBX1	1.1943505221614	0.0771318037613759	0.1455554930901903	raw__HeLa_TE_GSE79664	CBX1	NM_001127228.2	2182	0	0	0	1	0.0	0.0	0.0	0.458295142071494	0	0	0	0
CBX3	0.996617130411669	-0.001471652204775418	-0.07973408970888556	raw__HeLa_TE_GSE79664	CBX3	NM_016587.4	2061	0	0	2	5	0.0	0.0	0.970402717127608	2.42600679281902	0	0	0	0
CBX5	3.02844659728273	0.4812199198484496	1.3037341249117247	raw__HeLa_TE_GSE79664	CBX5	NM_012117.3	11546	0	0	1	0	0.0	0.0	0.08661008141347652	0.0	0	0	0	0
CCT2	1.20995160211464	0.08276799894874826	0.16170969454011225	raw__HeLa_TE_GSE79664	CCT2	NM_006431.3	1916	1	0	2	4	0.5219206680584552	0.0	1.0438413361169103	2.0876826722338206	1	0	0	1
CCT3	0.906961890811378	-0.042410960964204054	-0.19707243923980156	raw__HeLa_TE_GSE79664	CCT3	NM_005998.5	1977	0	0	2	16	0.0	0.0	1.0116337885685383	8.093070308548306	0	0	0	0
CCT4	1.21975686037027	0.08627326942629883	0.17175633833940462	raw__HeLa_TE_GSE79664	CCT4	NM_006430.4	2376	0	0	2	6	0.0	0.0	0.8417508417508418	2.525252525252525	0	0	0	0
CCT5	0.917435354169419	-0.03742452796592315	-0.18278055606456292	raw__HeLa_TE_GSE79664	CCT5	NM_012073.5	3293	0	0	9	14	0.0	0.0	2.733070148800486	4.251442453689645	1	0	0	1
CCT6A	1.00694465841872	0.003005602426680892	-0.0669015899719734	raw__HeLa_TE_GSE79664	CCT6A	NM_001762.4	2584	0	0	3	9	0.0	0.0	1.1609907120743035	3.48297213622291	0	0	0	0
CCT7	1.0590002005523	0.024896042353706904	-0.004160225513753717	raw__HeLa_TE_GSE79664	CCT7	NM_006429.4	1847	1	1	3	7	0.5414185165132648	0.5414185165132648	1.6242555495397943	3.7899296155928535	1	1	0	2
CCT8	1.09633684111977	0.03994400831287614	0.03896955715605432	raw__HeLa_TE_GSE79664	CCT8	NM_006585.4	1854	0	1	5	14	0.0	0.5393743257820928	2.696871628910464	7.5512405609492985	1	0	0	1
CDC37	0.805037636191	-0.0941838155228278	-0.3454613956853343	raw__HeLa_TE_GSE79664	CDC37	NM_007065.4	1618	1	1	0	3	0.6180469715698393	0.6180469715698393	0.0	1.854140914709518	1	1	0	2
CDK1	4.17461466501689	0.6206163944112082	1.7032658403038508	raw__HeLa_TE_GSE79664	CDK1	NM_001786.5	1889	0	0	0	0	0.0	0.0	0.0	0.0	0	0	0	0
CDK6	21.996241178028	1.3423484728625643	3.7718608765963406	raw__HeLa_TE_GSE79664	CDK6	NM_001145306.2	11663	0	1	0	0	0.0	0.08574123295892995	0.0	0.0	1	0	0	1
CDV3	1.62982490625094	0.21214095021160545	0.5325124519665217	raw__HeLa_TE_GSE79664	CDV3	NM_017548.5	3351	0	0	0	1	0.0	0.0	0.0	0.29841838257236647	0	0	0	0
CFL1	1.61416350663534	0.20794752445846923	0.5204934494072732	raw__HeLa_TE_GSE79664	CFL1	NM_005507.3	1245	0	1	3	14	0.0	0.8032128514056225	2.4096385542168677	11.244979919678714	1	0	0	1
CFL2	2.92721930208026	0.4664552602252401	1.261416341732883	raw__HeLa_TE_GSE79664	CFL2	NM_138638.5	4306	0	0	0	0	0.0	0.0	0.0	0.0	0	0	0	0
CHORDC1	1.26010193735949	0.10040567927788722	0.21226199652294506	raw__HeLa_TE_GSE79664	CHORDC1	NM_012124.3	3070	0	2	0	3	0.0	0.6514657980456026	0.0	0.9771986970684039	2	0	0	2
CIAPIN1	0.98787488	-0.005298057807714201	-0.0907011561223184	raw__HeLa_TE_GSE79664	CIAPIN1	NM_020313.4	2021	0	0	0	1	0.0	0.0	0.0	0.49480455220188024	0	0	0	0
CIRBP	0.953781174122415	-0.020551253987956822	-0.13441916014085817	raw__HeLa_TE_GSE79664	CIRBP	NM_001300829.2	3346	0	0	0	1	0.0	0.0	0.0	0.2988643156007173	0	0	0	0
CKB	1.1128591	0.04644018143612155	0.05758858751213381	raw__HeLa_TE_GSE79664	CKB	NM_001823.5	1420	0	0	0	4	0.0	0.0	0.0	2.816901408450704	0	0	0	0
CLIC1	1.5370977623115	0.18670149032485983	0.45959905097068304	raw__HeLa_TE_GSE79664	CLIC1	NM_001288.6	1199	0	0	0	0	0.0	0.0	0.0	0.0	0	0	0	0
CLTA	1.65579490066958	0.21900654076777668	0.5521902894490768	raw__HeLa_TE_GSE79664	CLTA	NM_001833.4	1078	1	0	0	5	0.9276437847866419	0.0	0.0	4.638218923933209	1	0	0	1
CLTB	0.751945360573329	-0.12381371587593978	-0.43038524294982794	raw__HeLa_TE_GSE79664	CLTB	NM_007097.5	1139	0	0	0	0	0.0	0.0	0.0	0.0	0	0	0	0
CLTC	1.91066411555442	0.2811843471375123	0.7304014365827558	raw__HeLa_TE_GSE79664	CLTC	NM_004859.4	8369	0	1	7	6	0.0	0.1194885888397658	0.8364201218783606	0.7169315330385948	0	0	0	0
CLUH	0.492178870553639	-0.3078770346781794	-0.9579389973219875	raw__HeLa_TE_GSE79664	CLUH	NM_001366661.1	5357	0	1	2	1	0.0	0.1866716445771887	0.3733432891543774	0.1866716445771887	1	1	0	2
CMPK1	3.43437230839077	0.5358473737355426	1.4603048016628672	raw__HeLa_TE_GSE79664	CMPK1	NM_016308.3	2937	0	0	0	2	0.0	0.0	0.0	0.6809669731018045	0	0	0	0
CNBP	2.26231958865819	0.3545539559328165	0.9406900091710081	raw__HeLa_TE_GSE79664	CNBP	NM_003418.5	3295	0	0	4	5	0.0	0.0	1.2139605462822458	1.5174506828528074	0	0	0	0
CNDP2	1.16185664118247	0.06515254476319053	0.11122109609999395	raw__HeLa_TE_GSE79664	CNDP2	NM_018235.3	4975	0	1	1	1	0.0	0.20100502512562815	0.20100502512562815	0.20100502512562815	0	0	0	0
CNPY2	0.852031405175027	-0.06954439720178411	-0.2748410367490778	raw__HeLa_TE_GSE79664	CNPY2	NM_014255.7	1450	1	2	1	2	0.6896551724137931	1.3793103448275863	0.6896551724137931	1.3793103448275863	1	1	1	3
COPA	0.693445808528558	-0.15898747255262785	-0.5311986342920567	raw__HeLa_TE_GSE79664	COPA	NM_004371.4	5318	0	1	1	1	0.0	0.188040616773223	0.188040616773223	0.188040616773223	0	0	0	0
COPB1	1.50287984975154	0.17692426157447821	0.43157601102886234	raw__HeLa_TE_GSE79664	COPB1	NM_001144061.2	3336	0	0	1	0	0.0	0.0	0.2997601918465228	0.0	0	0	0	0
COPB2	0.95200811792254	-0.021359348302571798	-0.1367352826161894	raw__HeLa_TE_GSE79664	COPB2	NM_004766.3	3275	0	2	1	2	0.0	0.6106870229007634	0.3053435114503817	0.6106870229007634	0	0	0	0
COPE	1.16774056808701	0.06734636815052211	0.11750893102521177	raw__HeLa_TE_GSE79664	COPE	NM_007263.4	1131	0	0	0	1	0.0	0.0	0.0	0.8841732979664014	0	0	0	0
COPS4	1.52354447717646	0.1828551372002109	0.44857481189494525	raw__HeLa_TE_GSE79664	COPS4	NM_016129.3	1651	0	0	1	2	0.0	0.0	0.6056935190793459	1.2113870381586918	0	0	0	0
CORO1C	2.33569473816135	0.3684160823637428	0.9804209935398921	raw__HeLa_TE_GSE79664	CORO1C	NM_014325.4	3814	0	0	1	1	0.0	0.0	0.26219192448872575	0.26219192448872575	0	0	0	0
COTL1	2.21497836343182	0.34536948826199476	0.9143659135653126	raw__HeLa_TE_GSE79664	COTL1	NM_021149.5	1842	0	0	1	4	0.0	0.0	0.5428881650380022	2.1715526601520088	0	0	0	0
COX5A	1.87797458975363	0.27368971167639616	0.708920659745245	raw__HeLa_TE_GSE79664	COX5A	NM_004255.4	1173	0	0	2	5	0.0	0.0	1.7050298380221653	4.262574595055414	0	0	0	0
CPNE1	0.862955396346807	-0.06401165112264007	-0.25898333633905574	raw__HeLa_TE_GSE79664	CPNE1	NM_152925.3	1952	0	0	0	0	0.0	0.0	0.0	0.0	0	0	0	0
CPNE3	3.57320859373613	0.5530583698168492	1.5096341610282344	raw__HeLa_TE_GSE79664	CPNE3	NM_003909.5	4857	0	0	1	1	0.0	0.0	0.20588840848260243	0.20588840848260243	0	0	0	0
CPS1	1.02121472930554	0.009117070145125092	-0.0493851844188738	raw__HeLa_TE_GSE79664	CPS1	NM_001875.5	5760	0	0	1	17	0.0	0.0	0.1736111111111111	2.951388888888889	0	0	0	0
CPSF6	0.9537382936933	-0.020570779590776245	-0.13447512351879135	raw__HeLa_TE_GSE79664	CPSF6	NM_007007.3	6584	0	0	0	0	0.0	0.0	0.0	0.0	0	0	0	0
CPSF7	1.17165003936116	0.06879791145131332	0.12166927716560116	raw__HeLa_TE_GSE79664	CPSF7	NM_001142565.3	3487	0	0	0	0	0.0	0.0	0.0	0.0	0	0	0	0
CRKL	2.93353370153958	0.46739108191952167	1.2640985505045916	raw__HeLa_TE_GSE79664	CRKL	NM_005207.4	5342	0	0	2	1	0.0	0.0	0.3743916136278547	0.18719580681392736	0	0	0	0
CRYZ	1.90542683308472	0.27999227685647105	0.7269847799869109	raw__HeLa_TE_GSE79664	CRYZ	NM_001889.4	1908	0	0	0	0	0.0	0.0	0.0	0.0	0	0	0	0
CS	1.12632125085824	0.05166227823865578	0.07255591936184216	raw__HeLa_TE_GSE79664	CS	NM_004077.3	2915	0	1	1	3	0.0	0.34305317324185247	0.34305317324185247	1.0291595197255574	0	0	0	0
CSDE1	0.505003161620622	-0.2967059029306617	-0.9259208172069103	raw__HeLa_TE_GSE79664	CSDE1	NM_001007553.3	4097	0	0	0	1	0.0	0.0	0.0	0.24408103490358798	0	0	0	0
CSE1L	1.5871968741048	0.20063079949232798	0.4995225913856185	raw__HeLa_TE_GSE79664	CSE1L	NM_001316.4	3550	0	1	6	2	0.0	0.28169014084507044	1.6901408450704225	0.5633802816901409	0	0	0	0
CSNK2B	1.43003544938732	0.15534680339686452	0.3697317003564099	raw__HeLa_TE_GSE79664	CSNK2B	NM_001320.7	929	0	0	0	0	0.0	0.0	0.0	0.0	0	0	0	0
CSTB	1.41398174617792	0.15044380296486004	0.35567894773614794	raw__HeLa_TE_GSE79664	CSTB	NM_000100.4	588	0	0	1	3	0.0	0.0	1.7006802721088434	5.1020408163265305	0	0	0	0
CTNNBL1	0.562813005144323	-0.24963587570573664	-0.7910108865238239	raw__HeLa_TE_GSE79664	CTNNBL1	NM_030877.5	1890	0	0	0	0	0.0	0.0	0.0	0.0	0	0	0	0
CTPS1	0.79286594120353	-0.10080023754660886	-0.36442507786747835	raw__HeLa_TE_GSE79664	CTPS1	NM_001905.4	2840	0	0	2	2	0.0	0.0	0.704225352112676	0.704225352112676	0	0	0	0
CTSC	2.06868741879688	0.31569487319482403	0.8293139070595814	raw__HeLa_TE_GSE79664	CTSC	NM_001814.6	1870	1	1	0	5	0.5347593582887701	0.5347593582887701	0.0	2.6737967914438503	1	1	0	2
CTSD	0.703979525366589	-0.15243997175222937	-0.5124324909263809	raw__HeLa_TE_GSE79664	CTSD	NM_001909.5	2055	0	1	2	2	0.0	0.48661800486618007	0.9732360097323601	0.9732360097323601	0	0	0	0
CUTA	1.52211091699255	0.18244630084628974	0.4474030240838895	raw__HeLa_TE_GSE79664	CUTA	NM_001014840.2	855	0	0	1	0	0.0	0.0	1.1695906432748537	0.0	0	0	0	0
DAZAP1	0.61889981052646	-0.2083796502645708	-0.6727642050864662	raw__HeLa_TE_GSE79664	DAZAP1	NM_018959.4	2184	1	1	1	6	0.45787545787545786	0.45787545787545786	0.45787545787545786	2.7472527472527473	0	0	0	0
DBI	2.81307435243661	0.44918121116491366	1.2119062628410902	raw__HeLa_TE_GSE79664	DBI	NM_001079862.4	564	0	0	2	1	0.0	0.0	3.5460992907801416	1.7730496453900708	0	0	0	0
DBN1	0.142155028513564	-0.8472377732083803	-2.503829750700526	raw__HeLa_TE_GSE79664	DBN1	NM_001363541.2	3024	0	0	0	1	0.0	0.0	0.0	0.3306878306878307	0	0	0	0
DCTN1	0.421399691788128	-0.37530578637092815	-1.1512001605978552	raw__HeLa_TE_GSE79664	DCTN1	NM_004082.5	4455	2	0	1	0	0.4489337822671156	0.0	0.2244668911335578	0.0	1	0	0	1
DCTN2	1.19066330563291	0.07578896956139768	0.14170672393668513	raw__HeLa_TE_GSE79664	DCTN2	NM_001261413.2	1973	0	1	1	2	0.0	0.5068423720223011	0.5068423720223011	1.0136847440446022	1	0	0	1
DDB1	1.13583489690806	0.05531520763128216	0.0830257763006219	raw__HeLa_TE_GSE79664	DDB1	NM_001923.5	4245	0	1	8	4	0.0	0.23557126030624265	1.8845700824499412	0.9422850412249706	0	0	0	0
DDT	1.49636708685664	0.1750381471646712	0.4261701173149812	raw__HeLa_TE_GSE79664	DDT	NM_001084392.3	565	0	0	0	0	0.0	0.0	0.0	0.0	0	0	0	0
DDX1	0.886043862565072	-0.05254477834042196	-0.22611751697573845	raw__HeLa_TE_GSE79664	DDX1	NM_004939.3	2484	0	1	2	3	0.0	0.4025764895330113	0.8051529790660226	1.2077294685990339	0	0	0	0
DDX17	2.75303107890501	0.4398111141614971	1.1850501250448637	raw__HeLa_TE_GSE79664	DDX17	NM_006386.5	4761	0	0	3	7	0.0	0.0	0.630119722747322	1.4702793530770846	0	0	0	0
DDX21	0.890172279611567	-0.05052593397978015	-0.22033119882783006	raw__HeLa_TE_GSE79664	DDX21	NM_004728.4	4664	1	0	2	2	0.2144082332761578	0.0	0.4288164665523156	0.4288164665523156	1	0	0	1
DDX39A	0.98329579317816	-0.0073158188704355856	-0.09648436937193014	raw__HeLa_TE_GSE79664	DDX39A	NM_005804.4	1498	0	0	1	1	0.0	0.0	0.6675567423230975	0.6675567423230975	0	0	0	0
DDX39B	0.956093965580541	-0.01949942286229243	-0.13140445051310262	raw__HeLa_TE_GSE79664	DDX39B	NM_004640.7	1681	0	0	1	0	0.0	0.0	0.594883997620464	0.0	0	0	0	0
DDX3X	1.78500148596271	0.25163858198610367	0.6457187337343375	raw__HeLa_TE_GSE79664	DDX3X	NM_001356.5	4635	0	0	3	1	0.0	0.0	0.6472491909385113	0.21574973031283712	0	0	0	0
DDX5	0.84945898	-0.07085758817783636	-0.27860484386791134	raw__HeLa_TE_GSE79664	DDX5	NM_004396.5	3684	0	0	4	8	0.0	0.0	1.0857763300760044	2.1715526601520088	1	0	0	1
DDX6	7.81090779992403	0.8927015114171684	2.48310359352563	raw__HeLa_TE_GSE79664	DDX6	NM_004397.6	6128	0	0	0	0	0.0	0.0	0.0	0.0	0	0	0	0
DEK	1.02152696175474	0.00924983370638018	-0.049004663652217444	raw__HeLa_TE_GSE79664	DEK	NM_003472.4	3142	0	0	1	6	0.0	0.0	0.31826861871419476	1.9096117122851686	0	0	0	0
DHFR	0.08563115	-1.0673682234977726	-3.134757445895327	raw__HeLa_TE_GSE79664	DHFR	NM_000791.4	3919	0	0	0	0	0.0	0.0	0.0	0.0	0	0	0	0
DHRS2	0.752795192096622	-0.1233231632956965	-0.4289792438778328	raw__HeLa_TE_GSE79664	DHRS2	NM_005794.4	1676	0	0	0	0	0.0	0.0	0.0	0.0	0	0	0	0
DHX15	0.866415771372844	-0.062273650845042404	-0.25400196048691426	raw__HeLa_TE_GSE79664	DHX15	NM_001358.3	2998	0	0	2	1	0.0	0.0	0.66711140760507	0.333555703802535	0	0	0	0
DHX9	0.52613751	-0.2789007348777964	-0.8748884696721552	raw__HeLa_TE_GSE79664	DHX9	NM_001357.5	4493	0	2	1	2	0.0	0.44513687959047404	0.22256843979523702	0.44513687959047404	1	0	0	1
DIAPH1	0.324133660777823	-0.48927586581760585	-1.4778559206343658	raw__HeLa_TE_GSE79664	DIAPH1	NM_005219.5	5735	1	0	1	1	0.17436791630340018	0.0	0.17436791630340018	0.17436791630340018	1	0	0	1
DLD	1.48216177741682	0.17089560931463713	0.41429696730532456	raw__HeLa_TE_GSE79664	DLD	NM_000108.5	3537	0	0	0	1	0.0	0.0	0.0	0.2827254735651682	0	0	0	0
DLST	1.13623855186225	0.05546952053092617	0.08346806078231551	raw__HeLa_TE_GSE79664	DLST	NM_001933.5	2813	0	0	0	0	0.0	0.0	0.0	0.0	0	0	0	0
DNAJA1	0.927494280421614	-0.03268875986816269	-0.1692071170107245	raw__HeLa_TE_GSE79664	DNAJA1	NM_001539.4	2319	0	0	7	2	0.0	0.0	3.0185424752048298	0.8624407072013799	1	0	0	1
DNAJA2	1.3215782692437	0.12109288891612295	0.2715547180882936	raw__HeLa_TE_GSE79664	DNAJA2	NM_005880.4	3008	0	0	0	2	0.0	0.0	0.0	0.6648936170212766	0	0	0	0
DNAJB1	0.84839871	-0.07140000050473035	-0.28015948094243953	raw__HeLa_TE_GSE79664	DNAJB1	NM_006145.3	2242	0	0	0	1	0.0	0.0	0.0	0.44603033006244425	0	0	0	0
DNAJC8	0.618589125630146	-0.20859771886295983	-0.6733892231972959	raw__HeLa_TE_GSE79664	DNAJC8	NM_014280.3	1763	0	0	1	1	0.0	0.0	0.5672149744753261	0.5672149744753261	0	0	0	0
DNAJC9	1.39602635327058	0.14489361669112932	0.33977126104862615	raw__HeLa_TE_GSE79664	DNAJC9	NM_015190.5	2295	0	0	0	0	0.0	0.0	0.0	0.0	0	0	0	0
DNM1L	1.07336632545693	0.030747966116246552	0.012612287180882547	raw__HeLa_TE_GSE79664	DNM1L	NM_012062.5	4514	0	0	0	3	0.0	0.0	0.0	0.664599025254763	0	0	0	0
DNM2	0.56097378723579	-0.25105743165795735	-0.7950852843154332	raw__HeLa_TE_GSE79664	DNM2	NM_001005361.3	3633	0	0	0	2	0.0	0.0	0.0	0.5505092210294522	0	0	0	0
DNPH1	1.30879195	0.11687061511596192	0.259453032593557	raw__HeLa_TE_GSE79664	DNPH1	NM_006443.3	654	0	2	1	4	0.0	3.058103975535168	1.529051987767584	6.116207951070336	0	0	0	0
DPP3	1.1167517645107	0.047956647346387785	0.061935011827115846	raw__HeLa_TE_GSE79664	DPP3	NM_130443.4	2660	0	0	1	0	0.0	0.0	0.37593984962406013	0.0	0	0	0	0
DPYSL2	5.98617039547479	0.7771490748097535	2.1519125547256115	raw__HeLa_TE_GSE79664	DPYSL2	NM_001197293.3	4798	0	0	0	0	0.0	0.0	0.0	0.0	0	0	0	0
DSTN	1.66349953835428	0.22102268468171743	0.5579688677017964	raw__HeLa_TE_GSE79664	DSTN	NM_006870.4	3405	0	0	1	1	0.0	0.0	0.2936857562408223	0.2936857562408223	0	0	0	0
DUT	2.02887416944619	0.3072551129723524	0.8051242574306433	raw__HeLa_TE_GSE79664	DUT	NM_001025248.2	2141	0	0	1	2	0.0	0.0	0.4670714619336759	0.9341429238673518	0	0	0	0
DYNC1H1	0.367725131164301	-0.4344766884530946	-1.3207930580103653	raw__HeLa_TE_GSE79664	DYNC1H1	NM_001376.5	19940	0	0	1	1	0.0	0.0	0.05015045135406219	0.05015045135406219	0	0	0	0
DYNC1I2	0.497650786201827	-0.30307530548416844	-0.9441765036308868	raw__HeLa_TE_GSE79664	DYNC1I2	NM_001378.3	4354	0	0	0	2	0.0	0.0	0.0	0.4593477262287552	0	0	0	0
DYNLL1	1.58655316057458	0.20045462856841792	0.49901765844773194	raw__HeLa_TE_GSE79664	DYNLL1	NM_003746.3	663	0	0	1	3	0.0	0.0	1.5082956259426847	4.524886877828054	0	0	0	0
DYNLL2	2.77882373621091	0.4438609998832565	1.1966577198182031	raw__HeLa_TE_GSE79664	DYNLL2	NM_080677.3	6807	0	0	0	2	0.0	0.0	0.0	0.2938151902453357	0	0	0	0
EBNA1BP2	0.988400252359063	-0.005067152385564705	-0.09003934570211872	raw__HeLa_TE_GSE79664	EBNA1BP2	NM_006824.3	1352	0	0	0	0	0.0	0.0	0.0	0.0	0	0	0	0
ECH1	1.2007297428345	0.07944526851574192	0.15218623855710628	raw__HeLa_TE_GSE79664	ECH1	NM_001398.3	1200	0	0	1	0	0.0	0.0	0.8333333333333334	0.0	0	0	0	0
ECHS1	1.67626329738809	0.22434223602557055	0.5674832119267987	raw__HeLa_TE_GSE79664	ECHS1	NM_004092.4	1277	0	1	1	1	0.0	0.7830853563038371	0.7830853563038371	0.7830853563038371	0	0	0	0
ECI1	1.21115601143684	0.08320008909030518	0.16294813127964788	raw__HeLa_TE_GSE79664	ECI1	NM_001919.4	1507	0	0	0	0	0.0	0.0	0.0	0.0	0	0	0	0
EEF1B2	0.631392954142795	-0.19970026880740274	-0.64788776417932	raw__HeLa_TE_GSE79664	EEF1B2	NM_001959.4	808	0	0	3	0	0.0	0.0	3.712871287128713	0.0	1	0	0	1
EEF1D	0.61785144	-0.20911593679509524	-0.674874515418799	raw__HeLa_TE_GSE79664	EEF1D	NM_001130053.5	2090	0	0	1	0	0.0	0.0	0.4784688995215311	0.0	1	0	0	1
EEF1G	0.355879454792353	-0.4486970834428025	-1.361550895119321	raw__HeLa_TE_GSE79664	EEF1G	NM_001404.5	1446	1	0	11	9	0.6915629322268326	0.0	7.607192254495159	6.224066390041494	1	0	0	1
EEF2	0.638670189002032	-0.1947233547893588	-0.633623163864102	raw__HeLa_TE_GSE79664	EEF2	NM_001961.4	3158	0	0	6	16	0.0	0.0	1.8999366687777075	5.06649778340722	0	0	0	0
EFHD2	1.49621488264371	0.1749939702963156	0.4260434996221728	raw__HeLa_TE_GSE79664	EFHD2	NM_024329.6	2422	0	0	0	2	0.0	0.0	0.0	0.8257638315441783	0	0	0	0
EFTUD2	0.697186856549567	-0.15665080885665292	-0.5245013970938014	raw__HeLa_TE_GSE79664	EFTUD2	NM_004247.4	4326	0	0	2	2	0.0	0.0	0.4623208506703652	0.4623208506703652	0	0	0	0
EHD1	1.43957676468599	0.15823482836007938	0.37800922366729556	raw__HeLa_TE_GSE79664	EHD1	NM_006795.4	4453	0	0	0	1	0.0	0.0	0.0	0.22456770716370986	0	0	0	0
EIF1	1.82280325967516	0.2607397965494659	0.6718042131416007	raw__HeLa_TE_GSE79664	EIF1	NM_005801.4	2338	1	0	0	6	0.42771599657827203	0.0	0.0	2.5662959794696323	1	0	0	1
EIF2A	1.02262065361748	0.009714559817784315	-0.04767268720834251	raw__HeLa_TE_GSE79664	EIF2A	NM_032025.5	3879	0	0	0	0	0.0	0.0	0.0	0.0	0	0	0	0
EIF2S1	2.0183826466346	0.305003503609779	0.7986707990211416	raw__HeLa_TE_GSE79664	EIF2S1	NM_004094.5	4154	0	0	1	1	0.0	0.0	0.2407318247472316	0.2407318247472316	0	0	0	0
EIF2S2	0.598668122440425	-0.22281386631865285	-0.7141348862210999	raw__HeLa_TE_GSE79664	EIF2S2	NM_003908.5	2556	0	0	0	0	0.0	0.0	0.0	0.0	0	0	0	0
EIF2S3	2.06827611170057	0.31560851594194195	0.8290663939033932	raw__HeLa_TE_GSE79664	EIF2S3	NM_001415.4	3457	0	0	3	8	0.0	0.0	0.8678044547295343	2.3141452126120914	0	0	0	0
EIF3A	0.640806935776346	-0.19327279631037683	-0.629465640374343	raw__HeLa_TE_GSE79664	EIF3A	NM_003750.4	6659	0	2	1	9	0.0	0.3003453972067878	0.1501726986033939	1.351554287430545	0	0	0	0
EIF3B	0.80202268	-0.09581335034478977	-0.35013189287510754	raw__HeLa_TE_GSE79664	EIF3B	NM_001037283.2	3096	3	1	3	5	0.9689922480620154	0.32299741602067183	0.9689922480620154	1.6149870801033592	3	1	1	5
EIF3D	0.97603353	-0.010535262616248136	-0.10571178983867831	raw__HeLa_TE_GSE79664	EIF3D	NM_003753.4	1880	0	0	1	1	0.0	0.0	0.5319148936170213	0.5319148936170213	0	0	0	0
EIF3E	1.56044007747825	0.193247095961809	0.4783597625067074	raw__HeLa_TE_GSE79664	EIF3E	NM_001568.3	2022	0	0	5	4	0.0	0.0	2.472799208704253	1.9782393669634026	0	0	0	0
EIF3F	1.45080078833298	0.16160778289445277	0.3876766296421227	raw__HeLa_TE_GSE79664	EIF3F	NM_003754.3	6920	0	1	4	4	0.0	0.14450867052023122	0.5780346820809249	0.5780346820809249	3	0	0	3
EIF3G	1.41418283608961	0.15050556191602443	0.3558559583799029	raw__HeLa_TE_GSE79664	EIF3G	NM_003755.5	1103	0	0	2	1	0.0	0.0	1.813236627379873	0.9066183136899365	0	0	0	0
EIF3H	1.04402583915576	0.01871124738644952	-0.021886798229223906	raw__HeLa_TE_GSE79664	EIF3H	NM_003756.3	3961	0	0	2	1	0.0	0.0	0.5049229992426155	0.25246149962130776	1	0	0	1
EIF3I	1.6416412659462	0.21527826043189036	0.5415044651286864	raw__HeLa_TE_GSE79664	EIF3I	NM_003757.4	1421	0	0	4	5	0.0	0.0	2.8149190710767065	3.518648838845883	0	0	0	0
EIF3J	1.07359990619629	0.030842464879280284	0.01288313515616834	raw__HeLa_TE_GSE79664	EIF3J	NM_003758.4	2479	0	0	0	1	0.0	0.0	0.0	0.40338846308995563	0	0	0	0
EIF3K	1.62744974378112	0.21150758628137567	0.5306971336214493	raw__HeLa_TE_GSE79664	EIF3K	NM_013234.4	772	0	2	2	0	0.0	2.5906735751295336	2.5906735751295336	0.0	1	1	0	2
EIF4A1	0.74715918	-0.12658686320330034	-0.4383335093045601	raw__HeLa_TE_GSE79664	EIF4A1	NM_001416.4	1758	0	0	5	13	0.0	0.0	2.844141069397042	7.39476678043231	1	0	0	1
EIF4A3	1.42935149751894	0.15513904101037737	0.36913622143251645	raw__HeLa_TE_GSE79664	EIF4A3	NM_014740.4	2524	0	0	2	2	0.0	0.0	0.7923930269413629	0.7923930269413629	0	0	0	0
EIF4B	0.282468174340833	-0.5490304770012687	-1.6491218180229683	raw__HeLa_TE_GSE79664	EIF4B	NM_001417.7	3856	0	0	4	5	0.0	0.0	1.037344398340249	1.2966804979253113	0	0	0	0
EIF4E	2.4520800931377	0.3895346515884876	1.040950057961754	raw__HeLa_TE_GSE79664	EIF4E	NM_001968.5	2427	0	0	0	0	0.0	0.0	0.0	0.0	0	0	0	0
EIF4G1	0.421483761548957	-0.37521915272496087	-1.1509518552566151	raw__HeLa_TE_GSE79664	EIF4G1	NM_198241.3	5405	0	0	4	3	0.0	0.0	0.7400555041628122	0.5550416281221091	0	0	0	0
EIF4G2	0.631063362538542	-0.1999270328013238	-0.648537704629856	raw__HeLa_TE_GSE79664	EIF4G2	NM_001418.4	3794	0	0	5	6	0.0	0.0	1.3178703215603584	1.58144438587243	1	0	0	1
EIF4H	1.72979928013796	0.23799571203871653	0.6066161721376506	raw__HeLa_TE_GSE79664	EIF4H	NM_022170.2	2563	0	0	0	1	0.0	0.0	0.0	0.3901677721420211	0	0	0	0
EIF5A	3.17040411448482	0.501114622944886	1.3607554009538079	raw__HeLa_TE_GSE79664	EIF5A	NM_001970.5	1264	0	2	4	13	0.0	1.5822784810126582	3.1645569620253164	10.284810126582279	1	1	0	2
EIF5B	0.28647509	-0.5429131354622939	-1.6315885771976721	raw__HeLa_TE_GSE79664	EIF5B	NM_015904.4	5741	0	0	0	1	0.0	0.0	0.0	0.17418568193694478	0	0	0	0
EIF6	2.95448526518869	0.4704818283778951	1.2729571047702528	raw__HeLa_TE_GSE79664	EIF6	NM_002212.4	1069	0	1	3	1	0.0	0.9354536950420954	2.8063610851262863	0.9354536950420954	1	1	0	2
ELAVL1	2.6102973436674	0.4166899814220808	1.1187814058813161	raw__HeLa_TE_GSE79664	ELAVL1	NM_001419.3	6054	0	0	0	1	0.0	0.0	0.0	0.16518004625041294	0	0	0	0
ENAH	1.33157337043151	0.12436510130117198	0.28093338158338377	raw__HeLa_TE_GSE79664	ENAH	NM_018212.6	13092	0	0	0	1	0.0	0.0	0.0	0.07638252367858234	0	0	0	0
ENO1	1.13010839798317	0.053120102233963115	0.07673426693778974	raw__HeLa_TE_GSE79664	ENO1	NM_001428.5	1781	0	0	10	22	0.0	0.0	5.614823133071308	12.352610892756879	3	0	0	3
ENSA	0.984098493436155	-0.006961433057296717	-0.09546864517748317	raw__HeLa_TE_GSE79664	ENSA	NM_004436.4	1227	1	1	1	2	0.8149959250203749	0.8149959250203749	0.8149959250203749	1.6299918500407498	1	1	0	2
ERH	4.32174571728465	0.6356592102962046	1.7463808620697328	raw__HeLa_TE_GSE79664	ERH	NM_004450.3	791	1	1	1	2	1.2642225031605563	1.2642225031605563	1.2642225031605563	2.5284450063211126	0	0	0	0
ERP29	1.32453741579325	0.12206423084241039	0.2743387333028764	raw__HeLa_TE_GSE79664	ERP29	NM_006817.4	1623	0	2	1	0	0.0	1.2322858903265557	0.6161429451632778	0.0	1	0	0	1
ESD	2.0384917016198	0.30930894784701046	0.8110108637682725	raw__HeLa_TE_GSE79664	ESD	NM_001984.2	1121	0	0	2	0	0.0	0.0	1.784121320249777	0.0	0	0	0	0
ETF1	0.679589081374309	-0.16775360734416367	-0.5563237235857899	raw__HeLa_TE_GSE79664	ETF1	NM_004730.4	3682	0	0	2	5	0.0	0.0	0.5431830526887561	1.3579576317218902	1	0	0	1
ETFA	1.77626861224871	0.249508641620712	0.6396139973660965	raw__HeLa_TE_GSE79664	ETFA	NM_000126.4	2289	0	0	2	2	0.0	0.0	0.873743993010048	0.873743993010048	0	0	0	0
ETFB	1.08300694209681	0.03463124047081859	0.02374234817479894	raw__HeLa_TE_GSE79664	ETFB	NM_001985.3	872	0	0	0	0	0.0	0.0	0.0	0.0	0	0	0	0
EWSR1	0.504298999395477	-0.2973118935451181	-0.9276576794228647	raw__HeLa_TE_GSE79664	EWSR1	NM_005243.4	2400	2	0	0	0	0.8333333333333334	0.0	0.0	0.0	1	0	0	1
EZR	0.814452874657087	-0.08913403949356472	-0.3309879616501773	raw__HeLa_TE_GSE79664	EZR	NM_001111077.2	3052	0	0	0	0	0.0	0.0	0.0	0.0	0	0	0	0
FARSA	0.837053404795015	-0.07724683272611177	-0.2969174004977635	raw__HeLa_TE_GSE79664	FARSA	NM_004461.3	1811	0	0	0	1	0.0	0.0	0.0	0.5521811154058531	0	0	0	0
FARSB	0.98021025191322	-0.008680759560527534	-0.1003964991229263	raw__HeLa_TE_GSE79664	FARSB	NM_005687.5	6761	0	0	0	0	0.0	0.0	0.0	0.0	0	0	0	0
FASN	0.899922750823077	-0.0457947687063894	-0.20677095217589309	raw__HeLa_TE_GSE79664	FASN	NM_004104.5	8464	0	0	4	9	0.0	0.0	0.4725897920604915	1.063327032136106	0	0	0	0
FAU	0.888721187794546	-0.05123446579486074	-0.2223619598809842	raw__HeLa_TE_GSE79664	FAU	NM_001997.5	506	0	0	0	4	0.0	0.0	0.0	7.905138339920948	0	0	0	0
FDPS	0.811391684568544	-0.09076944741367571	-0.3356752920416905	raw__HeLa_TE_GSE79664	FDPS	NM_002004.4	1417	0	0	0	0	0.0	0.0	0.0	0.0	0	0	0	0
FEN1	2.09232107615246	0.32062832976586947	0.8434539516541448	raw__HeLa_TE_GSE79664	FEN1	NM_004111.6	2016	0	0	1	0	0.0	0.0	0.49603174603174605	0.0	0	0	0	0
FH	1.23589272268518	0.09198077498593672	0.18811492627360363	raw__HeLa_TE_GSE79664	FH	NM_000143.4	1791	0	0	0	2	0.0	0.0	0.0	1.1166945840312674	0	0	0	0
FKBP1A	0.27970210029948	-0.5533042724734859	-1.6613711725465024	raw__HeLa_TE_GSE79664	FKBP1A	NM_000801.5	1514	0	0	0	3	0.0	0.0	0.0	1.9815059445178336	0	0	0	0
FKBP3	1.64820285633112	0.21701066243602754	0.5464697954688743	raw__HeLa_TE_GSE79664	FKBP3	NM_002013.4	1299	0	0	0	0	0.0	0.0	0.0	0.0	0	0	0	0
FKBP4	1.0761347791764	0.03186666741488038	0.015818656999463183	raw__HeLa_TE_GSE79664	FKBP4	NM_002014.4	3715	1	1	1	4	0.2691790040376851	0.2691790040376851	0.2691790040376851	1.0767160161507403	0	0	0	0
FLNA	0.304591171617561	-0.5162826885683991	-1.555261624435416	raw__HeLa_TE_GSE79664	FLNA	NM_001110556.2	8507	2	0	19	2	0.23510050546608674	0.0	2.233454801927824	0.23510050546608674	10	0	0	10
FLNB	0.29891459	-0.5244528865604186	-1.5786786672916555	raw__HeLa_TE_GSE79664	FLNB	NM_001457.4	9441	0	0	2	0	0.0	0.0	0.21184196589344348	0.0	0	0	0	0
FSCN1	1.51009151899088	0.17900326847747178	0.4375347642675687	raw__HeLa_TE_GSE79664	FSCN1	NM_003088.4	2784	1	2	3	5	0.35919540229885055	0.7183908045977011	1.0775862068965518	1.7959770114942528	1	1	1	3
FTO	2.82503209973339	0.4510233869016096	1.217186221566334	raw__HeLa_TE_GSE79664	FTO	NM_001080432.3	11573	0	0	0	0	0.0	0.0	0.0	0.0	0	0	0	0
FUBP1	1.47378529	0.16843421747126783	0.40724224007123816	raw__HeLa_TE_GSE79664	FUBP1	NM_003902.5	6714	1	0	0	3	0.14894250819183796	0.0	0.0	0.44682752457551383	0	0	0	0
FUBP3	1.21512643710269	0.0846214697689757	0.16702202671033026	raw__HeLa_TE_GSE79664	FUBP3	NM_003934.2	3153	0	0	1	0	0.0	0.0	0.3171582619727244	0.0	0	0	0	0
FUS	1.04538008220377	0.019274221157369247	-0.020273228896700596	raw__HeLa_TE_GSE79664	FUS	NM_004960.4	1824	0	0	4	1	0.0	0.0	2.192982456140351	0.5482456140350878	2	0	0	2
G3BP1	1.68134252532299	0.22565619749906984	0.5712492274097082	raw__HeLa_TE_GSE79664	G3BP1	NM_005754.3	10227	0	0	2	1	0.0	0.0	0.1955607705094358	0.0977803852547179	0	0	0	0
G3BP2	1.88338412488104	0.27493890541382265	0.7125010409445299	raw__HeLa_TE_GSE79664	G3BP2	NM_203505.3	4321	0	0	0	2	0.0	0.0	0.0	0.4628558204119417	0	0	0	0
G6PD	1.36100854769271	0.13386085275963142	0.30814966435549596	raw__HeLa_TE_GSE79664	G6PD	NM_001360016.2	2223	0	1	0	1	0.0	0.449842555105713	0.0	0.449842555105713	0	0	0	0
GALK1	1.1857330776102	0.07398693526111853	0.13654181673623916	raw__HeLa_TE_GSE79664	GALK1	NM_000154.2	1397	0	0	0	1	0.0	0.0	0.0	0.7158196134574087	0	0	0	0
GAMT	1.30884223828076	0.11688730188062824	0.25950085942513496	raw__HeLa_TE_GSE79664	GAMT	NM_000156.6	1110	0	0	0	0	0.0	0.0	0.0	0.0	0	0	0	0
GANAB	1.24910784430516	0.09659993570378166	0.20135415065902118	raw__HeLa_TE_GSE79664	GANAB	NM_198334.3	3835	1	1	8	1	0.2607561929595828	0.2607561929595828	2.0860495436766624	0.2607561929595828	1	0	0	1
GAPDH	0.468491434171952	-0.32929834527964535	-1.019335765047975	raw__HeLa_TE_GSE79664	GAPDH	NM_002046.7	1285	0	0	9	23	0.0	0.0	7.003891050583658	17.898832684824903	3	0	0	3
GART	1.11825240363015	0.04853984034095107	0.06360653256143425	raw__HeLa_TE_GSE79664	GART	NM_000819.5	3318	0	0	0	2	0.0	0.0	0.0	0.6027727546714888	0	0	0	0
GCSH	0.113418628454452	-0.9453156088421619	-2.7849358980089347	raw__HeLa_TE_GSE79664	GCSH	NM_004483.5	1560	0	0	0	0	0.0	0.0	0.0	0.0	0	0	0	0
GDI1	0.901640891309928	-0.04496640034753952	-0.20439672117452837	raw__HeLa_TE_GSE79664	GDI1	NM_001493.3	2240	0	0	0	2	0.0	0.0	0.0	0.8928571428571429	0	0	0	0
GDI2	1.36890385224549	0.13637294564631935	0.3153497085703224	raw__HeLa_TE_GSE79664	GDI2	NM_001494.4	2297	0	0	0	3	0.0	0.0	0.0	1.30605137135394	0	0	0	0
GFPT1	1.97291565225544	0.29510851832716933	0.7703102507637966	raw__HeLa_TE_GSE79664	GFPT1	NM_001244710.2	8665	0	0	0	0	0.0	0.0	0.0	0.0	0	0	0	0
GLO1	2.69513893671045	0.430581158350728	1.1585956534404915	raw__HeLa_TE_GSE79664	GLO1	NM_006708.3	2016	0	0	0	1	0.0	0.0	0.0	0.49603174603174605	0	0	0	0
GLOD4	1.27705580535327	0.10620987567174829	0.2288977152452867	raw__HeLa_TE_GSE79664	GLOD4	NM_016080.4	1765	0	0	0	0	0.0	0.0	0.0	0.0	0	0	0	0
GLRX	1.96040361813973	0.292345495379395	0.762391002436644	raw__HeLa_TE_GSE79664	GLRX	NM_001118890.2	932	0	0	0	0	0.0	0.0	0.0	0.0	0	0	0	0
GLRX3	1.20763890352958	0.08193709517258915	0.15932819664315373	raw__HeLa_TE_GSE79664	GLRX3	NM_006541.5	1318	0	0	2	2	0.0	0.0	1.5174506828528074	1.5174506828528074	0	0	0	0
GLS	6.14266493457008	0.7883568263994923	2.184035692935403	raw__HeLa_TE_GSE79664	GLS	NM_014905.5	4840	0	0	1	0	0.0	0.0	0.2066115702479339	0.0	0	0	0	0
GLUD1	1.0592556248017	0.025000778846125407	-0.0038600346329486267	raw__HeLa_TE_GSE79664	GLUD1	NM_005271.5	3300	0	0	3	1	0.0	0.0	0.9090909090909091	0.30303030303030304	0	0	0	0
GMPS	1.02503830103402	0.010740093310753585	-0.04473335063671621	raw__HeLa_TE_GSE79664	GMPS	NM_003875.3	8631	0	0	0	2	0.0	0.0	0.0	0.23172285946008575	0	0	0	0
GOT1	1.34695987459329	0.12935465845329286	0.29523421906357705	raw__HeLa_TE_GSE79664	GOT1	NM_002079.3	1978	0	0	0	1	0.0	0.0	0.0	0.5055611729019212	0	0	0	0
GOT2	1.64870372276534	0.2171426185743088	0.5468480020372212	raw__HeLa_TE_GSE79664	GOT2	NM_002080.4	2421	0	0	0	3	0.0	0.0	0.0	1.2391573729863692	0	0	0	0
GPI	1.73198595391616	0.23854436564816414	0.6081886976869966	raw__HeLa_TE_GSE79664	GPI	NM_000175.5	4125	0	1	2	6	0.0	0.24242424242424243	0.48484848484848486	1.4545454545454546	0	0	0	0
GRPEL1	1.59837882675673	0.20367971795171416	0.5082612601790022	raw__HeLa_TE_GSE79664	GRPEL1	NM_025196.4	2653	0	0	0	0	0.0	0.0	0.0	0.0	0	0	0	0
GRSF1	1.18853728322615	0.07501280966152345	0.13948213040095894	raw__HeLa_TE_GSE79664	GRSF1	NM_002092.4	6610	1	0	1	0	0.15128593040847202	0.0	0.15128593040847202	0.0	1	0	0	1
GSPT1	0.980426322876425	-0.008585037152197578	-0.10012214399219942	raw__HeLa_TE_GSE79664	GSPT1	NM_002094.4	7141	0	0	3	2	0.0	0.0	0.42010922839938386	0.2800728189329226	0	0	0	0
GSR	1.58368865206249	0.1996698047901425	0.49676823290523925	raw__HeLa_TE_GSE79664	GSR	NM_000637.5	3034	0	0	0	0	0.0	0.0	0.0	0.0	0	0	0	0
GSTM3	2.57842575366282	0.4113546303175709	1.1034894697997877	raw__HeLa_TE_GSE79664	GSTM3	NM_000849.5	4122	0	0	1	2	0.0	0.0	0.242600679281902	0.485201358563804	0	0	0	0
GSTO1	1.88529605561131	0.27537955890385446	0.7137640215566161	raw__HeLa_TE_GSE79664	GSTO1	NM_004832.3	813	0	0	0	1	0.0	0.0	0.0	1.2300123001230012	0	0	0	0
GTF2I	0.731395373741252	-0.1358477910105535	-0.4648767514099311	raw__HeLa_TE_GSE79664	GTF2I	NM_032999.4	4515	0	0	2	0	0.0	0.0	0.4429678848283499	0.0	0	0	0	0
HADH	1.64866202793288	0.21713163536102204	0.5468165224602897	raw__HeLa_TE_GSE79664	HADH	NM_005327.7	1803	0	0	2	1	0.0	0.0	1.1092623405435384	0.5546311702717692	0	0	0	0
HADHA	0.754600004917003	-0.12228319630514353	-0.42599853868431836	raw__HeLa_TE_GSE79664	HADHA	NM_000182.5	2943	0	0	2	1	0.0	0.0	0.6795786612300374	0.3397893306150187	0	0	0	0
HADHB	1.38366929593383	0.14103230391190605	0.32870414530421715	raw__HeLa_TE_GSE79664	HADHB	NM_000183.3	1997	0	0	0	1	0.0	0.0	0.0	0.5007511266900351	0	0	0	0
HDGF	0.853119821261861	-0.06898996759179271	-0.2732519562946483	raw__HeLa_TE_GSE79664	HDGF	NM_004494.3	2309	0	0	8	13	0.0	0.0	3.4647033347769596	5.63014291901256	2	0	0	2
HDLBP	0.324933814554829	-0.4882050910237011	-1.4747869155425992	raw__HeLa_TE_GSE79664	HDLBP	NM_005336.6	6322	0	1	4	2	0.0	0.15817779183802594	0.6327111673521038	0.3163555836760519	1	0	0	1
HINT1	2.41750298664992	0.38336701929476147	1.0232726761057955	raw__HeLa_TE_GSE79664	HINT1	NM_005340.7	852	0	0	5	8	0.0	0.0	5.868544600938967	9.389671361502348	0	0	0	0
HMGA1	1.11316192694855	0.046558343908035316	0.057927259313172975	raw__HeLa_TE_GSE79664	HMGA1	NM_145899.3	1920	0	1	3	3	0.0	0.5208333333333334	1.5625	1.5625	0	0	0	0
HMGB1	0.653070357361408	-0.18504002826884064	-0.6058692621418393	raw__HeLa_TE_GSE79664	HMGB1	NM_002128.7	5456	0	0	1	2	0.0	0.0	0.18328445747800587	0.36656891495601174	0	0	0	0
HMGB2	1.20132176035984	0.07965934381704935	0.15279981126490053	raw__HeLa_TE_GSE79664	HMGB2	NM_002129.4	1441	0	0	0	0	0.0	0.0	0.0	0.0	0	0	0	0
HMGCS1	2.02992768658446	0.3074805670379835	0.80577044342542	raw__HeLa_TE_GSE79664	HMGCS1	NM_001098272.3	5350	0	0	0	0	0.0	0.0	0.0	0.0	0	0	0	0
HMGN1	2.03492475515469	0.30854835507216133	0.8088308880048717	raw__HeLa_TE_GSE79664	HMGN1	NM_004965.7	1271	0	0	0	9	0.0	0.0	0.0	7.081038552321007	0	0	0	0
HMGN2	1.35581701686367	0.13220108043904766	0.3033925018484582	raw__HeLa_TE_GSE79664	HMGN2	NM_005517.4	1940	0	0	1	2	0.0	0.0	0.5154639175257731	1.0309278350515463	0	0	0	0
HNRNPA0	1.49516148449158	0.17468810104585708	0.42516683135129496	raw__HeLa_TE_GSE79664	HNRNPA0	NM_006805.4	8713	0	0	0	12	0.0	0.0	0.0	1.3772523814989097	0	0	0	0
HNRNPA1	0.40762707592654	-0.38973697644444605	-1.1925621688072279	raw__HeLa_TE_GSE79664	HNRNPA1	NM_031157.4	3744	0	0	2	6	0.0	0.0	0.5341880341880342	1.6025641025641026	0	0	0	0
HNRNPA2B1	1.04245562285069	0.01805757620092139	-0.02376032028834082	raw__HeLa_TE_GSE79664	HNRNPA2B1	NM_002137.4	3628	0	2	4	17	0.0	0.5512679162072768	1.1025358324145536	4.685777287761852	0	0	0	0
HNRNPA3	0.837282938527769	-0.0771277584020457	-0.2965761151883431	raw__HeLa_TE_GSE79664	HNRNPA3	NM_194247.4	5710	0	0	0	4	0.0	0.0	0.0	0.7005253940455342	0	0	0	0
HNRNPAB	1.22991956991617	0.08987671185916286	0.18208435804746953	raw__HeLa_TE_GSE79664	HNRNPAB	NM_031266.3	1770	0	0	1	3	0.0	0.0	0.5649717514124294	1.694915254237288	0	0	0	0
HNRNPC	0.35633743083879	-0.4481385555526673	-1.3599500683642682	raw__HeLa_TE_GSE79664	HNRNPC	NM_004500.4	3165	0	0	1	8	0.0	0.0	0.315955766192733	2.527646129541864	1	0	0	1
HNRNPD	1.19475581963012	0.07727915463714399	0.14597782334168927	raw__HeLa_TE_GSE79664	HNRNPD	NM_031370.3	3068	0	0	0	0	0.0	0.0	0.0	0.0	0	0	0	0
HNRNPDL	1.20896739379881	0.08241458797060648	0.16069676437255753	raw__HeLa_TE_GSE79664	HNRNPDL	NM_031372.4	4372	0	0	1	2	0.0	0.0	0.22872827081427263	0.45745654162854527	0	0	0	0
HNRNPF	1.25168688989947	0.09749570347868279	0.2039215587432056	raw__HeLa_TE_GSE79664	HNRNPF	NM_001098204.2	2569	0	0	1	2	0.0	0.0	0.3892565200467108	0.7785130400934216	0	0	0	0
HNRNPH1	0.927043421804199	-0.032899923451717154	-0.16981234428803185	raw__HeLa_TE_GSE79664	HNRNPH1	NM_001257293.2	2240	0	0	3	0	0.0	0.0	1.3392857142857142	0.0	0	0	0	0
HNRNPH3	0.81273805	-0.0900494073836198	-0.33361154667609505	raw__HeLa_TE_GSE79664	HNRNPH3	NM_012207.3	2356	0	0	1	1	0.0	0.0	0.4244482173174873	0.4244482173174873	0	0	0	0
HNRNPK	0.676304468423008	-0.16985774313055818	-0.5623545000655614	raw__HeLa_TE_GSE79664	HNRNPK	NM_031263.4	2889	0	0	2	5	0.0	0.0	0.6922810661128418	1.7307026652821045	0	0	0	0
HNRNPL	1.00335569255772	0.0014549189933572393	-0.07134608696581252	raw__HeLa_TE_GSE79664	HNRNPL	NM_001533.3	2142	1	2	4	0	0.4668534080298786	0.9337068160597572	1.8674136321195145	0.0	0	0	0	0
HNRNPM	0.843398684890866	-0.07396708051475896	-0.28751712670193696	raw__HeLa_TE_GSE79664	HNRNPM	NM_005968.5	2477	0	0	1	6	0.0	0.0	0.4037141703673799	2.4222850222042793	0	0	0	0
HNRNPR	0.899229870104315	-0.04612927538931546	-0.20772969972857536	raw__HeLa_TE_GSE79664	HNRNPR	NM_005826.5	7751	0	0	3	0	0.0	0.0	0.38704683266675266	0.0	1	0	0	1
HNRNPU	1.22451961481659	0.08796574620910456	0.17660723686045213	raw__HeLa_TE_GSE79664	HNRNPU	NM_031844.3	6867	0	0	1	3	0.0	0.0	0.145623998835008	0.436871996505024	0	0	0	0
HNRNPUL1	0.556502186146805	-0.2545331252562645	-0.8050471562341085	raw__HeLa_TE_GSE79664	HNRNPUL1	NM_007040.6	3925	0	0	2	1	0.0	0.0	0.5095541401273885	0.25477707006369427	0	0	0	0
HNRNPUL2	4.58017641798872	0.6608822063626961	1.8186738444954624	raw__HeLa_TE_GSE79664	HNRNPUL2	NM_001079559.3	5214	0	0	2	0	0.0	0.0	0.3835826620636747	0.0	0	0	0	0
HPRT1	2.74118967404445	0.4379390871779113	1.1796846080591694	raw__HeLa_TE_GSE79664	HPRT1	NM_000194.3	1395	0	1	0	6	0.0	0.7168458781362007	0.0	4.301075268817204	1	0	0	1
HSD17B10	1.81223980321502	0.2582156648210674	0.664569663756575	raw__HeLa_TE_GSE79664	HSD17B10	NM_004493.3	954	0	0	0	0	0.0	0.0	0.0	0.0	0	0	0	0
HSD17B4	1.04409094713915	0.018738330199162746	-0.0218091747265141	raw__HeLa_TE_GSE79664	HSD17B4	NM_000414.4	2628	0	0	0	0	0.0	0.0	0.0	0.0	0	0	0	0
HSP90AA1	0.62694940572206	-0.2027675049464686	-0.6566789342573122	raw__HeLa_TE_GSE79664	HSP90AA1	NM_005348.4	3228	0	2	8	20	0.0	0.6195786864931846	2.4783147459727384	6.195786864931846	0	0	0	0
HSP90AB1	0.57519558097683	-0.24018445914247252	-0.7639216743737249	raw__HeLa_TE_GSE79664	HSP90AB1	NM_007355.4	2555	0	1	5	30	0.0	0.3913894324853229	1.9569471624266144	11.741682974559687	0	0	0	0
HSP90B1	0.693174906434353	-0.1591571675310406	-0.5316850061750712	raw__HeLa_TE_GSE79664	HSP90B1	NM_003299.3	2782	0	0	1	8	0.0	0.0	0.35945363048166784	2.8756290438533427	0	0	0	0
HSPA4	0.918886405733108	-0.036738173502351895	-0.18081335870854792	raw__HeLa_TE_GSE79664	HSPA4	NM_002154.4	4774	0	0	0	3	0.0	0.0	0.0	0.6284038542103059	0	0	0	0
HSPA4L	2.2094828117952	0.34429062740927224	0.9112737325864919	raw__HeLa_TE_GSE79664	HSPA4L	NM_014278.4	10608	0	0	0	0	0.0	0.0	0.0	0.0	0	0	0	0
HSPA5	1.35704174945143	0.13259320895484877	0.30451640242817946	raw__HeLa_TE_GSE79664	HSPA5	NM_005347.5	3921	0	1	3	8	0.0	0.2550369803621525	0.7651109410864575	2.04029584289722	1	1	0	2
HSPA8	0.503695589499263	-0.2978318519306919	-0.9291479600513557	raw__HeLa_TE_GSE79664	HSPA8	NM_006597.6	2264	0	1	7	23	0.0	0.4416961130742049	3.091872791519435	10.159010600706713	0	0	0	0
HSPA9	0.882937042568039	-0.05407026249273628	-0.23048978895814964	raw__HeLa_TE_GSE79664	HSPA9	NM_004134.7	4404	0	0	1	3	0.0	0.0	0.22706630336058128	0.6811989100817438	0	0	0	0
HSPB1	1.89059500395131	0.2765985059012145	0.7172577109512361	raw__HeLa_TE_GSE79664	HSPB1	NM_001540.5	777	0	0	1	8	0.0	0.0	1.287001287001287	10.296010296010296	0	0	0	0
HSPD1	0.461095800548425	-0.3362088331198923	-1.0391422850454897	raw__HeLa_TE_GSE79664	HSPD1	NM_002156.5	2245	0	1	5	18	0.0	0.44543429844098	2.2271714922048997	8.017817371937639	1	0	0	1
HSPE1	0.03828965	-1.4169186034554824	-4.136622545845165	raw__HeLa_TE_GSE79664	HSPE1	NM_002157.3	557	0	0	0	5	0.0	0.0	0.0	8.976660682226212	0	0	0	0
HSPH1	1.00717572724006	0.003105250804407149	-0.0666159824097026	raw__HeLa_TE_GSE79664	HSPH1	NM_006644.4	5244	1	1	0	4	0.19069412662090007	0.19069412662090007	0.0	0.7627765064836003	1	1	0	2
HYPK	0.85808144	-0.06647149156372997	-0.266033617015825	raw__HeLa_TE_GSE79664	HYPK	NM_016400.4	3011	0	0	1	0	0.0	0.0	0.33211557622052473	0.0	0	0	0	0
IDH1	1.67396215190788	0.22374563441985845	0.565773260052596	raw__HeLa_TE_GSE79664	IDH1	NM_005896.4	2318	0	0	0	0	0.0	0.0	0.0	0.0	0	0	0	0
IDH2	0.833602763671779	-0.079040854210801	-0.30205934173750065	raw__HeLa_TE_GSE79664	IDH2	NM_002168.4	2658	0	0	0	0	0.0	0.0	0.0	0.0	0	0	0	0
IGF2BP1	1.89325424174337	0.2772089385132492	0.7190073046147956	raw__HeLa_TE_GSE79664	IGF2BP1	NM_006546.4	8796	0	1	0	0	0.0	0.11368804001819009	0.0	0.0	1	0	0	1
ILF2	1.12483451494539	0.051088633974067564	0.07091176675486499	raw__HeLa_TE_GSE79664	ILF2	NM_004515.4	1852	0	0	1	6	0.0	0.0	0.5399568034557235	3.239740820734341	1	0	0	1
ILF3	0.602143155372231	-0.22030024595613504	-0.7069304640258371	raw__HeLa_TE_GSE79664	ILF3	NM_017620.3	6017	0	0	3	2	0.0	0.0	0.4985873358816686	0.33239155725444575	0	0	0	0
IMPDH2	1.67071842032013	0.22290326090132698	0.5633588881115879	raw__HeLa_TE_GSE79664	IMPDH2	NM_000884.3	1651	0	0	3	2	0.0	0.0	1.8170805572380375	1.2113870381586918	1	0	0	1
IPO5	1.14759567275595	0.05978890198093543	0.09584807172282302	raw__HeLa_TE_GSE79664	IPO5	NM_002271.6	6002	0	0	4	5	0.0	0.0	0.6664445184938353	0.8330556481172943	0	0	0	0
IQGAP1	0.390248742260052	-0.4086584879590729	-1.2467941282377888	raw__HeLa_TE_GSE79664	IQGAP1	NM_003870.4	7205	0	0	4	1	0.0	0.0	0.5551700208188758	0.13879250520471895	0	0	0	0
ISOC1	2.00750954	0.30265761779107364	0.7919471298020936	raw__HeLa_TE_GSE79664	ISOC1	NM_016048.2	1942	0	1	0	0	0.0	0.5149330587023687	0.0	0.0	1	0	0	1
ITPA	2.06950615084074	0.31586672151823453	0.8298064507602367	raw__HeLa_TE_GSE79664	ITPA	NM_033453.4	1037	0	1	1	1	0.0	0.9643201542912246	0.9643201542912246	0.9643201542912246	1	1	0	2
KHDRBS1	1.61255467164362	0.20751444776661568	0.5192521850629966	raw__HeLa_TE_GSE79664	KHDRBS1	NM_006559.3	2713	0	0	0	2	0.0	0.0	0.0	0.7371913011426465	0	0	0	0
KHSRP	0.795879961076352	-0.0991524299675945	-0.3597022081482492	raw__HeLa_TE_GSE79664	KHSRP	NM_001366299.1	4276	1	0	0	1	0.23386342376052385	0.0	0.0	0.23386342376052385	1	0	0	1
KIF5B	0.995517697564104	-0.0019510150076258433	-0.08110801715948103	raw__HeLa_TE_GSE79664	KIF5B	NM_004521.3	5866	0	0	0	0	0.0	0.0	0.0	0.0	0	0	0	0
KPNA2	1.33510686750012	0.12551602982646978	0.2842321195855342	raw__HeLa_TE_GSE79664	KPNA2	NM_002266.4	1977	0	0	1	3	0.0	0.0	0.5058168942842691	1.5174506828528074	0	0	0	0
KPNB1	1.2269177421574	0.08881544673298855	0.17904260912464892	raw__HeLa_TE_GSE79664	KPNB1	NM_002265.6	6058	0	0	7	1	0.0	0.0	1.15549686365137	0.1650709805216243	1	0	0	1
LANCL1	3.69943311935687	0.568135180284054	1.5528466164902435	raw__HeLa_TE_GSE79664	LANCL1	NM_006055.3	4592	0	0	2	1	0.0	0.0	0.4355400696864111	0.21777003484320556	0	0	0	0
LAP3	0.992652028338902	-0.003202965660637885	-0.08469630010245459	raw__HeLa_TE_GSE79664	LAP3	NM_015907.3	2209	0	1	1	0	0.0	0.4526935264825713	0.4526935264825713	0.0	1	1	0	2
LARP1	0.565103676988952	-0.24787186684682555	-0.7859549660812281	raw__HeLa_TE_GSE79664	LARP1	NM_033551.3	7181	1	0	2	2	0.13925637097897228	0.0	0.27851274195794457	0.27851274195794457	1	0	0	1
LASP1	2.01629188187561	0.3045534015395145	0.7973807373262645	raw__HeLa_TE_GSE79664	LASP1	NM_006148.4	3910	0	0	1	3	0.0	0.0	0.2557544757033248	0.7672634271099744	0	0	0	0
LDHA	1.10909193214427	0.04496754612049604	0.05336778841628584	raw__HeLa_TE_GSE79664	LDHA	NM_005566.4	2241	1	1	8	24	0.4462293618920125	0.4462293618920125	3.5698348951361	10.7095046854083	2	1	0	3
LGALS1	3.18290874	0.502824186757164	1.365655273526871	raw__HeLa_TE_GSE79664	LGALS1	NM_002305.4	528	0	0	2	4	0.0	0.0	3.787878787878788	7.575757575757576	0	0	0	0
LMNA	0.848598198758739	-0.07129789440533324	-0.279866829172213	raw__HeLa_TE_GSE79664	LMNA	NM_170707.4	3178	0	0	3	3	0.0	0.0	0.9439899307740718	0.9439899307740718	0	0	0	0
LMNB1	1.47403879203734	0.16850891293013884	0.40745632873387	raw__HeLa_TE_GSE79664	LMNB1	NM_005573.4	2890	0	0	1	0	0.0	0.0	0.3460207612456747	0.0	0	0	0	0
LMNB2	0.700025395760911	-0.15488620421608068	-0.5194437690494184	raw__HeLa_TE_GSE79664	LMNB2	NM_032737.4	4634	1	0	2	0	0.21579628830384118	0.0	0.43159257660768235	0.0	1	0	0	1
LONP1	0.46653703	-0.3311138797065052	-1.0245393656855952	raw__HeLa_TE_GSE79664	LONP1	NM_004793.4	3092	0	0	0	3	0.0	0.0	0.0	0.9702457956015524	0	0	0	0
LRPPRC	1.39297849437129	0.14394441157976048	0.3370506933470848	raw__HeLa_TE_GSE79664	LRPPRC	NM_133259.4	6603	0	0	0	3	0.0	0.0	0.0	0.45433893684688775	0	0	0	0
LSM8	1.92082990153597	0.2834889077585683	0.7370066614354196	raw__HeLa_TE_GSE79664	LSM8	NM_016200.5	12384	0	0	1	0	0.0	0.0	0.08074935400516796	0.0	0	0	0	0
LTA4H	1.2383844883615	0.09285550352842002	0.1906220326848455	raw__HeLa_TE_GSE79664	LTA4H	NM_000895.3	2140	0	0	1	0	0.0	0.0	0.4672897196261682	0.0	0	0	0	0
LUC7L	0.498388204147929	-0.3024322451090942	-0.9423333937849601	raw__HeLa_TE_GSE79664	LUC7L	NM_201412.3	1434	0	0	0	0	0.0	0.0	0.0	0.0	0	0	0	0
LUC7L2	3.96213534328263	0.597929306598005	1.6382411605930307	raw__HeLa_TE_GSE79664	LUC7L2	NM_016019.5	2661	1	0	0	0	0.37579857196542654	0.0	0.0	0.0	1	0	0	1
LYPLA1	3.08160931528057	0.4887775782588338	1.3253955352057785	raw__HeLa_TE_GSE79664	LYPLA1	NM_006330.4	2515	0	1	0	1	0.0	0.3976143141153082	0.0	0.3976143141153082	1	0	0	1
LYPLA2	1.15335838448813	0.061964277131038574	0.10208303116543657	raw__HeLa_TE_GSE79664	LYPLA2	NM_007260.3	1635	0	0	0	0	0.0	0.0	0.0	0.0	0	0	0	0
M6PR	1.84277586793563	0.2654725163161447	0.6853689152101605	raw__HeLa_TE_GSE79664	M6PR	NM_002355.4	2450	1	1	2	1	0.40816326530612246	0.40816326530612246	0.8163265306122449	0.40816326530612246	0	0	0	0
MANF	1.38951965362702	0.142864693899573	0.33395605656909155	raw__HeLa_TE_GSE79664	MANF	NM_006010.6	909	0	0	0	0	0.0	0.0	0.0	0.0	0	0	0	0
MAP4	1.51582490206502	0.18064903740498206	0.4422517908983334	raw__HeLa_TE_GSE79664	MAP4	NM_001385682.1	9232	0	0	0	4	0.0	0.0	0.0	0.43327556325823224	0	0	0	0
MAPRE1	1.24251503884564	0.0943016539431159	0.19476692198502904	raw__HeLa_TE_GSE79664	MAPRE1	NM_012325.3	2562	0	0	1	1	0.0	0.0	0.39032006245121	0.39032006245121	0	0	0	0
MARCKS	4.77563150062657	0.6790308081927661	1.870690526006816	raw__HeLa_TE_GSE79664	MARCKS	NM_002356.7	4296	0	0	1	2	0.0	0.0	0.23277467411545624	0.4655493482309125	0	0	0	0
MAT2A	1.8865411219059	0.27566627618009687	0.7145857973265486	raw__HeLa_TE_GSE79664	MAT2A	NM_005911.6	2817	0	0	1	0	0.0	0.0	0.35498757543485976	0.0	0	0	0	0
MATR3	0.212715823688455	-0.6722002022224818	-2.0021451764426446	raw__HeLa_TE_GSE79664	MATR3	NM_018834.6	5069	0	1	4	4	0.0	0.19727756954034326	0.789110278161373	0.789110278161373	0	0	0	0
MCM2	0.953550945710571	-0.020656098790062485	-0.13471966145386924	raw__HeLa_TE_GSE79664	MCM2	NM_004526.4	3434	0	1	1	6	0.0	0.29120559114735	0.29120559114735	1.7472335468841003	0	0	0	0
MCM3	0.789768902783657	-0.10249997064422516	-0.3692967741017592	raw__HeLa_TE_GSE79664	MCM3	NM_002388.6	3068	0	0	2	3	0.0	0.0	0.651890482398957	0.9778357235984355	0	0	0	0
MCM4	0.963917868355197	-0.015959969042921882	-0.12125983200363193	raw__HeLa_TE_GSE79664	MCM4	NM_182746.3	4062	0	0	2	2	0.0	0.0	0.49236829148202854	0.49236829148202854	0	0	0	0
MCM5	1.01616569245648	0.006964528275168843	-0.055554700172084644	raw__HeLa_TE_GSE79664	MCM5	NM_006739.4	3458	1	1	1	2	0.2891844997108155	0.2891844997108155	0.2891844997108155	0.578368999421631	1	1	1	3
MCM6	0.938381266338109	-0.027620670976922494	-0.154681195499235	raw__HeLa_TE_GSE79664	MCM6	NM_005915.6	3753	0	1	0	0	0.0	0.2664535038635758	0.0	0.0	1	0	0	1
MCM7	0.695993037326257	-0.15739510502436757	-0.526634664277061	raw__HeLa_TE_GSE79664	MCM7	NM_005916.5	2467	0	0	0	1	0.0	0.0	0.0	0.40535062829347385	0	0	0	0
MDH1	2.22818017424914	0.3479503056751383	0.9217629328329906	raw__HeLa_TE_GSE79664	MDH1	NM_005917.4	1296	0	1	2	5	0.0	0.7716049382716049	1.5432098765432098	3.8580246913580245	0	0	0	0
MDH2	1.38625117164016	0.14184192621701178	0.3310246472350819	raw__HeLa_TE_GSE79664	MDH2	NM_005918.4	2170	0	0	4	5	0.0	0.0	1.8433179723502304	2.304147465437788	1	0	0	1
MIF	3.86596162906002	0.5872575391984324	1.6076542354301748	raw__HeLa_TE_GSE79664	MIF	NM_002415.2	557	0	0	3	0	0.0	0.0	5.3859964093357275	0.0	0	0	0	0
MPST	0.924566868966281	-0.034061673176676646	-0.17314209751116968	raw__HeLa_TE_GSE79664	MPST	NM_021126.8	1350	0	0	0	1	0.0	0.0	0.0	0.7407407407407407	0	0	0	0
MRPL12	0.562444342929519	-0.24992044700238844	-0.7918265115865043	raw__HeLa_TE_GSE79664	MRPL12	NM_002949.4	1009	0	0	0	3	0.0	0.0	0.0	2.9732408325074333	0	0	0	0
MRPL53	3.22615204934981	0.5086848319424253	1.3824527831591382	raw__HeLa_TE_GSE79664	MRPL53	NM_053050.5	496	0	0	0	0	0.0	0.0	0.0	0.0	0	0	0	0
MSH2	1.02967720488366	0.01270109838535167	-0.039112808770041536	raw__HeLa_TE_GSE79664	MSH2	NM_000251.3	3115	0	0	0	0	0.0	0.0	0.0	0.0	0	0	0	0
MSN	0.771883548252599	-0.11244821542347692	-0.3978099722601945	raw__HeLa_TE_GSE79664	MSN	NM_002444.3	3960	1	2	7	3	0.25252525252525254	0.5050505050505051	1.7676767676767677	0.7575757575757576	1	0	0	1
MT2A	1.50993660428474	0.1789587135267528	0.43740706293261167	raw__HeLa_TE_GSE79664	MT2A	NM_005953.5	401	0	0	0	0	0.0	0.0	0.0	0.0	0	0	0	0
MTHFD1	0.752952812018103	-0.12323224042918737	-0.42871864497144935	raw__HeLa_TE_GSE79664	MTHFD1	NM_005956.4	3154	0	0	0	2	0.0	0.0	0.0	0.6341154090044389	0	0	0	0
MTPN	8.30264422063113	0.9192164282246874	2.5590994193082843	raw__HeLa_TE_GSE79664	MTPN	NM_145808.4	3782	0	0	0	0	0.0	0.0	0.0	0.0	0	0	0	0
MYH10	0.323772140579176	-0.48976052344324983	-1.479245023860676	raw__HeLa_TE_GSE79664	MYH10	NM_001256012.3	7707	0	0	3	0	0.0	0.0	0.3892565200467108	0.0	0	0	0	0
MYH9	0.504390737938084	-0.297232896919164	-0.9274312629544667	raw__HeLa_TE_GSE79664	MYH9	NM_002473.6	7451	0	0	0	1	0.0	0.0	0.0	0.13421017313112335	0	0	0	0
MYL6	1.40800031669444	0.14860275248978108	0.350402214183603	raw__HeLa_TE_GSE79664	MYL6	NM_021019.5	708	0	0	6	11	0.0	0.0	8.474576271186441	15.536723163841808	2	0	0	2
NAA15	1.37987029558437	0.13983826570606242	0.32528184833350243	raw__HeLa_TE_GSE79664	NAA15	NM_057175.5	6174	0	0	0	2	0.0	0.0	0.0	0.32393909944930355	0	0	0	0
NAA50	2.826555905247	0.45125757960691926	1.217857453845186	raw__HeLa_TE_GSE79664	NAA50	NM_025146.4	6112	0	0	1	2	0.0	0.0	0.16361256544502617	0.32722513089005234	0	0	0	0
NACA	0.8485888	-0.07130270451648786	-0.2798806156898912	raw__HeLa_TE_GSE79664	NACA	NM_001365896.1	6387	0	0	3	3	0.0	0.0	0.4697040864255519	0.4697040864255519	0	0	0	0
NAMPT	2.13488307080904	0.32937409336897777	0.8685206539916615	raw__HeLa_TE_GSE79664	NAMPT	NM_005746.3	4360	0	0	1	0	0.0	0.0	0.22935779816513763	0.0	0	0	0	0
NANS	1.48469239027427	0.17163648257920366	0.4164204239222074	raw__HeLa_TE_GSE79664	NANS	NM_018946.4	1179	1	1	1	2	0.8481764206955047	0.8481764206955047	0.8481764206955047	1.6963528413910094	1	1	0	2
NAP1L1	0.484954842027148	-0.31429870010186556	-0.9763444771624733	raw__HeLa_TE_GSE79664	NAP1L1	NM_004537.7	13159	0	0	6	2	0.0	0.0	0.45596169921726576	0.15198723307242193	0	0	0	0
NAP1L4	0.8618258	-0.06458050882050377	-0.26061376991030927	raw__HeLa_TE_GSE79664	NAP1L4	NM_005969.4	2463	0	1	0	0	0.0	0.4060089321965083	0.0	0.0	1	0	0	1
NASP	0.782181291202335	-0.10669257604019035	-0.38131342539130175	raw__HeLa_TE_GSE79664	NASP	NM_002482.4	3225	0	1	1	0	0.0	0.31007751937984496	0.31007751937984496	0.0	0	0	0	0
NCL	0.552355516529727	-0.25778130421283246	-0.8143569362302586	raw__HeLa_TE_GSE79664	NCL	NM_005381.3	3924	0	0	3	6	0.0	0.0	0.764525993883792	1.529051987767584	0	0	0	0
NDUFA5	1.92669975076267	0.2848140412010246	0.7408046974980151	raw__HeLa_TE_GSE79664	NDUFA5	NM_005000.5	5496	0	0	0	1	0.0	0.0	0.0	0.1819505094614265	0	0	0	0
NEDD8	0.0376874603629063	-1.4238031272767717	-4.156354648974784	raw__HeLa_TE_GSE79664	NEDD8	NM_006156.3	616	0	0	0	1	0.0	0.0	0.0	1.6233766233766234	0	0	0	0
NIPSNAP1	2.43019859471873	0.38564176539513767	1.0297924479609704	raw__HeLa_TE_GSE79664	NIPSNAP1	NM_003634.4	2013	0	0	0	2	0.0	0.0	0.0	0.9935419771485345	0	0	0	0
NIT2	1.72560002695825	0.23694013887927026	0.6035907372660853	raw__HeLa_TE_GSE79664	NIT2	NM_020202.5	7233	0	1	1	1	0.0	0.13825521913452232	0.13825521913452232	0.13825521913452232	0	0	0	0
NME1	1.55006039262488	0.19034861924950577	0.4700522828769462	raw__HeLa_TE_GSE79664	NME1	NM_000269.3	890	0	0	3	8	0.0	0.0	3.3707865168539324	8.98876404494382	0	0	0	0
NOLC1	0.992469339708349	-0.0032829009891842025	-0.08492540703672044	raw__HeLa_TE_GSE79664	NOLC1	NM_004741.5	3723	1	0	2	5	0.2686005909213	0.0	0.5372011818426	1.3430029546065	1	0	0	1
NONO	0.698421520044091	-0.15588238744050126	-0.522298983241499	raw__HeLa_TE_GSE79664	NONO	NM_007363.5	2661	0	0	1	2	0.0	0.0	0.37579857196542654	0.7515971439308531	0	0	0	0
NPC2	1.23072116242368	0.09015966841636035	0.18289535501875712	raw__HeLa_TE_GSE79664	NPC2	NM_006432.5	821	0	1	5	1	0.0	1.218026796589525	6.090133982947624	1.218026796589525	1	0	0	1
NPM1	0.402886130734536	-0.3948176828452634	-1.207124254039939	raw__HeLa_TE_GSE79664	NPM1	NM_002520.7	1320	1	2	5	17	0.7575757575757576	1.5151515151515151	3.787878787878788	12.878787878787879	0	0	0	0
NQO1	2.30397373037592	0.36247752300732894	0.9634001699210151	raw__HeLa_TE_GSE79664	NQO1	NM_000903.3	2521	1	1	4	1	0.3966679888932963	0.3966679888932963	1.5866719555731852	0.3966679888932963	1	1	1	3
NSFL1C	0.88714247313811	-0.052006627824512645	-0.224575094906351	raw__HeLa_TE_GSE79664	NSFL1C	NM_016143.5	2721	0	0	0	0	0.0	0.0	0.0	0.0	0	0	0	0
NUCKS1	1.22210017006987	0.0871068045363735	0.174145378043689	raw__HeLa_TE_GSE79664	NUCKS1	NM_022731.5	6399	0	0	4	1	0.0	0.0	0.6250976715111736	0.1562744178777934	0	0	0	0
NUDC	0.718249088756807	-0.1437249163254217	-0.4874538029406793	raw__HeLa_TE_GSE79664	NUDC	NM_006600.4	1792	0	0	0	1	0.0	0.0	0.0	0.5580357142857143	0	0	0	0
NUDT21	2.69343937244233	0.4303072043074116	1.1578104590572895	raw__HeLa_TE_GSE79664	NUDT21	NM_007006.3	4393	0	0	1	0	0.0	0.0	0.22763487366264512	0.0	0	0	0	0
NUDT5	3.00625839321349	0.4780263062322407	1.2945807375654104	raw__HeLa_TE_GSE79664	NUDT5	NM_014142.4	3195	0	0	0	2	0.0	0.0	0.0	0.6259780907668232	0	0	0	0
NUMA1	0.532916109371736	-0.2733411513944653	-0.8589538491379682	raw__HeLa_TE_GSE79664	NUMA1	NM_006185.4	7198	0	0	0	1	0.0	0.0	0.0	0.13892747985551543	0	0	0	0
NUP155	1.38399275773576	0.1411338175169635	0.3289950988946251	raw__HeLa_TE_GSE79664	NUP155	NM_153485.3	8068	0	0	3	1	0.0	0.0	0.37183936539414975	0.12394645513138325	0	0	0	0
NUP54	1.63860416478317	0.21447405435594769	0.5391994869428466	raw__HeLa_TE_GSE79664	NUP54	NM_017426.4	2249	0	0	1	1	0.0	0.0	0.444642063139173	0.444642063139173	0	0	0	0
NUP62	1.06537709146665	0.027503354025131897	0.003312730369196869	raw__HeLa_TE_GSE79664	NUP62	NM_016553.5	3361	0	0	0	1	0.0	0.0	0.0	0.2975304968759298	0	0	0	0
NUP93	0.952891721286196	-0.020956446181787276	-0.1355805032291419	raw__HeLa_TE_GSE79664	NUP93	NM_014669.5	8234	0	0	2	0	0.0	0.0	0.24289531212047608	0.0	0	0	0	0
NUP98	0.790629719395005	-0.10202686476326102	-0.36794077995071195	raw__HeLa_TE_GSE79664	NUP98	NM_016320.5	6726	0	0	1	1	0.0	0.0	0.14867677668748142	0.14867677668748142	0	0	0	0
OAT	1.98158845494747	0.2970134633157635	0.7757701158099388	raw__HeLa_TE_GSE79664	OAT	NM_000274.4	2039	0	0	0	0	0.0	0.0	0.0	0.0	0	0	0	0
OLA1	0.786664544737719	-0.10421042320287262	-0.3741991939584795	raw__HeLa_TE_GSE79664	OLA1	NM_013341.5	4251	0	0	0	0	0.0	0.0	0.0	0.0	0	0	0	0
OTUB1	1.704270497762	0.2315385260892375	0.5881088850122521	raw__HeLa_TE_GSE79664	OTUB1	NM_017670.3	1701	0	0	0	1	0.0	0.0	0.0	0.5878894767783657	0	0	0	0
P4HB	1.23121194015507	0.09033281858293782	0.18339163000196687	raw__HeLa_TE_GSE79664	P4HB	NM_000918.4	2437	1	1	10	8	0.4103405826836274	0.4103405826836274	4.1034058268362745	3.282724661469019	3	0	0	3
PA2G4	0.582571768671539	-0.23465056503488524	-0.7480606835377814	raw__HeLa_TE_GSE79664	PA2G4	NM_006191.3	2386	0	1	1	3	0.0	0.4191114836546521	0.4191114836546521	1.2573344509639564	0	0	0	0
PABPC1	0.16253589569475	-0.78905071111221	-2.3370566898621425	raw__HeLa_TE_GSE79664	PABPC1	NM_002568.4	2861	0	0	3	4	0.0	0.0	1.048584411045089	1.3981125480601189	0	0	0	0
PABPC4	0.423943940780248	-0.3726915675096465	-1.143707407647435	raw__HeLa_TE_GSE79664	PABPC4	NM_001135653.2	3142	0	1	4	4	0.0	0.31826861871419476	1.273074474856779	1.273074474856779	0	0	0	0
PAFAH1B1	0.951144818614204	-0.021753353581243	-0.13786456228667482	raw__HeLa_TE_GSE79664	PAFAH1B1	NM_000430.4	5589	0	0	0	0	0.0	0.0	0.0	0.0	0	0	0	0
PAFAH1B2	6.66660699064503	0.8239048533818844	2.285921800483169	raw__HeLa_TE_GSE79664	PAFAH1B2	NM_002572.4	4175	0	0	0	0	0.0	0.0	0.0	0.0	0	0	0	0
PAFAH1B3	1.21190974134308	0.08347027635147039	0.16372252948641053	raw__HeLa_TE_GSE79664	PAFAH1B3	NM_002573.4	1054	0	0	1	0	0.0	0.0	0.9487666034155597	0.0	0	0	0	0
PAICS	1.57950918959201	0.19852215697588826	0.4934788979250451	raw__HeLa_TE_GSE79664	PAICS	NM_001079524.2	6371	1	0	2	3	0.15696123057604772	0.0	0.31392246115209543	0.47088369172814315	0	0	0	0
PARK7	1.2187701994412	0.08592182660046328	0.17074904919878064	raw__HeLa_TE_GSE79664	PARK7	NM_007262.5	1127	0	0	5	4	0.0	0.0	4.436557231588288	3.54924578527063	0	0	0	0
PARP1	0.51797470974851	-0.28569144427947313	-0.8943516862598879	raw__HeLa_TE_GSE79664	PARP1	NM_001618.4	3978	0	0	1	2	0.0	0.0	0.2513826043237808	0.5027652086475616	0	0	0	0
PCBD1	2.07598152153153	0.3172234835056079	0.8336951390925236	raw__HeLa_TE_GSE79664	PCBD1	NM_000281.4	787	0	0	0	1	0.0	0.0	0.0	1.2706480304955527	0	0	0	0
PCBP1	1.22776013480596	0.0891135277941827	0.1798969552483824	raw__HeLa_TE_GSE79664	PCBP1	NM_006196.4	1727	0	0	1	6	0.0	0.0	0.5790387955993052	3.4742327735958307	0	0	0	0
PCBP2	1.22908185572107	0.08958080746266651	0.18123625057922055	raw__HeLa_TE_GSE79664	PCBP2	NM_031989.5	3159	2	0	3	2	0.6331117442228553	0.0	0.949667616334283	0.6331117442228553	0	0	0	0
PCM1	0.379858081167493	-0.42037862990437896	-1.280385855939189	raw__HeLa_TE_GSE79664	PCM1	NM_006197.4	8652	0	0	0	0	0.0	0.0	0.0	0.0	0	0	0	0
PCMT1	2.22264795998313	0.34687068125771076	0.9186685633603979	raw__HeLa_TE_GSE79664	PCMT1	NM_001360452.2	1686	0	0	1	0	0.0	0.0	0.5931198102016607	0.0	0	0	0	0
PCNA	1.94566067061757	0.28906710020345877	0.7529946181128399	raw__HeLa_TE_GSE79664	PCNA	NM_182649.2	1276	0	0	0	2	0.0	0.0	0.0	1.567398119122257	0	0	0	0
PCNP	1.43940766552292	0.1581838111800421	0.37786300059014316	raw__HeLa_TE_GSE79664	PCNP	NM_020357.3	2285	0	0	1	0	0.0	0.0	0.437636761487965	0.0	0	0	0	0
PDAP1	0.74200457824027	-0.1295934150735982	-0.4469507489436781	raw__HeLa_TE_GSE79664	PDAP1	NM_014891.7	2604	0	0	1	2	0.0	0.0	0.38402457757296465	0.7680491551459293	0	0	0	0
PDCD5	1.23315142299688	0.09101640841586862	0.18535090350176042	raw__HeLa_TE_GSE79664	PDCD5	NM_004708.4	603	0	0	0	1	0.0	0.0	0.0	1.658374792703151	0	0	0	0
PDCD6IP	1.3250737796787	0.12224006032208883	0.27484268760912967	raw__HeLa_TE_GSE79664	PDCD6IP	NM_013374.6	5884	0	1	1	0	0.0	0.1699524133242692	0.1699524133242692	0.0	0	0	0	0
PDIA3	1.14533559606798	0.05893275843622478	0.09339423277091938	raw__HeLa_TE_GSE79664	PDIA3	NM_005313.5	3680	0	0	2	2	0.0	0.0	0.5434782608695652	0.5434782608695652	0	0	0	0
PDIA4	1.16250841389933	0.06539610487108967	0.11191917679403779	raw__HeLa_TE_GSE79664	PDIA4	NM_004911.5	2767	0	2	0	4	0.0	0.7228044813877846	0.0	1.4456089627755693	1	0	0	1
PDIA6	1.17425854420606	0.06976372890471727	0.12443745839202383	raw__HeLa_TE_GSE79664	PDIA6	NM_005742.4	2279	0	2	7	0	0.0	0.8775778850372971	3.0715225976305396	0.0	0	0	0	0
PDLIM1	1.25417714195107	0.09835888126234144	0.20639555890479688	raw__HeLa_TE_GSE79664	PDLIM1	NM_020992.4	1431	0	0	1	2	0.0	0.0	0.6988120195667366	1.397624039133473	0	0	0	0
PDXK	1.1774718609218	0.07095053720865294	0.12783903335294264	raw__HeLa_TE_GSE79664	PDXK	NM_003681.5	7341	2	0	2	0	0.27244244653316985	0.0	0.27244244653316985	0.0	2	0	0	2
PEA15	1.60475621267313	0.20540906569262055	0.5132178365314605	raw__HeLa_TE_GSE79664	PEA15	NM_003768.5	2420	0	0	0	0	0.0	0.0	0.0	0.0	0	0	0	0
PEBP1	1.46768723560564	0.16663351721324426	0.4020811564408821	raw__HeLa_TE_GSE79664	PEBP1	NM_002567.4	1431	0	1	1	4	0.0	0.6988120195667366	0.6988120195667366	2.795248078266946	0	0	0	0
PELP1	0.543757851375737	-0.2645944591691858	-0.8338844852266192	raw__HeLa_TE_GSE79664	PELP1	NM_014389.3	5084	0	0	0	0	0.0	0.0	0.0	0.0	0	0	0	0
PFDN1	1.82656121064553	0.2616342306131739	0.6743677986045711	raw__HeLa_TE_GSE79664	PFDN1	NM_002622.5	1336	0	0	2	2	0.0	0.0	1.4970059880239521	1.4970059880239521	0	0	0	0
PFDN2	1.34757086695376	0.12955161342663463	0.29579872228075715	raw__HeLa_TE_GSE79664	PFDN2	NM_012394.4	598	0	0	0	0	0.0	0.0	0.0	0.0	0	0	0	0
PFDN5	1.18401853858559	0.07335850233824677	0.1347406314159404	raw__HeLa_TE_GSE79664	PFDN5	NM_002624.4	596	0	0	1	4	0.0	0.0	1.6778523489932886	6.7114093959731544	1	0	0	1
PFDN6	1.9847401769985	0.2977036611840498	0.7777483289544345	raw__HeLa_TE_GSE79664	PFDN6	NM_001185181.3	734	0	0	0	0	0.0	0.0	0.0	0.0	0	0	0	0
PFKP	0.775388784852817	-0.11048048487608712	-0.39217015415508033	raw__HeLa_TE_GSE79664	PFKP	NM_002627.5	2626	1	1	2	2	0.38080731150038083	0.38080731150038083	0.7616146230007617	0.7616146230007617	0	0	0	0
PFN1	2.12904853988959	0.32818556297232554	0.8651141432484047	raw__HeLa_TE_GSE79664	PFN1	NM_005022.4	807	0	0	4	15	0.0	0.0	4.956629491945477	18.587360594795538	0	0	0	0
PFN2	2.28755349931029	0.3593712597586165	0.954497142149973	raw__HeLa_TE_GSE79664	PFN2	NM_053024.4	2047	0	0	1	0	0.0	0.0	0.48851978505129456	0.0	0	0	0	0
PGAM1	1.06831535620445	0.02869947108503632	0.0067409856550810715	raw__HeLa_TE_GSE79664	PGAM1	NM_002629.4	1802	1	0	1	6	0.5549389567147613	0.0	0.5549389567147613	3.329633740288568	2	0	0	2
PGD	1.07646454015272	0.03199972828895678	0.016200029910349713	raw__HeLa_TE_GSE79664	PGD	NM_002631.4	2268	1	4	6	4	0.4409171075837742	1.763668430335097	2.6455026455026456	1.763668430335097	3	2	0	5
PGK1	1.23379810225235	0.09124409790507007	0.18600349656397921	raw__HeLa_TE_GSE79664	PGK1	NM_000291.4	4812	0	0	5	15	0.0	0.0	1.0390689941812137	3.117206982543641	0	0	0	0
PGLS	1.29949392871205	0.11377425480046796	0.25057838815077776	raw__HeLa_TE_GSE79664	PGLS	NM_012088.3	1008	0	0	0	0	0.0	0.0	0.0	0.0	0	0	0	0
PGM1	0.962307692549666	-0.016686042504212836	-0.12334087011022814	raw__HeLa_TE_GSE79664	PGM1	NM_002633.3	2337	0	0	1	1	0.0	0.0	0.4278990158322636	0.4278990158322636	0	0	0	0
PGM2	2.14878296170757	0.3321925516976297	0.8765987886384639	raw__HeLa_TE_GSE79664	PGM2	NM_018290.4	3211	0	0	0	0	0.0	0.0	0.0	0.0	0	0	0	0
PGP	0.858020930546354	-0.06650211785069671	-0.2661213966602263	raw__HeLa_TE_GSE79664	PGP	NM_001042371.3	3164	0	0	2	3	0.0	0.0	0.6321112515802781	0.9481668773704172	0	0	0	0
PHB2	1.56940627025069	0.19573538341392413	0.4854915766881678	raw__HeLa_TE_GSE79664	PHB2	NM_001144831.2	1379	0	0	1	5	0.0	0.0	0.7251631617113851	3.625815808556925	0	0	0	0
PHGDH	1.10294440004389	0.04255361999889671	0.04644910523425002	raw__HeLa_TE_GSE79664	PHGDH	NM_006623.4	1866	0	0	6	4	0.0	0.0	3.215434083601286	2.1436227224008575	2	0	0	2
PHPT1	2.45634258839692	0.3902889381508584	1.043111959151196	raw__HeLa_TE_GSE79664	PHPT1	NM_014172.6	577	0	0	1	1	0.0	0.0	1.733102253032929	1.733102253032929	1	0	0	1
PIN1	1.2599970428316	0.1003695258450032	0.21215837522905817	raw__HeLa_TE_GSE79664	PIN1	NM_006221.4	1009	0	0	1	1	0.0	0.0	0.9910802775024777	0.9910802775024777	0	0	0	0
PKM	0.894129064574586	-0.048599787706437574	-0.2148105676418653	raw__HeLa_TE_GSE79664	PKM	NM_002654.6	2305	1	1	9	18	0.43383947939262474	0.43383947939262474	3.9045553145336225	7.809110629067245	3	1	1	5
PLEC	0.204632265832748	-0.6890258869078105	-2.050370174141205	raw__HeLa_TE_GSE79664	PLEC	NM_201384.3	14804	2	0	4	2	0.13509862199405567	0.0	0.27019724398811135	0.13509862199405567	2	0	0	2
PLIN3	1.58537876137653	0.20013303584378173	0.49809592428383326	raw__HeLa_TE_GSE79664	PLIN3	NM_005817.5	2232	0	0	0	1	0.0	0.0	0.0	0.44802867383512546	0	0	0	0
PLS3	1.46936139396357	0.16712862499464598	0.4035002114193375	raw__HeLa_TE_GSE79664	PLS3	NM_005032.7	3288	0	0	2	1	0.0	0.0	0.6082725060827251	0.30413625304136255	0	0	0	0
PNN	0.256495489458342	-0.5909202676694214	-1.769184394752835	raw__HeLa_TE_GSE79664	PNN	NM_002687.4	3537	0	0	0	0	0.0	0.0	0.0	0.0	0	0	0	0
PNP	2.93970043076051	0.46830307602562754	1.2667124657473041	raw__HeLa_TE_GSE79664	PNP	NM_000270.4	1477	0	0	1	1	0.0	0.0	0.6770480704129993	0.6770480704129993	0	0	0	0
POLR2A	0.58415598	-0.23347117307865434	-0.744680364968961	raw__HeLa_TE_GSE79664	POLR2A_1	NM_000937.5	6749	0	0	0	0	0.0	0.0	0.0	0.0	0	0	0	0
POLR2D	3.97592416591247	0.599438092365156	1.6425655724377337	raw__HeLa_TE_GSE79664	POLR2D	NM_004805.4	5038	0	0	0	3	0.0	0.0	0.0	0.5954743946010321	0	0	0	0
PPA1	1.25117235296899	0.09731713925983776	0.20340976625428808	raw__HeLa_TE_GSE79664	PPA1	NM_021129.4	1292	0	0	1	4	0.0	0.0	0.7739938080495357	3.0959752321981426	0	0	0	0
PPIA	0.885840776152278	-0.05264433257424163	-0.2264028547071071	raw__HeLa_TE_GSE79664	PPIA	NM_021130.5	2237	0	0	5	11	0.0	0.0	2.235136343316942	4.917299955297273	0	0	0	0
PPIB	2.07535974	0.31709338758089345	0.8333222641820947	raw__HeLa_TE_GSE79664	PPIB	NM_000942.5	893	0	0	0	1	0.0	0.0	0.0	1.1198208286674132	0	0	0	0
PPIH	1.23489291031397	0.09162929729102398	0.18710753719284656	raw__HeLa_TE_GSE79664	PPIH	NM_006347.4	754	0	0	0	1	0.0	0.0	0.0	1.3262599469496021	0	0	0	0
PPM1G	0.489023135267821	-0.3106705942884892	-0.9659457684161499	raw__HeLa_TE_GSE79664	PPM1G	NM_177983.3	2210	0	0	2	2	0.0	0.0	0.9049773755656109	0.9049773755656109	0	0	0	0
PPP1CA	1.15207032131828	0.06147898883406688	0.10069212033819373	raw__HeLa_TE_GSE79664	PPP1CA	NM_002708.4	1421	0	0	0	3	0.0	0.0	0.0	2.1111893033075297	0	0	0	0
PPP1R14B	0.151131955111928	-0.8206436993835995	-2.42760704874334	raw__HeLa_TE_GSE79664	PPP1R14B	NM_138689.3	989	0	0	2	4	0.0	0.0	2.0222446916076846	4.044489383215369	0	0	0	0
PPP2CA	1.74394242319704	0.24153214246547886	0.6167521251393396	raw__HeLa_TE_GSE79664	PPP2CA	NM_002715.4	4582	0	0	1	1	0.0	0.0	0.21824530772588388	0.21824530772588388	0	0	0	0
PPP2R1A	1.20195197459887	0.07988711526789986	0.15345263924179953	raw__HeLa_TE_GSE79664	PPP2R1A	NM_014225.6	5352	0	1	0	5	0.0	0.18684603886397608	0.0	0.9342301943198804	0	0	0	0
PRDX1	1.94264115217894	0.2883925844280524	0.751061352256207	raw__HeLa_TE_GSE79664	PRDX1	NM_181697.3	945	0	0	2	11	0.0	0.0	2.1164021164021163	11.640211640211641	1	0	0	1
PRDX3	2.58525176312902	0.4125028429864548	1.1067804237401444	raw__HeLa_TE_GSE79664	PRDX3	NM_006793.5	1553	0	1	5	4	0.0	0.6439150032195751	3.219575016097875	2.5756600128783003	0	0	0	0
PRDX4	1.80874392051474	0.25737708439449486	0.6621661633999577	raw__HeLa_TE_GSE79664	PRDX4	NM_006406.2	956	1	1	7	6	1.0460251046025104	1.0460251046025104	7.322175732217573	6.2761506276150625	1	0	0	1
PRDX5	1.24596043400132	0.09550425133781676	0.198213750906191	raw__HeLa_TE_GSE79664	PRDX5	NM_012094.5	860	0	0	3	1	0.0	0.0	3.488372093023256	1.1627906976744187	0	0	0	0
PRDX6	2.32242192648938	0.36594112311141996	0.9733273800270126	raw__HeLa_TE_GSE79664	PRDX6	NM_004905.3	1690	0	1	4	10	0.0	0.591715976331361	2.366863905325444	5.9171597633136095	0	0	0	0
PREP	1.36665486078496	0.13565885035268893	0.3133030017327749	raw__HeLa_TE_GSE79664	PREP	NM_002726.5	7250	0	0	0	0	0.0	0.0	0.0	0.0	0	0	0	0
PRKAR2A	1.59645323510357	0.20315620127575815	0.5067607809435182	raw__HeLa_TE_GSE79664	PRKAR2A	NM_004157.4	6492	0	0	0	1	0.0	0.0	0.0	0.15403573629081946	0	0	0	0
PRKCSH	1.227223228027	0.08892356670634274	0.1793524975817125	raw__HeLa_TE_GSE79664	PRKCSH	NM_001289104.2	2096	1	2	4	1	0.4770992366412214	0.9541984732824428	1.9083969465648856	0.4770992366412214	1	1	0	2
PRMT1	1.10965191598705	0.04518676736881001	0.053996110198913504	raw__HeLa_TE_GSE79664	PRMT1	NM_001536.6	1328	0	0	0	0	0.0	0.0	0.0	0.0	0	0	0	0
PRMT5	0.882207144571988	-0.05442942940092853	-0.2315192165056701	raw__HeLa_TE_GSE79664	PRMT5	NM_006109.5	2304	0	0	4	1	0.0	0.0	1.7361111111111112	0.4340277777777778	0	0	0	0
PRPF19	0.981676692945238	-0.0080315199409688	-0.09853567861282043	raw__HeLa_TE_GSE79664	PRPF19	NM_014502.5	2337	0	0	2	3	0.0	0.0	0.8557980316645272	1.2836970474967908	0	0	0	0
PRPF40A	1.1901809773809	0.0756130046714012	0.14120238152365353	raw__HeLa_TE_GSE79664	PRPF40A	NM_001365597.4	7515	0	0	0	2	0.0	0.0	0.0	0.2661343978709248	0	0	0	0
PRRC1	3.62358063354705	0.5591379298780893	1.5270591143329404	raw__HeLa_TE_GSE79664	PRRC1	NM_130809.5	4664	0	0	0	0	0.0	0.0	0.0	0.0	0	0	0	0
PSAP	1.8275582395278	0.26187122568600485	0.6750470628993435	raw__HeLa_TE_GSE79664	PSAP	NM_002778.4	2748	2	4	11	9	0.727802037845706	1.455604075691412	4.0029112081513825	3.2751091703056767	3	3	1	7
PSAT1	1.94582788445776	0.28910442270723036	0.7531015901435268	raw__HeLa_TE_GSE79664	PSAT1	NM_058179.4	2206	0	0	3	0	0.0	0.0	1.3599274705349047	0.0	0	0	0	0
PSIP1	0.583947336677996	-0.23362631799281078	-0.7451250341320924	raw__HeLa_TE_GSE79664	PSIP1	NM_033222.5	3342	0	0	0	1	0.0	0.0	0.0	0.2992220227408737	0	0	0	0
PSMA1	1.61694100960327	0.20869417595395306	0.5226334673218328	raw__HeLa_TE_GSE79664	PSMA1	NM_002786.4	1195	0	1	3	1	0.0	0.8368200836820083	2.510460251046025	0.8368200836820083	0	0	0	0
PSMA2	0.0138379456667127	-1.8589283789423228	-5.4034904804487685	raw__HeLa_TE_GSE79664	PSMA2	NM_002787.5	1434	0	1	2	0	0.0	0.697350069735007	1.394700139470014	0.0	1	0	0	1
PSMA3	3.08900718108671	0.4898189179170891	1.3283801746758481	raw__HeLa_TE_GSE79664	PSMA3	NM_002788.4	955	0	0	0	2	0.0	0.0	0.0	2.094240837696335	0	0	0	0
PSMA4	2.095932704252	0.32137733430348264	0.8456007137490094	raw__HeLa_TE_GSE79664	PSMA4	NM_002789.6	4378	0	0	1	1	0.0	0.0	0.2284148012791229	0.2284148012791229	0	0	0	0
PSMA5	2.24983501592967	0.3521506717564963	0.9338018274393554	raw__HeLa_TE_GSE79664	PSMA5	NM_002790.4	3815	0	0	0	9	0.0	0.0	0.0	2.3591087811271296	0	0	0	0
PSMA6	1.27449136	0.10533689565695965	0.22639562038309188	raw__HeLa_TE_GSE79664	PSMA6	NM_002791.3	1023	0	0	1	2	0.0	0.0	0.9775171065493646	1.9550342130987293	0	0	0	0
PSMA7	1.71702221208978	0.23477591340531176	0.5973877345085321	raw__HeLa_TE_GSE79664	PSMA7	NM_002792.4	962	0	0	1	9	0.0	0.0	1.0395010395010396	9.355509355509355	0	0	0	0
PSMB1	2.37448677998726	0.3755697559797065	1.0009245213378968	raw__HeLa_TE_GSE79664	PSMB1	NM_002793.4	891	0	0	1	4	0.0	0.0	1.122334455667789	4.489337822671156	0	0	0	0
PSMB2	2.7747675471147	0.44322660647351314	1.1948394508266575	raw__HeLa_TE_GSE79664	PSMB2	NM_002794.5	4426	1	1	3	1	0.22593764121102575	0.22593764121102575	0.6778129236330773	0.22593764121102575	0	0	0	0
PSMB3	2.56396398511	0.4089119205434083	1.0964882882466853	raw__HeLa_TE_GSE79664	PSMB3	NM_002795.4	762	0	0	1	0	0.0	0.0	1.3123359580052494	0.0	0	0	0	0
PSMB4	1.4098547482689	0.14917437132577901	0.3520405616010184	raw__HeLa_TE_GSE79664	PSMB4	NM_002796.3	918	0	0	7	10	0.0	0.0	7.625272331154684	10.893246187363834	0	0	0	0
PSMB5	1.47186497578118	0.1678679710321792	0.40561929076887326	raw__HeLa_TE_GSE79664	PSMB5	NM_002797.5	1044	0	0	1	3	0.0	0.0	0.9578544061302682	2.8735632183908044	0	0	0	0
PSMB6	1.54645031	0.1893359699651247	0.46714987442688727	raw__HeLa_TE_GSE79664	PSMB6	NM_002798.3	824	0	0	0	2	0.0	0.0	0.0	2.4271844660194173	0	0	0	0
PSMB7	2.00859918868452	0.3028932829358603	0.792622582318738	raw__HeLa_TE_GSE79664	PSMB7	NM_002799.4	984	0	0	3	2	0.0	0.0	3.048780487804878	2.032520325203252	0	0	0	0
PSMC1	0.0302864517324503	-1.51875160429285	-4.428491573635849	raw__HeLa_TE_GSE79664	PSMC1	NM_002802.3	4390	0	0	0	0	0.0	0.0	0.0	0.0	0	0	0	0
PSMC2	1.26362284803193	0.10161746994320975	0.21573517477032253	raw__HeLa_TE_GSE79664	PSMC2	NM_002803.4	2712	0	0	2	3	0.0	0.0	0.7374631268436578	1.1061946902654867	0	0	0	0
PSMC3	0.835353340258158	-0.07812978647374226	-0.29944808161082065	raw__HeLa_TE_GSE79664	PSMC3	NM_002804.5	1540	0	0	0	0	0.0	0.0	0.0	0.0	0	0	0	0
PSMC4	1.77160954639591	0.24836801183393103	0.6363447771310125	raw__HeLa_TE_GSE79664	PSMC4	NM_006503.4	1754	0	0	0	0	0.0	0.0	0.0	0.0	0	0	0	0
PSMC5	0.878780910447857	-0.05611938572649682	-0.23636289100898825	raw__HeLa_TE_GSE79664	PSMC5	NM_002805.6	1331	0	0	1	0	0.0	0.0	0.7513148009015778	0.0	0	0	0	0
PSMC6	1.0304504426653	0.013027110142860274	-0.038178408978913586	raw__HeLa_TE_GSE79664	PSMC6	NM_002806.5	2163	0	0	1	1	0.0	0.0	0.4623208506703652	0.4623208506703652	0	0	0	0
PSMD1	1.00015266553429	6.629673863422273e-05	-0.07532609171988819	raw__HeLa_TE_GSE79664	PSMD1	NM_002807.4	3323	0	1	1	2	0.0	0.30093289196509176	0.30093289196509176	0.6018657839301835	1	0	0	1
PSMD11	1.9072725500053	0.2804127583347306	0.7281899445136797	raw__HeLa_TE_GSE79664	PSMD11	NM_002815.4	3850	0	0	0	1	0.0	0.0	0.0	0.2597402597402597	0	0	0	0
PSMD12	1.32991114071775	0.12382262413613179	0.27937855867276573	raw__HeLa_TE_GSE79664	PSMD12	NM_002816.5	4356	0	0	0	0	0.0	0.0	0.0	0.0	0	0	0	0
PSMD13	1.61472359742619	0.20809819206277458	0.5209252859123997	raw__HeLa_TE_GSE79664	PSMD13	NM_002817.4	1589	1	1	2	1	0.6293266205160478	0.6293266205160478	1.2586532410320956	0.6293266205160478	1	1	0	2
PSMD14	1.67480104682529	0.2239632236726828	0.5663969042853823	raw__HeLa_TE_GSE79664	PSMD14	NM_005805.6	1567	0	0	0	1	0.0	0.0	0.0	0.6381620931716656	0	0	0	0
PSMD2	0.54509667530911	-0.26352646684280573	-0.8308234551143251	raw__HeLa_TE_GSE79664	PSMD2	NM_002808.5	2913	0	1	4	2	0.0	0.3432887058015791	1.3731548232063164	0.6865774116031582	0	0	0	0
PSMD3	0.85562435	-0.06771686444628301	-0.2696030470579402	raw__HeLa_TE_GSE79664	PSMD3	NM_002809.4	2147	0	0	3	1	0.0	0.0	1.3972985561248252	0.4657661853749418	0	0	0	0
PSMD4	0.664264322254337	-0.1776590729598818	-0.5847143100882041	raw__HeLa_TE_GSE79664	PSMD4	NM_002810.4	1319	0	1	2	2	0.0	0.7581501137225171	1.5163002274450341	1.5163002274450341	1	1	0	2
PSMD5	2.31850586961835	0.36520819970977597	0.9712267089388207	raw__HeLa_TE_GSE79664	PSMD5	NM_005047.4	3381	0	0	0	1	0.0	0.0	0.0	0.29577048210588586	0	0	0	0
PSMD6	1.4272159843898	0.15448970102687185	0.36727511326391743	raw__HeLa_TE_GSE79664	PSMD6	NM_014814.3	1362	0	0	1	0	0.0	0.0	0.7342143906020558	0.0	0	0	0	0
PSMD7	0.949809347052582	-0.02236356085066895	-0.13961351008369197	raw__HeLa_TE_GSE79664	PSMD7	NM_002811.5	1631	0	0	0	0	0.0	0.0	0.0	0.0	0	0	0	0
PSMD8	1.64280077	0.21558489774058287	0.5423833347724807	raw__HeLa_TE_GSE79664	PSMD8	NM_002812.5	1518	1	1	1	2	0.6587615283267457	0.6587615283267457	0.6587615283267457	1.3175230566534915	1	1	0	2
PSME1	1.80308470688429	0.25601612986621214	0.6582654586012099	raw__HeLa_TE_GSE79664	PSME1	NM_006263.4	965	0	0	1	1	0.0	0.0	1.0362694300518134	1.0362694300518134	0	0	0	0
PSME2	0.741655506199041	-0.12979777463773254	-0.4475364748558397	raw__HeLa_TE_GSE79664	PSME2	NM_002818.3	793	0	1	0	1	0.0	1.2610340479192939	0.0	1.2610340479192939	1	0	0	1
PSME3	1.50356051295862	0.17712091159527132	0.4321396402051798	raw__HeLa_TE_GSE79664	PSME3	NM_005789.4	3182	0	1	3	3	0.0	0.3142677561282212	0.9428032683846638	0.9428032683846638	1	0	0	1
PSPC1	0.898961369797284	-0.046258970385055595	-0.20810142551495817	raw__HeLa_TE_GSE79664	PSPC1	NM_001354909.2	2435	0	0	0	0	0.0	0.0	0.0	0.0	0	0	0	0
PTBP1	1.48807651602516	0.17262526295256375	0.4192544204056462	raw__HeLa_TE_GSE79664	PTBP1	NM_002819.5	3206	1	0	0	3	0.3119151590767311	0.0	0.0	0.9357454772301934	1	0	0	1
PTGES3	1.01583377874892	0.006822649997161397	-0.05596134511749663	raw__HeLa_TE_GSE79664	PTGES3	NM_006601.7	1898	0	0	1	4	0.0	0.0	0.5268703898840885	2.107481559536354	1	0	0	1
PTMA	0.209611332002802	-0.6785852422357709	-2.0204456822291683	raw__HeLa_TE_GSE79664	PTMA	NM_002823.5	1215	0	0	1	8	0.0	0.0	0.823045267489712	6.584362139917696	0	0	0	0
PTPN11	0.911910450310311	-0.04004780733558854	-0.19029927782422495	raw__HeLa_TE_GSE79664	PTPN11	NM_002834.5	6073	0	0	1	1	0.0	0.0	0.16466326362588507	0.16466326362588507	0	0	0	0
PTRHD1	1.7139689875445	0.23400295955909142	0.5951723300152117	raw__HeLa_TE_GSE79664	PTRHD1	NM_001013663.2	1120	0	1	0	0	0.0	0.8928571428571429	0.0	0.0	1	0	0	1
PUF60	1.25303769735945	0.09796413684324709	0.20526416074428439	raw__HeLa_TE_GSE79664	PUF60	NM_078480.3	1868	0	0	1	0	0.0	0.0	0.5353319057815846	0.0	0	0	0	0
PYGB	0.893057002402312	-0.04912081990350283	-0.21630392597908987	raw__HeLa_TE_GSE79664	PYGB	NM_002862.4	4116	0	0	1	0	0.0	0.0	0.24295432458697766	0.0	0	0	0	0
QPRT	2.56165382438985	0.4085204398835952	1.0953662445217736	raw__HeLa_TE_GSE79664	QPRT	NM_014298.6	2200	0	0	0	0	0.0	0.0	0.0	0.0	0	0	0	0
RAD23B	1.26119534614749	0.10078235951783208	0.21334161997032092	raw__HeLa_TE_GSE79664	RAD23B	NM_002874.5	4114	0	0	2	3	0.0	0.0	0.48614487117160915	0.7292173067574137	0	0	0	0
RALGAPA1	0.48475940934753	-0.3144737523615812	-0.9768462038368877	raw__HeLa_TE_GSE79664	RALGAPA1	NM_001346249.2	9447	0	0	0	0	0.0	0.0	0.0	0.0	0	0	0	0
RALY	0.939666215740631	-0.027026387256789457	-0.152977887041262	raw__HeLa_TE_GSE79664	RALY	NM_016732.3	6213	0	0	1	0	0.0	0.0	0.16095284081764044	0.0	0	0	0	0
RAN	1.23236307476953	0.09073867709696161	0.1845548828663097	raw__HeLa_TE_GSE79664	RAN	NM_006325.5	2474	0	0	4	15	0.0	0.0	1.6168148746968471	6.063055780113177	0	0	0	0
RANBP1	0.834830164692045	-0.07840186707828371	-0.30022790643062575	raw__HeLa_TE_GSE79664	RANBP1	NM_001278639.2	1221	0	0	0	3	0.0	0.0	0.0	2.457002457002457	0	0	0	0
RANBP2	0.362002930536686	-0.4412879136912537	-1.3403150761378657	raw__HeLa_TE_GSE79664	RANBP2	NM_006267.5	11708	0	0	1	2	0.0	0.0	0.08541168431841475	0.1708233686368295	0	0	0	0
RANGAP1	0.684093480711025	-0.16488454830475685	-0.5481005595267919	raw__HeLa_TE_GSE79664	RANGAP1	NM_002883.4	3828	0	0	0	4	0.0	0.0	0.0	1.044932079414838	0	0	0	0
RAP1GDS1	1.24000762412139	0.09342435540713015	0.1922524495775107	raw__HeLa_TE_GSE79664	RAP1GDS1	NM_001100427.2	3747	0	0	0	0	0.0	0.0	0.0	0.0	0	0	0	0
RBBP4	1.1446946866502	0.05868966695144439	0.09269749522274127	raw__HeLa_TE_GSE79664	RBBP4	NM_005610.3	7883	0	1	0	0	0.0	0.12685525815045035	0.0	0.0	1	0	0	1
RBBP7	1.37145452086026	0.1371814104335	0.31766689287695266	raw__HeLa_TE_GSE79664	RBBP7	NM_002893.4	2281	0	1	1	3	0.0	0.4384042086804033	0.4384042086804033	1.31521262604121	0	0	0	0
RBM12	0.784626954110879	-0.10533677673089034	-0.3774274962422957	raw__HeLa_TE_GSE79664	RBM12	NM_006047.6	6646	0	0	0	1	0.0	0.0	0.0	0.15046644598254588	0	0	0	0
RBM14	1.62127211664321	0.20985591357669447	0.5259631858581539	raw__HeLa_TE_GSE79664	RBM14	NM_006328.4	5367	0	0	0	0	0.0	0.0	0.0	0.0	0	0	0	0
RBM25	0.450971319045574	-0.34585107758173644	-1.0667784392750315	raw__HeLa_TE_GSE79664	RBM25	NM_021239.3	6813	0	0	0	0	0.0	0.0	0.0	0.0	0	0	0	0
RBM3	2.90747231401327	0.46351558791346603	1.2529907891850312	raw__HeLa_TE_GSE79664	RBM3	NM_006743.5	4298	0	0	2	1	0.0	0.0	0.46533271288971617	0.23266635644485809	0	0	0	0
RBM39	0.318344893616116	-0.4971021120075508	-1.5002871447751316	raw__HeLa_TE_GSE79664	RBM39	NM_184234.3	5060	1	0	0	1	0.1976284584980237	0.0	0.0	0.1976284584980237	0	0	0	0
RBM4	0.91675619571935	-0.0377461462622246	-0.1837023635207835	raw__HeLa_TE_GSE79664	RBM4	NM_002896.4	1607	0	0	0	2	0.0	0.0	0.0	1.2445550715619167	0	0	0	0
RBM8A	0.392434707689899	-0.4062325897436066	-1.2398411311951298	raw__HeLa_TE_GSE79664	RBM8A	NM_005105.5	4909	0	0	0	1	0.0	0.0	0.0	0.20370747606437156	0	0	0	0
RCC1	1.2059760003104	0.08133866515365867	0.1576130042557179	raw__HeLa_TE_GSE79664	RCC1	NM_001381865.2	2551	0	0	0	3	0.0	0.0	0.0	1.1760094080752646	0	0	0	0
RCC2	1.27056954322545	0.10399844066738655	0.22255940271950572	raw__HeLa_TE_GSE79664	RCC2	NM_018715.4	4040	1	1	1	0	0.24752475247524752	0.24752475247524752	0.24752475247524752	0.0	1	1	0	2
RCN1	2.62993781823797	0.41994548023296124	1.1281121657046753	raw__HeLa_TE_GSE79664	RCN1	NM_002901.4	2369	0	0	1	2	0.0	0.0	0.42211903756859437	0.8442380751371887	0	0	0	0
RDX	0.963844469016243	-0.015993040472195616	-0.12135461980159917	raw__HeLa_TE_GSE79664	RDX	NM_002906.4	4392	0	0	1	1	0.0	0.0	0.22768670309653916	0.22768670309653916	0	0	0	0
RECQL	1.34381272	0.1283387476330618	0.292322462550613	raw__HeLa_TE_GSE79664	RECQL	NM_002907.4	3745	0	1	0	0	0.0	0.26702269692923897	0.0	0.0	1	0	0	1
RNH1	1.29049561349983	0.11075653267992148	0.24192913285805592	raw__HeLa_TE_GSE79664	RNH1	NM_203387.3	1952	0	0	0	0	0.0	0.0	0.0	0.0	0	0	0	0
RPA2	1.61242285705185	0.20747894590692048	0.519150431277988	raw__HeLa_TE_GSE79664	RPA2	NM_002946.5	1584	0	0	2	0	0.0	0.0	1.2626262626262625	0.0	0	0	0	0
RPA3	3.54188026186286	0.5492338751795172	1.4986725717358644	raw__HeLa_TE_GSE79664	RPA3	NM_002947.5	2020	0	0	1	0	0.0	0.0	0.49504950495049505	0.0	1	0	0	1
RPL10	0.466719808779746	-0.330943766157546	-1.0240517941150782	raw__HeLa_TE_GSE79664	RPL10	NM_006013.5	2164	0	0	5	7	0.0	0.0	2.310536044362292	3.234750462107209	2	0	0	2
RPL10A	0.502226438174217	-0.2991004289170976	-0.932783896620594	raw__HeLa_TE_GSE79664	RPL10A	NM_007104.5	718	0	0	2	7	0.0	0.0	2.785515320334262	9.749303621169917	0	0	0	0
RPL11	1.1375329775133	0.05596399587372293	0.08488530309455028	raw__HeLa_TE_GSE79664	RPL11	NM_000975.5	1017	0	0	6	5	0.0	0.0	5.899705014749262	4.916420845624385	0	0	0	0
RPL12	0.09317992	-1.030677666752935	-3.0295966724902765	raw__HeLa_TE_GSE79664	RPL12	NM_000976.4	634	0	0	0	4	0.0	0.0	0.0	6.309148264984227	0	0	0	0
RPL13	0.65916737517135	-0.18100429574917604	-0.5943022326204475	raw__HeLa_TE_GSE79664	RPL13	NM_000977.4	2187	0	0	5	7	0.0	0.0	2.286236854138089	3.2007315957933242	2	0	0	2
RPL14	0.622919724264639	-0.20556791731389745	-0.6647053464063543	raw__HeLa_TE_GSE79664	RPL14	NM_001034996.3	7136	0	1	5	7	0.0	0.14013452914798205	0.7006726457399103	0.9809417040358744	1	1	0	2
RPL15	0.398435749212627	-0.3996417019018458	-1.2209506339021707	raw__HeLa_TE_GSE79664	RPL15	NM_002948.5	2155	2	1	8	9	0.9280742459396751	0.46403712296983757	3.7122969837587005	4.176334106728539	2	0	0	2
RPL17	1.41183476111641	0.14978387055810102	0.3537874800549005	raw__HeLa_TE_GSE79664	RPL17	NM_001035006.5	614	0	0	1	5	0.0	0.0	1.6286644951140066	8.143322475570033	0	0	0	0
RPL18	0.974248047043597	-0.011330456111653198	-0.10799093658384804	raw__HeLa_TE_GSE79664	RPL18	NM_000979.4	643	0	1	5	11	0.0	1.5552099533437014	7.776049766718507	17.107309486780714	3	1	0	4
RPL18A	0.68587847605046	-0.1637528257742376	-0.5448568688568195	raw__HeLa_TE_GSE79664	RPL18A	NM_000980.4	634	0	1	4	0	0.0	1.5772870662460567	6.309148264984227	0.0	2	1	0	3
RPL19	0.604644359668481	-0.21849999402136763	-0.7017706653588214	raw__HeLa_TE_GSE79664	RPL19	NM_000981.4	737	0	1	5	20	0.0	1.3568521031207599	6.784260515603799	27.137042062415198	1	0	0	1
RPL21	0.269960217296531	-0.5687002309579475	-1.7054983552654135	raw__HeLa_TE_GSE79664	RPL21	NM_000982.4	566	0	0	1	0	0.0	0.0	1.7667844522968197	0.0	0	0	0	0
RPL22	0.565966176915132	-0.2472095222004836	-0.7840565845506775	raw__HeLa_TE_GSE79664	RPL22	NM_000983.4	2061	3	2	6	11	1.455604075691412	0.970402717127608	2.911208151382824	5.337214944201844	3	3	2	8
RPL23	0.886377755375887	-0.052381151576302534	-0.22564853752731445	raw__HeLa_TE_GSE79664	RPL23	NM_000978.4	2706	0	0	2	3	0.0	0.0	0.7390983000739099	1.1086474501108647	1	0	0	1
RPL23A	0.466996921262559	-0.33068598256684134	-1.023312946733771	raw__HeLa_TE_GSE79664	RPL23A	NM_000984.6	970	0	0	3	2	0.0	0.0	3.0927835051546393	2.0618556701030926	1	0	0	1
RPL24	0.358774963829785	-0.4451778706723655	-1.3514642905662801	raw__HeLa_TE_GSE79664	RPL24	NM_000986.4	560	0	1	1	8	0.0	1.7857142857142858	1.7857142857142858	14.285714285714286	1	0	0	1
RPL26	0.608714508076992	-0.2155863471665023	-0.6934197057694731	raw__HeLa_TE_GSE79664	RPL26	NM_000987.5	528	0	0	3	8	0.0	0.0	5.681818181818182	15.151515151515152	0	0	0	0
RPL27	0.958389840984673	-0.0184577984894903	-0.12841899500739315	raw__HeLa_TE_GSE79664	RPL27	NM_000988.5	505	0	0	6	9	0.0	0.0	11.881188118811881	17.821782178217823	3	0	0	3
RPL27A	0.39090979987748	-0.40792344192548036	-1.2446873733602744	raw__HeLa_TE_GSE79664	RPL27A	NM_000990.5	4535	0	1	4	5	0.0	0.2205071664829107	0.8820286659316428	1.1025358324145536	1	0	0	1
RPL28	0.813848181650119	-0.08945660250760566	-0.33191247681260216	raw__HeLa_TE_GSE79664	RPL28	NM_000991.5	4209	0	1	0	5	0.0	0.23758612497030174	0.0	1.1879306248515087	0	0	0	0
RPL29	0.211919815369928	-0.6738284330793437	-2.0068119362680776	raw__HeLa_TE_GSE79664	RPL29	NM_000992.3	754	1	0	1	7	1.3262599469496021	0.0	1.3262599469496021	9.283819628647215	1	1	0	2
RPL3	0.589310588050086	-0.22965575593451745	-0.7337447931669121	raw__HeLa_TE_GSE79664	RPL3	NM_000967.4	1296	0	0	10	11	0.0	0.0	7.716049382716049	8.487654320987655	3	0	0	3
RPL30	2.20130589086676	0.3426803957950379	0.906658561356146	raw__HeLa_TE_GSE79664	RPL30	NM_000989.4	498	0	0	4	6	0.0	0.0	8.032128514056225	12.048192771084338	0	0	0	0
RPL31	0.694736364714034	-0.15817996817429028	-0.5288842026647446	raw__HeLa_TE_GSE79664	RPL31	NM_000993.5	1291	0	0	1	6	0.0	0.0	0.774593338497289	4.647560030983733	1	0	0	1
RPL32	0.892506207229377	-0.04938875476076412	-0.21707186845016543	raw__HeLa_TE_GSE79664	RPL32	NM_000994.4	2094	0	0	3	2	0.0	0.0	1.4326647564469914	0.9551098376313276	0	0	0	0
RPL34	0.615496981959366	-0.21077407225599065	-0.6796269864344543	raw__HeLa_TE_GSE79664	RPL34	NM_001319236.2	546	0	0	7	5	0.0	0.0	12.820512820512821	9.157509157509157	3	0	0	3
RPL35	1.27586314783978	0.10580409340910066	0.22773468092910454	raw__HeLa_TE_GSE79664	RPL35	NM_007209.4	452	0	0	2	5	0.0	0.0	4.424778761061947	11.061946902654867	0	0	0	0
RPL35A	1.05586773860591	0.0236095204789902	-0.007847594890255735	raw__HeLa_TE_GSE79664	RPL35A	NM_000996.4	1234	1	2	2	7	0.8103727714748784	1.6207455429497568	1.6207455429497568	5.672609400324149	1	1	1	3
RPL36	0.817854687801476	-0.08732385267588658	-0.32579968808217147	raw__HeLa_TE_GSE79664	RPL36	NM_033643.3	607	0	0	2	5	0.0	0.0	3.2948929159802307	8.237232289950576	0	0	0	0
RPL36A	3.79390586598948	0.5790865510153473	1.5842349277649226	raw__HeLa_TE_GSE79664	RPL36A	NM_021029.6	761	0	0	2	0	0.0	0.0	2.628120893561104	0.0	0	0	0	0
RPL37	1.14619839799054	0.059259797120897795	0.09433157589309546	raw__HeLa_TE_GSE79664	RPL37	NM_000997.5	7573	0	0	8	4	0.0	0.0	1.056384523966724	0.528192261983362	3	0	0	3
RPL38	1.12789481274299	0.05226859931454108	0.07429372873102955	raw__HeLa_TE_GSE79664	RPL38	NM_000999.4	1145	0	0	2	4	0.0	0.0	1.7467248908296944	3.493449781659389	0	0	0	0
RPL4	0.447255753128985	-0.3494440643187735	-1.0770764913522617	raw__HeLa_TE_GSE79664	RPL4	NM_000968.4	2741	0	1	13	15	0.0	0.36483035388544327	4.742794600510763	5.472455308281649	1	0	0	1
RPL5	0.484581833616411	-0.3146328710652728	-0.9773022624914289	raw__HeLa_TE_GSE79664	RPL5	NM_000969.5	1028	0	0	3	11	0.0	0.0	2.9182879377431905	10.700389105058365	2	0	0	2
RPL6	0.217182938600946	-0.6631742949326316	-1.9762755392527847	raw__HeLa_TE_GSE79664	RPL6	NM_000970.6	921	0	0	7	5	0.0	0.0	7.60043431053203	5.4288816503800215	0	0	0	0
RPL7	0.249339197020396	-0.6032094434715474	-1.8044070609241252	raw__HeLa_TE_GSE79664	RPL7	NM_000971.4	1233	1	0	3	1	0.8110300081103001	0.0	2.4330900243309004	0.8110300081103001	1	0	0	1
RPL7A	0.228097190706876	-0.6418800635528781	-1.9152430001028835	raw__HeLa_TE_GSE79664	RPL7A	NM_000972.3	887	0	0	5	0	0.0	0.0	5.636978579481398	0.0	4	0	0	4
RPL8	0.863667110647798	-0.06365361847813808	-0.25795715976555955	raw__HeLa_TE_GSE79664	RPL8	NM_001317782.2	1070	0	1	7	20	0.0	0.9345794392523364	6.542056074766355	18.69158878504673	4	0	0	4
RPL9	0.76593206967804	-0.11580974612744109	-0.4074446357817131	raw__HeLa_TE_GSE79664	RPL9	NM_000661.5	724	1	2	3	0	1.3812154696132597	2.7624309392265194	4.143646408839779	0.0	0	0	0	0
RPLP0	0.320992711091785	-0.49350482917941796	-1.4899767794406948	raw__HeLa_TE_GSE79664	RPLP0	NM_001002.4	1105	1	2	11	21	0.9049773755656109	1.8099547511312217	9.95475113122172	19.004524886877828	4	1	1	6
RPLP1	0.283027942859864	-0.5481706852150285	-1.6466575226502618	raw__HeLa_TE_GSE79664	RPLP1	NM_001003.3	1174	0	0	8	16	0.0	0.0	6.814310051107325	13.62862010221465	4	0	0	4
RPLP2	0.869741721817977	-0.06060969616575094	-0.24923281069716996	raw__HeLa_TE_GSE79664	RPLP2	NM_001004.4	462	0	0	3	4	0.0	0.0	6.4935064935064934	8.658008658008658	2	0	0	2
RPS10	0.06503109	-1.1868789666284534	-3.4772935994139837	raw__HeLa_TE_GSE79664	RPS10	NM_001014.5	588	0	0	5	6	0.0	0.0	8.503401360544217	10.204081632653061	1	0	0	1
RPS11	1.14286834262936	0.057996202956196334	0.09070992085650868	raw__HeLa_TE_GSE79664	RPS11	NM_001015.5	573	0	1	7	6	0.0	1.7452006980802792	12.216404886561955	10.471204188481675	2	0	0	2
RPS12	0.216039706160812	-0.6654664220815713	-1.9828451278638684	raw__HeLa_TE_GSE79664	RPS12	NM_001016.4	503	0	0	2	5	0.0	0.0	3.9761431411530817	9.940357852882704	0	0	0	0
RPS13	0.841532753735241	-0.0749289759571431	-0.2902740668421309	raw__HeLa_TE_GSE79664	RPS13	NM_001017.3	527	0	0	4	2	0.0	0.0	7.590132827324478	3.795066413662239	1	0	0	1
RPS14	0.602556720892106	-0.22000206508340214	-0.7060758318268968	raw__HeLa_TE_GSE79664	RPS14	NM_005617.4	2146	0	0	5	13	0.0	0.0	2.3299161230195713	6.0577819198508855	2	0	0	2
RPS15	0.654027679806595	-0.18440387104441774	-0.6040459377863991	raw__HeLa_TE_GSE79664	RPS15	NM_001018.5	501	0	0	1	4	0.0	0.0	1.996007984031936	7.984031936127744	0	0	0	0
RPS15A	1.88392160554694	0.2750628268078463	0.7128562187012367	raw__HeLa_TE_GSE79664	RPS15A	NM_001019.5	2203	0	0	2	4	0.0	0.0	0.9078529278256923	1.8157058556513845	1	0	0	1
RPS16	0.863429708881905	-0.06377301222191077	-0.25829936058094044	raw__HeLa_TE_GSE79664	RPS16	NM_001020.6	631	1	1	6	9	1.5847860538827259	1.5847860538827259	9.508716323296355	14.263074484944532	1	0	0	1
RPS17	0.182781269345027	-0.7380683109921424	-2.1909332972966595	raw__HeLa_TE_GSE79664	RPS17	NM_001021.6	488	0	0	2	0	0.0	0.0	4.098360655737705	0.0	0	0	0	0
RPS18	0.852473541182396	-0.06931909162790699	-0.2741952763544847	raw__HeLa_TE_GSE79664	RPS18	NM_022551.3	549	0	0	3	0	0.0	0.0	5.46448087431694	0.0	0	0	0	0
RPS19	1.23395579511981	0.09129960193433283	0.18616257964044924	raw__HeLa_TE_GSE79664	RPS19	NM_001022.4	2021	0	0	3	8	0.0	0.0	1.4844136566056407	3.958436417615042	0	0	0	0
RPS2	0.14226275990386	-0.8469087702242054	-2.502886777594148	raw__HeLa_TE_GSE79664	RPS2	NM_002952.4	945	0	0	4	7	0.0	0.0	4.232804232804233	7.407407407407407	1	0	0	1
RPS20	0.29722268850682	-0.5269180417579578	-1.58574418087706	raw__HeLa_TE_GSE79664	RPS20	NM_001023.4	519	0	0	3	6	0.0	0.0	5.780346820809249	11.560693641618498	0	0	0	0
RPS21	1.74434408721488	0.24163215745379896	0.6170387834639048	raw__HeLa_TE_GSE79664	RPS21	NM_001024.4	358	0	0	6	4	0.0	0.0	16.75977653631285	11.1731843575419	4	0	0	4
RPS24	1.13688383519854	0.05571609150426038	0.0841747710793379	raw__HeLa_TE_GSE79664	RPS24	NM_033022.4	534	0	1	3	6	0.0	1.8726591760299625	5.617977528089888	11.235955056179776	0	0	0	0
RPS25	2.4140820678835	0.38275203006253655	1.0215100224686129	raw__HeLa_TE_GSE79664	RPS25	NM_001028.3	483	0	1	2	0	0.0	2.070393374741201	4.140786749482402	0.0	1	0	0	1
RPS26	0.235830979524159	-0.6273991451584046	-1.873738462884529	raw__HeLa_TE_GSE79664	RPS26	NM_001029.5	1140	0	0	0	0	0.0	0.0	0.0	0.0	0	0	0	0
RPS27A	0.05051091	-1.2966148072069437	-3.791813380232273	raw__HeLa_TE_GSE79664	RPS27A	NM_002954.6	785	0	0	7	10	0.0	0.0	8.9171974522293	12.738853503184714	0	0	0	0
RPS28	0.628940018062005	-0.20139077119516038	-0.6527330037807794	raw__HeLa_TE_GSE79664	RPS28	NM_001031.5	1330	0	1	4	0	0.0	0.7518796992481203	3.007518796992481	0.0	1	0	0	1
RPS3	0.459594637786681	-0.3376250469838404	-1.0432013715912583	raw__HeLa_TE_GSE79664	RPS3	NM_001005.5	2059	0	1	10	13	0.0	0.48567265662943176	4.856726566294317	6.313744536182613	4	0	0	4
RPS3A	0.0253439421369938	-1.596125831631517	-4.650257998308521	raw__HeLa_TE_GSE79664	RPS3A	NM_001006.5	869	0	1	4	8	0.0	1.1507479861910241	4.602991944764097	9.205983889528193	1	1	0	2
RPS4X	0.747296997886997	-0.1265067624296736	-0.4381039281792719	raw__HeLa_TE_GSE79664	RPS4X	NM_001007.5	1474	0	0	7	18	0.0	0.0	4.74898236092266	12.211668928086839	2	0	0	2
RPS5	1.12803784350743	0.05232366963913598	0.07445156874327961	raw__HeLa_TE_GSE79664	RPS5	NM_001009.4	741	0	0	4	13	0.0	0.0	5.398110661268556	17.54385964912281	1	0	0	1
RPS6	0.53437063	-0.27215741950603733	-0.8555610916566084	raw__HeLa_TE_GSE79664	RPS6	NM_001010.3	1369	0	0	6	6	0.0	0.0	4.382761139517896	4.382761139517896	1	0	0	1
RPS7	0.124045529319004	-0.906418883363353	-2.6734519060182436	raw__HeLa_TE_GSE79664	RPS7	NM_001011.4	732	0	0	3	9	0.0	0.0	4.098360655737705	12.295081967213115	1	0	0	1
RPS8	0.849763997137801	-0.0707016730765954	-0.2781579672302508	raw__HeLa_TE_GSE79664	RPS8	NM_001012.2	778	0	0	4	12	0.0	0.0	5.141388174807198	15.424164524421593	2	0	0	2
RPS9	0.451597447693394	-0.3452485212550579	-1.065051420255552	raw__HeLa_TE_GSE79664	RPS9	NM_001013.4	713	0	0	9	0	0.0	0.0	12.622720897615709	0.0	2	0	0	2
RPSA	0.151269144617789	-0.8202496489022273	-2.426477639514968	raw__HeLa_TE_GSE79664	RPSA	NM_002295.6	1140	0	2	5	3	0.0	1.7543859649122806	4.385964912280702	2.6315789473684212	2	1	0	3
RRBP1	0.256865564724123	-0.5902941131438714	-1.7673897396693528	raw__HeLa_TE_GSE79664	RRBP1	NM_001365613.2	5049	0	0	0	0	0.0	0.0	0.0	0.0	0	0	0	0
RRM1	1.01431362735749	0.006172260294072249	-0.05782546194371947	raw__HeLa_TE_GSE79664	RRM1	NM_001033.5	3142	1	1	4	1	0.31826861871419476	0.31826861871419476	1.273074474856779	0.31826861871419476	1	1	0	2
RSL1D1	0.903669885311893	-0.0439901902885259	-0.20159875314352796	raw__HeLa_TE_GSE79664	RSL1D1	NM_015659.3	5440	0	0	0	1	0.0	0.0	0.0	0.18382352941176472	0	0	0	0
RTCA	1.10673228774693	0.044042580214631255	0.05071669400225164	raw__HeLa_TE_GSE79664	RTCA	NM_003729.4	2526	0	0	0	1	0.0	0.0	0.0	0.39588281868566905	0	0	0	0
RTCB	1.15862878283608	0.06394431310798523	0.10775811852248063	raw__HeLa_TE_GSE79664	RTCB	NM_014306.5	2019	0	1	0	2	0.0	0.4952947003467063	0.0	0.9905894006934126	1	0	0	1
RUVBL1	1.0733419786549	0.03073811505100986	0.012584052514225438	raw__HeLa_TE_GSE79664	RUVBL1	NM_003707.3	1899	0	1	0	2	0.0	0.526592943654555	0.0	1.05318588730911	0	0	0	0
RUVBL2	1.17482617248056	0.0699736130612438	0.12503901863487576	raw__HeLa_TE_GSE79664	RUVBL2	NM_006666.3	1545	0	0	0	1	0.0	0.0	0.0	0.6472491909385113	0	0	0	0
S100A10	1.97071567702132	0.29462397140894164	0.7689214648419523	raw__HeLa_TE_GSE79664	S100A10	NM_002966.3	671	0	1	1	1	0.0	1.4903129657228018	1.4903129657228018	1.4903129657228018	0	0	0	0
S100A11	4.31380219071051	0.6348602266607063	1.7440908522006726	raw__HeLa_TE_GSE79664	S100A11	NM_005620.2	563	0	0	0	2	0.0	0.0	0.0	3.552397868561279	0	0	0	0
S100A13	1.98737547900088	0.29827992702564315	0.779399995403933	raw__HeLa_TE_GSE79664	S100A13	NM_001024211.2	477	0	0	1	1	0.0	0.0	2.0964360587002098	2.0964360587002098	0	0	0	0
S100A4	2.4318199682989	0.3859314202436115	1.0306226432642978	raw__HeLa_TE_GSE79664	S100A4	NM_002961.3	513	0	1	2	12	0.0	1.949317738791423	3.898635477582846	23.391812865497077	1	0	0	1
SAE1	1.04982764756997	0.021118005876366315	-0.01498865858094964	raw__HeLa_TE_GSE79664	SAE1	NM_005500.3	2522	0	0	1	3	0.0	0.0	0.3965107057890563	1.189532117367169	0	0	0	0
SAFB	0.908231725563244	-0.04180333177175702	-0.19533088060754647	raw__HeLa_TE_GSE79664	SAFB	NM_001201338.2	3064	0	0	0	0	0.0	0.0	0.0	0.0	0	0	0	0
SAP18	1.61671556421785	0.2086336193148778	0.5224599026892693	raw__HeLa_TE_GSE79664	SAP18	NM_005870.5	2708	0	0	0	1	0.0	0.0	0.0	0.36927621861152143	0	0	0	0
SARNP	92.5363602354163	1.966312413245125	5.560237406388984	raw__HeLa_TE_GSE79664	SARNP	NM_033082.4	898	0	0	0	1	0.0	0.0	0.0	1.1135857461024499	0	0	0	0
SART3	0.607501093406159	-0.21645293606737204	-0.6959034827171345	raw__HeLa_TE_GSE79664	SART3	NM_014706.4	4154	0	0	0	0	0.0	0.0	0.0	0.0	0	0	0	0
SCP2	2.53407302790771	0.40381912639601864	1.0818915576749268	raw__HeLa_TE_GSE79664	SCP2	NM_002979.5	2759	1	1	1	3	0.3624501631025734	0.3624501631025734	0.3624501631025734	1.0873504893077202	0	0	0	0
SDHA	0.618575080397595	-0.2086075797479814	-0.6734174860089652	raw__HeLa_TE_GSE79664	SDHA	NM_004168.4	2693	0	1	1	1	0.0	0.37133308577794283	0.37133308577794283	0.37133308577794283	0	0	0	0
SEC13	1.26043213011453	0.10051946539500356	0.2125881250186757	raw__HeLa_TE_GSE79664	SEC13	NM_183352.3	1359	0	0	0	5	0.0	0.0	0.0	3.679175864606328	0	0	0	0
SEC23B	1.19021630054109	0.07562589382540695	0.14123932381954749	raw__HeLa_TE_GSE79664	SEC23B	NM_006363.6	3026	0	0	1	0	0.0	0.0	0.3304692663582287	0.0	0	0	0	0
SEC31A	1.05138631734863	0.02176232084803897	-0.013141952868393699	raw__HeLa_TE_GSE79664	SEC31A	NM_001077207.4	4298	0	0	2	2	0.0	0.0	0.46533271288971617	0.46533271288971617	0	0	0	0
SERBP1	0.7023678	-0.15343540684407597	-0.5152855608555486	raw__HeLa_TE_GSE79664	SERBP1	NM_001018069.2	6681	0	0	1	23	0.0	0.0	0.149678191887442	3.442598413411166	0	0	0	0
SERPINH1	1.68880519772627	0.22757955695306023	0.5767618711431943	raw__HeLa_TE_GSE79664	SERPINH1	NM_001235.5	2058	0	0	1	2	0.0	0.0	0.4859086491739553	0.9718172983479106	0	0	0	0
SET	0.724947871440255	-0.1396932209597369	-0.475898344522932	raw__HeLa_TE_GSE79664	SET	NM_003011.4	2927	0	1	2	4	0.0	0.341646737273659	0.683293474547318	1.366586949094636	1	0	0	1
SF1	1.08374998962484	0.03492910632659678	0.02459607748674236	raw__HeLa_TE_GSE79664	SF1	NM_004630.4	3282	1	0	0	1	0.30469226081657524	0.0	0.0	0.30469226081657524	1	0	0	1
SF3A1	1.370987998288	0.1370336529659465	0.3172433972709209	raw__HeLa_TE_GSE79664	SF3A1	NM_005877.6	5090	0	0	0	2	0.0	0.0	0.0	0.3929273084479371	0	0	0	0
SF3A2	1.0564191099123	0.023836248701486595	-0.007197756966119358	raw__HeLa_TE_GSE79664	SF3A2	NM_007165.5	1619	0	0	0	0	0.0	0.0	0.0	0.0	0	0	0	0
SF3A3	0.661180837572402	-0.17967974169641762	-0.5905058571777535	raw__HeLa_TE_GSE79664	SF3A3	NM_006802.4	2774	0	0	3	2	0.0	0.0	1.0814708002883922	0.7209805335255948	0	0	0	0
SF3B1	0.64225533587278	-0.1922922789176252	-0.626655326862996	raw__HeLa_TE_GSE79664	SF3B1	NM_012433.4	6463	0	0	2	4	0.0	0.0	0.3094538140182578	0.6189076280365156	0	0	0	0
SF3B2	0.895118067449104	-0.048119676796048665	-0.21343449600011227	raw__HeLa_TE_GSE79664	SF3B2	NM_006842.3	3272	0	0	0	2	0.0	0.0	0.0	0.6112469437652812	0	0	0	0
SF3B3	0.62770740262513	-0.2022427496346349	-0.6551749049010771	raw__HeLa_TE_GSE79664	SF3B3	NM_012426.5	9692	0	0	1	0	0.0	0.0	0.10317787866281469	0.0	0	0	0	0
SF3B4	1.35114335892799	0.13070143095266562	0.2990942759882957	raw__HeLa_TE_GSE79664	SF3B4	NM_005850.5	1544	0	0	0	0	0.0	0.0	0.0	0.0	0	0	0	0
SFPQ	1.06753979165536	0.028384071963358116	0.005837003308952728	raw__HeLa_TE_GSE79664	SFPQ	NM_005066.3	3740	0	0	5	4	0.0	0.0	1.3368983957219251	1.0695187165775402	0	0	0	0
SH3BGRL	3.58976264554931	0.55506573405576	1.5153875753832564	raw__HeLa_TE_GSE79664	SH3BGRL	NM_003022.3	1764	0	0	0	0	0.0	0.0	0.0	0.0	0	0	0	0
SH3BGRL3	2.86126427438482	0.45655797231295187	1.2330491937850632	raw__HeLa_TE_GSE79664	SH3BGRL3	NM_031286.4	751	0	0	0	0	0.0	0.0	0.0	0.0	0	0	0	0
SH3GL1	0.7208252	-0.1421700388580207	-0.4829972852007303	raw__HeLa_TE_GSE79664	SH3GL1	NM_003025.4	2516	0	0	0	2	0.0	0.0	0.0	0.794912559618442	0	0	0	0
SHMT2	1.35451345307827	0.1317833228196431	0.3021951443197089	raw__HeLa_TE_GSE79664	SHMT2	NM_005412.6	2157	1	3	5	1	0.46360686138154844	1.3908205841446453	2.3180343069077423	0.46360686138154844	1	1	1	3
SLC3A2	1.26441403966754	0.10188930946767556	0.2165143086175871	raw__HeLa_TE_GSE79664	SLC3A2	NM_001013251.3	1885	0	0	3	13	0.0	0.0	1.5915119363395225	6.896551724137931	0	0	0	0
SLIRP	1.95860608237633	0.2919470988570744	0.7612491367871126	raw__HeLa_TE_GSE79664	SLIRP	NM_031210.6	376	0	0	0	3	0.0	0.0	0.0	7.9787234042553195	0	0	0	0
SMARCC1	0.942242343954115	-0.02583738265733257	-0.14957001715990237	raw__HeLa_TE_GSE79664	SMARCC1	NM_003074.4	6354	1	0	1	1	0.15738117721120554	0.0	0.15738117721120554	0.15738117721120554	1	0	0	1
SMC1A	0.491341132815623	-0.30861687721039754	-0.9600594997015803	raw__HeLa_TE_GSE79664	SMC1A	NM_006306.4	9710	0	0	0	1	0.0	0.0	0.0	0.10298661174047374	0	0	0	0
SMC4	0.529384250285363	-0.2762289835407266	-0.8672308198058373	raw__HeLa_TE_GSE79664	SMC4	NM_001002800.3	5116	0	0	0	1	0.0	0.0	0.0	0.19546520719311963	0	0	0	0
SMS	0.450925053962623	-0.3458956340759178	-1.0669061450337889	raw__HeLa_TE_GSE79664	SMS	NM_004595.5	1703	0	1	1	1	0.0	0.5871990604815033	0.5871990604815033	0.5871990604815033	0	0	0	0
SMU1	1.89483557629249	0.2775715301843065	0.7200465480589274	raw__HeLa_TE_GSE79664	SMU1	NM_018225.3	7136	0	0	1	0	0.0	0.0	0.14013452914798205	0.0	0	0	0	0
SNAPIN	2.11680670303163	0.325681202072564	0.8579362600961862	raw__HeLa_TE_GSE79664	SNAPIN	NM_012437.6	1003	0	1	1	2	0.0	0.9970089730807578	0.9970089730807578	1.9940179461615155	1	0	0	1
SND1	0.714193178076168	-0.14618430247427303	-0.49450278154608746	raw__HeLa_TE_GSE79664	SND1	NM_014390.4	3448	1	2	1	4	0.2900232018561485	0.580046403712297	0.2900232018561485	1.160092807424594	2	1	1	4
SNRNP200	0.50034977	-0.30072629551493124	-0.9374438801163659	raw__HeLa_TE_GSE79664	SNRNP200	NM_014014.5	7194	3	0	2	4	0.4170141784820684	0.0	0.2780094523213789	0.5560189046427578	3	1	0	4
SNRNP40	1.62019304396865	0.2095667632682846	0.5251344366441763	raw__HeLa_TE_GSE79664	SNRNP40	NM_004814.3	1615	0	0	1	0	0.0	0.0	0.6191950464396285	0.0	0	0	0	0
SNRNP70	0.634180930616254	-0.19778682104851675	-0.6424035288870081	raw__HeLa_TE_GSE79664	SNRNP70	NM_003089.6	1671	0	0	2	1	0.0	0.0	1.196888090963495	0.5984440454817475	0	0	0	0
SNRPA	1.88416297154646	0.275118464583331	0.7130156851149301	raw__HeLa_TE_GSE79664	SNRPA	NM_004596.5	1277	0	0	1	1	0.0	0.0	0.7830853563038371	0.7830853563038371	0	0	0	0
SNRPA1	0.823878576307315	-0.08413679015418447	-0.3166650771793375	raw__HeLa_TE_GSE79664	SNRPA1	NM_003090.4	1052	0	0	0	1	0.0	0.0	0.0	0.9505703422053232	0	0	0	0
SNRPB2	1.70459681567972	0.23162167281125043	0.5883471962936475	raw__HeLa_TE_GSE79664	SNRPB2	NM_003092.5	2411	0	0	0	0	0.0	0.0	0.0	0.0	0	0	0	0
SNRPC	1.40139896527587	0.14656179249597123	0.34455250923280506	raw__HeLa_TE_GSE79664	SNRPC	NM_003093.3	806	0	0	0	6	0.0	0.0	0.0	7.444168734491315	0	0	0	0
SNRPD2	1.2574790894261	0.09950077192091576	0.20966839299218293	raw__HeLa_TE_GSE79664	SNRPD2	NM_001384647.1	515	0	0	2	4	0.0	0.0	3.883495145631068	7.766990291262136	0	0	0	0
SNRPD3	0.002401	-2.6196078399429727	-7.583714699679791	raw__HeLa_TE_GSE79664	SNRPD3	NM_004175.5	3466	0	0	1	3	0.0	0.0	0.28851702250432776	0.8655510675129833	0	0	0	0
SNRPF	1.84491755968681	0.2659769644392356	0.6868147410431094	raw__HeLa_TE_GSE79664	SNRPF	NM_003095.5	452	0	0	0	1	0.0	0.0	0.0	2.2123893805309733	0	0	0	0
SOD1	1.78736866468407	0.2522141398166085	0.6473683709152652	raw__HeLa_TE_GSE79664	SOD1	NM_000454.5	895	0	2	3	6	0.0	2.2346368715083798	3.35195530726257	6.70391061452514	0	0	0	0
SOD2	3.62078618703304	0.558802879820228	1.5260988093842003	raw__HeLa_TE_GSE79664	SOD2	NM_000636.4	14167	0	0	1	0	0.0	0.0	0.07058657443354274	0.0	0	0	0	0
SON	1.01998019760415	0.008591740237673872	-0.05089086065443941	raw__HeLa_TE_GSE79664	SON	NM_138927.4	8393	0	1	1	1	0.0	0.11914690813773382	0.11914690813773382	0.11914690813773382	1	0	0	1
SORD	0.8824555	-0.05430718576078551	-0.23116884744938432	raw__HeLa_TE_GSE79664	SORD	NM_003104.6	4818	0	0	0	1	0.0	0.0	0.0	0.20755500207555003	0	0	0	0
SPTAN1	0.425476668124343	-0.3711242503447856	-1.1392152358231145	raw__HeLa_TE_GSE79664	SPTAN1	NM_001130438.3	7875	3	0	4	1	0.38095238095238093	0.0	0.5079365079365079	0.12698412698412698	2	0	0	2
SPTBN1	0.162415469745781	-0.7893726074516123	-2.337979294232613	raw__HeLa_TE_GSE79664	SPTBN1	NM_003128.3	10211	0	0	1	1	0.0	0.0	0.09793360101850945	0.09793360101850945	0	0	0	0
SRP14	1.57602742324517	0.19756377004467632	0.49073201371697917	raw__HeLa_TE_GSE79664	SRP14	NM_003134.6	1119	0	0	1	1	0.0	0.0	0.8936550491510277	0.8936550491510277	0	0	0	0
SRP9	2.35896398445933	0.37272131033452405	0.9927604384341457	raw__HeLa_TE_GSE79664	SRP9	NM_003133.6	1481	0	0	0	1	0.0	0.0	0.0	0.675219446320054	0	0	0	0
SRRM2	0.379328665002098	-0.4209843374136086	-1.282121906732062	raw__HeLa_TE_GSE79664	SRRM2	NM_016333.4	9044	1	1	1	1	0.11057054400707651	0.11057054400707651	0.11057054400707651	0.11057054400707651	1	0	0	1
SRRT	0.427366653011994	-0.36919936840940476	-1.1336982284240231	raw__HeLa_TE_GSE79664	SRRT	NM_015908.6	2990	0	0	2	1	0.0	0.0	0.6688963210702341	0.33444816053511706	0	0	0	0
SRSF1	1.31483392851757	0.11887090226830643	0.2651861629310336	raw__HeLa_TE_GSE79664	SRSF1	NM_006924.5	5343	0	1	0	3	0.0	0.18716077110237694	0.0	0.5614823133071308	0	0	0	0
SRSF10	2.01067216697184	0.3033412661803103	0.7939065711332575	raw__HeLa_TE_GSE79664	SRSF10	NM_054016.4	7656	0	0	1	1	0.0	0.0	0.13061650992685475	0.13061650992685475	0	0	0	0
SRSF2	2.25907300924977	0.35393026677779205	0.9389024202182744	raw__HeLa_TE_GSE79664	SRSF2	NM_001195427.2	1888	0	0	0	7	0.0	0.0	0.0	3.707627118644068	0	0	0	0
SRSF3	1.11934144451184	0.048962584158577106	0.06481818130045244	raw__HeLa_TE_GSE79664	SRSF3	NM_003017.5	4228	0	0	2	6	0.0	0.0	0.47303689687795647	1.4191106906338695	0	0	0	0
SRSF5	0.982853801371429	-0.007511078281494986	-0.09704401284707338	raw__HeLa_TE_GSE79664	SRSF5	NM_001320214.2	1496	0	0	0	1	0.0	0.0	0.0	0.6684491978609626	0	0	0	0
SRSF7	1.52569784063587	0.18346853156244675	0.4503328943896759	raw__HeLa_TE_GSE79664	SRSF7	NM_001031684.3	2356	0	0	2	0	0.0	0.0	0.8488964346349746	0.0	0	0	0	0
SRSF9	1.31996609406379	0.12056277563757672	0.2700353319761696	raw__HeLa_TE_GSE79664	SRSF9	NM_003769.3	1152	0	0	1	0	0.0	0.0	0.8680555555555556	0.0	0	0	0	0
SSB	0.761291433984061	-0.11844905684058271	-0.415009305835112	raw__HeLa_TE_GSE79664	SSB	NM_003142.5	1650	0	0	0	0	0.0	0.0	0.0	0.0	0	0	0	0
SSBP1	1.8290592556536	0.26222777545264403	0.6760689893170296	raw__HeLa_TE_GSE79664	SSBP1	NM_003143.3	677	0	0	3	3	0.0	0.0	4.431314623338257	4.431314623338257	0	0	0	0
SSRP1	0.549602694090711	-0.25995114708048944	-0.8205760393013055	raw__HeLa_TE_GSE79664	SSRP1	NM_003146.3	2831	0	0	6	3	0.0	0.0	2.1193924408336278	1.0596962204168139	0	0	0	0
STIP1	0.9217524229917	-0.03538571209934308	-0.17693699651186645	raw__HeLa_TE_GSE79664	STIP1	NM_006819.3	2140	0	0	0	1	0.0	0.0	0.0	0.4672897196261682	0	0	0	0
STMN1	1.39019691472395	0.14307632034118462	0.3345626104687123	raw__HeLa_TE_GSE79664	STMN1	NM_005563.4	1443	0	0	1	3	0.0	0.0	0.693000693000693	2.079002079002079	0	0	0	0
STRAP	1.43560583769031	0.15703521566254944	0.37457094934684615	raw__HeLa_TE_GSE79664	STRAP	NM_007178.4	1874	1	1	1	2	0.5336179295624333	0.5336179295624333	0.5336179295624333	1.0672358591248665	0	0	0	0
SUB1	1.91719078804831	0.28266533357376755	0.7346461712735399	raw__HeLa_TE_GSE79664	SUB1	NM_006713.4	3449	0	0	2	5	0.0	0.0	0.5798782255726298	1.4496955639315743	0	0	0	0
SUGP2	0.25411753	-0.5949653746203568	-1.7807782928346994	raw__HeLa_TE_GSE79664	SUGP2	NM_001017392.5	6189	1	0	1	1	0.16157699143641946	0.0	0.16157699143641946	0.16157699143641946	0	0	0	0
SUGT1	0.833253812075301	-0.07922269079736838	-0.30258051333513386	raw__HeLa_TE_GSE79664	SUGT1	NM_006704.5	14161	0	0	0	0	0.0	0.0	0.0	0.0	0	0	0	0
SUMO2	0.416764045676429	-0.38010975477055836	-1.1649690721963313	raw__HeLa_TE_GSE79664	SUMO2	NM_006937.4	3166	0	0	0	3	0.0	0.0	0.0	0.9475679090334808	0	0	0	0
SUPT16H	0.474520787767023	-0.32374475728356505	-1.0034183285014997	raw__HeLa_TE_GSE79664	SUPT16H	NM_007192.4	4433	1	0	0	2	0.22558087074216107	0.0	0.0	0.45116174148432214	1	0	0	1
SYNCRIP	2.18824432944219	0.3400958117218852	0.8992507462621067	raw__HeLa_TE_GSE79664	SYNCRIP	NM_006372.5	2754	0	0	2	2	0.0	0.0	0.7262164124909223	0.7262164124909223	0	0	0	0
TAF15	0.54102901	-0.2667794473793129	-0.8401469971763791	raw__HeLa_TE_GSE79664	TAF15	NM_139215.3	2162	0	0	1	0	0.0	0.0	0.46253469010175763	0.0	0	0	0	0
TAGLN	1.8603782	0.26960124178595474	0.6972024768157211	raw__HeLa_TE_GSE79664	TAGLN	NM_003186.5	3786	0	0	2	0	0.0	0.0	0.5282620179609087	0.0	1	0	0	1
TAGLN2	1.35835072313927	0.13301191829381762	0.3057164877314388	raw__HeLa_TE_GSE79664	TAGLN2	NM_003564.3	1375	1	0	0	5	0.7272727272727273	0.0	0.0	3.6363636363636362	1	0	0	1
TALDO1	1.6108968628967	0.20706773575832166	0.517971839806635	raw__HeLa_TE_GSE79664	TALDO1	NM_006755.2	1199	0	0	1	1	0.0	0.0	0.8340283569641368	0.8340283569641368	0	0	0	0
TARDBP	0.74367051	-0.12861943997036665	-0.44415918663936654	raw__HeLa_TE_GSE79664	TARDBP	NM_007375.4	4185	0	0	0	4	0.0	0.0	0.0	0.955794504181601	0	0	0	0
TBCA	1.07717392499359	0.03228583195776062	0.01702004698707798	raw__HeLa_TE_GSE79664	TBCA	NM_004607.3	661	0	0	0	1	0.0	0.0	0.0	1.51285930408472	0	0	0	0
TBCB	1.55315482571403	0.1912147503851925	0.47253474779925425	raw__HeLa_TE_GSE79664	TBCB	NM_001281.3	987	0	0	0	2	0.0	0.0	0.0	2.026342451874367	0	0	0	0
TCEA1	0.851864344302571	-0.06962955923743601	-0.2750851242290303	raw__HeLa_TE_GSE79664	TCEA1	NM_006756.4	2777	0	0	0	2	0.0	0.0	0.0	0.7202016564638098	0	0	0	0
TCOF1	0.459239637170395	-0.3379606348490273	-1.0441632179784317	raw__HeLa_TE_GSE79664	TCOF1	NM_001371623.1	5026	0	0	0	0	0.0	0.0	0.0	0.0	0	0	0	0
TCP1	0.624007763786413	-0.20481000687427106	-0.6625330586278624	raw__HeLa_TE_GSE79664	TCP1	NM_030752.3	2352	0	1	5	5	0.0	0.42517006802721086	2.1258503401360542	2.1258503401360542	0	0	0	0
TFRC	2.74281092492576	0.4381958706407645	1.1804205889203774	raw__HeLa_TE_GSE79664	TFRC	NM_001128148.3	5012	0	0	5	2	0.0	0.0	0.9976057462090981	0.39904229848363926	0	0	0	0
THRAP3	0.633892444456671	-0.19798442467593558	-0.6429698912464437	raw__HeLa_TE_GSE79664	THRAP3	NM_005119.4	4405	0	0	0	1	0.0	0.0	0.0	0.22701475595913734	0	0	0	0
TIPRL	1.80839061716458	0.2572922450310142	0.661923000748029	raw__HeLa_TE_GSE79664	TIPRL	NM_152902.5	2998	0	0	0	0	0.0	0.0	0.0	0.0	0	0	0	0
TKT	1.12079947409798	0.049527918497919064	0.06643851638479259	raw__HeLa_TE_GSE79664	TKT	NM_001064.4	2996	0	0	6	5	0.0	0.0	2.0026702269692924	1.6688918558077437	3	0	0	3
TLN1	0.508847081707468	-0.2934127118648201	-0.9164820255891398	raw__HeLa_TE_GSE79664	TLN1	NM_006289.4	8623	1	0	6	1	0.11596892032935173	0.0	0.6958135219761103	0.11596892032935173	1	0	0	1
TMA7	0.11270675949101	-0.9480500367346031	-2.7927731885136615	raw__HeLa_TE_GSE79664	TMA7	NM_015933.6	561	0	0	1	0	0.0	0.0	1.7825311942959001	0.0	0	0	0	0
TMED2	3.89426126882639	0.5904250852947466	1.6167329092590046	raw__HeLa_TE_GSE79664	TMED2	NM_006815.4	2544	0	0	1	1	0.0	0.0	0.39308176100628933	0.39308176100628933	0	0	0	0
TMPO	2.0801146762716	0.3180872781834895	0.836170907367748	raw__HeLa_TE_GSE79664	TMPO	NM_001032283.3	4136	0	0	3	0	0.0	0.0	0.7253384912959381	0.0	1	0	0	1
TMSB10	1.55923494907456	0.19291156060169173	0.4773980666071313	raw__HeLa_TE_GSE79664	TMSB10	NM_021103.4	461	0	0	0	7	0.0	0.0	0.0	15.184381778741866	0	0	0	0
TMSB4X	0.0286427273565509	-1.542985630934516	-4.497950017727591	raw__HeLa_TE_GSE79664	TMSB4X	NM_021109.4	622	0	0	3	13	0.0	0.0	4.823151125401929	20.90032154340836	0	0	0	0
TNPO1	1.505999311251	0.17782477324585141	0.43415701584927036	raw__HeLa_TE_GSE79664	TNPO1	NM_002270.4	8489	0	2	0	0	0.0	0.23559901048415596	0.0	0.0	2	0	0	2
TPD52L2	1.64675477933499	0.2166289325573353	0.5453756989809343	raw__HeLa_TE_GSE79664	TPD52L2	NM_003288.4	2310	0	0	1	0	0.0	0.0	0.4329004329004329	0.0	0	0	0	0
TPI1	0.656654678477371	-0.18266295716515185	-0.5990562111041802	raw__HeLa_TE_GSE79664	TPI1	NM_000365.6	1351	1	1	3	13	0.7401924500370096	0.7401924500370096	2.220577350111029	9.622501850481125	1	1	1	3
TPM1	1.17339326944648	0.06944359278551385	0.12351989908311364	raw__HeLa_TE_GSE79664	TPM1	NM_001018005.2	1217	0	0	0	0	0.0	0.0	0.0	0.0	0	0	0	0
TPM3	0.71789484	-0.14393916822642136	-0.48806788181032734	raw__HeLa_TE_GSE79664	TPM3	NM_152263.4	7064	0	0	0	0	0.0	0.0	0.0	0.0	0	0	0	0
TPM4	1.14861093669023	0.060172947172036355	0.09694880425189117	raw__HeLa_TE_GSE79664	TPM4	NM_003290.3	2474	3	1	4	2	1.2126111560226354	0.4042037186742118	1.6168148746968471	0.8084074373484236	2	0	0	2
TPP2	1.58838838668157	0.20095670310945518	0.5004566812297968	raw__HeLa_TE_GSE79664	TPP2	NM_001330588.2	5484	0	0	1	0	0.0	0.0	0.18234865061998543	0.0	0	0	0	0
TPR	0.52661205416347	-0.27850920410430835	-0.8737662823137506	raw__HeLa_TE_GSE79664	TPR	NM_003292.3	9636	0	0	0	0	0.0	0.0	0.0	0.0	0	0	0	0
TPT1	0.757015611324175	-0.1208951643017296	-0.422020225681191	raw__HeLa_TE_GSE79664	TPT1	NM_003295.4	4548	0	1	6	21	0.0	0.2198768689533861	1.3192612137203166	4.617414248021108	2	0	0	2
TRA2B	1.34805720782162	0.1297083228477182	0.2962478755611397	raw__HeLa_TE_GSE79664	TRA2B	NM_004593.3	4178	0	0	1	1	0.0	0.0	0.23934897079942558	0.23934897079942558	0	0	0	0
TRAP1	0.846895147789175	-0.07217035537810247	-0.2823674363802256	raw__HeLa_TE_GSE79664	TRAP1	NM_016292.3	2223	0	0	3	0	0.0	0.0	1.349527665317139	0.0	0	0	0	0
TRIM25	1.60402214933591	0.20521036099798778	0.5126483183442028	raw__HeLa_TE_GSE79664	TRIM25	NM_005082.5	5745	0	0	0	0	0.0	0.0	0.0	0.0	0	0	0	0
TRIM28	1.00234616264945	0.0010177320761052238	-0.07259913184764742	raw__HeLa_TE_GSE79664	TRIM28	NM_005762.3	3364	0	0	0	5	0.0	0.0	0.0	1.4863258026159334	0	0	0	0
TRMT112	2.44460792521228	0.38820921537342457	1.0371511541063443	raw__HeLa_TE_GSE79664	TRMT112	NM_016404.3	812	0	0	1	0	0.0	0.0	1.2315270935960592	0.0	0	0	0	0
TSN	3.5910158672628	0.5552173241039212	1.5158220557542141	raw__HeLa_TE_GSE79664	TSN	NM_004622.3	3302	0	0	0	0	0.0	0.0	0.0	0.0	0	0	0	0
TUBA1C	0.439271040107001	-0.3572674275935547	-1.099499452615187	raw__HeLa_TE_GSE79664	TUBA1C	NM_032704.5	2823	0	0	3	22	0.0	0.0	1.0626992561105206	7.793127878143818	0	0	0	0
TUBB	1.56638111406471	0.19489743818038016	0.4830898968923724	raw__HeLa_TE_GSE79664	TUBB	NM_178014.4	2515	0	0	8	0	0.0	0.0	3.1809145129224654	0.0	0	0	0	0
TUBB2B	1.29868597449305	0.11350415027859102	0.24980422708752872	raw__HeLa_TE_GSE79664	TUBB2B	NM_178012.5	1922	0	0	0	0	0.0	0.0	0.0	0.0	0	0	0	0
TUBB3	5.34932370210687	0.7282988790289127	2.0119003874252575	raw__HeLa_TE_GSE79664	TUBB3	NM_006086.4	1706	0	0	0	0	0.0	0.0	0.0	0.0	0	0	0	0
TUBB4B	1.33948947516486	0.12693930555469302	0.288311446519423	raw__HeLa_TE_GSE79664	TUBB4B	NM_006088.6	1563	0	0	1	5	0.0	0.0	0.6397952655150352	3.198976327575176	1	0	0	1
TUFM	0.968329778303327	-0.01397671241611723	-0.11557551376921829	raw__HeLa_TE_GSE79664	TUFM	NM_003321.5	2011	0	0	2	3	0.0	0.0	0.9945300845350572	1.4917951268025857	0	0	0	0
TXLNA	1.36963811224757	0.13660583240062993	0.31601719779294196	raw__HeLa_TE_GSE79664	TXLNA	NM_175852.4	4865	0	0	0	0	0.0	0.0	0.0	0.0	0	0	0	0
TXN	2.81578886619418	0.44960008737190726	1.213106826413749	raw__HeLa_TE_GSE79664	TXN	NM_003329.4	737	1	1	0	8	1.3568521031207599	1.3568521031207599	0.0	10.854816824966079	1	1	0	2
TXNDC12	2.74514218101486	0.43856484307793886	1.1814781206206524	raw__HeLa_TE_GSE79664	TXNDC12	NM_015913.4	1416	0	0	0	0	0.0	0.0	0.0	0.0	0	0	0	0
TXNDC17	2.72991087461449	0.43614846854443373	1.174552419913878	raw__HeLa_TE_GSE79664	TXNDC17	NM_032731.4	1917	0	0	1	1	0.0	0.0	0.5216484089723527	0.5216484089723527	0	0	0	0
TXNDC5	1.21083136865189	0.08308366356959684	0.1626144378476588	raw__HeLa_TE_GSE79664	TXNDC5	NM_030810.5	2938	0	3	2	2	0.0	1.0211027910142954	0.6807351940095303	0.6807351940095303	1	0	0	1
TXNRD1	1.11508225589007	0.04730690501784367	0.06007275047581293	raw__HeLa_TE_GSE79664	TXNRD1	NM_001093771.3	3860	0	1	4	2	0.0	0.25906735751295334	1.0362694300518134	0.5181347150259067	1	0	0	1
TYMP	1.38329987808916	0.14091633866450384	0.3283717710862479	raw__HeLa_TE_GSE79664	TYMP	NM_001953.5	1586	0	0	0	1	0.0	0.0	0.0	0.6305170239596469	0	0	0	0
U2AF1	0.391853422506897	-0.40687635568598257	-1.241686263305359	raw__HeLa_TE_GSE79664	U2AF1	NM_006758.3	945	0	0	0	0	0.0	0.0	0.0	0.0	0	0	0	0
U2AF2	0.915068781009258	-0.038546261026317044	-0.18599561537820045	raw__HeLa_TE_GSE79664	U2AF2	NM_007279.3	2146	0	0	0	4	0.0	0.0	0.0	1.8639328984156571	0	0	0	0
UBA1	0.962860969722648	-0.016436417383553663	-0.12262540615768015	raw__HeLa_TE_GSE79664	UBA1	NM_003334.4	3572	0	1	9	5	0.0	0.2799552071668533	2.5195968645016795	1.3997760358342666	0	0	0	0
UBA2	0.809103436939709	-0.09199595401125554	-0.3391906484121288	raw__HeLa_TE_GSE79664	UBA2	NM_005499.3	4005	0	0	1	1	0.0	0.0	0.24968789013732834	0.24968789013732834	0	0	0	0
UBAP2L	0.767698018763253	-0.11480958019723811	-0.40457800654288784	raw__HeLa_TE_GSE79664	UBAP2L	NM_014847.4	3877	1	0	1	0	0.25793139025019346	0.0	0.25793139025019346	0.0	1	0	0	1
UBE2I	1.53077958193134	0.18491266082076027	0.454471990745102	raw__HeLa_TE_GSE79664	UBE2I	NM_003345.5	2850	0	0	2	0	0.0	0.0	0.7017543859649122	0.0	0	0	0	0
UBE2L3	1.06044648452563	0.025488756717129045	-0.002461415073257355	raw__HeLa_TE_GSE79664	UBE2L3	NM_003347.4	2861	0	0	0	3	0.0	0.0	0.0	1.048584411045089	0	0	0	0
UBE2M	0.637807253871685	-0.19531054577269166	-0.6353061434485544	raw__HeLa_TE_GSE79664	UBE2M	NM_003969.4	1159	0	0	0	2	0.0	0.0	0.0	1.7256255392579811	0	0	0	0
UBE2N	1.70678670977131	0.232179252481477	0.589945305304741	raw__HeLa_TE_GSE79664	UBE2N	NM_003348.4	4877	0	0	0	2	0.0	0.0	0.0	0.4100881689563256	0	0	0	0
UBQLN1	1.56821618220169	0.19540593096687062	0.4845473153521168	raw__HeLa_TE_GSE79664	UBQLN1	NM_013438.5	3868	1	0	0	1	0.25853154084798347	0.0	0.0	0.25853154084798347	1	0	0	1
UBXN1	0.725433909157361	-0.1394021479343291	-0.4750640845065985	raw__HeLa_TE_GSE79664	UBXN1	NM_001286077.2	1134	0	0	0	0	0.0	0.0	0.0	0.0	0	0	0	0
UBXN7	2.64437750661243	0.4223234543444527	1.1349278049014506	raw__HeLa_TE_GSE79664	UBXN7	NM_015562.2	10521	0	0	0	0	0.0	0.0	0.0	0.0	0	0	0	0
UCHL5	1.76914129347859	0.24776251947140807	0.6346093429816594	raw__HeLa_TE_GSE79664	UCHL5	NM_001199261.3	5184	0	0	1	2	0.0	0.0	0.19290123456790123	0.38580246913580246	0	0	0	0
UGDH	1.86581438010854	0.2708684359247511	0.7008344499312265	raw__HeLa_TE_GSE79664	UGDH	NM_003359.4	3037	0	0	0	0	0.0	0.0	0.0	0.0	0	0	0	0
UGP2	0.961335899635607	-0.017124839314335474	-0.12459852919240214	raw__HeLa_TE_GSE79664	UGP2	NM_006759.4	2150	0	0	0	2	0.0	0.0	0.0	0.9302325581395349	0	0	0	0
UQCRC1	1.03752716226059	0.015999475278563942	-0.029659153774186153	raw__HeLa_TE_GSE79664	UQCRC1	NM_003365.3	1595	0	1	4	4	0.0	0.6269592476489029	2.5078369905956115	2.5078369905956115	1	0	0	1
UQCRC2	1.23053535854283	0.09009409735569662	0.18270741828341838	raw__HeLa_TE_GSE79664	UQCRC2	NM_003366.4	1914	0	0	1	0	0.0	0.0	0.522466039707419	0.0	0	0	0	0
USP14	1.94169092473217	0.28818010076973166	0.7504523414417803	raw__HeLa_TE_GSE79664	USP14	NM_005151.4	4972	0	0	0	0	0.0	0.0	0.0	0.0	0	0	0	0
USP5	0.779072519586324	-0.10842211435531329	-0.3862705479587478	raw__HeLa_TE_GSE79664	USP5	NM_001098536.2	3162	1	1	1	0	0.3162555344718533	0.3162555344718533	0.3162555344718533	0.0	0	0	0	0
USP7	0.62954459	-0.20097350383233223	-0.6515370514027096	raw__HeLa_TE_GSE79664	USP7	NM_003470.3	5831	0	0	0	2	0.0	0.0	0.0	0.3429943405933802	0	0	0	0
VAT1	1.78855776173717	0.25250297031593166	0.6481962035072595	raw__HeLa_TE_GSE79664	VAT1	NM_006373.4	2699	0	1	1	2	0.0	0.3705075954057058	0.3705075954057058	0.7410151908114117	0	0	0	0
VBP1	3.04854575927913	0.4840927182535506	1.3119680065673833	raw__HeLa_TE_GSE79664	VBP1	NM_003372.7	1616	0	0	0	1	0.0	0.0	0.0	0.6188118811881188	0	0	0	0
VCL	1.03033519651378	0.012978535689732876	-0.03831763082539928	raw__HeLa_TE_GSE79664	VCL	NM_014000.3	5497	0	3	7	1	0.0	0.5457522284882663	1.2734218664726213	0.18191740949608878	3	1	0	4
VCP	0.946237379405599	-0.023999899926279007	-0.14430350930994437	raw__HeLa_TE_GSE79664	VCP	NM_007126.5	3746	0	1	2	1	0.0	0.2669514148424987	0.5339028296849974	0.2669514148424987	0	0	0	0
VDAC1	0.739156548715757	-0.13126357101904107	-0.45173767251508257	raw__HeLa_TE_GSE79664	VDAC1	NM_003374.3	1839	0	0	0	7	0.0	0.0	0.0	3.806416530723219	0	0	0	0
VGF	2.26855844101888	0.355749971737409	0.9441179742436097	raw__HeLa_TE_GSE79664	VGF	NM_003378.4	2551	0	0	0	0	0.0	0.0	0.0	0.0	0	0	0	0
VPS35	0.960637233242373	-0.01744058459448271	-0.12550350368189256	raw__HeLa_TE_GSE79664	VPS35	NM_018206.6	6776	0	1	3	4	0.0	0.14757969303423848	0.4427390791027155	0.5903187721369539	0	0	0	0
VPS4A	0.94635943	-0.023943885988739425	-0.14414296475800178	raw__HeLa_TE_GSE79664	VPS4A	NM_013245.3	4106	0	0	0	0	0.0	0.0	0.0	0.0	0	0	0	0
WBP11	0.394297416416578	-0.4041760685765351	-1.233946825530675	raw__HeLa_TE_GSE79664	WBP11	NM_016312.3	4581	0	0	0	4	0.0	0.0	0.0	0.8731717965509714	0	0	0	0
WDR1	0.936475810102778	-0.028503436307497965	-0.15721133658006073	raw__HeLa_TE_GSE79664	WDR1	NM_017491.5	2993	0	1	6	3	0.0	0.3341129301703976	2.0046775810223854	1.0023387905111927	1	0	0	1
WDR77	1.54682820295354	0.1894420818620016	0.46745400742821114	raw__HeLa_TE_GSE79664	WDR77	NM_024102.4	2456	0	0	0	3	0.0	0.0	0.0	1.221498371335505	0	0	0	0
XPO1	0.86378949	-0.06359208445473137	-0.25778079379931995	raw__HeLa_TE_GSE79664	XPO1	NM_003400.4	4988	0	0	1	1	0.0	0.0	0.20048115477145148	0.20048115477145148	0	0	0	0
XRCC5	1.07498222951148	0.03140128500614086	0.014484799506580109	raw__HeLa_TE_GSE79664	XRCC5	NM_021141.4	3379	0	0	4	3	0.0	0.0	1.1837821840781295	0.8878366380585972	1	0	0	1
XRCC6	0.522267116488847	-0.28210731779123016	-0.8840790290171441	raw__HeLa_TE_GSE79664	XRCC6	NM_001469.5	2122	0	1	8	9	0.0	0.471253534401508	3.770028275212064	4.2412818096135725	0	0	0	0
XRN2	0.952279000257762	-0.021235792665291763	-0.1363811531745109	raw__HeLa_TE_GSE79664	XRN2	NM_012255.5	3408	0	0	0	0	0.0	0.0	0.0	0.0	0	0	0	0
YBX1	0.23743879461269	-0.6244483211449436	-1.8652809478461017	raw__HeLa_TE_GSE79664	YBX1	NM_004559.5	2979	1	0	1	13	0.3356831151393085	0.0	0.3356831151393085	4.36388049681101	2	0	0	2
YWHAB	1.50917200583419	0.1787387407215799	0.4367765870725441	raw__HeLa_TE_GSE79664	YWHAB	NM_139323.4	3020	0	1	4	3	0.0	0.33112582781456956	1.3245033112582782	0.9933774834437086	0	0	0	0
YWHAE	1.31762392177209	0.11979147095170038	0.2678246542298007	raw__HeLa_TE_GSE79664	YWHAE	NM_006761.5	2052	0	0	3	0	0.0	0.0	1.4619883040935673	0.0	1	0	0	1
YWHAG	3.66487181608418	0.5640587891979223	1.5411630532698686	raw__HeLa_TE_GSE79664	YWHAG	NM_012479.4	3705	0	0	2	2	0.0	0.0	0.5398110661268556	0.5398110661268556	0	0	0	0
YWHAH	1.72014541572847	0.23556516236045116	0.5996498432878781	raw__HeLa_TE_GSE79664	YWHAH	NM_003405.4	1751	0	0	0	2	0.0	0.0	0.0	1.1422044545973729	0	0	0	0
YWHAQ	2.91082160302895	0.4640155894325425	1.2544238703676212	raw__HeLa_TE_GSE79664	YWHAQ	NM_006826.4	2196	1	2	3	8	0.4553734061930783	0.9107468123861566	1.366120218579235	3.6429872495446265	0	0	0	0
YWHAZ	1.04404798445678	0.018720459304078778	-0.02186039545781944	raw__HeLa_TE_GSE79664	YWHAZ	NM_145690.3	5011	0	0	3	3	0.0	0.0	0.5986828976252245	0.5986828976252245	0	0	0	0
ZNF207	1.19132241735311	0.076029314066895	0.1423955882201444	raw__HeLa_TE_GSE79664	ZNF207	NM_001098507.2	13740	0	0	2	3	0.0	0.0	0.14556040756914118	0.2183406113537118	0	0	0	0
ABCE1	1.42646896885466	0.15426232853303795	-0.12696968412750595	raw__HeLa_TE_GSE143301	ABCE1	NM_002940.3	3887	0	0	1	2	0.0	0.0	0.2572678157962439	0.5145356315924878	0	0	0	0
ABHD14B	3.65608094206221	0.5630158020240054	0.4313649342493942	raw__HeLa_TE_GSE143301	ABHD14B	NM_001146314.2	1657	0	0	0	0	0.0	0.0	0.0	0.0	0	0	0	0
ACADM	5.59591191004721	0.7478708692791317	0.6838667235294991	raw__HeLa_TE_GSE143301	ACADM	NM_000016.6	2261	0	0	0	1	0.0	0.0	0.0	0.44228217602830605	0	0	0	0
ACADSB	12.4386228992008	1.094772301545844	1.1577148773931136	raw__HeLa_TE_GSE143301	ACADSB	NM_001609.4	5848	0	0	0	0	0.0	0.0	0.0	0.0	0	0	0	0
ACAT1	4.12504557975581	0.6154287516561431	0.5029581221456042	raw__HeLa_TE_GSE143301	ACAT1	NM_000019.4	1537	0	0	0	3	0.0	0.0	0.0	1.951854261548471	0	0	0	0
ACAT2	4.06603881325629	0.6091715199740754	0.49441109003486583	raw__HeLa_TE_GSE143301	ACAT2	NM_005891.3	1520	0	1	2	0	0.0	0.6578947368421053	1.3157894736842106	0.0	0	0	0	0
ACIN1	3.59923999698706	0.5562108063339543	0.4220696868250439	raw__HeLa_TE_GSE143301	ACIN1	NM_001386863.1	4460	1	0	0	0	0.2242152466367713	0.0	0.0	0.0	1	0	0	1
ACLY	3.63230698526169	0.5601825458983726	0.42749486321572466	raw__HeLa_TE_GSE143301	ACLY	NM_001096.3	4293	0	2	3	2	0.0	0.4658746797111577	0.6988120195667366	0.4658746797111577	2	0	0	2
ACO1	5.30100325700629	0.724358071062764	0.6517495427090189	raw__HeLa_TE_GSE143301	ACO1	NM_002197.3	7443	1	1	1	0	0.13435442697836894	0.13435442697836894	0.13435442697836894	0.0	2	0	0	2
ACOT7	3.20288491045838	0.5055413334028611	0.35285799159289144	raw__HeLa_TE_GSE143301	ACOT7	NM_007274.4	1806	0	0	0	2	0.0	0.0	0.0	1.1074197120708749	0	0	0	0
ACP1	1.38346174424553	0.1409671544471365	-0.1451301559789342	raw__HeLa_TE_GSE143301	ACP1	NM_004300.4	1474	0	0	0	2	0.0	0.0	0.0	1.3568521031207599	0	0	0	0
ACTB	3.25943268678133	0.5131420164971474	0.3632401039664169	raw__HeLa_TE_GSE143301	ACTB	NM_001101.5	1812	1	0	2	31	0.5518763796909493	0.0	1.1037527593818985	17.108167770419428	1	0	0	1
ACTG1	2.05942847349453	0.31374671296829587	0.09087715680631743	raw__HeLa_TE_GSE143301	ACTG1	NM_001614.5	1919	0	0	8	11	0.0	0.0	4.168837936425222	5.732152162584679	1	0	0	1
ACTN1	10.0457065565934	1.0019804879073901	1.0309663964227829	raw__HeLa_TE_GSE143301	ACTN1	NM_001130004.2	3722	0	1	1	0	0.0	0.2686727565824825	0.2686727565824825	0.0	0	0	0	0
ACTN4	8.54627545	0.9317768861979124	0.9350721625845196	raw__HeLa_TE_GSE143301	ACTN4	NM_004924.6	4990	0	0	1	0	0.0	0.0	0.20040080160320642	0.0	1	0	0	1
ACTR1A	1.15392106529236	0.06217610164429174	-0.25275437265525474	raw__HeLa_TE_GSE143301	ACTR1A	NM_005736.4	2830	0	0	0	1	0.0	0.0	0.0	0.35335689045936397	0	0	0	0
ACTR3	4.28186540146623	0.6316330113191765	0.5250922438639358	raw__HeLa_TE_GSE143301	ACTR3	NM_005721.5	6589	0	0	1	2	0.0	0.0	0.15176809834572771	0.30353619669145543	0	0	0	0
ADA	0.968951182695599	-0.013698102846021076	-0.356394335997819	raw__HeLa_TE_GSE143301	ADA	NM_000022.4	1496	0	0	0	0	0.0	0.0	0.0	0.0	0	0	0	0
ADH5	1.1754761439749	0.07021381964114294	-0.2417752947967464	raw__HeLa_TE_GSE143301	ADH5	NM_000671.4	2652	0	0	0	2	0.0	0.0	0.0	0.7541478129713424	0	0	0	0
ADK	6.28758072392979	0.7984835738464436	0.7530008763191203	raw__HeLa_TE_GSE143301	ADK	NM_006721.4	1992	0	1	2	4	0.0	0.5020080321285141	1.0040160642570282	2.0080321285140563	0	0	0	0
ADRM1	1.12164704206288	0.04985621538711539	-0.2695826553193759	raw__HeLa_TE_GSE143301	ADRM1	NM_007002.4	1379	0	0	1	1	0.0	0.0	0.7251631617113851	0.7251631617113851	0	0	0	0
AHCY	2.2385157102384	0.349960146673855	0.140342702665605	raw__HeLa_TE_GSE143301	AHCY	NM_000687.4	2150	0	0	3	0	0.0	0.0	1.3953488372093024	0.0	0	0	0	0
AHNAK	5.53018678208269	0.7427397998504356	0.6768579667185316	raw__HeLa_TE_GSE143301	AHNAK	NM_001620.3	18761	2	0	7	3	0.10660412557965994	0.0	0.37311443952880974	0.1599061883694899	2	1	0	3
AHSA1	2.7657958807373	0.441820125469415	0.26581834882194894	raw__HeLa_TE_GSE143301	AHSA1	NM_012111.3	1337	0	1	2	3	0.0	0.7479431563201197	1.4958863126402393	2.243829468960359	0	0	0	0
AIMP1	1.96698094191834	0.29380015205975485	0.06363125874045562	raw__HeLa_TE_GSE143301	AIMP1	NM_001142416.2	2773	0	0	1	1	0.0	0.0	0.36062026685899745	0.36062026685899745	0	0	0	0
AIMP2	1.68007164345555	0.22532780178181178	-0.029898181475174975	raw__HeLa_TE_GSE143301	AIMP2	NM_006303.4	1198	0	0	2	1	0.0	0.0	1.669449081803005	0.8347245409015025	0	0	0	0
AK1	3.28874836446633	0.5170306451140028	0.3685517554033053	raw__HeLa_TE_GSE143301	AK1	NM_000476.3	2192	0	0	1	0	0.0	0.0	0.4562043795620438	0.0	0	0	0	0
AK2	0.387719194286577	-0.41148269843462076	-0.8997460743386512	raw__HeLa_TE_GSE143301	AK2	NM_001625.4	5970	1	1	3	3	0.16750418760469013	0.16750418760469013	0.5025125628140703	0.5025125628140703	0	0	0	0
AKR1A1	0.93973129	-0.02699631230810739	-0.3745589540050936	raw__HeLa_TE_GSE143301	AKR1A1	NM_153326.3	1407	0	1	1	1	0.0	0.7107320540156361	0.7107320540156361	0.7107320540156361	1	0	0	1
AKR1B1	2.73548103817983	0.4370337086794145	0.2592803684373082	raw__HeLa_TE_GSE143301	AKR1B1	NM_001628.4	1361	0	0	3	0	0.0	0.0	2.204261572373255	0.0	0	0	0	0
AKR1C1	0.64966180835511	-0.1873126633379923	-0.5935422152539449	raw__HeLa_TE_GSE143301	AKR1C1	NM_001353.6	6543	0	0	0	0	0.0	0.0	0.0	0.0	0	0	0	0
ALDH18A1	3.88877618718857	0.5898129486846028	0.46796835324068287	raw__HeLa_TE_GSE143301	ALDH18A1	NM_002860.4	3352	1	1	1	0	0.29832935560859186	0.29832935560859186	0.29832935560859186	0.0	1	0	0	1
ALDH9A1	5.12859774302869	0.7099986369027768	0.6321353505081498	raw__HeLa_TE_GSE143301	ALDH9A1	NM_000696.4	2395	0	0	1	0	0.0	0.0	0.4175365344467641	0.0	0	0	0	0
ALDOA	1.46022524533259	0.16441985253776537	-0.11309506860339101	raw__HeLa_TE_GSE143301	ALDOA	NM_001243177.4	1640	0	0	0	0	0.0	0.0	0.0	0.0	0	0	0	0
ALDOC	2.32695017898241	0.3667870849521149	0.16332736890416966	raw__HeLa_TE_GSE143301	ALDOC	NM_005165.3	1608	0	0	0	0	0.0	0.0	0.0	0.0	0	0	0	0
ALYREF	3.49133041942066	0.5429909523777725	0.40401209810149225	raw__HeLa_TE_GSE143301	ALYREF	NM_005782.4	1097	0	0	2	1	0.0	0.0	1.8231540565177757	0.9115770282588879	0	0	0	0
ANP32A	2.60590523333362	0.41595861805783146	0.23049296125281565	raw__HeLa_TE_GSE143301	ANP32A	NM_006305.4	2440	0	0	0	1	0.0	0.0	0.0	0.4098360655737705	0	0	0	0
ANP32B	19.4445850704841	1.2887986801385678	1.4227441702855064	raw__HeLa_TE_GSE143301	ANP32B	NM_006401.3	1483	0	0	1	1	0.0	0.0	0.6743088334457181	0.6743088334457181	0	0	0	0
ANP32E	16.0264973948072	1.2048386172810899	1.308059372003379	raw__HeLa_TE_GSE143301	ANP32E	NM_030920.5	3407	0	0	0	2	0.0	0.0	0.0	0.587026709715292	0	0	0	0
ANXA1	3.51349855915646	0.5457397797743256	0.407766844164763	raw__HeLa_TE_GSE143301	ANXA1	NM_000700.3	1401	0	0	1	0	0.0	0.0	0.7137758743754461	0.0	0	0	0	0
ANXA2	0.808879250042184	-0.09211630527819625	-0.4635092597068125	raw__HeLa_TE_GSE143301	ANXA2	NM_004039.3	1554	0	0	7	11	0.0	0.0	4.504504504504505	7.078507078507078	2	0	0	2
ANXA4	13.7687991518268	1.1388960648410291	1.2179854955981828	raw__HeLa_TE_GSE143301	ANXA4	NM_001153.5	2651	0	0	0	0	0.0	0.0	0.0	0.0	0	0	0	0
ANXA5	2.91392302035663	0.4644780744497814	0.2967678529059447	raw__HeLa_TE_GSE143301	ANXA5	NM_001154.4	1638	0	1	4	2	0.0	0.6105006105006106	2.442002442002442	1.221001221001221	0	0	0	0
ANXA6	1.75104142562352	0.243296420616222	-0.005354042794254109	raw__HeLa_TE_GSE143301	ANXA6	NM_001155.5	2889	0	1	0	1	0.0	0.3461405330564209	0.0	0.3461405330564209	0	0	0	0
ANXA7	4.51899174256384	0.6550415477569076	0.5570670088661742	raw__HeLa_TE_GSE143301	ANXA7	NM_001156.5	2443	0	0	1	1	0.0	0.0	0.4093327875562833	0.4093327875562833	0	0	0	0
AP2B1	6.5390470657159	0.815514463269958	0.7762641285324552	raw__HeLa_TE_GSE143301	AP2B1	NM_001030006.2	5700	2	2	3	2	0.3508771929824561	0.3508771929824561	0.5263157894736842	0.3508771929824561	2	2	1	5
AP2M1	1.30235457011077	0.11472923836336855	-0.1809696969582953	raw__HeLa_TE_GSE143301	AP2M1	NM_004068.4	1931	0	3	5	3	0.0	1.5535991714137753	2.589331952356292	1.5535991714137753	2	0	0	2
APEH	1.41224261125329	0.14990931121837112	-0.13291566481952385	raw__HeLa_TE_GSE143301	APEH	NM_001640.4	2879	0	0	2	0	0.0	0.0	0.6946856547412296	0.0	0	0	0	0
APEX1	3.89051614949395	0.5900072224071582	0.46823372039173666	raw__HeLa_TE_GSE143301	APEX1	NM_001641.4	1453	0	0	0	4	0.0	0.0	0.0	2.752924982794219	0	0	0	0
API5	4.58405438479679	0.6612497614194204	0.5655470850755766	raw__HeLa_TE_GSE143301	API5	NM_001142930.2	3726	0	0	0	1	0.0	0.0	0.0	0.2683843263553409	0	0	0	0
APRT	0.355051769011603	-0.4497083191789772	-0.9519601563089956	raw__HeLa_TE_GSE143301	APRT	NM_000485.3	931	0	0	1	1	0.0	0.0	1.0741138560687433	1.0741138560687433	0	0	0	0
ARF4	4.91232801282235	0.6912873584186487	0.6065767798553909	raw__HeLa_TE_GSE143301	ARF4	NM_001660.4	1596	0	0	0	3	0.0	0.0	0.0	1.8796992481203008	0	0	0	0
ARHGAP1	6.59140658660627	0.8189781016376463	0.7809952668141744	raw__HeLa_TE_GSE143301	ARHGAP1	NM_004308.5	3395	0	0	0	0	0.0	0.0	0.0	0.0	0	0	0	0
ARHGDIA	1.82514941287462	0.26129842305598755	0.019235696043643818	raw__HeLa_TE_GSE143301	ARHGDIA	NM_004309.6	1837	0	0	1	3	0.0	0.0	0.5443658138268916	1.633097441480675	0	0	0	0
ARHGDIB	2.09597795137365	0.32138670977775663	0.10131296953857369	raw__HeLa_TE_GSE143301	ARHGDIB	NM_001175.7	1174	0	0	0	0	0.0	0.0	0.0	0.0	0	0	0	0
ARL3	1.00344669653186	0.0014943075490438573	-0.33564234436895457	raw__HeLa_TE_GSE143301	ARL3	NM_004311.4	3834	0	0	0	0	0.0	0.0	0.0	0.0	0	0	0	0
ARPC1B	4.03530840456183	0.6058767319406279	0.48991059196306574	raw__HeLa_TE_GSE143301	ARPC1B	NM_005720.4	1511	0	0	1	0	0.0	0.0	0.6618133686300464	0.0	0	0	0	0
ARPC2	2.15617695273773	0.3336843995777939	0.11811093307092035	raw__HeLa_TE_GSE143301	ARPC2	NM_152862.3	1410	1	0	2	3	0.7092198581560284	0.0	1.4184397163120568	2.127659574468085	0	0	0	0
ARPC3	0.635259174992221	-0.19704905375540813	-0.6068415856095011	raw__HeLa_TE_GSE143301	ARPC3	NM_001278556.2	946	0	0	0	1	0.0	0.0	0.0	1.0570824524312896	0	0	0	0
ARPC4	0.523811295524102	-0.28082514063607295	-0.7212750828912303	raw__HeLa_TE_GSE143301	ARPC4	NM_005718.5	1433	0	0	2	1	0.0	0.0	1.3956734124214933	0.6978367062107467	0	0	0	0
ASNS	3.78367253706019	0.5779135427662991	0.4517144234439133	raw__HeLa_TE_GSE143301	ASNS	NM_001673.5	2385	0	0	2	0	0.0	0.0	0.8385744234800838	0.0	0	0	0	0
ATIC	11.3217122045683	1.0539121110187681	1.1019021189353035	raw__HeLa_TE_GSE143301	ATIC	NM_004044.7	1972	1	2	3	4	0.5070993914807302	1.0141987829614605	1.5212981744421907	2.028397565922921	2	1	0	3
ATP6V1A	6.9577252707354	0.8424672764151377	0.8130801793248171	raw__HeLa_TE_GSE143301	ATP6V1A	NM_001690.4	4575	0	0	0	0	0.0	0.0	0.0	0.0	0	0	0	0
ATRX	6.51529669376049	0.81393419741301	0.7741055728469519	raw__HeLa_TE_GSE143301	ATRX	NM_000489.6	11165	0	0	0	0	0.0	0.0	0.0	0.0	0	0	0	0
ATXN10	3.52498920481175	0.5471577913138382	0.40970376943418285	raw__HeLa_TE_GSE143301	ATXN10	NM_013236.4	3294	0	1	7	2	0.0	0.3035822707953855	2.125075895567699	0.607164541590771	1	0	0	1
ATXN2L	3.4905860700268	0.5428983512027012	0.40388561002225193	raw__HeLa_TE_GSE143301	ATXN2L	NM_007245.4	4456	0	0	0	0	0.0	0.0	0.0	0.0	0	0	0	0
BAG2	6.76960990703151	0.8305636435588881	0.7968204757647941	raw__HeLa_TE_GSE143301	BAG2	NM_004282.4	6651	0	0	0	2	0.0	0.0	0.0	0.30070666065253343	0	0	0	0
BANF1	1.78531656174135	0.251715233797271	0.0061455899904720255	raw__HeLa_TE_GSE143301	BANF1	NM_003860.4	731	0	0	1	4	0.0	0.0	1.3679890560875514	5.471956224350206	0	0	0	0
BCCIP	2.95854444	0.4710780971559825	0.3057831185805667	raw__HeLa_TE_GSE143301	BCCIP	NM_078468.3	1234	0	0	0	0	0.0	0.0	0.0	0.0	0	0	0	0
BCLAF1	1.20764166683284	0.08193808891830331	-0.22576059195714837	raw__HeLa_TE_GSE143301	BCLAF1	NM_014739.3	7494	0	0	0	2	0.0	0.0	0.0	0.26688017080330934	0	0	0	0
BLVRA	3.88966295283835	0.5899119704608683	0.46810361150574425	raw__HeLa_TE_GSE143301	BLVRA	NM_000712.4	1074	0	0	0	0	0.0	0.0	0.0	0.0	0	0	0	0
BSG	3.12682156492538	0.4951030985184816	0.3385999405458286	raw__HeLa_TE_GSE143301	BSG	NM_001728.4	1946	0	1	7	2	0.0	0.513874614594039	3.597122302158273	1.027749229188078	3	1	0	4
BTF3	0.910834964157952	-0.04056030650505972	-0.39308661924777005	raw__HeLa_TE_GSE143301	BTF3	NM_001037637.2	1276	0	0	2	15	0.0	0.0	1.567398119122257	11.755485893416928	0	0	0	0
BUB3	3.473783256477	0.5408027175501818	0.4010230904560101	raw__HeLa_TE_GSE143301	BUB3	NM_004725.4	7703	0	0	0	0	0.0	0.0	0.0	0.0	0	0	0	0
BZW1	1.18380097698571	0.07327869405729764	-0.2375888459993769	raw__HeLa_TE_GSE143301	BZW1	NM_001207067.2	6511	0	1	1	4	0.0	0.1535862386730149	0.1535862386730149	0.6143449546920596	1	0	0	1
C1QBP	3.29343474984501	0.5176490635379788	0.36939648073811165	raw__HeLa_TE_GSE143301	C1QBP	NM_001212.4	1169	0	0	1	6	0.0	0.0	0.8554319931565441	5.132591958939265	0	0	0	0
CACYBP	1.14820697967428	0.060020182511405555	-0.25569923885059503	raw__HeLa_TE_GSE143301	CACYBP	NM_014412.3	2869	0	0	1	6	0.0	0.0	0.34855350296270476	2.0913210177762287	0	0	0	0
CAD	3.68237548801141	0.5661280709841103	0.4356161213702906	raw__HeLa_TE_GSE143301	CAD	NM_004341.5	7286	0	0	0	2	0.0	0.0	0.0	0.2744990392533626	0	0	0	0
CALR	4.11834731211153	0.6147229691331905	0.5019940622876063	raw__HeLa_TE_GSE143301	CALR	NM_004343.4	1901	0	2	4	8	0.0	1.0520778537611783	2.1041557075223567	4.208311415044713	1	1	0	2
CALU	5.13933793151987	0.7109071751806302	0.6333763635038652	raw__HeLa_TE_GSE143301	CALU	NM_001219.5	5266	0	1	6	3	0.0	0.189897455374098	1.139384732244588	0.569692366122294	0	0	0	0
CAND1	7.51973700982118	0.8762026521367653	0.8591608351501246	raw__HeLa_TE_GSE143301	CAND1	NM_018448.5	11176	0	0	0	2	0.0	0.0	0.0	0.17895490336435219	0	0	0	0
CAP1	3.2525433334374	0.5122230913511885	0.361984903083831	raw__HeLa_TE_GSE143301	CAP1	NM_006367.4	2626	0	2	6	2	0.0	0.7616146230007617	2.2848438690022848	0.7616146230007617	0	0	0	0
CAPG	1.18026576609813	0.07197981048747933	-0.2393630490564833	raw__HeLa_TE_GSE143301	CAPG	NM_001747.4	1250	0	2	0	2	0.0	1.6	0.0	1.6	2	0	0	2
CAPN1	2.06264596407721	0.3144246913554294	0.09180323775387504	raw__HeLa_TE_GSE143301	CAPN1	NM_005186.4	2952	0	1	1	0	0.0	0.33875338753387535	0.33875338753387535	0.0	1	0	0	1
CAPNS1	1.82640761190355	0.2615977084913881	0.019644503381555805	raw__HeLa_TE_GSE143301	CAPNS1	NM_001749.4	1428	2	3	5	0	1.4005602240896358	2.100840336134454	3.5014005602240896	0.0	2	1	0	3
CAPRIN1	6.54310069773019	0.81578360410274	0.7766317600118345	raw__HeLa_TE_GSE143301	CAPRIN1	NM_005898.5	5514	0	1	2	3	0.0	0.18135654697134568	0.36271309394269136	0.544069640914037	0	0	0	0
CAPZA1	1.98129134153164	0.2969483416245374	0.06793151141896861	raw__HeLa_TE_GSE143301	CAPZA1	NM_006135.3	2358	0	1	1	1	0.0	0.42408821034775235	0.42408821034775235	0.42408821034775235	0	0	0	0
CAPZB	17.4279360182466	1.2412459568768992	1.3577897825751526	raw__HeLa_TE_GSE143301	CAPZB	NM_004930.5	1675	0	1	1	3	0.0	0.5970149253731343	0.5970149253731343	1.791044776119403	0	0	0	0
CARHSP1	1.42779338690467	0.15466536611013584	-0.12641915710720047	raw__HeLa_TE_GSE143301	CARHSP1	NM_014316.4	2709	0	0	1	2	0.0	0.0	0.36913990402362495	0.7382798080472499	0	0	0	0
CBS	0.08186631	-1.0868947843356622	-1.8223215964694433	raw__HeLa_TE_GSE143301	CBS	NM_000071.3	2495	0	0	0	0	0.0	0.0	0.0	0.0	0	0	0	0
CBX1	3.50898116953202	0.5451810376396643	0.4070036333377995	raw__HeLa_TE_GSE143301	CBX1	NM_001127228.2	2182	0	0	0	1	0.0	0.0	0.0	0.458295142071494	0	0	0	0
CBX3	0.619667242121858	-0.20784146163916012	-0.6215834173685789	raw__HeLa_TE_GSE143301	CBX3	NM_016587.4	2061	0	0	2	5	0.0	0.0	0.970402717127608	2.42600679281902	0	0	0	0
CBX5	15.2245171175635	1.182543526821936	1.2776055125734473	raw__HeLa_TE_GSE143301	CBX5	NM_012117.3	11546	0	0	1	0	0.0	0.0	0.08661008141347652	0.0	0	0	0	0
CCT2	3.25162033313245	0.5120998306331392	0.36181653576603157	raw__HeLa_TE_GSE143301	CCT2	NM_006431.3	1916	1	0	2	4	0.5219206680584552	0.0	1.0438413361169103	2.0876826722338206	1	0	0	1
CCT3	2.75293532505289	0.4397960085954438	0.2630535172164166	raw__HeLa_TE_GSE143301	CCT3	NM_005998.5	1977	0	0	2	16	0.0	0.0	1.0116337885685383	8.093070308548306	0	0	0	0
CCT4	3.37104897244364	0.5277650617192958	0.38321437428609606	raw__HeLa_TE_GSE143301	CCT4	NM_006430.4	2376	0	0	2	6	0.0	0.0	0.8417508417508418	2.525252525252525	0	0	0	0
CCT5	3.85081684876675	0.5855528633483896	0.46214931248701413	raw__HeLa_TE_GSE143301	CCT5	NM_012073.5	3293	0	0	9	14	0.0	0.0	2.733070148800486	4.251442453689645	1	0	0	1
CCT6A	3.63954917785416	0.5610475919744001	0.42867646827124223	raw__HeLa_TE_GSE143301	CCT6A	NM_001762.4	2584	0	0	3	9	0.0	0.0	1.1609907120743035	3.48297213622291	0	0	0	0
CCT7	1.92029635939995	0.2833682585576383	0.04938186967053885	raw__HeLa_TE_GSE143301	CCT7	NM_006429.4	1847	1	1	3	7	0.5414185165132648	0.5414185165132648	1.6242555495397943	3.7899296155928535	1	1	0	2
CCT8	3.18299743550026	0.5028362887157142	0.3491630502870923	raw__HeLa_TE_GSE143301	CCT8	NM_006585.4	1854	0	1	5	14	0.0	0.5393743257820928	2.696871628910464	7.5512405609492985	1	0	0	1
CDC37	1.27050079230473	0.10397494021949712	-0.19565947292224814	raw__HeLa_TE_GSE143301	CDC37	NM_007065.4	1618	1	1	0	3	0.6180469715698393	0.6180469715698393	0.0	1.854140914709518	1	1	0	2
CDK1	3.88524658440471	0.5894185873191405	0.46742967744520286	raw__HeLa_TE_GSE143301	CDK1	NM_001786.5	1889	0	0	0	0	0.0	0.0	0.0	0.0	0	0	0	0
CDK6	13.9185052823985	1.143592598603474	1.2244007007426274	raw__HeLa_TE_GSE143301	CDK6	NM_001145306.2	11663	0	1	0	0	0.0	0.08574123295892995	0.0	0.0	1	0	0	1
CDV3	3.19542960394162	0.5045292543813793	0.3514755476728429	raw__HeLa_TE_GSE143301	CDV3	NM_017548.5	3351	0	0	0	1	0.0	0.0	0.0	0.29841838257236647	0	0	0	0
CFL1	3.90063716338242	0.5911355541903976	0.4697749591492134	raw__HeLa_TE_GSE143301	CFL1	NM_005507.3	1245	0	1	3	14	0.0	0.8032128514056225	2.4096385542168677	11.244979919678714	1	0	0	1
CFL2	2.22771606782176	0.347859837293378	0.13747379631379641	raw__HeLa_TE_GSE143301	CFL2	NM_138638.5	4306	0	0	0	0	0.0	0.0	0.0	0.0	0	0	0	0
CHORDC1	2.21794244224229	0.3459502715963199	0.13486543527498532	raw__HeLa_TE_GSE143301	CHORDC1	NM_012124.3	3070	0	2	0	3	0.0	0.6514657980456026	0.0	0.9771986970684039	2	0	0	2
CIAPIN1	1.68284448535107	0.2260439839054163	-0.02891991633835302	raw__HeLa_TE_GSE143301	CIAPIN1	NM_020313.4	2021	0	0	0	1	0.0	0.0	0.0	0.49480455220188024	0	0	0	0
CIRBP	1.1474098825662	0.059718586112471134	-0.2561112028367717	raw__HeLa_TE_GSE143301	CIRBP	NM_001300829.2	3346	0	0	0	1	0.0	0.0	0.0	0.2988643156007173	0	0	0	0
CKB	5.99855340886302	0.7780465300011115	0.7250850057121205	raw__HeLa_TE_GSE143301	CKB	NM_001823.5	1420	0	0	0	4	0.0	0.0	0.0	2.816901408450704	0	0	0	0
CLIC1	1.4264529364378	0.15425744736881053	-0.1269763515276454	raw__HeLa_TE_GSE143301	CLIC1	NM_001288.6	1199	0	0	0	0	0.0	0.0	0.0	0.0	0	0	0	0
CLTA	2.96313535919072	0.47175149096938157	0.3067029372541807	raw__HeLa_TE_GSE143301	CLTA	NM_001833.4	1078	1	0	0	5	0.9276437847866419	0.0	0.0	4.638218923933209	1	0	0	1
CLTB	1.71272762645306	0.23368830299250604	-0.018478199614113816	raw__HeLa_TE_GSE143301	CLTB	NM_007097.5	1139	0	0	0	0	0.0	0.0	0.0	0.0	0	0	0	0
CLTC	12.9887747127129	1.113568184128758	1.1833890125615827	raw__HeLa_TE_GSE143301	CLTC	NM_004859.4	8369	0	1	7	6	0.0	0.1194885888397658	0.8364201218783606	0.7169315330385948	0	0	0	0
CLUH	2.72602457727374	0.4355297670255253	0.2572260673882826	raw__HeLa_TE_GSE143301	CLUH	NM_001366661.1	5357	0	1	2	1	0.0	0.1866716445771887	0.3733432891543774	0.1866716445771887	1	1	0	2
CMPK1	4.25236527694131	0.6286305632233931	0.5209910659646054	raw__HeLa_TE_GSE143301	CMPK1	NM_016308.3	2937	0	0	0	2	0.0	0.0	0.0	0.6809669731018045	0	0	0	0
CNBP	21.2934402104386	1.3282458325849438	1.4766267969433307	raw__HeLa_TE_GSE143301	CNBP	NM_003418.5	3295	0	0	4	5	0.0	0.0	1.2139605462822458	1.5174506828528074	0	0	0	0
CNDP2	3.76383243541041	0.5756302805372335	0.4485956136282264	raw__HeLa_TE_GSE143301	CNDP2	NM_018235.3	4975	0	1	1	1	0.0	0.20100502512562815	0.20100502512562815	0.20100502512562815	0	0	0	0
CNPY2	2.94504874951562	0.4690924880774161	0.3030708864919713	raw__HeLa_TE_GSE143301	CNPY2	NM_014255.7	1450	1	2	1	2	0.6896551724137931	1.3793103448275863	0.6896551724137931	1.3793103448275863	1	1	1	3
COPA	5.88669847353344	0.7698717910976645	0.7139187648799488	raw__HeLa_TE_GSE143301	COPA	NM_004371.4	5318	0	1	1	1	0.0	0.188040616773223	0.188040616773223	0.188040616773223	0	0	0	0
COPB1	3.8690181285902	0.5876007646471285	0.4649466323002002	raw__HeLa_TE_GSE143301	COPB1	NM_001144061.2	3336	0	0	1	0	0.0	0.0	0.2997601918465228	0.0	0	0	0	0
COPB2	5.08238763522471	0.7060677857475952	0.6267660254211224	raw__HeLa_TE_GSE143301	COPB2	NM_004766.3	3275	0	2	1	2	0.0	0.6106870229007634	0.3053435114503817	0.6106870229007634	0	0	0	0
COPE	1.13935723612868	0.05665991490838154	-0.26028917838983695	raw__HeLa_TE_GSE143301	COPE	NM_007263.4	1131	0	0	0	1	0.0	0.0	0.0	0.8841732979664014	0	0	0	0
COPS4	2.71605932942646	0.43393925241299414	0.2550535124699692	raw__HeLa_TE_GSE143301	COPS4	NM_016129.3	1651	0	0	1	2	0.0	0.0	0.6056935190793459	1.2113870381586918	0	0	0	0
CORO1C	5.02482017296716	0.701120523946155	0.6200083396543767	raw__HeLa_TE_GSE143301	CORO1C	NM_014325.4	3814	0	0	1	1	0.0	0.0	0.26219192448872575	0.26219192448872575	0	0	0	0
COTL1	4.34848389238579	0.6383378657040156	0.534250703808655	raw__HeLa_TE_GSE143301	COTL1	NM_021149.5	1842	0	0	1	4	0.0	0.0	0.5428881650380022	2.1715526601520088	0	0	0	0
COX5A	0.530856958892375	-0.2750224851943431	-0.7133489767618778	raw__HeLa_TE_GSE143301	COX5A	NM_004255.4	1173	0	0	2	5	0.0	0.0	1.7050298380221653	4.262574595055414	0	0	0	0
CPNE1	1.02191170854686	0.009413375106619614	-0.32482533644264117	raw__HeLa_TE_GSE143301	CPNE1	NM_152925.3	1952	0	0	0	0	0.0	0.0	0.0	0.0	0	0	0	0
CPNE3	4.69441006115294	0.6715810229527509	0.5796590164465807	raw__HeLa_TE_GSE143301	CPNE3	NM_003909.5	4857	0	0	1	1	0.0	0.0	0.20588840848260243	0.20588840848260243	0	0	0	0
CPS1	6.57639452774979	0.8179878592894576	0.7796426505810825	raw__HeLa_TE_GSE143301	CPS1	NM_001875.5	5760	0	0	1	17	0.0	0.0	0.1736111111111111	2.951388888888889	0	0	0	0
CPSF6	3.10755970498039	0.4924194814148679	0.33493426813301913	raw__HeLa_TE_GSE143301	CPSF6	NM_007007.3	6584	0	0	0	0	0.0	0.0	0.0	0.0	0	0	0	0
CPSF7	2.61416068955806	0.4173322796651333	0.2323693069698113	raw__HeLa_TE_GSE143301	CPSF7	NM_001142565.3	3487	0	0	0	0	0.0	0.0	0.0	0.0	0	0	0	0
CRKL	2.33957654855642	0.36913725943278547	0.16653757715164366	raw__HeLa_TE_GSE143301	CRKL	NM_005207.4	5342	0	0	2	1	0.0	0.0	0.3743916136278547	0.18719580681392736	0	0	0	0
CRYZ	5.38043759297099	0.7308175984329743	0.66057289953175	raw__HeLa_TE_GSE143301	CRYZ	NM_001889.4	1908	0	0	0	0	0.0	0.0	0.0	0.0	0	0	0	0
CS	1.97986188152885	0.2966348942099575	0.06750335960142916	raw__HeLa_TE_GSE143301	CS	NM_004077.3	2915	0	1	1	3	0.0	0.34305317324185247	0.34305317324185247	1.0291595197255574	0	0	0	0
CSDE1	2.11825051278297	0.325977320212303	0.10758348928045942	raw__HeLa_TE_GSE143301	CSDE1	NM_001007553.3	4097	0	0	0	1	0.0	0.0	0.0	0.24408103490358798	0	0	0	0
CSE1L	3.30387972801963	0.5190242292027863	0.3712748809144035	raw__HeLa_TE_GSE143301	CSE1L	NM_001316.4	3550	0	1	6	2	0.0	0.28169014084507044	1.6901408450704225	0.5633802816901409	0	0	0	0
CSNK2B	0.508324169466564	-0.2938592402551736	-0.7390789414726986	raw__HeLa_TE_GSE143301	CSNK2B	NM_001320.7	929	0	0	0	0	0.0	0.0	0.0	0.0	0	0	0	0
CSTB	2.64628754734693	0.42263703313985257	0.23961530657342411	raw__HeLa_TE_GSE143301	CSTB	NM_000100.4	588	0	0	1	3	0.0	0.0	1.7006802721088434	5.1020408163265305	0	0	0	0
CTNNBL1	6.24837452823517	0.7957670533069774	0.7492902596342949	raw__HeLa_TE_GSE143301	CTNNBL1	NM_030877.5	1890	0	0	0	0	0.0	0.0	0.0	0.0	0	0	0	0
CTPS1	8.51381003004453	0.9301239554695142	0.9328143507069551	raw__HeLa_TE_GSE143301	CTPS1	NM_001905.4	2840	0	0	2	2	0.0	0.0	0.704225352112676	0.704225352112676	0	0	0	0
CTSC	5.3634006600361	0.7294402411068948	0.6586915056674792	raw__HeLa_TE_GSE143301	CTSC	NM_001814.6	1870	1	1	0	5	0.5347593582887701	0.5347593582887701	0.0	2.6737967914438503	1	1	0	2
CTSD	0.455182772432929	-0.3418141832977359	-0.8045827391390116	raw__HeLa_TE_GSE143301	CTSD	NM_001909.5	2055	0	1	2	2	0.0	0.48661800486618007	0.9732360097323601	0.9732360097323601	0	0	0	0
CUTA	0.60754412935552	-0.216422171327116	-0.6333041918200129	raw__HeLa_TE_GSE143301	CUTA	NM_001014840.2	855	0	0	1	0	0.0	0.0	1.1695906432748537	0.0	0	0	0	0
DAZAP1	2.41259001065067	0.3824835252903045	0.18476783753493362	raw__HeLa_TE_GSE143301	DAZAP1	NM_018959.4	2184	1	1	1	6	0.45787545787545786	0.45787545787545786	0.45787545787545786	2.7472527472527473	0	0	0	0
DBI	2.24303813107608	0.35083665654113577	0.14153996662540008	raw__HeLa_TE_GSE143301	DBI	NM_001079862.4	564	0	0	2	1	0.0	0.0	3.5460992907801416	1.7730496453900708	0	0	0	0
DBN1	1.42292234942523	0.1531812007615292	-0.12844644481792086	raw__HeLa_TE_GSE143301	DBN1	NM_001363541.2	3024	0	0	0	1	0.0	0.0	0.0	0.3306878306878307	0	0	0	0
DCTN1	2.53960055274021	0.4047654129258603	0.21520366263866805	raw__HeLa_TE_GSE143301	DCTN1	NM_004082.5	4455	2	0	1	0	0.4489337822671156	0.0	0.2244668911335578	0.0	1	0	0	1
DCTN2	1.94624279	0.2891970167032084	0.05734363064843069	raw__HeLa_TE_GSE143301	DCTN2	NM_001261413.2	1973	0	1	1	2	0.0	0.5068423720223011	0.5068423720223011	1.0136847440446022	1	0	0	1
DDB1	2.67407378758624	0.4271733868823625	0.24581171467734908	raw__HeLa_TE_GSE143301	DDB1	NM_001923.5	4245	0	1	8	4	0.0	0.23557126030624265	1.8845700824499412	0.9422850412249706	0	0	0	0
DDT	0.319250677601124	-0.49586817228501134	-1.015011960488614	raw__HeLa_TE_GSE143301	DDT	NM_001084392.3	565	0	0	0	0	0.0	0.0	0.0	0.0	0	0	0	0
DDX1	10.0231100979047	1.0010025008506471	1.0296305202394183	raw__HeLa_TE_GSE143301	DDX1	NM_004939.3	2484	0	1	2	3	0.0	0.4025764895330113	0.8051529790660226	1.2077294685990339	0	0	0	0
DDX17	3.86462523560783	0.5871073854473965	0.4642727036242068	raw__HeLa_TE_GSE143301	DDX17	NM_006386.5	4761	0	0	3	7	0.0	0.0	0.630119722747322	1.4702793530770846	0	0	0	0
DDX21	4.79906944476435	0.6811570344208028	0.5927393180350288	raw__HeLa_TE_GSE143301	DDX21	NM_004728.4	4664	1	0	2	2	0.2144082332761578	0.0	0.4288164665523156	0.4288164665523156	1	0	0	1
DDX39A	1.28108287861266	0.10757722698108646	-0.19073894860929552	raw__HeLa_TE_GSE143301	DDX39A	NM_005804.4	1498	0	0	1	1	0.0	0.0	0.6675567423230975	0.6675567423230975	0	0	0	0
DDX39B	1.95843945345238	0.2919101495688526	0.06104961995833864	raw__HeLa_TE_GSE143301	DDX39B	NM_004640.7	1681	0	0	1	0	0.0	0.0	0.594883997620464	0.0	0	0	0	0
DDX3X	5.98262004823391	0.776891421997127	0.7235071921192949	raw__HeLa_TE_GSE143301	DDX3X	NM_001356.5	4635	0	0	3	1	0.0	0.0	0.6472491909385113	0.21574973031283712	0	0	0	0
DDX5	7.36888680965588	0.8674018855607338	0.8471394751707549	raw__HeLa_TE_GSE143301	DDX5	NM_004396.5	3684	0	0	4	8	0.0	0.0	1.0857763300760044	2.1715526601520088	1	0	0	1
DDX6	6.36479272483129	0.8037842650316607	0.7602413270601397	raw__HeLa_TE_GSE143301	DDX6	NM_004397.6	6128	0	0	0	0	0.0	0.0	0.0	0.0	0	0	0	0
DEK	3.57899614177155	0.5537612302122371	0.41872370143824494	raw__HeLa_TE_GSE143301	DEK	NM_003472.4	3142	0	0	1	6	0.0	0.0	0.31826861871419476	1.9096117122851686	0	0	0	0
DHFR	0.03351578	-1.4747506689823522	-2.352111265264099	raw__HeLa_TE_GSE143301	DHFR	NM_000791.4	3919	0	0	0	0	0.0	0.0	0.0	0.0	0	0	0	0
DHRS2	2.6947458677298	0.4305178146260289	0.2503800178455186	raw__HeLa_TE_GSE143301	DHRS2	NM_005794.4	1676	0	0	0	0	0.0	0.0	0.0	0.0	0	0	0	0
DHX15	4.61485449195506	0.6641580121144262	0.5695195945397103	raw__HeLa_TE_GSE143301	DHX15	NM_001358.3	2998	0	0	2	1	0.0	0.0	0.66711140760507	0.333555703802535	0	0	0	0
DHX9	3.35541955219829	0.5257468308575147	0.38045758264739715	raw__HeLa_TE_GSE143301	DHX9	NM_001357.5	4493	0	2	1	2	0.0	0.44513687959047404	0.22256843979523702	0.44513687959047404	1	0	0	1
DIAPH1	6.96466945797975	0.8429005097073092	0.8136719520204394	raw__HeLa_TE_GSE143301	DIAPH1	NM_005219.5	5735	1	0	1	1	0.17436791630340018	0.0	0.17436791630340018	0.17436791630340018	1	0	0	1
DLD	9.00537418721721	0.954501763137492	0.9661130865560258	raw__HeLa_TE_GSE143301	DLD	NM_000108.5	3537	0	0	0	1	0.0	0.0	0.0	0.2827254735651682	0	0	0	0
DLST	2.70151097096631	0.43160673556962686	0.251867423577619	raw__HeLa_TE_GSE143301	DLST	NM_001933.5	2813	0	0	0	0	0.0	0.0	0.0	0.0	0	0	0	0
DNAJA1	3.80023076867286	0.5798099699110694	0.45430483794757937	raw__HeLa_TE_GSE143301	DNAJA1	NM_001539.4	2319	0	0	7	2	0.0	0.0	3.0185424752048298	0.8624407072013799	1	0	0	1
DNAJA2	3.31752833502725	0.5208146408638062	0.37372048413571823	raw__HeLa_TE_GSE143301	DNAJA2	NM_005880.4	3008	0	0	0	2	0.0	0.0	0.0	0.6648936170212766	0	0	0	0
DNAJB1	1.41320773951422	0.150206007208261	-0.13251039452084154	raw__HeLa_TE_GSE143301	DNAJB1	NM_006145.3	2242	0	0	0	1	0.0	0.0	0.0	0.44603033006244425	0	0	0	0
DNAJC8	0.795745359845511	-0.09922588515982168	-0.47322055227669724	raw__HeLa_TE_GSE143301	DNAJC8	NM_014280.3	1763	0	0	1	1	0.0	0.0	0.5672149744753261	0.5672149744753261	0	0	0	0
DNAJC9	2.04761152783172	0.31124756591611136	0.08746346027248228	raw__HeLa_TE_GSE143301	DNAJC9	NM_015190.5	2295	0	0	0	0	0.0	0.0	0.0	0.0	0	0	0	0
DNM1L	4.26920571241362	0.6303470818626569	0.5233357354085248	raw__HeLa_TE_GSE143301	DNM1L	NM_012062.5	4514	0	0	0	3	0.0	0.0	0.0	0.664599025254763	0	0	0	0
DNM2	2.36609310168633	0.37403182936761875	0.17322328874534484	raw__HeLa_TE_GSE143301	DNM2	NM_001005361.3	3633	0	0	0	2	0.0	0.0	0.0	0.5505092210294522	0	0	0	0
DNPH1	0.755861715818416	-0.1215576509938473	-0.5037245082385504	raw__HeLa_TE_GSE143301	DNPH1	NM_006443.3	654	0	2	1	4	0.0	3.058103975535168	1.529051987767584	6.116207951070336	0	0	0	0
DPP3	2.83005160383905	0.4517943546261337	0.279442593729909	raw__HeLa_TE_GSE143301	DPP3	NM_130443.4	2660	0	0	1	0	0.0	0.0	0.37593984962406013	0.0	0	0	0	0
DPYSL2	5.59465017	0.7477729355491721	0.6837329514754631	raw__HeLa_TE_GSE143301	DPYSL2	NM_001197293.3	4798	0	0	0	0	0.0	0.0	0.0	0.0	0	0	0	0
DSTN	5.40995509096001	0.7331936599625386	0.6638184680550437	raw__HeLa_TE_GSE143301	DSTN	NM_006870.4	3405	0	0	1	1	0.0	0.0	0.2936857562408223	0.2936857562408223	0	0	0	0
DUT	3.76269797676606	0.5754993598856348	0.44841678326521145	raw__HeLa_TE_GSE143301	DUT	NM_001025248.2	2141	0	0	1	2	0.0	0.0	0.4670714619336759	0.9341429238673518	0	0	0	0
DYNC1H1	7.02425539232115	0.8466002935386219	0.8187256519337164	raw__HeLa_TE_GSE143301	DYNC1H1	NM_001376.5	19940	0	0	1	1	0.0	0.0	0.05015045135406219	0.05015045135406219	0	0	0	0
DYNC1I2	1.24499027938326	0.09516596056694263	-0.2076920515095163	raw__HeLa_TE_GSE143301	DYNC1I2	NM_001378.3	4354	0	0	0	2	0.0	0.0	0.0	0.4593477262287552	0	0	0	0
DYNLL1	1.03905220970889	0.0166373702894182	-0.31495775890477457	raw__HeLa_TE_GSE143301	DYNLL1	NM_003746.3	663	0	0	1	3	0.0	0.0	1.5082956259426847	4.524886877828054	0	0	0	0
DYNLL2	12.48610627748	1.0964270271775773	1.1599751410092778	raw__HeLa_TE_GSE143301	DYNLL2	NM_080677.3	6807	0	0	0	2	0.0	0.0	0.0	0.2938151902453357	0	0	0	0
EBNA1BP2	5.33971591880049	0.727518152500622	0.6560660390278823	raw__HeLa_TE_GSE143301	EBNA1BP2	NM_006824.3	1352	0	0	0	0	0.0	0.0	0.0	0.0	0	0	0	0
ECH1	7.54770051857258	0.8778146596815952	0.8613627482242241	raw__HeLa_TE_GSE143301	ECH1	NM_001398.3	1200	0	0	1	0	0.0	0.0	0.8333333333333334	0.0	0	0	0	0
ECHS1	2.62083732026448	0.41844006440172515	0.23388247959894232	raw__HeLa_TE_GSE143301	ECHS1	NM_004092.4	1277	0	1	1	1	0.0	0.7830853563038371	0.7830853563038371	0.7830853563038371	0	0	0	0
ECI1	2.46708562401838	0.3921842226123116	0.1980184530979408	raw__HeLa_TE_GSE143301	ECI1	NM_001919.4	1507	0	0	0	0	0.0	0.0	0.0	0.0	0	0	0	0
EEF1B2	0.04562437	-1.340803119410266	-2.1691463271704188	raw__HeLa_TE_GSE143301	EEF1B2	NM_001959.4	808	0	0	3	0	0.0	0.0	3.712871287128713	0.0	1	0	0	1
EEF1D	0.298908874020095	-0.5244611914152156	-1.054068441863466	raw__HeLa_TE_GSE143301	EEF1D	NM_001130053.5	2090	0	0	1	0	0.0	0.0	0.4784688995215311	0.0	1	0	0	1
EEF1G	0.0478079649172969	-1.3204997428969565	-2.1414130387398513	raw__HeLa_TE_GSE143301	EEF1G	NM_001404.5	1446	1	0	11	9	0.6915629322268326	0.0	7.607192254495159	6.224066390041494	1	0	0	1
EEF2	1.14613068917962	0.05923414150004308	-0.256772927361079	raw__HeLa_TE_GSE143301	EEF2	NM_001961.4	3158	0	0	6	16	0.0	0.0	1.8999366687777075	5.06649778340722	0	0	0	0
EFHD2	2.31622951187253	0.3647815908072313	0.1605879749157161	raw__HeLa_TE_GSE143301	EFHD2	NM_024329.6	2422	0	0	0	2	0.0	0.0	0.0	0.8257638315441783	0	0	0	0
EFTUD2	3.54390708580085	0.5494823270262567	0.41287895654344986	raw__HeLa_TE_GSE143301	EFTUD2	NM_004247.4	4326	0	0	2	2	0.0	0.0	0.4623208506703652	0.4623208506703652	0	0	0	0
EHD1	3.12924525002306	0.49543960167536594	0.3390595852311129	raw__HeLa_TE_GSE143301	EHD1	NM_006795.4	4453	0	0	0	1	0.0	0.0	0.0	0.22456770716370986	0	0	0	0
EIF1	8.88466294658663	0.9486409568217838	0.9581075495517412	raw__HeLa_TE_GSE143301	EIF1	NM_005801.4	2338	1	0	0	6	0.42771599657827203	0.0	0.0	2.5662959794696323	1	0	0	1
EIF2A	1.10600291265045	0.043756270681475605	-0.27791484212688167	raw__HeLa_TE_GSE143301	EIF2A	NM_032025.5	3879	0	0	0	0	0.0	0.0	0.0	0.0	0	0	0	0
EIF2S1	2.83920340064039	0.45319650651369525	0.28135785559266946	raw__HeLa_TE_GSE143301	EIF2S1	NM_004094.5	4154	0	0	1	1	0.0	0.0	0.2407318247472316	0.2407318247472316	0	0	0	0
EIF2S2	1.48626838350194	0.17209723940409005	-0.10260818312317271	raw__HeLa_TE_GSE143301	EIF2S2	NM_003908.5	2556	0	0	0	0	0.0	0.0	0.0	0.0	0	0	0	0
EIF2S3	1.68360283610128	0.22623964866430654	-0.028652649108666214	raw__HeLa_TE_GSE143301	EIF2S3	NM_001415.4	3457	0	0	3	8	0.0	0.0	0.8678044547295343	2.3141452126120914	0	0	0	0
EIF3A	8.47077929715951	0.9279233665157726	0.9298084680090093	raw__HeLa_TE_GSE143301	EIF3A	NM_003750.4	6659	0	2	1	9	0.0	0.3003453972067878	0.1501726986033939	1.351554287430545	0	0	0	0
EIF3B	2.9990172193728	0.476978959343095	0.3138433696879104	raw__HeLa_TE_GSE143301	EIF3B	NM_001037283.2	3096	3	1	3	5	0.9689922480620154	0.32299741602067183	0.9689922480620154	1.6149870801033592	3	1	1	5
EIF3D	1.3366573643441	0.12602009548549442	-0.16554701113108958	raw__HeLa_TE_GSE143301	EIF3D	NM_003753.4	1880	0	0	1	1	0.0	0.0	0.5319148936170213	0.5319148936170213	0	0	0	0
EIF3E	0.643698225844182	-0.1913176878683022	-0.5990128570655554	raw__HeLa_TE_GSE143301	EIF3E	NM_001568.3	2022	0	0	5	4	0.0	0.0	2.472799208704253	1.9782393669634026	0	0	0	0
EIF3F	0.607056748830604	-0.2167707083448643	-0.6337802740931071	raw__HeLa_TE_GSE143301	EIF3F	NM_003754.3	6920	0	1	4	4	0.0	0.14450867052023122	0.5780346820809249	0.5780346820809249	3	0	0	3
EIF3G	0.70337021	-0.1528160294034767	-0.5464217228490259	raw__HeLa_TE_GSE143301	EIF3G	NM_003755.5	1103	0	0	2	1	0.0	0.0	1.813236627379873	0.9066183136899365	0	0	0	0
EIF3H	1.58966171882567	0.20130471596957084	-0.06271238690481878	raw__HeLa_TE_GSE143301	EIF3H	NM_003756.3	3961	0	0	2	1	0.0	0.0	0.5049229992426155	0.25246149962130776	1	0	0	1
EIF3I	2.14509436296391	0.3314464016084458	0.11505395172841965	raw__HeLa_TE_GSE143301	EIF3I	NM_003757.4	1421	0	0	4	5	0.0	0.0	2.8149190710767065	3.518648838845883	0	0	0	0
EIF3J	3.84071007	0.5844115241004547	0.46059030625278724	raw__HeLa_TE_GSE143301	EIF3J	NM_003758.4	2479	0	0	0	1	0.0	0.0	0.0	0.40338846308995563	0	0	0	0
EIF3K	1.28962510127741	0.1104634776559404	-0.18679648995488543	raw__HeLa_TE_GSE143301	EIF3K	NM_013234.4	772	0	2	2	0	0.0	2.5906735751295336	2.5906735751295336	0.0	1	1	0	2
EIF4A1	0.58879355	-0.2300369561684367	-0.6519012342713975	raw__HeLa_TE_GSE143301	EIF4A1	NM_001416.4	1758	0	0	5	13	0.0	0.0	2.844141069397042	7.39476678043231	1	0	0	1
EIF4A3	4.35215676042113	0.6387045298334535	0.5347515467128969	raw__HeLa_TE_GSE143301	EIF4A3	NM_014740.4	2524	0	0	2	2	0.0	0.0	0.7923930269413629	0.7923930269413629	0	0	0	0
EIF4B	0.158681553750571	-0.7994735557275342	-1.4297201082966822	raw__HeLa_TE_GSE143301	EIF4B	NM_001417.7	3856	0	0	4	5	0.0	0.0	1.037344398340249	1.2966804979253113	0	0	0	0
EIF4E	0.129069572254507	-0.889176129224613	-1.5522488582377494	raw__HeLa_TE_GSE143301	EIF4E	NM_001968.5	2427	0	0	0	0	0.0	0.0	0.0	0.0	0	0	0	0
EIF4G1	3.54435701218417	0.5495374605661756	0.41295426590708045	raw__HeLa_TE_GSE143301	EIF4G1	NM_198241.3	5405	0	0	4	3	0.0	0.0	0.7400555041628122	0.5550416281221091	0	0	0	0
EIF4G2	1.9586908863791	0.29196590259380706	0.0611257755042364	raw__HeLa_TE_GSE143301	EIF4G2	NM_001418.4	3794	0	0	5	6	0.0	0.0	1.3178703215603584	1.58144438587243	1	0	0	1
EIF4H	1.49124527555526	0.17354908078332318	-0.10062504816533405	raw__HeLa_TE_GSE143301	EIF4H	NM_022170.2	2563	0	0	0	1	0.0	0.0	0.0	0.3901677721420211	0	0	0	0
EIF5A	2.18267637929632	0.33898934857922647	0.12535719975320025	raw__HeLa_TE_GSE143301	EIF5A	NM_001970.5	1264	0	2	4	13	0.0	1.5822784810126582	3.1645569620253164	10.284810126582279	1	1	0	2
EIF5B	32.6175383357859	1.5134511814888745	1.729607051565979	raw__HeLa_TE_GSE143301	EIF5B	NM_015904.4	5741	0	0	0	1	0.0	0.0	0.0	0.17418568193694478	0	0	0	0
EIF6	0.93462204572771	-0.02936397911635553	-0.3777930558037566	raw__HeLa_TE_GSE143301	EIF6	NM_002212.4	1069	0	1	3	1	0.0	0.9354536950420954	2.8063610851262863	0.9354536950420954	1	1	0	2
ELAVL1	13.9650562733811	1.145042690067074	1.2263814454125772	raw__HeLa_TE_GSE143301	ELAVL1	NM_001419.3	6054	0	0	0	1	0.0	0.0	0.0	0.16518004625041294	0	0	0	0
ENAH	7.14421157934615	0.8539543079160239	0.8287708284942422	raw__HeLa_TE_GSE143301	ENAH	NM_018212.6	13092	0	0	0	1	0.0	0.0	0.0	0.07638252367858234	0	0	0	0
ENO1	1.11913858463237	0.048883869204369365	-0.2709108263811094	raw__HeLa_TE_GSE143301	ENO1	NM_001428.5	1781	0	0	10	22	0.0	0.0	5.614823133071308	12.352610892756879	3	0	0	3
ENSA	0.582681628343561	-0.23456867477890075	-0.658091311041524	raw__HeLa_TE_GSE143301	ENSA	NM_004436.4	1227	1	1	1	2	0.8149959250203749	0.8149959250203749	0.8149959250203749	1.6299918500407498	1	1	0	2
ERH	1.16064519838465	0.06469947905535173	-0.2493075787924591	raw__HeLa_TE_GSE143301	ERH	NM_004450.3	791	1	1	1	2	1.2642225031605563	1.2642225031605563	1.2642225031605563	2.5284450063211126	0	0	0	0
ERP29	2.55591271375918	0.4075460182735228	0.21900181562409635	raw__HeLa_TE_GSE143301	ERP29	NM_006817.4	1623	0	2	1	0	0.0	1.2322858903265557	0.6161429451632778	0.0	1	0	0	1
ESD	1.48809671388812	0.172631157650051	-0.10187888035405593	raw__HeLa_TE_GSE143301	ESD	NM_001984.2	1121	0	0	2	0	0.0	0.0	1.784121320249777	0.0	0	0	0	0
ETF1	2.63609373	0.42096084814431417	0.23732573065417828	raw__HeLa_TE_GSE143301	ETF1	NM_004730.4	3682	0	0	2	5	0.0	0.0	0.5431830526887561	1.3579576317218902	1	0	0	1
ETFA	2.32384266486367	0.3662067209237191	0.16253462376723762	raw__HeLa_TE_GSE143301	ETFA	NM_000126.4	2289	0	0	2	2	0.0	0.0	0.873743993010048	0.873743993010048	0	0	0	0
ETFB	1.17359960018333	0.06951995288174712	-0.2427230783813188	raw__HeLa_TE_GSE143301	ETFB	NM_001985.3	872	0	0	0	0	0.0	0.0	0.0	0.0	0	0	0	0
EWSR1	2.61443734034543	0.41737823764843746	0.23243208303101598	raw__HeLa_TE_GSE143301	EWSR1	NM_005243.4	2400	2	0	0	0	0.8333333333333334	0.0	0.0	0.0	1	0	0	1
EZR	6.49246034277443	0.8124093055532721	0.7720226549764286	raw__HeLa_TE_GSE143301	EZR	NM_001111077.2	3052	0	0	0	0	0.0	0.0	0.0	0.0	0	0	0	0
FARSA	0.617069093555512	-0.2096662050593286	-0.6240759158724676	raw__HeLa_TE_GSE143301	FARSA	NM_004461.3	1811	0	0	0	1	0.0	0.0	0.0	0.5521811154058531	0	0	0	0
FARSB	2.30683920030554	0.36301732280290294	0.1581780824822686	raw__HeLa_TE_GSE143301	FARSB	NM_005687.5	6761	0	0	0	0	0.0	0.0	0.0	0.0	0	0	0	0
FASN	5.1817797553855	0.7144789499362829	0.6382552101056903	raw__HeLa_TE_GSE143301	FASN	NM_004104.5	8464	0	0	4	9	0.0	0.0	0.4725897920604915	1.063327032136106	0	0	0	0
FAU	0.127540453116925	-0.8943520444145422	-1.559318871876139	raw__HeLa_TE_GSE143301	FAU	NM_001997.5	506	0	0	0	4	0.0	0.0	0.0	7.905138339920948	0	0	0	0
FDPS	0.682471264165079	-0.16591563011470847	-0.5643150522965542	raw__HeLa_TE_GSE143301	FDPS	NM_002004.4	1417	0	0	0	0	0.0	0.0	0.0	0.0	0	0	0	0
FEN1	2.6129541771787	0.4171317936642062	0.23209545419038038	raw__HeLa_TE_GSE143301	FEN1	NM_004111.6	2016	0	0	1	0	0.0	0.0	0.49603174603174605	0.0	0	0	0	0
FH	3.26321085478237	0.513645136953634	0.3639273386599131	raw__HeLa_TE_GSE143301	FH	NM_000143.4	1791	0	0	0	2	0.0	0.0	0.0	1.1166945840312674	0	0	0	0
FKBP1A	1.45422190395617	0.16263068183972235	-0.11553897673797242	raw__HeLa_TE_GSE143301	FKBP1A	NM_000801.5	1514	0	0	0	3	0.0	0.0	0.0	1.9815059445178336	0	0	0	0
FKBP3	2.91771522081496	0.4650429009693139	0.29753937466584307	raw__HeLa_TE_GSE143301	FKBP3	NM_002013.4	1299	0	0	0	0	0.0	0.0	0.0	0.0	0	0	0	0
FKBP4	1.51269854087581	0.1797523879843695	-0.09215167391069935	raw__HeLa_TE_GSE143301	FKBP4	NM_002014.4	3715	1	1	1	4	0.2691790040376851	0.2691790040376851	0.2691790040376851	1.0767160161507403	0	0	0	0
FLNA	1.72136439934632	0.23587281679664243	-0.015494274680694217	raw__HeLa_TE_GSE143301	FLNA	NM_001110556.2	8507	2	0	19	2	0.23510050546608674	0.0	2.233454801927824	0.23510050546608674	10	0	0	10
FLNB	1.60060530709434	0.20428425254167437	-0.05864250487857539	raw__HeLa_TE_GSE143301	FLNB	NM_001457.4	9441	0	0	2	0	0.0	0.0	0.21184196589344348	0.0	0	0	0	0
FSCN1	3.81431942286278	0.5814170593911527	0.4565000332174728	raw__HeLa_TE_GSE143301	FSCN1	NM_003088.4	2784	1	2	3	5	0.35919540229885055	0.7183908045977011	1.0775862068965518	1.7959770114942528	1	1	1	3
FTO	3.08843901564011	0.48973903017347975	0.33127292011276455	raw__HeLa_TE_GSE143301	FTO	NM_001080432.3	11573	0	0	0	0	0.0	0.0	0.0	0.0	0	0	0	0
FUBP1	5.50133289211483	0.7404679254141004	0.673754711997347	raw__HeLa_TE_GSE143301	FUBP1	NM_003902.5	6714	1	0	0	3	0.14894250819183796	0.0	0.0	0.44682752457551383	0	0	0	0
FUBP3	10.4496085487666	1.0191000217107256	1.0543507319520733	raw__HeLa_TE_GSE143301	FUBP3	NM_003934.2	3153	0	0	1	0	0.0	0.0	0.3171582619727244	0.0	0	0	0	0
FUS	22.0018542632406	1.3424592836566707	1.4960415843264812	raw__HeLa_TE_GSE143301	FUS	NM_004960.4	1824	0	0	4	1	0.0	0.0	2.192982456140351	0.5482456140350878	2	0	0	2
G3BP1	4.21619539952101	0.6249207300430271	0.5159236391968	raw__HeLa_TE_GSE143301	G3BP1	NM_005754.3	10227	0	0	2	1	0.0	0.0	0.1955607705094358	0.0977803852547179	0	0	0	0
G3BP2	9.06953694846305	0.9575851144183184	0.9703247737277562	raw__HeLa_TE_GSE143301	G3BP2	NM_203505.3	4321	0	0	0	2	0.0	0.0	0.0	0.4628558204119417	0	0	0	0
G6PD	5.17868523741449	0.7142195152256092	0.6379008366518316	raw__HeLa_TE_GSE143301	G6PD	NM_001360016.2	2223	0	1	0	1	0.0	0.449842555105713	0.0	0.449842555105713	0	0	0	0
GALK1	0.994119430756539	-0.002561437531496006	-0.3411822676445601	raw__HeLa_TE_GSE143301	GALK1	NM_000154.2	1397	0	0	0	1	0.0	0.0	0.0	0.7158196134574087	0	0	0	0
GAMT	0.822094481551398	-0.08507826706041581	-0.45389568908957506	raw__HeLa_TE_GSE143301	GAMT	NM_000156.6	1110	0	0	0	0	0.0	0.0	0.0	0.0	0	0	0	0
GANAB	5.80125549474366	0.7635219927756269	0.7052452918630071	raw__HeLa_TE_GSE143301	GANAB	NM_198334.3	3835	1	1	8	1	0.2607561929595828	0.2607561929595828	2.0860495436766624	0.2607561929595828	1	0	0	1
GAPDH	0.27505672152898	-0.5605777377810084	-1.103401644979799	raw__HeLa_TE_GSE143301	GAPDH	NM_002046.7	1285	0	0	9	23	0.0	0.0	7.003891050583658	17.898832684824903	3	0	0	3
GART	4.85072075565543	0.6858062740553323	0.5990899220186917	raw__HeLa_TE_GSE143301	GART	NM_000819.5	3318	0	0	0	2	0.0	0.0	0.0	0.6027727546714888	0	0	0	0
GCSH	0.190010266659706	-0.7212229325566566	-1.3228340885823275	raw__HeLa_TE_GSE143301	GCSH	NM_004483.5	1560	0	0	0	0	0.0	0.0	0.0	0.0	0	0	0	0
GDI1	4.06954827993273	0.609546205190786	0.4949228893003177	raw__HeLa_TE_GSE143301	GDI1	NM_001493.3	2240	0	0	0	2	0.0	0.0	0.0	0.8928571428571429	0	0	0	0
GDI2	2.13528680052611	0.32945621543630044	0.11233546758335876	raw__HeLa_TE_GSE143301	GDI2	NM_001494.4	2297	0	0	0	3	0.0	0.0	0.0	1.30605137135394	0	0	0	0
GFPT1	12.3897881305768	1.093063879862092	1.1553812679422193	raw__HeLa_TE_GSE143301	GFPT1	NM_001244710.2	8665	0	0	0	0	0.0	0.0	0.0	0.0	0	0	0	0
GLO1	4.09869109300445	0.6126451879776466	0.49915592824401395	raw__HeLa_TE_GSE143301	GLO1	NM_006708.3	2016	0	0	0	1	0.0	0.0	0.0	0.49603174603174605	0	0	0	0
GLOD4	2.3254847887565	0.3665135030903989	0.16295367122509802	raw__HeLa_TE_GSE143301	GLOD4	NM_016080.4	1765	0	0	0	0	0.0	0.0	0.0	0.0	0	0	0	0
GLRX	1.22769044191772	0.08908887469215282	-0.2159930144194239	raw__HeLa_TE_GSE143301	GLRX	NM_001118890.2	932	0	0	0	0	0.0	0.0	0.0	0.0	0	0	0	0
GLRX3	2.63525654356982	0.4208229003961513	0.2371373016662392	raw__HeLa_TE_GSE143301	GLRX3	NM_006541.5	1318	0	0	2	2	0.0	0.0	1.5174506828528074	1.5174506828528074	0	0	0	0
GLS	6.32906051558081	0.801339248219525	0.7569015694378498	raw__HeLa_TE_GSE143301	GLS	NM_014905.5	4840	0	0	1	0	0.0	0.0	0.2066115702479339	0.0	0	0	0	0
GLUD1	1.94608907258265	0.2891627140648317	0.05729677514321915	raw__HeLa_TE_GSE143301	GLUD1	NM_005271.5	3300	0	0	3	1	0.0	0.0	0.9090909090909091	0.30303030303030304	0	0	0	0
GMPS	4.56403549945564	0.6593490137386697	0.5629507689589232	raw__HeLa_TE_GSE143301	GMPS	NM_003875.3	8631	0	0	0	2	0.0	0.0	0.0	0.23172285946008575	0	0	0	0
GOT1	3.3264780727723	0.5219846650418367	0.375318672396611	raw__HeLa_TE_GSE143301	GOT1	NM_002079.3	1978	0	0	0	1	0.0	0.0	0.0	0.5055611729019212	0	0	0	0
GOT2	3.29917104785958	0.5184048324340498	0.37042881921481025	raw__HeLa_TE_GSE143301	GOT2	NM_002080.4	2421	0	0	0	3	0.0	0.0	0.0	1.2391573729863692	0	0	0	0
GPI	2.06930174578274	0.31582382414727556	0.09371437569900934	raw__HeLa_TE_GSE143301	GPI	NM_000175.5	4125	0	1	2	6	0.0	0.24242424242424243	0.48484848484848486	1.4545454545454546	0	0	0	0
GRPEL1	2.86700955345939	0.4574291401065066	0.2871393987844334	raw__HeLa_TE_GSE143301	GRPEL1	NM_025196.4	2653	0	0	0	0	0.0	0.0	0.0	0.0	0	0	0	0
GRSF1	7.11008962770028	0.8518750753528772	0.8259307119082068	raw__HeLa_TE_GSE143301	GRSF1	NM_002092.4	6610	1	0	1	0	0.15128593040847202	0.0	0.15128593040847202	0.0	1	0	0	1
GSPT1	5.0863291768297	0.7064044634005592	0.6272259084583922	raw__HeLa_TE_GSE143301	GSPT1	NM_002094.4	7141	0	0	3	2	0.0	0.0	0.42010922839938386	0.2800728189329226	0	0	0	0
GSR	4.83604321435254	0.6844901730140018	0.597292200848567	raw__HeLa_TE_GSE143301	GSR	NM_000637.5	3034	0	0	0	0	0.0	0.0	0.0	0.0	0	0	0	0
GSTM3	0.705042339408012	-0.15178480184669818	-0.5450131230897229	raw__HeLa_TE_GSE143301	GSTM3	NM_000849.5	4122	0	0	1	2	0.0	0.0	0.242600679281902	0.485201358563804	0	0	0	0
GSTO1	0.465311129069002	-0.3322565601135073	-0.7915275549283888	raw__HeLa_TE_GSE143301	GSTO1	NM_004832.3	813	0	0	0	1	0.0	0.0	0.0	1.2300123001230012	0	0	0	0
GTF2I	3.06494984204863	0.4864233716767031	0.3267439141433343	raw__HeLa_TE_GSE143301	GTF2I	NM_032999.4	4515	0	0	2	0	0.0	0.0	0.4429678848283499	0.0	0	0	0	0
HADH	3.68329169	0.5662361131913916	0.43576370104479656	raw__HeLa_TE_GSE143301	HADH	NM_005327.7	1803	0	0	2	1	0.0	0.0	1.1092623405435384	0.5546311702717692	0	0	0	0
HADHA	2.10613277017311	0.32348574554653553	0.104180136207303	raw__HeLa_TE_GSE143301	HADHA	NM_000182.5	2943	0	0	2	1	0.0	0.0	0.6795786612300374	0.3397893306150187	0	0	0	0
HADHB	4.09947964301458	0.612728734156468	0.4992700476996133	raw__HeLa_TE_GSE143301	HADHB	NM_000183.3	1997	0	0	0	1	0.0	0.0	0.0	0.5007511266900351	0	0	0	0
HDGF	1.17387800539469	0.06962296544919938	-0.2425823689164052	raw__HeLa_TE_GSE143301	HDGF	NM_004494.3	2309	0	0	8	13	0.0	0.0	3.4647033347769596	5.63014291901256	2	0	0	2
HDLBP	2.77731201199798	0.44362467250401727	0.2682832601811183	raw__HeLa_TE_GSE143301	HDLBP	NM_005336.6	6322	0	1	4	2	0.0	0.15817779183802594	0.6327111673521038	0.3163555836760519	1	0	0	1
HINT1	0.565433933837763	-0.24761813140316463	-0.6759161464419631	raw__HeLa_TE_GSE143301	HINT1	NM_005340.7	852	0	0	5	8	0.0	0.0	5.868544600938967	9.389671361502348	0	0	0	0
HMGA1	0.7833329533202	-0.10605360313428389	-0.4825468370837686	raw__HeLa_TE_GSE143301	HMGA1	NM_145899.3	1920	0	1	3	3	0.0	0.5208333333333334	1.5625	1.5625	0	0	0	0
HMGB1	0.129842874043786	-0.8865818800615011	-1.548705257484733	raw__HeLa_TE_GSE143301	HMGB1	NM_002128.7	5456	0	0	1	2	0.0	0.0	0.18328445747800587	0.36656891495601174	0	0	0	0
HMGB2	2.08227924681102	0.3185389707157546	0.09742311561552187	raw__HeLa_TE_GSE143301	HMGB2	NM_002129.4	1441	0	0	0	0	0.0	0.0	0.0	0.0	0	0	0	0
HMGCS1	4.17993048978547	0.6211690597287169	0.5107990652199074	raw__HeLa_TE_GSE143301	HMGCS1	NM_001098272.3	5350	0	0	0	0	0.0	0.0	0.0	0.0	0	0	0	0
HMGN1	0.492644030368109	-0.3074667754214922	-0.7576660812693334	raw__HeLa_TE_GSE143301	HMGN1	NM_004965.7	1271	0	0	0	9	0.0	0.0	0.0	7.081038552321007	0	0	0	0
HMGN2	0.04738824	-1.3243294207051592	-2.1466441666353226	raw__HeLa_TE_GSE143301	HMGN2	NM_005517.4	1940	0	0	1	2	0.0	0.0	0.5154639175257731	1.0309278350515463	0	0	0	0
HNRNPA0	4.70531226946409	0.6725884508036356	0.5810351071250576	raw__HeLa_TE_GSE143301	HNRNPA0	NM_006805.4	8713	0	0	0	12	0.0	0.0	0.0	1.3772523814989097	0	0	0	0
HNRNPA1	0.0502960720576647	-1.2984659304568242	-2.111316070620946	raw__HeLa_TE_GSE143301	HNRNPA1	NM_031157.4	3744	0	0	2	6	0.0	0.0	0.5341880341880342	1.6025641025641026	0	0	0	0
HNRNPA2B1	13.7642700987745	1.1387531862720837	1.2177903313819987	raw__HeLa_TE_GSE143301	HNRNPA2B1	NM_002137.4	3628	0	2	4	17	0.0	0.5512679162072768	1.1025358324145536	4.685777287761852	0	0	0	0
HNRNPA3	0.199432707975834	-0.7002036136847545	-1.2941228625206727	raw__HeLa_TE_GSE143301	HNRNPA3	NM_194247.4	5710	0	0	0	4	0.0	0.0	0.0	0.7005253940455342	0	0	0	0
HNRNPAB	2.87809919235862	0.45910575761714073	0.2894295654953583	raw__HeLa_TE_GSE143301	HNRNPAB	NM_031266.3	1770	0	0	1	3	0.0	0.0	0.5649717514124294	1.694915254237288	0	0	0	0
HNRNPC	0.194175932187614	-0.711804601234764	-1.3099691693452014	raw__HeLa_TE_GSE143301	HNRNPC	NM_004500.4	3165	0	0	1	8	0.0	0.0	0.315955766192733	2.527646129541864	1	0	0	1
HNRNPD	49.9986941795413	1.698958661975516	1.9830000012062172	raw__HeLa_TE_GSE143301	HNRNPD	NM_031370.3	3068	0	0	0	0	0.0	0.0	0.0	0.0	0	0	0	0
HNRNPDL	4.28405894122232	0.631855437339911	0.5253960654959413	raw__HeLa_TE_GSE143301	HNRNPDL	NM_031372.4	4372	0	0	1	2	0.0	0.0	0.22872827081427263	0.45745654162854527	0	0	0	0
HNRNPF	5.46808681300081	0.7378354009411249	0.6701588292897739	raw__HeLa_TE_GSE143301	HNRNPF	NM_001098204.2	2569	0	0	1	2	0.0	0.0	0.3892565200467108	0.7785130400934216	0	0	0	0
HNRNPH1	3.50334421407589	0.5444828101494303	0.40604989323628904	raw__HeLa_TE_GSE143301	HNRNPH1	NM_001257293.2	2240	0	0	3	0	0.0	0.0	1.3392857142857142	0.0	0	0	0	0
HNRNPH3	9.09019132	0.9585730238540784	0.971674203331608	raw__HeLa_TE_GSE143301	HNRNPH3	NM_012207.3	2356	0	0	1	1	0.0	0.0	0.4244482173174873	0.4244482173174873	0	0	0	0
HNRNPK	1.61177002740112	0.20730307533777645	-0.05451896004502577	raw__HeLa_TE_GSE143301	HNRNPK	NM_031263.4	2889	0	0	2	5	0.0	0.0	0.6922810661128418	1.7307026652821045	0	0	0	0
HNRNPL	2.38463618267823	0.37742212932675856	0.17785425082060993	raw__HeLa_TE_GSE143301	HNRNPL	NM_001533.3	2142	1	2	4	0	0.4668534080298786	0.9337068160597572	1.8674136321195145	0.0	0	0	0	0
HNRNPM	21.3404500358056	1.3292035737579062	1.4779350183701552	raw__HeLa_TE_GSE143301	HNRNPM	NM_005968.5	2477	0	0	1	6	0.0	0.0	0.4037141703673799	2.4222850222042793	0	0	0	0
HNRNPR	8.41641154652392	0.9251269635033992	0.9259887362880603	raw__HeLa_TE_GSE143301	HNRNPR	NM_005826.5	7751	0	0	3	0	0.0	0.0	0.38704683266675266	0.0	1	0	0	1
HNRNPU	7.46632632583573	0.8731069674296442	0.8549323012007884	raw__HeLa_TE_GSE143301	HNRNPU	NM_031844.3	6867	0	0	1	3	0.0	0.0	0.145623998835008	0.436871996505024	0	0	0	0
HNRNPUL1	2.18841719297488	0.34013011808897525	0.12691542775660256	raw__HeLa_TE_GSE143301	HNRNPUL1	NM_007040.6	3925	0	0	2	1	0.0	0.0	0.5095541401273885	0.25477707006369427	0	0	0	0
HNRNPUL2	4.18536771160158	0.6217336195823656	0.5115702227289696	raw__HeLa_TE_GSE143301	HNRNPUL2	NM_001079559.3	5214	0	0	2	0	0.0	0.0	0.3835826620636747	0.0	0	0	0	0
HPRT1	14.6780396876514	1.1666680576451673	1.255920500459266	raw__HeLa_TE_GSE143301	HPRT1	NM_000194.3	1395	0	1	0	6	0.0	0.7168458781362007	0.0	4.301075268817204	1	0	0	1
HSD17B10	1.04827436856875	0.020474966961061863	-0.3097158142801891	raw__HeLa_TE_GSE143301	HSD17B10	NM_004493.3	954	0	0	0	0	0.0	0.0	0.0	0.0	0	0	0	0
HSD17B4	7.49702254019196	0.8748888165772414	0.8573662085027428	raw__HeLa_TE_GSE143301	HSD17B4	NM_000414.4	2628	0	0	0	0	0.0	0.0	0.0	0.0	0	0	0	0
HSP90AA1	5.4331484	0.735051567434039	0.6663562668172669	raw__HeLa_TE_GSE143301	HSP90AA1	NM_005348.4	3228	0	2	8	20	0.0	0.6195786864931846	2.4783147459727384	6.195786864931846	0	0	0	0
HSP90AB1	2.10532477	0.32331910014288767	0.10395250781052058	raw__HeLa_TE_GSE143301	HSP90AB1	NM_007355.4	2555	0	1	5	30	0.0	0.3913894324853229	1.9569471624266144	11.741682974559687	0	0	0	0
HSP90B1	10.3102404	1.0132687916827658	1.0463855945196674	raw__HeLa_TE_GSE143301	HSP90B1	NM_003299.3	2782	0	0	1	8	0.0	0.0	0.35945363048166784	2.8756290438533427	0	0	0	0
HSPA4	6.75453832257962	0.8295956700407693	0.795498277520894	raw__HeLa_TE_GSE143301	HSPA4	NM_002154.4	4774	0	0	0	3	0.0	0.0	0.0	0.6284038542103059	0	0	0	0
HSPA4L	8.27516809409599	0.9177768243929978	0.9159488531277432	raw__HeLa_TE_GSE143301	HSPA4L	NM_014278.4	10608	0	0	0	0	0.0	0.0	0.0	0.0	0	0	0	0
HSPA5	16.0099110070288	1.20438891784911	1.3074451074722562	raw__HeLa_TE_GSE143301	HSPA5	NM_005347.5	3921	0	1	3	8	0.0	0.2550369803621525	0.7651109410864575	2.04029584289722	1	1	0	2
HSPA8	0.933452146670603	-0.029907941206700955	-0.37853607790832894	raw__HeLa_TE_GSE143301	HSPA8	NM_006597.6	2264	0	1	7	23	0.0	0.4416961130742049	3.091872791519435	10.159010600706713	0	0	0	0
HSPA9	3.77351968804756	0.5767466202312487	0.45012047185564086	raw__HeLa_TE_GSE143301	HSPA9	NM_004134.7	4404	0	0	1	3	0.0	0.0	0.22706630336058128	0.6811989100817438	0	0	0	0
HSPB1	2.17053452862782	0.3365666989391763	0.12204799444985194	raw__HeLa_TE_GSE143301	HSPB1	NM_001540.5	777	0	0	1	8	0.0	0.0	1.287001287001287	10.296010296010296	0	0	0	0
HSPD1	2.04414773980786	0.3105122810246101	0.0864591018121407	raw__HeLa_TE_GSE143301	HSPD1	NM_002156.5	2245	0	1	5	18	0.0	0.44543429844098	2.2271714922048997	8.017817371937639	1	0	0	1
HSPE1	0.02554972	-1.59261385494693	-2.5131058530144887	raw__HeLa_TE_GSE143301	HSPE1	NM_002157.3	557	0	0	0	5	0.0	0.0	0.0	8.976660682226212	0	0	0	0
HSPH1	11.6130821529008	1.0649474983218596	1.1169758471311546	raw__HeLa_TE_GSE143301	HSPH1	NM_006644.4	5244	1	1	0	4	0.19069412662090007	0.19069412662090007	0.0	0.7627765064836003	1	1	0	2
HYPK	1.13105716187392	0.05348455404932574	-0.2646265455522693	raw__HeLa_TE_GSE143301	HYPK	NM_016400.4	3011	0	0	1	0	0.0	0.0	0.33211557622052473	0.0	0	0	0	0
IDH1	4.74725228531001	0.6764423122337573	0.5862992685093937	raw__HeLa_TE_GSE143301	IDH1	NM_005896.4	2318	0	0	0	0	0.0	0.0	0.0	0.0	0	0	0	0
IDH2	2.17884557914742	0.33822645167782023	0.12431512481578205	raw__HeLa_TE_GSE143301	IDH2	NM_002168.4	2658	0	0	0	0	0.0	0.0	0.0	0.0	0	0	0	0
IGF2BP1	4.26724585609209	0.630147665326667	0.5230633434589983	raw__HeLa_TE_GSE143301	IGF2BP1	NM_006546.4	8796	0	1	0	0	0.0	0.11368804001819009	0.0	0.0	1	0	0	1
ILF2	2.33659894321527	0.36858417593709586	0.1657820957122835	raw__HeLa_TE_GSE143301	ILF2	NM_004515.4	1852	0	0	1	6	0.0	0.0	0.5399568034557235	3.239740820734341	1	0	0	1
ILF3	4.94211044751854	0.6939124468960588	0.6101625054046387	raw__HeLa_TE_GSE143301	ILF3	NM_017620.3	6017	0	0	3	2	0.0	0.0	0.4985873358816686	0.33239155725444575	0	0	0	0
IMPDH2	3.28205620499424	0.5161460140448767	0.367343398331336	raw__HeLa_TE_GSE143301	IMPDH2	NM_000884.3	1651	0	0	3	2	0.0	0.0	1.8170805572380375	1.2113870381586918	1	0	0	1
IPO5	2.96837453294257	0.4725186969197266	0.30775089811392325	raw__HeLa_TE_GSE143301	IPO5	NM_002271.6	6002	0	0	4	5	0.0	0.0	0.6664445184938353	0.8330556481172943	0	0	0	0
IQGAP1	7.96969934	0.9014419377773051	0.8936363022228901	raw__HeLa_TE_GSE143301	IQGAP1	NM_003870.4	7205	0	0	4	1	0.0	0.0	0.5551700208188758	0.13879250520471895	0	0	0	0
ISOC1	4.46187049479861	0.6495169607908127	0.5495207288821516	raw__HeLa_TE_GSE143301	ISOC1	NM_016048.2	1942	0	1	0	0	0.0	0.5149330587023687	0.0	0.0	1	0	0	1
ITPA	2.60994948328982	0.41663210146058194	0.23141290230052436	raw__HeLa_TE_GSE143301	ITPA	NM_033453.4	1037	0	1	1	1	0.0	0.9643201542912246	0.9643201542912246	0.9643201542912246	1	1	0	2
KHDRBS1	32.7430556056596	1.5151192056426632	1.7318854802271355	raw__HeLa_TE_GSE143301	KHDRBS1	NM_006559.3	2713	0	0	0	2	0.0	0.0	0.0	0.7371913011426465	0	0	0	0
KHSRP	2.54073033765958	0.4049585733222571	0.21546750904781692	raw__HeLa_TE_GSE143301	KHSRP	NM_001366299.1	4276	1	0	0	1	0.23386342376052385	0.0	0.0	0.23386342376052385	1	0	0	1
KIF5B	8.53608114511625	0.9312585348968163	0.9343641234003852	raw__HeLa_TE_GSE143301	KIF5B	NM_004521.3	5866	0	0	0	0	0.0	0.0	0.0	0.0	0	0	0	0
KPNA2	2.00493706338404	0.30210074431080486	0.07496940827888315	raw__HeLa_TE_GSE143301	KPNA2	NM_002266.4	1977	0	0	1	3	0.0	0.0	0.5058168942842691	1.5174506828528074	0	0	0	0
KPNB1	9.08852105382179	0.9584932176091	0.9715651924186156	raw__HeLa_TE_GSE143301	KPNB1	NM_002265.6	6058	0	0	7	1	0.0	0.0	1.15549686365137	0.1650709805216243	1	0	0	1
LANCL1	5.52801697967504	0.7425693683328296	0.6766251666996614	raw__HeLa_TE_GSE143301	LANCL1	NM_006055.3	4592	0	0	2	1	0.0	0.0	0.4355400696864111	0.21777003484320556	0	0	0	0
LAP3	4.6440680507361	0.6668985749430747	0.5732630516607059	raw__HeLa_TE_GSE143301	LAP3	NM_015907.3	2209	0	1	1	0	0.0	0.4526935264825713	0.4526935264825713	0.0	1	1	0	2
LARP1	5.81442463	0.7645067453105273	0.7065904093150339	raw__HeLa_TE_GSE143301	LARP1	NM_033551.3	7181	1	0	2	2	0.13925637097897228	0.0	0.27851274195794457	0.27851274195794457	1	0	0	1
LASP1	4.98934616719053	0.6980436368887115	0.6158054822539625	raw__HeLa_TE_GSE143301	LASP1	NM_006148.4	3910	0	0	1	3	0.0	0.0	0.2557544757033248	0.7672634271099744	0	0	0	0
LDHA	5.93200656796524	0.7732016232109435	0.7184671312249455	raw__HeLa_TE_GSE143301	LDHA	NM_005566.4	2241	1	1	8	24	0.4462293618920125	0.4462293618920125	3.5698348951361	10.7095046854083	2	1	0	3
LGALS1	0.160148511526937	-0.795477093457492	-1.4242611620586365	raw__HeLa_TE_GSE143301	LGALS1	NM_002305.4	528	0	0	2	4	0.0	0.0	3.787878787878788	7.575757575757576	0	0	0	0
LMNA	2.24315284206947	0.3508588661847965	0.14157030376923327	raw__HeLa_TE_GSE143301	LMNA	NM_170707.4	3178	0	0	3	3	0.0	0.0	0.9439899307740718	0.9439899307740718	0	0	0	0
LMNB1	11.3276003256501	1.0541379173030692	1.1022105578202275	raw__HeLa_TE_GSE143301	LMNB1	NM_005573.4	2890	0	0	1	0	0.0	0.0	0.3460207612456747	0.0	0	0	0	0
LMNB2	4.69236703717447	0.6713919753073319	0.5794007878276074	raw__HeLa_TE_GSE143301	LMNB2	NM_032737.4	4634	1	0	2	0	0.21579628830384118	0.0	0.43159257660768235	0.0	1	0	0	1
LONP1	2.60318755199525	0.41550545887462936	0.22987397089303654	raw__HeLa_TE_GSE143301	LONP1	NM_004793.4	3092	0	0	0	3	0.0	0.0	0.0	0.9702457956015524	0	0	0	0
LRPPRC	5.42628901007618	0.7345029210397855	0.6656068462128543	raw__HeLa_TE_GSE143301	LRPPRC	NM_133259.4	6603	0	0	0	3	0.0	0.0	0.0	0.45433893684688775	0	0	0	0
LSM8	1.84138985451579	0.2651457459948152	0.0244909262108084	raw__HeLa_TE_GSE143301	LSM8	NM_016200.5	12384	0	0	1	0	0.0	0.0	0.08074935400516796	0.0	0	0	0	0
LTA4H	2.69534258437408	0.4306139728799173	0.2505113646975222	raw__HeLa_TE_GSE143301	LTA4H	NM_000895.3	2140	0	0	1	0	0.0	0.0	0.4672897196261682	0.0	0	0	0	0
LUC7L	2.25129055953985	0.3524315502032341	0.14371850308302134	raw__HeLa_TE_GSE143301	LUC7L	NM_201412.3	1434	0	0	0	0	0.0	0.0	0.0	0.0	0	0	0	0
LUC7L2	8.009228777514	0.9035906991310122	0.8965713912880883	raw__HeLa_TE_GSE143301	LUC7L2	NM_016019.5	2661	1	0	0	0	0.37579857196542654	0.0	0.0	0.0	1	0	0	1
LYPLA1	0.420534034014362	-0.37619885078994436	-0.851550291581604	raw__HeLa_TE_GSE143301	LYPLA1	NM_006330.4	2515	0	1	0	1	0.0	0.3976143141153082	0.0	0.3976143141153082	1	0	0	1
LYPLA2	0.903894436721251	-0.04388228658927631	-0.39762426015571384	raw__HeLa_TE_GSE143301	LYPLA2	NM_007260.3	1635	0	0	0	0	0.0	0.0	0.0	0.0	0	0	0	0
M6PR	3.40485420440809	0.5320985201910436	0.3891336386813598	raw__HeLa_TE_GSE143301	M6PR	NM_002355.4	2450	1	1	2	1	0.40816326530612246	0.40816326530612246	0.8163265306122449	0.40816326530612246	0	0	0	0
MANF	3.83180815207577	0.5834037570399658	0.45921375223276784	raw__HeLa_TE_GSE143301	MANF	NM_006010.6	909	0	0	0	0	0.0	0.0	0.0	0.0	0	0	0	0
MAP4	4.98512063562272	0.6976756723269825	0.6153028630311959	raw__HeLa_TE_GSE143301	MAP4	NM_001385682.1	9232	0	0	0	4	0.0	0.0	0.0	0.43327556325823224	0	0	0	0
MAPRE1	5.03300647524301	0.7018274891415263	0.620974014977432	raw__HeLa_TE_GSE143301	MAPRE1	NM_012325.3	2562	0	0	1	1	0.0	0.0	0.39032006245121	0.39032006245121	0	0	0	0
MARCKS	14.5360358157225	1.1624459843709385	1.2501533820781228	raw__HeLa_TE_GSE143301	MARCKS	NM_002356.7	4296	0	0	1	2	0.0	0.0	0.23277467411545624	0.4655493482309125	0	0	0	0
MAT2A	8.55850893	0.9323981081491908	0.9359207173824327	raw__HeLa_TE_GSE143301	MAT2A	NM_005911.6	2817	0	0	1	0	0.0	0.0	0.35498757543485976	0.0	0	0	0	0
MCM2	1.80998201637173	0.25767425982535996	0.014285289684949567	raw__HeLa_TE_GSE143301	MCM2	NM_004526.4	3434	0	1	1	6	0.0	0.29120559114735	0.29120559114735	1.7472335468841003	0	0	0	0
MCM3	6.33998023320837	0.8020879038404216	0.7579241915744133	raw__HeLa_TE_GSE143301	MCM3	NM_002388.6	3068	0	0	2	3	0.0	0.0	0.651890482398957	0.9778357235984355	0	0	0	0
MCM4	10.2977741890696	1.0127433643298014	1.0456678898403733	raw__HeLa_TE_GSE143301	MCM4	NM_182746.3	4062	0	0	2	2	0.0	0.0	0.49236829148202854	0.49236829148202854	0	0	0	0
MCM5	1.55753005339686	0.19243643536234362	-0.07482596731358537	raw__HeLa_TE_GSE143301	MCM5	NM_006739.4	3458	1	1	1	2	0.2891844997108155	0.2891844997108155	0.2891844997108155	0.578368999421631	1	1	1	3
MCM6	10.9240067796715	1.0383819610001936	1.0806887936761889	raw__HeLa_TE_GSE143301	MCM6	NM_005915.6	3753	0	1	0	0	0.0	0.2664535038635758	0.0	0.0	1	0	0	1
MCM7	1.99702908756153	0.30038439059702443	0.07262496411404464	raw__HeLa_TE_GSE143301	MCM7	NM_005916.5	2467	0	0	0	1	0.0	0.0	0.0	0.40535062829347385	0	0	0	0
MDH1	2.30089052841307	0.36189595633178673	0.15664635795558968	raw__HeLa_TE_GSE143301	MDH1	NM_005917.4	1296	0	1	2	5	0.0	0.7716049382716049	1.5432098765432098	3.8580246913580245	0	0	0	0
MDH2	3.01863938	0.47981123338392323	0.3177120992480999	raw__HeLa_TE_GSE143301	MDH2	NM_005918.4	2170	0	0	4	5	0.0	0.0	1.8433179723502304	2.304147465437788	1	0	0	1
MIF	1.53497202083964	0.18610046365314228	-0.08348055394276037	raw__HeLa_TE_GSE143301	MIF	NM_002415.2	557	0	0	3	0	0.0	0.0	5.3859964093357275	0.0	0	0	0	0
MPST	1.08479165278031	0.035346334740726085	-0.28940234909275536	raw__HeLa_TE_GSE143301	MPST	NM_021126.8	1350	0	0	0	1	0.0	0.0	0.0	0.7407407407407407	0	0	0	0
MRPL12	48.6393192452258	1.6869874879318065	1.966648040122844	raw__HeLa_TE_GSE143301	MRPL12	NM_002949.4	1009	0	0	0	3	0.0	0.0	0.0	2.9732408325074333	0	0	0	0
MRPL53	0.978918114311501	-0.009253635050802341	-0.350323439011578	raw__HeLa_TE_GSE143301	MRPL53	NM_053050.5	496	0	0	0	0	0.0	0.0	0.0	0.0	0	0	0	0
MSH2	11.4932104954767	1.0604413607779903	1.1108207126819651	raw__HeLa_TE_GSE143301	MSH2	NM_000251.3	3115	0	0	0	0	0.0	0.0	0.0	0.0	0	0	0	0
MSN	2.61770216377301	0.4179202319824563	0.23317241728937071	raw__HeLa_TE_GSE143301	MSN	NM_002444.3	3960	1	2	7	3	0.25252525252525254	0.5050505050505051	1.7676767676767677	0.7575757575757576	1	0	0	1
MT2A	0.195130219655345	-0.709675466570425	-1.3070608892512512	raw__HeLa_TE_GSE143301	MT2A	NM_005953.5	401	0	0	0	0	0.0	0.0	0.0	0.0	0	0	0	0
MTHFD1	7.99451584443909	0.9027921675875299	0.8954806414021379	raw__HeLa_TE_GSE143301	MTHFD1	NM_005956.4	3154	0	0	0	2	0.0	0.0	0.0	0.6341154090044389	0	0	0	0
MTPN	16.2122636169347	1.2098436569034372	1.3148959790752117	raw__HeLa_TE_GSE143301	MTPN	NM_145808.4	3782	0	0	0	0	0.0	0.0	0.0	0.0	0	0	0	0
MYH10	20.725839199819	1.3165121243838032	1.4605992010560642	raw__HeLa_TE_GSE143301	MYH10	NM_001256012.3	7707	0	0	3	0	0.0	0.0	0.3892565200467108	0.0	0	0	0	0
MYH9	6.95622383821452	0.8423735483360434	0.8129521519570606	raw__HeLa_TE_GSE143301	MYH9	NM_002473.6	7451	0	0	0	1	0.0	0.0	0.0	0.13421017313112335	0	0	0	0
MYL6	1.0484667151763	0.020554647825002374	-0.3096069746307539	raw__HeLa_TE_GSE143301	MYL6	NM_021019.5	708	0	0	6	11	0.0	0.0	8.474576271186441	15.536723163841808	2	0	0	2
NAA15	8.41589323	0.9251002170763023	0.9259522021491855	raw__HeLa_TE_GSE143301	NAA15	NM_057175.5	6174	0	0	0	2	0.0	0.0	0.0	0.32393909944930355	0	0	0	0
NAA50	9.7375104685991	0.9884479375820204	1.0124816817681233	raw__HeLa_TE_GSE143301	NAA50	NM_025146.4	6112	0	0	1	2	0.0	0.0	0.16361256544502617	0.32722513089005234	0	0	0	0
NACA	0.477021995491933	-0.321461595172598	-0.7767822303707792	raw__HeLa_TE_GSE143301	NACA	NM_001365896.1	6387	0	0	3	3	0.0	0.0	0.4697040864255519	0.4697040864255519	0	0	0	0
NAMPT	2.02947696387552	0.307384126104881	0.08218621534975966	raw__HeLa_TE_GSE143301	NAMPT	NM_005746.3	4360	0	0	1	0	0.0	0.0	0.22935779816513763	0.0	0	0	0	0
NANS	1.78783782700078	0.25232812182402964	0.0069827611088126565	raw__HeLa_TE_GSE143301	NANS	NM_018946.4	1179	1	1	1	2	0.8481764206955047	0.8481764206955047	0.8481764206955047	1.6963528413910094	1	1	0	2
NAP1L1	1.79287730127018	0.2535505688680033	0.008652556102733591	raw__HeLa_TE_GSE143301	NAP1L1	NM_004537.7	13159	0	0	6	2	0.0	0.0	0.45596169921726576	0.15198723307242193	0	0	0	0
NAP1L4	6.51222397072565	0.8137293285484635	0.7738257333184289	raw__HeLa_TE_GSE143301	NAP1L4	NM_005969.4	2463	0	1	0	0	0.0	0.4060089321965083	0.0	0.0	1	0	0	1
NASP	4.39248531658973	0.6427103183893669	0.5402232321411894	raw__HeLa_TE_GSE143301	NASP	NM_002482.4	3225	0	1	1	0	0.0	0.31007751937984496	0.31007751937984496	0.0	0	0	0	0
NCL	7.25696348775485	0.860754938004171	0.8380601127480481	raw__HeLa_TE_GSE143301	NCL	NM_005381.3	3924	0	0	3	6	0.0	0.0	0.764525993883792	1.529051987767584	0	0	0	0
NDUFA5	0.746600623566707	-0.12691165168339918	-0.5110377768115615	raw__HeLa_TE_GSE143301	NDUFA5	NM_005000.5	5496	0	0	0	1	0.0	0.0	0.0	0.1819505094614265	0	0	0	0
NEDD8	0.00961646	-2.01698477051984	-3.092773032777041	raw__HeLa_TE_GSE143301	NEDD8	NM_006156.3	616	0	0	0	1	0.0	0.0	0.0	1.6233766233766234	0	0	0	0
NIPSNAP1	3.94539297603824	0.5960902670701769	0.47654282267651815	raw__HeLa_TE_GSE143301	NIPSNAP1	NM_003634.4	2013	0	0	0	2	0.0	0.0	0.0	0.9935419771485345	0	0	0	0
NIT2	1.08023252397573	0.03351724901492779	-0.2919007789457675	raw__HeLa_TE_GSE143301	NIT2	NM_020202.5	7233	0	1	1	1	0.0	0.13825521913452232	0.13825521913452232	0.13825521913452232	0	0	0	0
NME1	2.91498227017696	0.4646359175898088	0.29698345789786795	raw__HeLa_TE_GSE143301	NME1	NM_000269.3	890	0	0	3	8	0.0	0.0	3.3707865168539324	8.98876404494382	0	0	0	0
NOLC1	8.02996755724555	0.9047137906413587	0.8981054721228668	raw__HeLa_TE_GSE143301	NOLC1	NM_004741.5	3723	1	0	2	5	0.2686005909213	0.0	0.5372011818426	1.3430029546065	1	0	0	1
NONO	2.25686221568353	0.353505045655112	0.145184838447305	raw__HeLa_TE_GSE143301	NONO	NM_007363.5	2661	0	0	1	2	0.0	0.0	0.37579857196542654	0.7515971439308531	0	0	0	0
NPC2	1.72571120087051	0.23696811793618835	-0.013998153954102591	raw__HeLa_TE_GSE143301	NPC2	NM_006432.5	821	0	1	5	1	0.0	1.218026796589525	6.090133982947624	1.218026796589525	1	0	0	1
NPM1	0.149337532840171	-0.8258310277951637	-1.4657229561320169	raw__HeLa_TE_GSE143301	NPM1	NM_002520.7	1320	1	2	5	17	0.7575757575757576	1.5151515151515151	3.787878787878788	12.878787878787879	0	0	0	0
NQO1	2.95528868202841	0.4705999105602	0.3051299421605869	raw__HeLa_TE_GSE143301	NQO1	NM_000903.3	2521	1	1	4	1	0.3966679888932963	0.3966679888932963	1.5866719555731852	0.3966679888932963	1	1	1	3
NSFL1C	3.86765845410954	0.5874481153476773	0.46473812180700075	raw__HeLa_TE_GSE143301	NSFL1C	NM_016143.5	2721	0	0	0	0	0.0	0.0	0.0	0.0	0	0	0	0
NUCKS1	3.72259530128393	0.57084582483709	0.4420603119837748	raw__HeLa_TE_GSE143301	NUCKS1	NM_022731.5	6399	0	0	4	1	0.0	0.0	0.6250976715111736	0.1562744178777934	0	0	0	0
NUDC	2.32396479540481	0.36622954485545667	0.16256579999458007	raw__HeLa_TE_GSE143301	NUDC	NM_006600.4	1792	0	0	0	1	0.0	0.0	0.0	0.5580357142857143	0	0	0	0
NUDT21	2.24339283690376	0.350905328848848	0.1416337691964024	raw__HeLa_TE_GSE143301	NUDT21	NM_007006.3	4393	0	0	1	0	0.0	0.0	0.22763487366264512	0.0	0	0	0	0
NUDT5	3.11242971205177	0.49309955254949933	0.3358632076578156	raw__HeLa_TE_GSE143301	NUDT5	NM_014142.4	3195	0	0	0	2	0.0	0.0	0.0	0.6259780907668232	0	0	0	0
NUMA1	2.93511892339494	0.4676257024244717	0.3010673384834783	raw__HeLa_TE_GSE143301	NUMA1	NM_006185.4	7198	0	0	0	1	0.0	0.0	0.0	0.13892747985551543	0	0	0	0
NUP155	5.28871435086678	0.7233501109417577	0.6503727249790197	raw__HeLa_TE_GSE143301	NUP155	NM_153485.3	8068	0	0	3	1	0.0	0.0	0.37183936539414975	0.12394645513138325	0	0	0	0
NUP54	1.61867186388742	0.20915881777958414	-0.05198411859351842	raw__HeLa_TE_GSE143301	NUP54	NM_017426.4	2249	0	0	1	1	0.0	0.0	0.444642063139173	0.444642063139173	0	0	0	0
NUP62	2.80678908842095	0.44820977951140895	0.27454626254615105	raw__HeLa_TE_GSE143301	NUP62	NM_016553.5	3361	0	0	0	1	0.0	0.0	0.0	0.2975304968759298	0	0	0	0
NUP93	2.28430217119543	0.3587535525521989	0.15235400833938248	raw__HeLa_TE_GSE143301	NUP93	NM_014669.5	8234	0	0	2	0	0.0	0.0	0.24289531212047608	0.0	0	0	0	0
NUP98	3.92652934807699	0.594008847849785	0.4736997192377274	raw__HeLa_TE_GSE143301	NUP98	NM_016320.5	6726	0	0	1	1	0.0	0.0	0.14867677668748142	0.14867677668748142	0	0	0	0
OAT	4.86939555493239	0.6874750549621707	0.6013693843626241	raw__HeLa_TE_GSE143301	OAT	NM_000274.4	2039	0	0	0	0	0.0	0.0	0.0	0.0	0	0	0	0
OLA1	0.672913783648078	-0.17204057572324072	-0.5726813889534944	raw__HeLa_TE_GSE143301	OLA1	NM_013341.5	4251	0	0	0	0	0.0	0.0	0.0	0.0	0	0	0	0
OTUB1	2.7894508608294	0.44551871525038267	0.2708704177285509	raw__HeLa_TE_GSE143301	OTUB1	NM_017670.3	1701	0	0	0	1	0.0	0.0	0.0	0.5878894767783657	0	0	0	0
P4HB	4.0994246198908	0.6127229050265578	0.4992620854308255	raw__HeLa_TE_GSE143301	P4HB	NM_000918.4	2437	1	1	10	8	0.4103405826836274	0.4103405826836274	4.1034058268362745	3.282724661469019	3	0	0	3
PA2G4	0.79801289	-0.0979900935983184	-0.4715325294105121	raw__HeLa_TE_GSE143301	PA2G4	NM_006191.3	2386	0	1	1	3	0.0	0.4191114836546521	0.4191114836546521	1.2573344509639564	0	0	0	0
PABPC1	4.2205458	0.6253686174547348	0.516535428608535	raw__HeLa_TE_GSE143301	PABPC1	NM_002568.4	2861	0	0	3	4	0.0	0.0	1.048584411045089	1.3981125480601189	0	0	0	0
PABPC4	5.51947359404558	0.7418976599569707	0.6757076502404306	raw__HeLa_TE_GSE143301	PABPC4	NM_001135653.2	3142	0	1	4	4	0.0	0.31826861871419476	1.273074474856779	1.273074474856779	0	0	0	0
PAFAH1B1	4.4365856859181	0.6470488736746488	0.5461494585016083	raw__HeLa_TE_GSE143301	PAFAH1B1	NM_000430.4	5589	0	0	0	0	0.0	0.0	0.0	0.0	0	0	0	0
PAFAH1B2	5.22980122093238	0.7184851821191302	0.6437275015038176	raw__HeLa_TE_GSE143301	PAFAH1B2	NM_002572.4	4175	0	0	0	0	0.0	0.0	0.0	0.0	0	0	0	0
PAFAH1B3	0.755104491417931	-0.12199294650826648	-0.5043190978156095	raw__HeLa_TE_GSE143301	PAFAH1B3	NM_002573.4	1054	0	0	1	0	0.0	0.0	0.9487666034155597	0.0	0	0	0	0
PAICS	3.62196292	0.5589439998925013	0.4258030779310043	raw__HeLa_TE_GSE143301	PAICS	NM_001079524.2	6371	1	0	2	3	0.15696123057604772	0.0	0.31392246115209543	0.47088369172814315	0	0	0	0
PARK7	1.48542791226026	0.17185158036234144	-0.10294373977582726	raw__HeLa_TE_GSE143301	PARK7	NM_007262.5	1127	0	0	5	4	0.0	0.0	4.436557231588288	3.54924578527063	0	0	0	0
PARP1	7.95585942145019	0.900687100617827	0.8926052364468015	raw__HeLa_TE_GSE143301	PARP1	NM_001618.4	3978	0	0	1	2	0.0	0.0	0.2513826043237808	0.5027652086475616	0	0	0	0
PCBD1	2.084163240032	0.3189317316470117	0.09795960530646916	raw__HeLa_TE_GSE143301	PCBD1	NM_000281.4	787	0	0	0	1	0.0	0.0	0.0	1.2706480304955527	0	0	0	0
PCBP1	18.4596366957265	1.266223149420453	1.391907244985511	raw__HeLa_TE_GSE143301	PCBP1	NM_006196.4	1727	0	0	1	6	0.0	0.0	0.5790387955993052	3.4742327735958307	0	0	0	0
PCBP2	5.03045833971196	0.7016075566939498	0.6206735994283297	raw__HeLa_TE_GSE143301	PCBP2	NM_031989.5	3159	2	0	3	2	0.6331117442228553	0.0	0.949667616334283	0.6331117442228553	0	0	0	0
PCM1	5.38179521	0.7309271678128899	0.6607225652395383	raw__HeLa_TE_GSE143301	PCM1	NM_006197.4	8652	0	0	0	0	0.0	0.0	0.0	0.0	0	0	0	0
PCMT1	2.54595734924871	0.40585112392836514	0.21668668376892034	raw__HeLa_TE_GSE143301	PCMT1	NM_001360452.2	1686	0	0	1	0	0.0	0.0	0.5931198102016607	0.0	0	0	0	0
PCNA	6.34727454070254	0.8025872833988082	0.7586063164081811	raw__HeLa_TE_GSE143301	PCNA	NM_182649.2	1276	0	0	0	2	0.0	0.0	0.0	1.567398119122257	0	0	0	0
PCNP	1.59795695664552	0.20356507676577013	-0.05962485917872614	raw__HeLa_TE_GSE143301	PCNP	NM_020357.3	2285	0	0	1	0	0.0	0.0	0.437636761487965	0.0	0	0	0	0
PDAP1	2.87784656719898	0.45906763574543624	0.28937749312883343	raw__HeLa_TE_GSE143301	PDAP1	NM_014891.7	2604	0	0	1	2	0.0	0.0	0.38402457757296465	0.7680491551459293	0	0	0	0
PDCD5	0.883597722751167	-0.053745412082943714	-0.41109674361005194	raw__HeLa_TE_GSE143301	PDCD5	NM_004708.4	603	0	0	0	1	0.0	0.0	0.0	1.658374792703151	0	0	0	0
PDCD6IP	5.86858060086924	0.768533073692057	0.7120901510081431	raw__HeLa_TE_GSE143301	PDCD6IP	NM_013374.6	5884	0	1	1	0	0.0	0.1699524133242692	0.1699524133242692	0.0	0	0	0	0
PDIA3	4.98123639472832	0.697337152551483	0.6148404637565125	raw__HeLa_TE_GSE143301	PDIA3	NM_005313.5	3680	0	0	2	2	0.0	0.0	0.5434782608695652	0.5434782608695652	0	0	0	0
PDIA4	4.85564669070529	0.6862470788375232	0.5996920369505633	raw__HeLa_TE_GSE143301	PDIA4	NM_004911.5	2767	0	2	0	4	0.0	0.7228044813877846	0.0	1.4456089627755693	1	0	0	1
PDIA6	6.59907405660934	0.8194830021606249	0.7816849329799636	raw__HeLa_TE_GSE143301	PDIA6	NM_005742.4	2279	0	2	7	0	0.0	0.8775778850372971	3.0715225976305396	0.0	0	0	0	0
PDLIM1	4.62456005136734	0.6650704232692989	0.5707658976710523	raw__HeLa_TE_GSE143301	PDLIM1	NM_020992.4	1431	0	0	1	2	0.0	0.0	0.6988120195667366	1.397624039133473	0	0	0	0
PDXK	1.10931307623653	0.04505413234702302	-0.27614203493444217	raw__HeLa_TE_GSE143301	PDXK	NM_003681.5	7341	2	0	2	0	0.27244244653316985	0.0	0.27244244653316985	0.0	2	0	0	2
PEA15	4.7536037131765	0.6770229736996247	0.5870924199294475	raw__HeLa_TE_GSE143301	PEA15	NM_003768.5	2420	0	0	0	0	0.0	0.0	0.0	0.0	0	0	0	0
PEBP1	3.57426921502156	0.5531872605912893	0.4179396907079266	raw__HeLa_TE_GSE143301	PEBP1	NM_002567.4	1431	0	1	1	4	0.0	0.6988120195667366	0.6988120195667366	2.795248078266946	0	0	0	0
PELP1	1.32946734321302	0.12367767387024035	-0.16874662939356186	raw__HeLa_TE_GSE143301	PELP1	NM_014389.3	5084	0	0	0	0	0.0	0.0	0.0	0.0	0	0	0	0
PFDN1	2.11329876100332	0.3249608984168184	0.10619511337151584	raw__HeLa_TE_GSE143301	PFDN1	NM_002622.5	1336	0	0	2	2	0.0	0.0	1.4970059880239521	1.4970059880239521	0	0	0	0
PFDN2	10.3076049494155	1.013157765372013	1.0462339387250033	raw__HeLa_TE_GSE143301	PFDN2	NM_012394.4	598	0	0	0	0	0.0	0.0	0.0	0.0	0	0	0	0
PFDN5	0.30972471624741	-0.5090241362591105	-1.0329822790332495	raw__HeLa_TE_GSE143301	PFDN5	NM_002624.4	596	0	0	1	4	0.0	0.0	1.6778523489932886	6.7114093959731544	1	0	0	1
PFDN6	0.598549181683336	-0.22290015861407683	-0.6421527638671826	raw__HeLa_TE_GSE143301	PFDN6	NM_001185181.3	734	0	0	0	0	0.0	0.0	0.0	0.0	0	0	0	0
PFKP	2.45938930399829	0.3908272799367794	0.1961649445162716	raw__HeLa_TE_GSE143301	PFKP	NM_002627.5	2626	1	1	2	2	0.38080731150038083	0.38080731150038083	0.7616146230007617	0.7616146230007617	0	0	0	0
PFN1	2.36215441434468	0.3733082840928519	0.1722349659516199	raw__HeLa_TE_GSE143301	PFN1	NM_005022.4	807	0	0	4	15	0.0	0.0	4.956629491945477	18.587360594795538	0	0	0	0
PFN2	3.73159421124706	0.5718944106913016	0.4434926222165088	raw__HeLa_TE_GSE143301	PFN2	NM_053024.4	2047	0	0	1	0	0.0	0.0	0.48851978505129456	0.0	0	0	0	0
PGAM1	0.00138591	-2.85826497158025	-4.241915218641513	raw__HeLa_TE_GSE143301	PGAM1	NM_002629.4	1802	1	0	1	6	0.5549389567147613	0.0	0.5549389567147613	3.329633740288568	2	0	0	2
PGD	3.33245587893392	0.5227644081496984	0.37638375831953114	raw__HeLa_TE_GSE143301	PGD	NM_002631.4	2268	1	4	6	4	0.4409171075837742	1.763668430335097	2.6455026455026456	1.763668430335097	3	2	0	5
PGK1	1.58291256	0.19945692512240726	-0.06523636691820014	raw__HeLa_TE_GSE143301	PGK1	NM_000291.4	4812	0	0	5	15	0.0	0.0	1.0390689941812137	3.117206982543641	0	0	0	0
PGLS	1.51678146034162	0.1809230116339314	-0.09055266680487822	raw__HeLa_TE_GSE143301	PGLS	NM_012088.3	1008	0	0	0	0	0.0	0.0	0.0	0.0	0	0	0	0
PGM1	2.36820217168535	0.37441877503544285	0.1737518351083446	raw__HeLa_TE_GSE143301	PGM1	NM_002633.3	2337	0	0	1	1	0.0	0.0	0.4278990158322636	0.4278990158322636	0	0	0	0
PGM2	4.3166780236983	0.6351496563129783	0.5298957862627621	raw__HeLa_TE_GSE143301	PGM2	NM_018290.4	3211	0	0	0	0	0.0	0.0	0.0	0.0	0	0	0	0
PGP	1.38210163912603	0.14053998203128704	-0.14571364985299842	raw__HeLa_TE_GSE143301	PGP	NM_001042371.3	3164	0	0	2	3	0.0	0.0	0.6321112515802781	0.9481668773704172	0	0	0	0
PHB2	1.05601995472559	0.023672124774812276	-0.30534867368420704	raw__HeLa_TE_GSE143301	PHB2	NM_001144831.2	1379	0	0	1	5	0.0	0.0	0.7251631617113851	3.625815808556925	0	0	0	0
PHGDH	3.52099390802409	0.5466652736604113	0.40903101758275157	raw__HeLa_TE_GSE143301	PHGDH	NM_006623.4	1866	0	0	6	4	0.0	0.0	3.215434083601286	2.1436227224008575	2	0	0	2
PHPT1	1.02579112854812	0.011058938793628039	-0.32257758753581495	raw__HeLa_TE_GSE143301	PHPT1	NM_014172.6	577	0	0	1	1	0.0	0.0	1.733102253032929	1.733102253032929	1	0	0	1
PIN1	0.791321829905478	-0.10164685338443398	-0.4765274608596316	raw__HeLa_TE_GSE143301	PIN1	NM_006221.4	1009	0	0	1	1	0.0	0.0	0.9910802775024777	0.9910802775024777	0	0	0	0
PKM	1.87635665592081	0.2733153921328093	0.035650210607279825	raw__HeLa_TE_GSE143301	PKM	NM_002654.6	2305	1	1	9	18	0.43383947939262474	0.43383947939262474	3.9045553145336225	7.809110629067245	3	1	1	5
PLEC	3.81590742732945	0.5815978303172629	0.4567469562960251	raw__HeLa_TE_GSE143301	PLEC	NM_201384.3	14804	2	0	4	2	0.13509862199405567	0.0	0.27019724398811135	0.13509862199405567	2	0	0	2
PLIN3	2.04525729897221	0.31074795121608173	0.08678101424824636	raw__HeLa_TE_GSE143301	PLIN3	NM_005817.5	2232	0	0	0	1	0.0	0.0	0.0	0.44802867383512546	0	0	0	0
PLS3	6.18385881	0.7912595652023283	0.7431332803938401	raw__HeLa_TE_GSE143301	PLS3	NM_005032.7	3288	0	0	2	1	0.0	0.0	0.6082725060827251	0.30413625304136255	0	0	0	0
PNN	5.69088195488905	0.7551795771964461	0.6938500139734692	raw__HeLa_TE_GSE143301	PNN	NM_002687.4	3537	0	0	0	0	0.0	0.0	0.0	0.0	0	0	0	0
PNP	2.26228382180787	0.3545470897638641	0.14660821301785742	raw__HeLa_TE_GSE143301	PNP	NM_000270.4	1477	0	0	1	1	0.0	0.0	0.6770480704129993	0.6770480704129993	0	0	0	0
POLR2A	7.57650784399671	0.8794690771955268	0.8636225909685267	raw__HeLa_TE_GSE143301	POLR2A_1	NM_000937.5	6749	0	0	0	0	0.0	0.0	0.0	0.0	0	0	0	0
POLR2D	4.42048557084479	0.6454699773029113	0.5439927734570953	raw__HeLa_TE_GSE143301	POLR2D	NM_004805.4	5038	0	0	0	3	0.0	0.0	0.0	0.5954743946010321	0	0	0	0
PPA1	1.12644571923892	0.05171026893780328	-0.26705012079965024	raw__HeLa_TE_GSE143301	PPA1	NM_021129.4	1292	0	0	1	4	0.0	0.0	0.7739938080495357	3.0959752321981426	0	0	0	0
PPIA	0.151032373600659	-0.8209299522486792	-1.4590283582329158	raw__HeLa_TE_GSE143301	PPIA	NM_021130.5	2237	0	0	5	11	0.0	0.0	2.235136343316942	4.917299955297273	0	0	0	0
PPIB	2.25179271188822	0.35252840916929384	0.14385080706906334	raw__HeLa_TE_GSE143301	PPIB	NM_000942.5	893	0	0	0	1	0.0	0.0	0.0	1.1198208286674132	0	0	0	0
PPIH	1.01599610636577	0.006892043590517772	-0.3282693357261738	raw__HeLa_TE_GSE143301	PPIH	NM_006347.4	754	0	0	0	1	0.0	0.0	0.0	1.3262599469496021	0	0	0	0
PPM1G	4.53820007742862	0.6568836388842504	0.5595832033777866	raw__HeLa_TE_GSE143301	PPM1G	NM_177983.3	2210	0	0	2	2	0.0	0.0	0.9049773755656109	0.9049773755656109	0	0	0	0
PPP1CA	1.55811519265356	0.19259956224826855	-0.0746031450172461	raw__HeLa_TE_GSE143301	PPP1CA	NM_002708.4	1421	0	0	0	3	0.0	0.0	0.0	2.1111893033075297	0	0	0	0
PPP1R14B	0.493655642354585	-0.3065758947494951	-0.756449187585787	raw__HeLa_TE_GSE143301	PPP1R14B	NM_138689.3	989	0	0	2	4	0.0	0.0	2.0222446916076846	4.044489383215369	0	0	0	0
PPP2CA	9.74913571569572	0.9889661161558019	1.013189485016307	raw__HeLa_TE_GSE143301	PPP2CA	NM_002715.4	4582	0	0	1	1	0.0	0.0	0.21824530772588388	0.21824530772588388	0	0	0	0
PPP2R1A	2.82782080618333	0.4514518855522077	0.27897479993218705	raw__HeLa_TE_GSE143301	PPP2R1A	NM_014225.6	5352	0	1	0	5	0.0	0.18684603886397608	0.0	0.9342301943198804	0	0	0	0
PRDX1	2.77079709771496	0.44260472406114953	0.26689006706706575	raw__HeLa_TE_GSE143301	PRDX1	NM_181697.3	945	0	0	2	11	0.0	0.0	2.1164021164021163	11.640211640211641	1	0	0	1
PRDX3	2.74968996099697	0.43928372807790633	0.26235377038657703	raw__HeLa_TE_GSE143301	PRDX3	NM_006793.5	1553	0	1	5	4	0.0	0.6439150032195751	3.219575016097875	2.5756600128783003	0	0	0	0
PRDX4	2.03180699609684	0.3078824513918468	0.08286690010712543	raw__HeLa_TE_GSE143301	PRDX4	NM_006406.2	956	1	1	7	6	1.0460251046025104	1.0460251046025104	7.322175732217573	6.2761506276150625	1	0	0	1
PRDX5	1.16577993401773	0.06661657575579452	-0.24668893081990068	raw__HeLa_TE_GSE143301	PRDX5	NM_012094.5	860	0	0	3	1	0.0	0.0	3.488372093023256	1.1627906976744187	0	0	0	0
PRDX6	0.707431692571487	-0.15031548791877708	-0.5430061215975635	raw__HeLa_TE_GSE143301	PRDX6	NM_004905.3	1690	0	1	4	10	0.0	0.591715976331361	2.366863905325444	5.9171597633136095	0	0	0	0
PREP	10.8033394228892	1.033558021112896	1.0740995588177187	raw__HeLa_TE_GSE143301	PREP	NM_002726.5	7250	0	0	0	0	0.0	0.0	0.0	0.0	0	0	0	0
PRKAR2A	6.02497855088134	0.7799555051472451	0.7276925600910586	raw__HeLa_TE_GSE143301	PRKAR2A	NM_004157.4	6492	0	0	0	1	0.0	0.0	0.0	0.15403573629081946	0	0	0	0
PRKCSH	2.67318774428272	0.4270294613538749	0.24561512037238445	raw__HeLa_TE_GSE143301	PRKCSH	NM_001289104.2	2096	1	2	4	1	0.4770992366412214	0.9541984732824428	1.9083969465648856	0.4770992366412214	1	1	0	2
PRMT1	1.52460017704939	0.1831559658679423	-0.08750257492565383	raw__HeLa_TE_GSE143301	PRMT1	NM_001536.6	1328	0	0	0	0	0.0	0.0	0.0	0.0	0	0	0	0
PRMT5	1.70608396739094	0.2320004017888036	-0.020783779225164962	raw__HeLa_TE_GSE143301	PRMT5	NM_006109.5	2304	0	0	4	1	0.0	0.0	1.7361111111111112	0.4340277777777778	0	0	0	0
PRPF19	8.09063889238148	0.9079828178397323	0.9025707823199384	raw__HeLa_TE_GSE143301	PRPF19	NM_014502.5	2337	0	0	2	3	0.0	0.0	0.8557980316645272	1.2836970474967908	0	0	0	0
PRPF40A	5.48687884154411	0.7393253704330446	0.6721940451389735	raw__HeLa_TE_GSE143301	PRPF40A	NM_001365597.4	7515	0	0	0	2	0.0	0.0	0.0	0.2661343978709248	0	0	0	0
PRRC1	9.24000610400435	0.9656722581177832	0.9813713643600915	raw__HeLa_TE_GSE143301	PRRC1	NM_130809.5	4664	0	0	0	0	0.0	0.0	0.0	0.0	0	0	0	0
PSAP	4.76162605928257	0.6777552863299283	0.5880927184455216	raw__HeLa_TE_GSE143301	PSAP	NM_002778.4	2748	2	4	11	9	0.727802037845706	1.455604075691412	4.0029112081513825	3.2751091703056767	3	3	1	7
PSAT1	3.13252125538691	0.4958940265347997	0.3396803044345634	raw__HeLa_TE_GSE143301	PSAT1	NM_058179.4	2206	0	0	3	0	0.0	0.0	1.3599274705349047	0.0	0	0	0	0
PSIP1	5.29057855965934	0.7235031675981811	0.650581791899294	raw__HeLa_TE_GSE143301	PSIP1	NM_033222.5	3342	0	0	0	1	0.0	0.0	0.0	0.2992220227408737	0	0	0	0
PSMA1	7.66757261716388	0.8846578977401734	0.8707102326070889	raw__HeLa_TE_GSE143301	PSMA1	NM_002786.4	1195	0	1	3	1	0.0	0.8368200836820083	2.510460251046025	0.8368200836820083	0	0	0	0
PSMA3	2.55965138664148	0.40818082032453573	0.21986892008652484	raw__HeLa_TE_GSE143301	PSMA3	NM_002788.4	955	0	0	0	2	0.0	0.0	0.0	2.094240837696335	0	0	0	0
PSMA4	2.79105463750855	0.44576833829307755	0.27121138898707214	raw__HeLa_TE_GSE143301	PSMA4	NM_002789.6	4378	0	0	1	1	0.0	0.0	0.2284148012791229	0.2284148012791229	0	0	0	0
PSMA5	0.733016914775533	-0.13488600365502554	-0.5219303001872179	raw__HeLa_TE_GSE143301	PSMA5	NM_002790.4	3815	0	0	0	9	0.0	0.0	0.0	2.3591087811271296	0	0	0	0
PSMA6	0.462712554675887	-0.33468871672554185	-0.7948497462292126	raw__HeLa_TE_GSE143301	PSMA6	NM_002791.3	1023	0	0	1	2	0.0	0.0	0.9775171065493646	1.9550342130987293	0	0	0	0
PSMA7	3.66408050997865	0.5639650077510867	0.4326614967296219	raw__HeLa_TE_GSE143301	PSMA7	NM_002792.4	962	0	0	1	9	0.0	0.0	1.0395010395010396	9.355509355509355	0	0	0	0
PSMB1	1.83189865580646	0.26290144398169324	0.0214253338934708	raw__HeLa_TE_GSE143301	PSMB1	NM_002793.4	891	0	0	1	4	0.0	0.0	1.122334455667789	4.489337822671156	0	0	0	0
PSMB2	6.08075093223099	0.7839572150599383	0.7331586743184842	raw__HeLa_TE_GSE143301	PSMB2	NM_002794.5	4426	1	1	3	1	0.22593764121102575	0.22593764121102575	0.6778129236330773	0.22593764121102575	0	0	0	0
PSMB3	2.06898406984804	0.315757146826331	0.09362329816949987	raw__HeLa_TE_GSE143301	PSMB3	NM_002795.4	762	0	0	1	0	0.0	0.0	1.3123359580052494	0.0	0	0	0	0
PSMB4	1.55284316646508	0.19112759521455286	-0.07661377050505909	raw__HeLa_TE_GSE143301	PSMB4	NM_002796.3	918	0	0	7	10	0.0	0.0	7.625272331154684	10.893246187363834	0	0	0	0
PSMB5	1.08916660725201	0.03709431784190965	-0.28701470093555836	raw__HeLa_TE_GSE143301	PSMB5	NM_002797.5	1044	0	0	1	3	0.0	0.0	0.9578544061302682	2.8735632183908044	0	0	0	0
PSMB6	0.70469879	-0.15199647420554746	-0.5453022558148584	raw__HeLa_TE_GSE143301	PSMB6	NM_002798.3	824	0	0	0	2	0.0	0.0	0.0	2.4271844660194173	0	0	0	0
PSMB7	2.86770932468991	0.4575351284877945	0.28728417304632126	raw__HeLa_TE_GSE143301	PSMB7	NM_002799.4	984	0	0	3	2	0.0	0.0	3.048780487804878	2.032520325203252	0	0	0	0
PSMC1	0.00765109	-2.1162766893870426	-3.228400297678693	raw__HeLa_TE_GSE143301	PSMC1	NM_002802.3	4390	0	0	0	0	0.0	0.0	0.0	0.0	0	0	0	0
PSMC2	2.56405892498694	0.40892800154202913	0.22088952826965452	raw__HeLa_TE_GSE143301	PSMC2	NM_002803.4	2712	0	0	2	3	0.0	0.0	0.7374631268436578	1.1061946902654867	0	0	0	0
PSMC3	0.902920010821932	-0.044350721887324224	-0.3982641168427681	raw__HeLa_TE_GSE143301	PSMC3	NM_002804.5	1540	0	0	0	0	0.0	0.0	0.0	0.0	0	0	0	0
PSMC4	2.01042034738401	0.3032868710838621	0.07658959179322868	raw__HeLa_TE_GSE143301	PSMC4	NM_006503.4	1754	0	0	0	0	0.0	0.0	0.0	0.0	0	0	0	0
PSMC5	6.99172788660601	0.8445845175031882	0.815972213451922	raw__HeLa_TE_GSE143301	PSMC5	NM_002805.6	1331	0	0	1	0	0.0	0.0	0.7513148009015778	0.0	0	0	0	0
PSMC6	0.97333438228906	-0.011737935234834856	-0.353716855545361	raw__HeLa_TE_GSE143301	PSMC6	NM_002806.5	2163	0	0	1	1	0.0	0.0	0.4623208506703652	0.4623208506703652	0	0	0	0
PSMD1	6.78957804505813	0.831842784825849	0.7985677119290256	raw__HeLa_TE_GSE143301	PSMD1	NM_002807.4	3323	0	1	1	2	0.0	0.30093289196509176	0.30093289196509176	0.6018657839301835	1	0	0	1
PSMD11	4.49170541889456	0.6524112660347284	0.5534741896320422	raw__HeLa_TE_GSE143301	PSMD11	NM_002815.4	3850	0	0	0	1	0.0	0.0	0.0	0.2597402597402597	0	0	0	0
PSMD12	8.55326641435845	0.9321319995029711	0.9355572277020516	raw__HeLa_TE_GSE143301	PSMD12	NM_002816.5	4356	0	0	0	0	0.0	0.0	0.0	0.0	0	0	0	0
PSMD13	2.39065944405801	0.37851771409136	0.17935075896332742	raw__HeLa_TE_GSE143301	PSMD13	NM_002817.4	1589	1	1	2	1	0.6293266205160478	0.6293266205160478	1.2586532410320956	0.6293266205160478	1	1	0	2
PSMD14	4.43955946	0.6473398769652183	0.5465469528881365	raw__HeLa_TE_GSE143301	PSMD14	NM_005805.6	1567	0	0	0	1	0.0	0.0	0.0	0.6381620931716656	0	0	0	0
PSMD2	2.02353018442381	0.3061096870230777	0.08044540211016539	raw__HeLa_TE_GSE143301	PSMD2	NM_002808.5	2913	0	1	4	2	0.0	0.3432887058015791	1.3731548232063164	0.6865774116031582	0	0	0	0
PSMD3	1.47414779617736	0.1685410275165942	-0.10746577170857288	raw__HeLa_TE_GSE143301	PSMD3	NM_002809.4	2147	0	0	3	1	0.0	0.0	1.3972985561248252	0.4657661853749418	0	0	0	0
PSMD4	1.30060562800541	0.11414562896328785	-0.18176687509330244	raw__HeLa_TE_GSE143301	PSMD4	NM_002810.4	1319	0	1	2	2	0.0	0.7581501137225171	1.5163002274450341	1.5163002274450341	1	1	0	2
PSMD5	5.32521908066503	0.7263374794472511	0.6544533049927396	raw__HeLa_TE_GSE143301	PSMD5	NM_005047.4	3381	0	0	0	1	0.0	0.0	0.0	0.29577048210588586	0	0	0	0
PSMD6	4.78670094567483	0.6800362953114348	0.5912084504497706	raw__HeLa_TE_GSE143301	PSMD6	NM_014814.3	1362	0	0	1	0	0.0	0.0	0.7342143906020558	0.0	0	0	0	0
PSMD7	5.62847406430394	0.7503906692247985	0.687308630772597	raw__HeLa_TE_GSE143301	PSMD7	NM_002811.5	1631	0	0	0	0	0.0	0.0	0.0	0.0	0	0	0	0
PSMD8	0.520357032114829	-0.28369857199871273	-0.7252000310747647	raw__HeLa_TE_GSE143301	PSMD8	NM_002812.5	1518	1	1	1	2	0.6587615283267457	0.6587615283267457	0.6587615283267457	1.3175230566534915	1	1	0	2
PSME1	1.65395063002782	0.21852254183896325	-0.03919378985421888	raw__HeLa_TE_GSE143301	PSME1	NM_006263.4	965	0	0	1	1	0.0	0.0	1.0362694300518134	1.0362694300518134	0	0	0	0
PSME2	0.482173597348533	-0.31679657421525015	-0.7704100699737162	raw__HeLa_TE_GSE143301	PSME2	NM_002818.3	793	0	1	0	1	0.0	1.2610340479192939	0.0	1.2610340479192939	1	0	0	1
PSME3	4.93135907824494	0.6929666269526743	0.608870567717522	raw__HeLa_TE_GSE143301	PSME3	NM_005789.4	3182	0	1	3	3	0.0	0.3142677561282212	0.9428032683846638	0.9428032683846638	1	0	0	1
PSPC1	4.40255654080962	0.6437049421984152	0.5415818332072813	raw__HeLa_TE_GSE143301	PSPC1	NM_001354909.2	2435	0	0	0	0	0.0	0.0	0.0	0.0	0	0	0	0
PTBP1	4.68919392492601	0.6710981936652187	0.5789994983666653	raw__HeLa_TE_GSE143301	PTBP1	NM_002819.5	3206	1	0	0	3	0.3119151590767311	0.0	0.0	0.9357454772301934	1	0	0	1
PTGES3	3.69122817978121	0.5671708927049672	0.43704055811593373	raw__HeLa_TE_GSE143301	PTGES3	NM_006601.7	1898	0	0	1	4	0.0	0.0	0.5268703898840885	2.107481559536354	1	0	0	1
PTMA	0.023698487866674	-1.6252793642055239	-2.557725130473392	raw__HeLa_TE_GSE143301	PTMA	NM_002823.5	1215	0	0	1	8	0.0	0.0	0.823045267489712	6.584362139917696	0	0	0	0
PTPN11	2.83516815	0.452578821412888	0.28051413193671887	raw__HeLa_TE_GSE143301	PTPN11	NM_002834.5	6073	0	0	1	1	0.0	0.0	0.16466326362588507	0.16466326362588507	0	0	0	0
PTRHD1	0.877263039351053	-0.05687016785336691	-0.41536498702263985	raw__HeLa_TE_GSE143301	PTRHD1	NM_001013663.2	1120	0	1	0	0	0.0	0.8928571428571429	0.0	0.0	1	0	0	1
PUF60	1.24880656886947	0.09649517450043739	-0.205876418854555	raw__HeLa_TE_GSE143301	PUF60	NM_078480.3	1868	0	0	1	0	0.0	0.0	0.5353319057815846	0.0	0	0	0	0
PYGB	2.99379419782509	0.4762219423594266	0.31280932639264125	raw__HeLa_TE_GSE143301	PYGB	NM_002862.4	4116	0	0	1	0	0.0	0.0	0.24295432458697766	0.0	0	0	0	0
QPRT	1.42365991808513	0.15340625802394783	-0.12813902905542646	raw__HeLa_TE_GSE143301	QPRT	NM_014298.6	2200	0	0	0	0	0.0	0.0	0.0	0.0	0	0	0	0
RAD23B	2.87785919846581	0.4590695419198333	0.2893800968575441	raw__HeLa_TE_GSE143301	RAD23B	NM_002874.5	4114	0	0	2	3	0.0	0.0	0.48614487117160915	0.7292173067574137	0	0	0	0
RALGAPA1	0.99622258472868	-0.0016436168780181815	-0.33992857543756455	raw__HeLa_TE_GSE143301	RALGAPA1	NM_001346249.2	9447	0	0	0	0	0.0	0.0	0.0	0.0	0	0	0	0
RALY	1.61100183031499	0.20709603383650466	-0.05480176727505001	raw__HeLa_TE_GSE143301	RALY	NM_016732.3	6213	0	0	1	0	0.0	0.0	0.16095284081764044	0.0	0	0	0	0
RAN	0.727396475150437	-0.13822880779934896	-0.5264963856085587	raw__HeLa_TE_GSE143301	RAN	NM_006325.5	2474	0	0	4	15	0.0	0.0	1.6168148746968471	6.063055780113177	0	0	0	0
RANBP1	0.669196380294595	-0.17444641681653944	-0.5759676347124116	raw__HeLa_TE_GSE143301	RANBP1	NM_001278639.2	1221	0	0	0	3	0.0	0.0	0.0	2.457002457002457	0	0	0	0
RANBP2	4.54651590331269	0.6576787145498548	0.5606692327258547	raw__HeLa_TE_GSE143301	RANBP2	NM_006267.5	11708	0	0	1	2	0.0	0.0	0.08541168431841475	0.1708233686368295	0	0	0	0
RANGAP1	1.73142550262628	0.23840381006720063	-0.012037077975397374	raw__HeLa_TE_GSE143301	RANGAP1	NM_002883.4	3828	0	0	0	4	0.0	0.0	0.0	1.044932079414838	0	0	0	0
RAP1GDS1	2.14761774345441	0.3319569834139918	0.11575137821171051	raw__HeLa_TE_GSE143301	RAP1GDS1	NM_001100427.2	3747	0	0	0	0	0.0	0.0	0.0	0.0	0	0	0	0
RBBP4	3.52342240189716	0.5469647112529075	0.4094400327588336	raw__HeLa_TE_GSE143301	RBBP4	NM_005610.3	7883	0	1	0	0	0.0	0.12685525815045035	0.0	0.0	1	0	0	1
RBBP7	4.60002073512184	0.6627597893182481	0.5676096995982862	raw__HeLa_TE_GSE143301	RBBP7	NM_002893.4	2281	0	1	1	3	0.0	0.4384042086804033	0.4384042086804033	1.31521262604121	0	0	0	0
RBM12	3.3423341879328	0.5240498712662537	0.37813962978036497	raw__HeLa_TE_GSE143301	RBM12	NM_006047.6	6646	0	0	0	1	0.0	0.0	0.0	0.15046644598254588	0	0	0	0
RBM14	1.49056972736968	0.17335229670785976	-0.10089384431950041	raw__HeLa_TE_GSE143301	RBM14	NM_006328.4	5367	0	0	0	0	0.0	0.0	0.0	0.0	0	0	0	0
RBM25	9.13608224887547	0.9607600007170061	0.9746614926669948	raw__HeLa_TE_GSE143301	RBM25	NM_021239.3	6813	0	0	0	0	0.0	0.0	0.0	0.0	0	0	0	0
RBM3	3.48471045245212	0.5421666980361977	0.40288621229722427	raw__HeLa_TE_GSE143301	RBM3	NM_006743.5	4298	0	0	2	1	0.0	0.0	0.46533271288971617	0.23266635644485809	0	0	0	0
RBM39	1.77343684885755	0.24881572808791522	0.0021850256926604153	raw__HeLa_TE_GSE143301	RBM39	NM_184234.3	5060	1	0	0	1	0.1976284584980237	0.0	0.0	0.1976284584980237	0	0	0	0
RBM4	0.371960942164102	-0.42950266090615413	-0.9243603455857724	raw__HeLa_TE_GSE143301	RBM4	NM_002896.4	1607	0	0	0	2	0.0	0.0	0.0	1.2445550715619167	0	0	0	0
RBM8A	0.540054826228667	-0.2675621484735071	-0.703158569765659	raw__HeLa_TE_GSE143301	RBM8A	NM_005105.5	4909	0	0	0	1	0.0	0.0	0.0	0.20370747606437156	0	0	0	0
RCC1	3.7522456	0.5742912570081785	0.4467665816087367	raw__HeLa_TE_GSE143301	RCC1	NM_001381865.2	2551	0	0	0	3	0.0	0.0	0.0	1.1760094080752646	0	0	0	0
RCC2	4.32868718	0.6363562019118759	0.5315438607629284	raw__HeLa_TE_GSE143301	RCC2	NM_018715.4	4040	1	1	1	0	0.24752475247524752	0.24752475247524752	0.24752475247524752	0.0	1	1	0	2
RCN1	7.85195148870907	0.8949776077579428	0.8848063852472665	raw__HeLa_TE_GSE143301	RCN1	NM_002901.4	2369	0	0	1	2	0.0	0.0	0.42211903756859437	0.8442380751371887	0	0	0	0
RDX	2.43271013915044	0.38609036521241663	0.1896945812131217	raw__HeLa_TE_GSE143301	RDX	NM_002906.4	4392	0	0	1	1	0.0	0.0	0.22768670309653916	0.22768670309653916	0	0	0	0
RECQL	7.93494017033134	0.8995436565107899	0.8910433550915549	raw__HeLa_TE_GSE143301	RECQL	NM_002907.4	3745	0	1	0	0	0.0	0.26702269692923897	0.0	0.0	1	0	0	1
RNH1	1.82872279639459	0.26214787872948986	0.02039600547231338	raw__HeLa_TE_GSE143301	RNH1	NM_203387.3	1952	0	0	0	0	0.0	0.0	0.0	0.0	0	0	0	0
RPA2	1.14954684495155	0.06052667381271862	-0.2550073997696579	raw__HeLa_TE_GSE143301	RPA2	NM_002946.5	1584	0	0	2	0	0.0	0.0	1.2626262626262625	0.0	0	0	0	0
RPA3	0.365800894688411	-0.4367552366459203	-0.9342669625823896	raw__HeLa_TE_GSE143301	RPA3	NM_002947.5	2020	0	0	1	0	0.0	0.0	0.49504950495049505	0.0	1	0	0	1
RPL10	0.00975959	-2.010568426644547	-3.0840086622179594	raw__HeLa_TE_GSE143301	RPL10	NM_006013.5	2164	0	0	5	7	0.0	0.0	2.310536044362292	3.234750462107209	2	0	0	2
RPL10A	0.104168692602163	-0.9822627865366813	-1.6794000793452648	raw__HeLa_TE_GSE143301	RPL10A	NM_007104.5	718	0	0	2	7	0.0	0.0	2.785515320334262	9.749303621169917	0	0	0	0
RPL11	0.988934332153476	-0.004832545743808811	-0.3442844757461442	raw__HeLa_TE_GSE143301	RPL11	NM_000975.5	1017	0	0	6	5	0.0	0.0	5.899705014749262	4.916420845624385	0	0	0	0
RPL12	0.02950452	-1.5301114463714318	-2.4277310227002724	raw__HeLa_TE_GSE143301	RPL12	NM_000976.4	634	0	0	0	4	0.0	0.0	0.0	6.309148264984227	0	0	0	0
RPL13	0.175702886982363	-0.7552211025331119	-1.3692737068128418	raw__HeLa_TE_GSE143301	RPL13	NM_000977.4	2187	0	0	5	7	0.0	0.0	2.286236854138089	3.2007315957933242	2	0	0	2
RPL14	0.06372423	-1.1956954035443979	-1.9709372196867032	raw__HeLa_TE_GSE143301	RPL14	NM_001034996.3	7136	0	1	5	7	0.0	0.14013452914798205	0.7006726457399103	0.9809417040358744	1	1	0	2
RPL15	0.177497922459861	-0.7508067258173299	-1.3632439125754297	raw__HeLa_TE_GSE143301	RPL15	NM_002948.5	2155	2	1	8	9	0.9280742459396751	0.46403712296983757	3.7122969837587005	4.176334106728539	2	0	0	2
RPL17	0.333950557795638	-0.4763178267991412	-0.9883072707577485	raw__HeLa_TE_GSE143301	RPL17	NM_001035006.5	614	0	0	1	5	0.0	0.0	1.6286644951140066	8.143322475570033	0	0	0	0
RPL18	0.196408845454508	-0.7068389572538656	-1.3031863745388552	raw__HeLa_TE_GSE143301	RPL18	NM_000979.4	643	0	1	5	11	0.0	1.5552099533437014	7.776049766718507	17.107309486780714	3	1	0	4
RPL18A	0.0113469737385586	-1.94511995026742	-2.9946096663653154	raw__HeLa_TE_GSE143301	RPL18A	NM_000980.4	634	0	1	4	0	0.0	1.5772870662460567	6.309148264984227	0.0	2	1	0	3
RPL19	0.525037203849136	-0.27980992163419816	-0.7198883499317776	raw__HeLa_TE_GSE143301	RPL19	NM_000981.4	737	0	1	5	20	0.0	1.3568521031207599	6.784260515603799	27.137042062415198	1	0	0	1
RPL21	0.00024176	-3.6166155530050497	-5.27778013462509	raw__HeLa_TE_GSE143301	RPL21	NM_000982.4	566	0	0	1	0	0.0	0.0	1.7667844522968197	0.0	0	0	0	0
RPL22	0.383673619741019	-0.4160380605743326	-0.9059684468609505	raw__HeLa_TE_GSE143301	RPL22	NM_000983.4	2061	3	2	6	11	1.455604075691412	0.970402717127608	2.911208151382824	5.337214944201844	3	3	2	8
RPL23	0.25555441816081	-0.5925166063296663	-1.1470283714518836	raw__HeLa_TE_GSE143301	RPL23	NM_000978.4	2706	0	0	2	3	0.0	0.0	0.7390983000739099	1.1086474501108647	1	0	0	1
RPL23A	0.09416825	-1.026095500328997	-1.7392731400403623	raw__HeLa_TE_GSE143301	RPL23A	NM_000984.6	970	0	0	3	2	0.0	0.0	3.0927835051546393	2.0618556701030926	1	0	0	1
RPL24	0.06598905	-1.1805281238386292	-1.9502195551883164	raw__HeLa_TE_GSE143301	RPL24	NM_000986.4	560	0	1	1	8	0.0	1.7857142857142858	1.7857142857142858	14.285714285714286	1	0	0	1
RPL26	0.0180773709631721	-1.7428647297903415	-2.7183402309636837	raw__HeLa_TE_GSE143301	RPL26	NM_000987.5	528	0	0	3	8	0.0	0.0	5.681818181818182	15.151515151515152	0	0	0	0
RPL27	0.143208723904376	-0.844030525127824	-1.4905824620613453	raw__HeLa_TE_GSE143301	RPL27	NM_000988.5	505	0	0	6	9	0.0	0.0	11.881188118811881	17.821782178217823	3	0	0	3
RPL27A	0.04172231	-1.379631654404651	-2.2221839566321853	raw__HeLa_TE_GSE143301	RPL27A	NM_000990.5	4535	0	1	4	5	0.0	0.2205071664829107	0.8820286659316428	1.1025358324145536	1	0	0	1
RPL28	0.594935964999458	-0.2255297763621661	-0.645744676149462	raw__HeLa_TE_GSE143301	RPL28	NM_000991.5	4209	0	1	0	5	0.0	0.23758612497030174	0.0	1.1879306248515087	0	0	0	0
RPL29	0.00811316	-2.090809959196322	-3.1936141539404974	raw__HeLa_TE_GSE143301	RPL29	NM_000992.3	754	1	0	1	7	1.3262599469496021	0.0	1.3262599469496021	9.283819628647215	1	1	0	2
RPL3	1.0897639170429	0.03733242396762212	-0.28668946114812005	raw__HeLa_TE_GSE143301	RPL3	NM_000967.4	1296	0	0	10	11	0.0	0.0	7.716049382716049	8.487654320987655	3	0	0	3
RPL30	0.131948397656492	-0.8795958793595735	-1.5391627672336314	raw__HeLa_TE_GSE143301	RPL30	NM_000989.4	498	0	0	4	6	0.0	0.0	8.032128514056225	12.048192771084338	0	0	0	0
RPL31	0.238366560948643	-0.6227546692928237	-1.1883318916416985	raw__HeLa_TE_GSE143301	RPL31	NM_000993.5	1291	0	0	1	6	0.0	0.0	0.774593338497289	4.647560030983733	1	0	0	1
RPL32	0.00923465	-2.034579559990837	-3.1168065412407393	raw__HeLa_TE_GSE143301	RPL32	NM_000994.4	2094	0	0	3	2	0.0	0.0	1.4326647564469914	0.9551098376313276	0	0	0	0
RPL34	0.08977705	-1.0468346692592765	-1.7676016967893668	raw__HeLa_TE_GSE143301	RPL34	NM_001319236.2	546	0	0	7	5	0.0	0.0	12.820512820512821	9.157509157509157	3	0	0	3
RPL35	0.09886847	-1.0049421865447654	-1.7103788843457086	raw__HeLa_TE_GSE143301	RPL35	NM_007209.4	452	0	0	2	5	0.0	0.0	4.424778761061947	11.061946902654867	0	0	0	0
RPL35A	0.112491708969566	-0.9488794853877953	-1.633800337897352	raw__HeLa_TE_GSE143301	RPL35A	NM_000996.4	1234	1	2	2	7	0.8103727714748784	1.6207455429497568	1.6207455429497568	5.672609400324149	1	1	1	3
RPL36	0.201754284675525	-0.6951772333534607	-1.2872571052217268	raw__HeLa_TE_GSE143301	RPL36	NM_033643.3	607	0	0	2	5	0.0	0.0	3.2948929159802307	8.237232289950576	0	0	0	0
RPL37	0.180553542384722	-0.743393986478109	-1.3531185209677599	raw__HeLa_TE_GSE143301	RPL37	NM_000997.5	7573	0	0	8	4	0.0	0.0	1.056384523966724	0.528192261983362	3	0	0	3
RPL38	0.205340242404819	-0.6875259296276037	-1.276805847867564	raw__HeLa_TE_GSE143301	RPL38	NM_000999.4	1145	0	0	2	4	0.0	0.0	1.7467248908296944	3.493449781659389	0	0	0	0
RPL4	0.213080025395479	-0.6714572601267624	-1.2548569348052385	raw__HeLa_TE_GSE143301	RPL4	NM_000968.4	2741	0	1	13	15	0.0	0.36483035388544327	4.742794600510763	5.472455308281649	1	0	0	1
RPL5	0.304755058052767	-0.5160490776171228	-1.042577960065016	raw__HeLa_TE_GSE143301	RPL5	NM_000969.5	1028	0	0	3	11	0.0	0.0	2.9182879377431905	10.700389105058365	2	0	0	2
RPL6	0.02609604	-1.5834253906168756	-2.500554919364003	raw__HeLa_TE_GSE143301	RPL6	NM_000970.6	921	0	0	7	5	0.0	0.0	7.60043431053203	5.4288816503800215	0	0	0	0
RPL7	0.00011838	-3.926721664364165	-5.701367916921605	raw__HeLa_TE_GSE143301	RPL7	NM_000971.4	1233	1	0	3	1	0.8110300081103001	0.0	2.4330900243309004	0.8110300081103001	1	0	0	1
RPL7A	0.0226302465751512	-1.6453107140238776	-2.5850868454965967	raw__HeLa_TE_GSE143301	RPL7A	NM_000972.3	887	0	0	5	0	0.0	0.0	5.636978579481398	0.0	4	0	0	4
RPL8	0.31176713	-0.5061696749461604	-1.0290832428875105	raw__HeLa_TE_GSE143301	RPL8	NM_001317782.2	1070	0	1	7	20	0.0	0.9345794392523364	6.542056074766355	18.69158878504673	4	0	0	4
RPL9	0.00107291	-2.9694367068715994	-4.393769655175286	raw__HeLa_TE_GSE143301	RPL9	NM_000661.5	724	1	2	3	0	1.3812154696132597	2.7624309392265194	4.143646408839779	0.0	0	0	0	0
RPLP0	0.0271033466209834	-1.566977080738472	-2.4780874385607934	raw__HeLa_TE_GSE143301	RPLP0	NM_001002.4	1105	1	2	11	21	0.9049773755656109	1.8099547511312217	9.95475113122172	19.004524886877828	4	1	1	6
RPLP1	0.308537440867297	-0.5106921270102165	-1.0352606620681903	raw__HeLa_TE_GSE143301	RPLP1	NM_001003.3	1174	0	0	8	16	0.0	0.0	6.814310051107325	13.62862010221465	4	0	0	4
RPLP2	0.174050123711619	-0.7593256636910725	-1.3748803101480063	raw__HeLa_TE_GSE143301	RPLP2	NM_001004.4	462	0	0	3	4	0.0	0.0	6.4935064935064934	8.658008658008658	2	0	0	2
RPS10	0.024305	-1.614304374589439	-2.5427339021746986	raw__HeLa_TE_GSE143301	RPS10	NM_001014.5	588	0	0	5	6	0.0	0.0	8.503401360544217	10.204081632653061	1	0	0	1
RPS11	0.209929922287747	-0.6779256549941334	-1.2636924041382336	raw__HeLa_TE_GSE143301	RPS11	NM_001015.5	573	0	1	7	6	0.0	1.7452006980802792	12.216404886561955	10.471204188481675	2	0	0	2
RPS12	0.0417051281148315	-1.3798105403489276	-2.2224283049298954	raw__HeLa_TE_GSE143301	RPS12	NM_001016.4	503	0	0	2	5	0.0	0.0	3.9761431411530817	9.940357852882704	0	0	0	0
RPS13	0.04769129	-1.321560930191324	-2.1428625618422896	raw__HeLa_TE_GSE143301	RPS13	NM_001017.3	527	0	0	4	2	0.0	0.0	7.590132827324478	3.795066413662239	1	0	0	1
RPS14	0.139097929164474	-0.8566793355660876	-1.5078600369493436	raw__HeLa_TE_GSE143301	RPS14	NM_005617.4	2146	0	0	5	13	0.0	0.0	2.3299161230195713	6.0577819198508855	2	0	0	2
RPS15	0.07035408	-1.1527107117316349	-1.912222510073702	raw__HeLa_TE_GSE143301	RPS15	NM_001018.5	501	0	0	1	4	0.0	0.0	1.996007984031936	7.984031936127744	0	0	0	0
RPS15A	0.01265686730365	-1.897673773078094	-2.9298008146919594	raw__HeLa_TE_GSE143301	RPS15A	NM_001019.5	2203	0	0	2	4	0.0	0.0	0.9078529278256923	1.8157058556513845	1	0	0	1
RPS16	2.12305348287883	0.3269609348285444	0.10892705239858713	raw__HeLa_TE_GSE143301	RPS16	NM_001020.6	631	1	1	6	9	1.5847860538827259	1.5847860538827259	9.508716323296355	14.263074484944532	1	0	0	1
RPS17	0.0399050726219783	-1.3989718944960172	-2.248601654024472	raw__HeLa_TE_GSE143301	RPS17	NM_001021.6	488	0	0	2	0	0.0	0.0	4.098360655737705	0.0	0	0	0	0
RPS18	0.02774678	-1.5567874092754326	-2.464168911388136	raw__HeLa_TE_GSE143301	RPS18	NM_022551.3	549	0	0	3	0	0.0	0.0	5.46448087431694	0.0	0	0	0	0
RPS19	0.135925582270335	-0.8666987979160855	-1.5215460678954547	raw__HeLa_TE_GSE143301	RPS19	NM_001022.4	2021	0	0	3	8	0.0	0.0	1.4844136566056407	3.958436417615042	0	0	0	0
RPS2	0.06497271	-1.1872690185124413	-1.9594272441727745	raw__HeLa_TE_GSE143301	RPS2	NM_002952.4	945	0	0	4	7	0.0	0.0	4.232804232804233	7.407407407407407	1	0	0	1
RPS20	0.00884391	-2.05335568566617	-3.1424536895670894	raw__HeLa_TE_GSE143301	RPS20	NM_001023.4	519	0	0	3	6	0.0	0.0	5.780346820809249	11.560693641618498	0	0	0	0
RPS21	0.544564514149514	-0.26395066231880476	-0.6982254795909433	raw__HeLa_TE_GSE143301	RPS21	NM_001024.4	358	0	0	6	4	0.0	0.0	16.75977653631285	11.1731843575419	4	0	0	4
RPS24	0.09681439	-1.0140600865642844	-1.7228334310540667	raw__HeLa_TE_GSE143301	RPS24	NM_033022.4	534	0	1	3	6	0.0	1.8726591760299625	5.617977528089888	11.235955056179776	0	0	0	0
RPS25	0.106622775401714	-0.9721500169342799	-1.6655865958573621	raw__HeLa_TE_GSE143301	RPS25	NM_001028.3	483	0	1	2	0	0.0	2.070393374741201	4.140786749482402	0.0	1	0	0	1
RPS26	2.97305906270629e-05	-4.526796463027608	-6.521036874956166	raw__HeLa_TE_GSE143301	RPS26	NM_001029.5	1140	0	0	0	0	0.0	0.0	0.0	0.0	0	0	0	0
RPS27A	0.0019438	-2.711348422210535	-4.041235344718917	raw__HeLa_TE_GSE143301	RPS27A	NM_002954.6	785	0	0	7	10	0.0	0.0	8.9171974522293	12.738853503184714	0	0	0	0
RPS28	0.00073871	-3.131526021846181	-4.615174687030767	raw__HeLa_TE_GSE143301	RPS28	NM_001031.5	1330	0	1	4	0	0.0	0.7518796992481203	3.007518796992481	0.0	1	0	0	1
RPS3	0.244245253973197	-0.61217386647624	-1.1738791006910447	raw__HeLa_TE_GSE143301	RPS3	NM_001005.5	2059	0	1	10	13	0.0	0.48567265662943176	4.856726566294317	6.313744536182613	4	0	0	4
RPS3A	0.00018042	-3.7437153215158387	-5.451391382845667	raw__HeLa_TE_GSE143301	RPS3A	NM_001006.5	869	0	1	4	8	0.0	1.1507479861910241	4.602991944764097	9.205983889528193	1	1	0	2
RPS4X	0.22731655665489	-0.6433689311822374	-1.216489832287068	raw__HeLa_TE_GSE143301	RPS4X	NM_001007.5	1474	0	0	7	18	0.0	0.0	4.74898236092266	12.211668928086839	2	0	0	2
RPS5	0.314430911860931	-0.5024747648250465	-1.0240362001925825	raw__HeLa_TE_GSE143301	RPS5	NM_001009.4	741	0	0	4	13	0.0	0.0	5.398110661268556	17.54385964912281	1	0	0	1
RPS6	0.199055682127669	-0.7010254207853804	-1.2952454055292706	raw__HeLa_TE_GSE143301	RPS6	NM_001010.3	1369	0	0	6	6	0.0	0.0	4.382761139517896	4.382761139517896	1	0	0	1
RPS7	0.00710411	-2.148490322564034	-3.272402337423577	raw__HeLa_TE_GSE143301	RPS7	NM_001011.4	732	0	0	3	9	0.0	0.0	4.098360655737705	12.295081967213115	1	0	0	1
RPS8	0.06428483	-1.1918915002418744	-1.9657412983392506	raw__HeLa_TE_GSE143301	RPS8	NM_001012.2	778	0	0	4	12	0.0	0.0	5.141388174807198	15.424164524421593	2	0	0	2
RPS9	0.141463969629039	-0.8493541593187622	-1.4978542516781774	raw__HeLa_TE_GSE143301	RPS9	NM_001013.4	713	0	0	9	0	0.0	0.0	12.622720897615709	0.0	2	0	0	2
RPSA	0.0159836474355913	-1.7963241086016961	-2.7913627831939665	raw__HeLa_TE_GSE143301	RPSA	NM_002295.6	1140	0	2	5	3	0.0	1.7543859649122806	4.385964912280702	2.6315789473684212	2	1	0	3
RRBP1	6.96270483	0.8427779845164706	0.8135045893920947	raw__HeLa_TE_GSE143301	RRBP1	NM_001365613.2	5049	0	0	0	0	0.0	0.0	0.0	0.0	0	0	0	0
RRM1	6.74282056220982	0.8288416025241828	0.7944682630343919	raw__HeLa_TE_GSE143301	RRM1	NM_001033.5	3142	1	1	4	1	0.31826861871419476	0.31826861871419476	1.273074474856779	0.31826861871419476	1	1	0	2
RSL1D1	1.42845749552351	0.15486732225867897	-0.12614329618750558	raw__HeLa_TE_GSE143301	RSL1D1	NM_015659.3	5440	0	0	0	1	0.0	0.0	0.0	0.18382352941176472	0	0	0	0
RTCA	4.17388996448056	0.6205409956520966	0.5099411644575208	raw__HeLa_TE_GSE143301	RTCA	NM_003729.4	2526	0	0	0	1	0.0	0.0	0.0	0.39588281868566905	0	0	0	0
RTCB	1.93828078926488	0.28741669139126036	0.054911804821621626	raw__HeLa_TE_GSE143301	RTCB	NM_014306.5	2019	0	1	0	2	0.0	0.4952947003467063	0.0	0.9905894006934126	1	0	0	1
RUVBL1	2.4870313433741	0.39568125859870146	0.20279521067809236	raw__HeLa_TE_GSE143301	RUVBL1	NM_003707.3	1899	0	1	0	2	0.0	0.526592943654555	0.0	1.05318588730911	0	0	0	0
RUVBL2	0.671161573537608	-0.17317291641997426	-0.574228103664892	raw__HeLa_TE_GSE143301	RUVBL2	NM_006666.3	1545	0	0	0	1	0.0	0.0	0.0	0.6472491909385113	0	0	0	0
S100A10	5.10122674520641	0.7076746279819539	0.628960882967042	raw__HeLa_TE_GSE143301	S100A10	NM_002966.3	671	0	1	1	1	0.0	1.4903129657228018	1.4903129657228018	1.4903129657228018	0	0	0	0
S100A11	5.63639671554757	0.7510015531579936	0.6881430644100657	raw__HeLa_TE_GSE143301	S100A11	NM_005620.2	563	0	0	0	2	0.0	0.0	0.0	3.552397868561279	0	0	0	0
S100A13	0.357451123669517	-0.44678333336439313	-0.9479647875978848	raw__HeLa_TE_GSE143301	S100A13	NM_001024211.2	477	0	0	1	1	0.0	0.0	2.0964360587002098	2.0964360587002098	0	0	0	0
S100A4	0.75000417	-0.12493632193769337	-0.5083395857226445	raw__HeLa_TE_GSE143301	S100A4	NM_002961.3	513	0	1	2	12	0.0	1.949317738791423	3.898635477582846	23.391812865497077	1	0	0	1
SAE1	3.83460478	0.5837206092993119	0.4596465548797838	raw__HeLa_TE_GSE143301	SAE1	NM_005500.3	2522	0	0	1	3	0.0	0.0	0.3965107057890563	1.189532117367169	0	0	0	0
SAFB	10.881435610786	1.0366861965305745	1.078372473279164	raw__HeLa_TE_GSE143301	SAFB	NM_001201338.2	3064	0	0	0	0	0.0	0.0	0.0	0.0	0	0	0	0
SAP18	0.988825352121352	-0.004880407399613927	-0.344349852118608	raw__HeLa_TE_GSE143301	SAP18	NM_005870.5	2708	0	0	0	1	0.0	0.0	0.0	0.36927621861152143	0	0	0	0
SARNP	101.045846517167	2.004518466572275	2.4003777801246433	raw__HeLa_TE_GSE143301	SARNP	NM_033082.4	898	0	0	0	1	0.0	0.0	0.0	1.1135857461024499	0	0	0	0
SART3	6.51141081808676	0.8136750967291287	0.7737516556552018	raw__HeLa_TE_GSE143301	SART3	NM_014706.4	4154	0	0	0	0	0.0	0.0	0.0	0.0	0	0	0	0
SCP2	8.78819329449602	0.9438996005709354	0.9516311193692709	raw__HeLa_TE_GSE143301	SCP2	NM_002979.5	2759	1	1	1	3	0.3624501631025734	0.3624501631025734	0.3624501631025734	1.0873504893077202	0	0	0	0
SDHA	2.73716191527429	0.4373004886159261	0.2596447750630689	raw__HeLa_TE_GSE143301	SDHA	NM_004168.4	2693	0	1	1	1	0.0	0.37133308577794283	0.37133308577794283	0.37133308577794283	0	0	0	0
SEC13	1.73438149387229	0.23914463089148918	-0.011025157737308064	raw__HeLa_TE_GSE143301	SEC13	NM_183352.3	1359	0	0	0	5	0.0	0.0	0.0	3.679175864606328	0	0	0	0
SEC23B	4.00336465890685	0.6024251509689624	0.48519592341688056	raw__HeLa_TE_GSE143301	SEC23B	NM_006363.6	3026	0	0	1	0	0.0	0.0	0.3304692663582287	0.0	0	0	0	0
SEC31A	4.031225299467	0.6054370709342461	0.4893100393656362	raw__HeLa_TE_GSE143301	SEC31A	NM_001077207.4	4298	0	0	2	2	0.0	0.0	0.46533271288971617	0.46533271288971617	0	0	0	0
SERBP1	2.08694003	0.31950996942276905	0.09874944609999506	raw__HeLa_TE_GSE143301	SERBP1	NM_001018069.2	6681	0	0	1	23	0.0	0.0	0.149678191887442	3.442598413411166	0	0	0	0
SERPINH1	4.07896106936993	0.6105495603211396	0.4962934168679932	raw__HeLa_TE_GSE143301	SERPINH1	NM_001235.5	2058	0	0	1	2	0.0	0.0	0.4859086491739553	0.9718172983479106	0	0	0	0
SET	0.714358890633343	-0.14608354583954847	-0.5372255229750751	raw__HeLa_TE_GSE143301	SET	NM_003011.4	2927	0	1	2	4	0.0	0.341646737273659	0.683293474547318	1.366586949094636	1	0	0	1
SF1	5.74395582176267	0.759211090976849	0.6993568386344031	raw__HeLa_TE_GSE143301	SF1	NM_004630.4	3282	1	0	0	1	0.30469226081657524	0.0	0.0	0.30469226081657524	1	0	0	1
SF3A1	3.01377854351692	0.4791113366109567	0.3167560789987793	raw__HeLa_TE_GSE143301	SF3A1	NM_005877.6	5090	0	0	0	2	0.0	0.0	0.0	0.3929273084479371	0	0	0	0
SF3A2	2.20552224513743	0.34351144247793297	0.1315341296998386	raw__HeLa_TE_GSE143301	SF3A2	NM_007165.5	1619	0	0	0	0	0.0	0.0	0.0	0.0	0	0	0	0
SF3A3	3.27844629937794	0.5156680743606737	0.36669055917890603	raw__HeLa_TE_GSE143301	SF3A3	NM_006802.4	2774	0	0	3	2	0.0	0.0	1.0814708002883922	0.7209805335255948	0	0	0	0
SF3B1	6.00350698610979	0.778405020346154	0.7255746836793355	raw__HeLa_TE_GSE143301	SF3B1	NM_012433.4	6463	0	0	2	4	0.0	0.0	0.3094538140182578	0.6189076280365156	0	0	0	0
SF3B2	4.34135028883657	0.6376248290018565	0.5332767351434137	raw__HeLa_TE_GSE143301	SF3B2	NM_006842.3	3272	0	0	0	2	0.0	0.0	0.0	0.6112469437652812	0	0	0	0
SF3B3	2.47129165857756	0.39292400328798793	0.19902895255060288	raw__HeLa_TE_GSE143301	SF3B3	NM_012426.5	9692	0	0	1	0	0.0	0.0	0.10317787866281469	0.0	0	0	0	0
SF3B4	4.85022559144501	0.6857619387757187	0.599029362480904	raw__HeLa_TE_GSE143301	SF3B4	NM_005850.5	1544	0	0	0	0	0.0	0.0	0.0	0.0	0	0	0	0
SFPQ	6.0747899099736	0.7835312629260066	0.7325768472819714	raw__HeLa_TE_GSE143301	SFPQ	NM_005066.3	3740	0	0	5	4	0.0	0.0	1.3368983957219251	1.0695187165775402	0	0	0	0
SH3BGRL	1.8741359197968	0.2728010844584633	0.034947694793452395	raw__HeLa_TE_GSE143301	SH3BGRL	NM_003022.3	1764	0	0	0	0	0.0	0.0	0.0	0.0	0	0	0	0
SH3BGRL3	2.28895036905743	0.3596363760392573	0.15355989635430556	raw__HeLa_TE_GSE143301	SH3BGRL3	NM_031286.4	751	0	0	0	0	0.0	0.0	0.0	0.0	0	0	0	0
SH3GL1	1.95093150216601	0.2902420214429276	0.05877104927699939	raw__HeLa_TE_GSE143301	SH3GL1	NM_003025.4	2516	0	0	0	2	0.0	0.0	0.0	0.794912559618442	0	0	0	0
SHMT2	2.01177594824411	0.303579611642614	0.07698945919192808	raw__HeLa_TE_GSE143301	SHMT2	NM_005412.6	2157	1	3	5	1	0.46360686138154844	1.3908205841446453	2.3180343069077423	0.46360686138154844	1	1	1	3
SKP1	0.00934285	-2.029520623719537	-3.109896314329868	raw__HeLa_TE_GSE143301	SKP1	NM_170679.3	9386	1	1	2	8	0.10654165778819519	0.10654165778819519	0.21308331557639038	0.8523332623055615	0	0	0	0
SLC3A2	2.66614699973389	0.42588409084426015	0.24405060765785208	raw__HeLa_TE_GSE143301	SLC3A2	NM_001013251.3	1885	0	0	3	13	0.0	0.0	1.5915119363395225	6.896551724137931	0	0	0	0
SLIRP	2.12881015065436	0.3281369323638258	0.11053339993483145	raw__HeLa_TE_GSE143301	SLIRP	NM_031210.6	376	0	0	0	3	0.0	0.0	0.0	7.9787234042553195	0	0	0	0
SMARCC1	3.83938675979159	0.5842618628813886	0.4603858773119896	raw__HeLa_TE_GSE143301	SMARCC1	NM_003074.4	6354	1	0	1	1	0.15738117721120554	0.0	0.15738117721120554	0.15738117721120554	1	0	0	1
SMC1A	9.74971924506593	0.9889921098447745	1.0132249909565718	raw__HeLa_TE_GSE143301	SMC1A	NM_006306.4	9710	0	0	0	1	0.0	0.0	0.0	0.10298661174047374	0	0	0	0
SMC4	7.65698707381724	0.8840579139380571	0.8698906879453006	raw__HeLa_TE_GSE143301	SMC4	NM_001002800.3	5116	0	0	0	1	0.0	0.0	0.0	0.19546520719311963	0	0	0	0
SMS	0.611124482987554	-0.21387031714188975	-0.6298185002600285	raw__HeLa_TE_GSE143301	SMS	NM_004595.5	1703	0	1	1	1	0.0	0.5871990604815033	0.5871990604815033	0.5871990604815033	0	0	0	0
SMU1	2.71313039765479	0.4334706671935961	0.25441345099864954	raw__HeLa_TE_GSE143301	SMU1	NM_018225.3	7136	0	0	1	0	0.0	0.0	0.14013452914798205	0.0	0	0	0	0
SNAPIN	1.01216105281065	0.005249621972130919	-0.33051279274119105	raw__HeLa_TE_GSE143301	SNAPIN	NM_012437.6	1003	0	1	1	2	0.0	0.9970089730807578	0.9970089730807578	1.9940179461615155	1	0	0	1
SND1	2.17540633046628	0.3375403880022517	0.12337799981178069	raw__HeLa_TE_GSE143301	SND1	NM_014390.4	3448	1	2	1	4	0.2900232018561485	0.580046403712297	0.2900232018561485	1.160092807424594	2	1	1	4
SNRNP200	7.49509209176211	0.8747769733682081	0.8572134368702469	raw__HeLa_TE_GSE143301	SNRNP200	NM_014014.5	7194	3	0	2	4	0.4170141784820684	0.0	0.2780094523213789	0.5560189046427578	3	1	0	4
SNRNP40	1.41165479016824	0.14972850616706695	-0.13316263451120222	raw__HeLa_TE_GSE143301	SNRNP40	NM_004814.3	1615	0	0	1	0	0.0	0.0	0.6191950464396285	0.0	0	0	0	0
SNRNP70	1.20165301654341	0.07977908101522124	-0.22870967724159838	raw__HeLa_TE_GSE143301	SNRNP70	NM_003089.6	1671	0	0	2	1	0.0	0.0	1.196888090963495	0.5984440454817475	0	0	0	0
SNRPA	0.774217421868251	-0.11113706017268811	-0.4894905580051653	raw__HeLa_TE_GSE143301	SNRPA	NM_004596.5	1277	0	0	1	1	0.0	0.0	0.7830853563038371	0.7830853563038371	0	0	0	0
SNRPA1	2.75393037055904	0.4399529555054115	0.2632678980076888	raw__HeLa_TE_GSE143301	SNRPA1	NM_003090.4	1052	0	0	0	1	0.0	0.0	0.0	0.9505703422053232	0	0	0	0
SNRPB2	1.51853228075955	0.18142402852740377	-0.08986830546201746	raw__HeLa_TE_GSE143301	SNRPB2	NM_003092.5	2411	0	0	0	0	0.0	0.0	0.0	0.0	0	0	0	0
SNRPC	0.586933545206745	-0.23141106840113665	-0.6537781955177426	raw__HeLa_TE_GSE143301	SNRPC	NM_003093.3	806	0	0	0	6	0.0	0.0	0.0	7.444168734491315	0	0	0	0
SNRPD2	0.177893740999761	-0.7498393318322346	-1.3619225059415598	raw__HeLa_TE_GSE143301	SNRPD2	NM_001384647.1	515	0	0	2	4	0.0	0.0	3.883495145631068	7.766990291262136	0	0	0	0
SNRPD3	0.04670915	-1.3305980358093794	-2.1552067478705954	raw__HeLa_TE_GSE143301	SNRPD3	NM_004175.5	3466	0	0	1	3	0.0	0.0	0.28851702250432776	0.8655510675129833	0	0	0	0
SNRPF	0.700942469524816	-0.1543176256756032	-0.5484728202363915	raw__HeLa_TE_GSE143301	SNRPF	NM_003095.5	452	0	0	0	1	0.0	0.0	0.0	2.2123893805309733	0	0	0	0
SOD1	0.914243614265623	-0.03893806440406969	-0.3908707263364864	raw__HeLa_TE_GSE143301	SOD1	NM_000454.5	895	0	2	3	6	0.0	2.2346368715083798	3.35195530726257	6.70391061452514	0	0	0	0
SOD2	5.73103227676865	0.7582328543804585	0.6980206215936932	raw__HeLa_TE_GSE143301	SOD2	NM_000636.4	14167	0	0	1	0	0.0	0.0	0.07058657443354274	0.0	0	0	0	0
SON	12.8501306192923	1.1089075422159176	1.1770228336969166	raw__HeLa_TE_GSE143301	SON	NM_138927.4	8393	0	1	1	1	0.0	0.11914690813773382	0.11914690813773382	0.11914690813773382	1	0	0	1
SORD	0.98918573248394	-0.004722156310114838	-0.34413368989028836	raw__HeLa_TE_GSE143301	SORD	NM_003104.6	4818	0	0	0	1	0.0	0.0	0.0	0.20755500207555003	0	0	0	0
SPTAN1	5.55656662288741	0.7448065258787544	0.6796810000702873	raw__HeLa_TE_GSE143301	SPTAN1	NM_001130438.3	7875	3	0	4	1	0.38095238095238093	0.0	0.5079365079365079	0.12698412698412698	2	0	0	2
SPTBN1	5.29910219811109	0.7242022953678322	0.6515367617326536	raw__HeLa_TE_GSE143301	SPTBN1	NM_003128.3	10211	0	0	1	1	0.0	0.0	0.09793360101850945	0.09793360101850945	0	0	0	0
SRP14	2.69235626945522	0.4301325279222489	0.2498537375355717	raw__HeLa_TE_GSE143301	SRP14	NM_003134.6	1119	0	0	1	1	0.0	0.0	0.8936550491510277	0.8936550491510277	0	0	0	0
SRP9	1.24953223688846	0.09674746504203852	-0.20553180394018639	raw__HeLa_TE_GSE143301	SRP9	NM_003133.6	1481	0	0	0	1	0.0	0.0	0.0	0.675219446320054	0	0	0	0
SRRM2	15.5644466839114	1.1921336861238765	1.2907051393198388	raw__HeLa_TE_GSE143301	SRRM2	NM_016333.4	9044	1	1	1	1	0.11057054400707651	0.11057054400707651	0.11057054400707651	0.11057054400707651	1	0	0	1
SRRT	1.74714182661062	0.24232816085831874	-0.006676632025855041	raw__HeLa_TE_GSE143301	SRRT	NM_015908.6	2990	0	0	2	1	0.0	0.0	0.6688963210702341	0.33444816053511706	0	0	0	0
SRSF1	2.22012388761235	0.34637720967821134	0.13544860906183434	raw__HeLa_TE_GSE143301	SRSF1	NM_006924.5	5343	0	1	0	3	0.0	0.18716077110237694	0.0	0.5614823133071308	0	0	0	0
SRSF10	4.79083300064434	0.6804110324397139	0.5917203206235514	raw__HeLa_TE_GSE143301	SRSF10	NM_054016.4	7656	0	0	1	1	0.0	0.0	0.13061650992685475	0.13061650992685475	0	0	0	0
SRSF2	5.77252519709124	0.7613658372901758	0.7023001028231464	raw__HeLa_TE_GSE143301	SRSF2	NM_001195427.2	1888	0	0	0	7	0.0	0.0	0.0	3.707627118644068	0	0	0	0
SRSF3	1.05765545185619	0.024344212379683546	-0.3044306392191374	raw__HeLa_TE_GSE143301	SRSF3	NM_003017.5	4228	0	0	2	6	0.0	0.0	0.47303689687795647	1.4191106906338695	0	0	0	0
SRSF5	4.45316172368486	0.6486684675158066	0.5483617340365547	raw__HeLa_TE_GSE143301	SRSF5	NM_001320214.2	1496	0	0	0	1	0.0	0.0	0.0	0.6684491978609626	0	0	0	0
SRSF7	1.61109412282157	0.20712091337263436	-0.05476778320589524	raw__HeLa_TE_GSE143301	SRSF7	NM_001031684.3	2356	0	0	2	0	0.0	0.0	0.8488964346349746	0.0	0	0	0	0
SRSF9	4.18590322479996	0.6217891835293761	0.5116461200048622	raw__HeLa_TE_GSE143301	SRSF9	NM_003769.3	1152	0	0	1	0	0.0	0.0	0.8680555555555556	0.0	0	0	0	0
SSB	3.37915014605977	0.528807489246494	0.3846382725850218	raw__HeLa_TE_GSE143301	SSB	NM_003142.5	1650	0	0	0	0	0.0	0.0	0.0	0.0	0	0	0	0
SSBP1	0.607698230190708	-0.21631202845361952	-0.6331537427517386	raw__HeLa_TE_GSE143301	SSBP1	NM_003143.3	677	0	0	3	3	0.0	0.0	4.431314623338257	4.431314623338257	0	0	0	0
SSRP1	5.44617555334832	0.7360916363836084	0.6677769434297101	raw__HeLa_TE_GSE143301	SSRP1	NM_003146.3	2831	0	0	6	3	0.0	0.0	2.1193924408336278	1.0596962204168139	0	0	0	0
STIP1	2.50820074840462	0.3993622930978026	0.20782330004143143	raw__HeLa_TE_GSE143301	STIP1	NM_006819.3	2140	0	0	0	1	0.0	0.0	0.0	0.4672897196261682	0	0	0	0
STMN1	3.50144608757876	0.5442474438220073	0.40572839586165343	raw__HeLa_TE_GSE143301	STMN1	NM_005563.4	1443	0	0	1	3	0.0	0.0	0.693000693000693	2.079002079002079	0	0	0	0
STRAP	5.90761669793765	0.7714123093598096	0.7160230275511661	raw__HeLa_TE_GSE143301	STRAP	NM_007178.4	1874	1	1	1	2	0.5336179295624333	0.5336179295624333	0.5336179295624333	1.0672358591248665	0	0	0	0
SUB1	0.875296600601175	-0.0578447582033862	-0.41669622349264346	raw__HeLa_TE_GSE143301	SUB1	NM_006713.4	3449	0	0	2	5	0.0	0.0	0.5798782255726298	1.4496955639315743	0	0	0	0
SUGP2	4.09781410726347	0.6125522532304187	0.4990289845236726	raw__HeLa_TE_GSE143301	SUGP2	NM_001017392.5	6189	1	0	1	1	0.16157699143641946	0.0	0.16157699143641946	0.16157699143641946	0	0	0	0
SUGT1	2.23180748571431	0.3486567299170462	0.13856230752600265	raw__HeLa_TE_GSE143301	SUGT1	NM_006704.5	14161	0	0	0	0	0.0	0.0	0.0	0.0	0	0	0	0
SUMO2	0.78612803011242	-0.10450671828207307	-0.480433878002942	raw__HeLa_TE_GSE143301	SUMO2	NM_006937.4	3166	0	0	0	3	0.0	0.0	0.0	0.9475679090334808	0	0	0	0
SUPT16H	7.52631214544735	0.8765822262392445	0.8596793123629138	raw__HeLa_TE_GSE143301	SUPT16H	NM_007192.4	4433	1	0	0	2	0.22558087074216107	0.0	0.0	0.45116174148432214	1	0	0	1
SYNCRIP	9.96852988	0.9986311149735826	1.0263913383986198	raw__HeLa_TE_GSE143301	SYNCRIP	NM_006372.5	2754	0	0	2	2	0.0	0.0	0.7262164124909223	0.7262164124909223	0	0	0	0
TAF15	9.71824529937665	0.987587856943615	1.0113068592255374	raw__HeLa_TE_GSE143301	TAF15	NM_139215.3	2162	0	0	1	0	0.0	0.0	0.46253469010175763	0.0	0	0	0	0
TAGLN	2.61117438951941	0.4168358775207096	0.23169124911870315	raw__HeLa_TE_GSE143301	TAGLN	NM_003186.5	3786	0	0	2	0	0.0	0.0	0.5282620179609087	0.0	1	0	0	1
TAGLN2	2.16440506131211	0.3353385408294549	0.12037039845625379	raw__HeLa_TE_GSE143301	TAGLN2	NM_003564.3	1375	1	0	0	5	0.7272727272727273	0.0	0.0	3.6363636363636362	1	0	0	1
TALDO1	2.42042886092493	0.38389232277043467	0.18669217690927828	raw__HeLa_TE_GSE143301	TALDO1	NM_006755.2	1199	0	0	1	1	0.0	0.0	0.8340283569641368	0.8340283569641368	0	0	0	0
TARDBP	4.80931798	0.6820834924811567	0.5940048084616962	raw__HeLa_TE_GSE143301	TARDBP	NM_007375.4	4185	0	0	0	4	0.0	0.0	0.0	0.955794504181601	0	0	0	0
TBCA	1.7400902410364	0.24057177136760277	-0.009075762845820456	raw__HeLa_TE_GSE143301	TBCA	NM_004607.3	661	0	0	0	1	0.0	0.0	0.0	1.51285930408472	0	0	0	0
TBCB	1.76791992638007	0.24746259081347616	0.0003367150782377446	raw__HeLa_TE_GSE143301	TBCB	NM_001281.3	987	0	0	0	2	0.0	0.0	0.0	2.026342451874367	0	0	0	0
TCEA1	2.18243077444866	0.3389404770045214	0.1252904438874228	raw__HeLa_TE_GSE143301	TCEA1	NM_006756.4	2777	0	0	0	2	0.0	0.0	0.0	0.7202016564638098	0	0	0	0
TCOF1	2.56069450265091	0.4083577691256294	0.2201106223538771	raw__HeLa_TE_GSE143301	TCOF1	NM_001371623.1	5026	0	0	0	0	0.0	0.0	0.0	0.0	0	0	0	0
TCP1	1.36975516978689	0.13664294824212386	-0.15103678228999382	raw__HeLa_TE_GSE143301	TCP1	NM_030752.3	2352	0	1	5	5	0.0	0.42517006802721086	2.1258503401360542	2.1258503401360542	0	0	0	0
TFRC	11.2827961967764	1.0524167434717797	1.0998595296416875	raw__HeLa_TE_GSE143301	TFRC	NM_001128148.3	5012	0	0	5	2	0.0	0.0	0.9976057462090981	0.39904229848363926	0	0	0	0
THRAP3	4.17036134376491	0.6201736863417044	0.5094394402718091	raw__HeLa_TE_GSE143301	THRAP3	NM_005119.4	4405	0	0	0	1	0.0	0.0	0.0	0.22701475595913734	0	0	0	0
TIPRL	1.23705742131908	0.0923898590335141	-0.21148405253400815	raw__HeLa_TE_GSE143301	TIPRL	NM_152902.5	2998	0	0	0	0	0.0	0.0	0.0	0.0	0	0	0	0
TKT	1.87516092791107	0.273038545186224	0.03527205300301439	raw__HeLa_TE_GSE143301	TKT	NM_001064.4	2996	0	0	6	5	0.0	0.0	2.0026702269692924	1.6688918558077437	3	0	0	3
TLN1	4.02731695003583	0.6050158099488622	0.4887346201783626	raw__HeLa_TE_GSE143301	TLN1	NM_006289.4	8623	1	0	6	1	0.11596892032935173	0.0	0.6958135219761103	0.11596892032935173	1	0	0	1
TMA7	0.121207775762347	-0.9164695182690948	-1.589530116856093	raw__HeLa_TE_GSE143301	TMA7	NM_015933.6	561	0	0	1	0	0.0	0.0	1.7825311942959001	0.0	0	0	0	0
TMED2	2.61631384606086	0.41768983958987566	0.23285771403439934	raw__HeLa_TE_GSE143301	TMED2	NM_006815.4	2544	0	0	1	1	0.0	0.0	0.39308176100628933	0.39308176100628933	0	0	0	0
TMPO	8.49519838756862	0.9291735253616618	0.9315161157903693	raw__HeLa_TE_GSE143301	TMPO	NM_001032283.3	4136	0	0	3	0	0.0	0.0	0.7253384912959381	0.0	1	0	0	1
TMSB10	4.98374017285226	0.6975553923112345	0.6151385671877442	raw__HeLa_TE_GSE143301	TMSB10	NM_021103.4	461	0	0	0	7	0.0	0.0	0.0	15.184381778741866	0	0	0	0
TMSB4X	0.00037973	-3.4205250907196136	-5.009931417665115	raw__HeLa_TE_GSE143301	TMSB4X	NM_021109.4	622	0	0	3	13	0.0	0.0	4.823151125401929	20.90032154340836	0	0	0	0
TNPO1	3.41410621515291	0.5332770281838844	0.39074341536366475	raw__HeLa_TE_GSE143301	TNPO1	NM_002270.4	8489	0	2	0	0	0.0	0.23559901048415596	0.0	0.0	2	0	0	2
TPD52L2	4.96192316943667	0.6956500353598052	0.6125359550624883	raw__HeLa_TE_GSE143301	TPD52L2	NM_003288.4	2310	0	0	1	0	0.0	0.0	0.4329004329004329	0.0	0	0	0	0
TPI1	0.44860396	-0.34813689705140677	-0.8132192161348216	raw__HeLa_TE_GSE143301	TPI1	NM_000365.6	1351	1	1	3	13	0.7401924500370096	0.7401924500370096	2.220577350111029	9.622501850481125	1	1	1	3
TPM1	3.51734216817269	0.5462146186783401	0.4084154478230981	raw__HeLa_TE_GSE143301	TPM1	NM_001018005.2	1217	0	0	0	0	0.0	0.0	0.0	0.0	0	0	0	0
TPM3	3.46407679984708	0.5395875119192302	0.3993631868314312	raw__HeLa_TE_GSE143301	TPM3	NM_152263.4	7064	0	0	0	0	0.0	0.0	0.0	0.0	0	0	0	0
TPM4	3.6851825014545	0.566459000312306	0.4360681525141237	raw__HeLa_TE_GSE143301	TPM4	NM_003290.3	2474	3	1	4	2	1.2126111560226354	0.4042037186742118	1.6168148746968471	0.8084074373484236	2	0	0	2
TPP2	6.52351244872563	0.8144814954797647	0.7748531517106374	raw__HeLa_TE_GSE143301	TPP2	NM_001330588.2	5484	0	0	1	0	0.0	0.0	0.18234865061998543	0.0	0	0	0	0
TPR	13.8167012319741	1.1404043666445676	1.2200457523702746	raw__HeLa_TE_GSE143301	TPR	NM_003292.3	9636	0	0	0	0	0.0	0.0	0.0	0.0	0	0	0	0
TPT1	0.249831473322176	-0.6023528508732785	-1.1604641370164321	raw__HeLa_TE_GSE143301	TPT1	NM_003295.4	4548	0	1	6	21	0.0	0.2198768689533861	1.3192612137203166	4.617414248021108	2	0	0	2
TRA2B	2.74596947849202	0.4386957057353461	0.26155056441641983	raw__HeLa_TE_GSE143301	TRA2B	NM_004593.3	4178	0	0	1	1	0.0	0.0	0.23934897079942558	0.23934897079942558	0	0	0	0
TRAP1	1.64569569869419	0.21634953403813312	-0.04216199822403309	raw__HeLa_TE_GSE143301	TRAP1	NM_016292.3	2223	0	0	3	0	0.0	0.0	1.349527665317139	0.0	0	0	0	0
TRIM25	8.36049660225218	0.9222320747132262	0.9220344784462844	raw__HeLa_TE_GSE143301	TRIM25	NM_005082.5	5745	0	0	0	0	0.0	0.0	0.0	0.0	0	0	0	0
TRIM28	2.99942389356158	0.4770378467616976	0.3139238066420282	raw__HeLa_TE_GSE143301	TRIM28	NM_005762.3	3364	0	0	0	5	0.0	0.0	0.0	1.4863258026159334	0	0	0	0
TRMT112	0.425909881552982	-0.37068228372491596	-0.8440149663384994	raw__HeLa_TE_GSE143301	TRMT112	NM_016404.3	812	0	0	1	0	0.0	0.0	1.2315270935960592	0.0	0	0	0	0
TSN	5.35482725443912	0.7287454651484618	0.6577424801673506	raw__HeLa_TE_GSE143301	TSN	NM_004622.3	3302	0	0	0	0	0.0	0.0	0.0	0.0	0	0	0	0
TUBA1C	0.30289074394305	-0.5187139980962576	-1.0462180939237327	raw__HeLa_TE_GSE143301	TUBA1C	NM_032704.5	2823	0	0	3	22	0.0	0.0	1.0626992561105206	7.793127878143818	0	0	0	0
TUBB	1.2602263726348	0.10044856381261301	-0.20047630789266577	raw__HeLa_TE_GSE143301	TUBB	NM_178014.4	2515	0	0	8	0	0.0	0.0	3.1809145129224654	0.0	0	0	0	0
TUBB2B	1.40260803972072	0.14693632393702422	-0.13697660087712749	raw__HeLa_TE_GSE143301	TUBB2B	NM_178012.5	1922	0	0	0	0	0.0	0.0	0.0	0.0	0	0	0	0
TUBB3	9.14652173428771	0.9612559707008625	0.9753389602106902	raw__HeLa_TE_GSE143301	TUBB3	NM_006086.4	1706	0	0	0	0	0.0	0.0	0.0	0.0	0	0	0	0
TUBB4B	1.60767431952601	0.20619807453790737	-0.05602832997069738	raw__HeLa_TE_GSE143301	TUBB4B	NM_006088.6	1563	0	0	1	5	0.0	0.0	0.6397952655150352	3.198976327575176	1	0	0	1
TUFM	1.86357812093934	0.2703476030365977	0.03159637498282722	raw__HeLa_TE_GSE143301	TUFM	NM_003321.5	2011	0	0	2	3	0.0	0.0	0.9945300845350572	1.4917951268025857	0	0	0	0
TXLNA	3.03870932	0.4826891578759811	0.3216431847977036	raw__HeLa_TE_GSE143301	TXLNA	NM_175852.4	4865	0	0	0	0	0.0	0.0	0.0	0.0	0	0	0	0
TXN	1.53701313827158	0.18667757983186103	-0.08269224518870354	raw__HeLa_TE_GSE143301	TXN	NM_003329.4	737	1	1	0	8	1.3568521031207599	1.3568521031207599	0.0	10.854816824966079	1	1	0	2
TXNDC12	2.17132392582946	0.3367246178838289	0.12226370298669707	raw__HeLa_TE_GSE143301	TXNDC12	NM_015913.4	1416	0	0	0	0	0.0	0.0	0.0	0.0	0	0	0	0
TXNDC17	0.413162221077066	-0.38387939656157305	-0.8620414919516074	raw__HeLa_TE_GSE143301	TXNDC17	NM_032731.4	1917	0	0	1	1	0.0	0.0	0.5216484089723527	0.5216484089723527	0	0	0	0
TXNDC5	4.93544814187137	0.6933265930148786	0.6093622614326921	raw__HeLa_TE_GSE143301	TXNDC5	NM_030810.5	2938	0	3	2	2	0.0	1.0211027910142954	0.6807351940095303	0.6807351940095303	1	0	0	1
TXNRD1	5.24220105874441	0.7195136738079698	0.6451323642189593	raw__HeLa_TE_GSE143301	TXNRD1	NM_001093771.3	3860	0	1	4	2	0.0	0.25906735751295334	1.0362694300518134	0.5181347150259067	1	0	0	1
TYMP	0.94434977	-0.02486712111890966	-0.3716505967013154	raw__HeLa_TE_GSE143301	TYMP	NM_001953.5	1586	0	0	0	1	0.0	0.0	0.0	0.6305170239596469	0	0	0	0
U2AF1	1.12138441945065	0.04975451770360745	-0.26972156872560654	raw__HeLa_TE_GSE143301	U2AF1	NM_006758.3	945	0	0	0	0	0.0	0.0	0.0	0.0	0	0	0	0
U2AF2	3.83062652544855	0.5832698116428339	0.4590307902347882	raw__HeLa_TE_GSE143301	U2AF2	NM_007279.3	2146	0	0	0	4	0.0	0.0	0.0	1.8639328984156571	0	0	0	0
UBA1	3.07628494814566	0.48802656054282934	0.3289337813904795	raw__HeLa_TE_GSE143301	UBA1	NM_003334.4	3572	0	1	9	5	0.0	0.2799552071668533	2.5195968645016795	1.3997760358342666	0	0	0	0
UBA2	1.21743026701879	0.08544409471930911	-0.22097158210675252	raw__HeLa_TE_GSE143301	UBA2	NM_005499.3	4005	0	0	1	1	0.0	0.0	0.24968789013732834	0.24968789013732834	0	0	0	0
UBAP2L	2.81048141502269	0.4487807177628193	0.2753261325934817	raw__HeLa_TE_GSE143301	UBAP2L	NM_014847.4	3877	1	0	1	0	0.25793139025019346	0.0	0.25793139025019346	0.0	1	0	0	1
UBE2I	3.14913099257539	0.4981907261079472	0.34281746891844644	raw__HeLa_TE_GSE143301	UBE2I	NM_003345.5	2850	0	0	2	0	0.0	0.0	0.7017543859649122	0.0	0	0	0	0
UBE2L3	0.382340140814381	-0.41755010423303723	-0.9080338148000702	raw__HeLa_TE_GSE143301	UBE2L3	NM_003347.4	2861	0	0	0	3	0.0	0.0	0.0	1.048584411045089	0	0	0	0
UBE2M	2.03538927853222	0.30864748252954294	0.08391189029317572	raw__HeLa_TE_GSE143301	UBE2M	NM_003969.4	1159	0	0	0	2	0.0	0.0	0.0	1.7256255392579811	0	0	0	0
UBE2N	1.51684665131072	0.18094167712430287	-0.09052717077825277	raw__HeLa_TE_GSE143301	UBE2N	NM_003348.4	4877	0	0	0	2	0.0	0.0	0.0	0.4100881689563256	0	0	0	0
UBQLN1	4.72918483934405	0.6747862886693442	0.5840372319890358	raw__HeLa_TE_GSE143301	UBQLN1	NM_013438.5	3868	1	0	0	1	0.25853154084798347	0.0	0.0	0.25853154084798347	1	0	0	1
UBXN1	0.775369367413048	-0.11049136070083454	-0.48860856826909155	raw__HeLa_TE_GSE143301	UBXN1	NM_001286077.2	1134	0	0	0	0	0.0	0.0	0.0	0.0	0	0	0	0
UBXN7	4.97639745199245	0.6969150590448913	0.614263907391353	raw__HeLa_TE_GSE143301	UBXN7	NM_015562.2	10521	0	0	0	0	0.0	0.0	0.0	0.0	0	0	0	0
UCHL5	8.55024770304439	0.9319786965418638	0.9353478243432132	raw__HeLa_TE_GSE143301	UCHL5	NM_001199261.3	5184	0	0	1	2	0.0	0.0	0.19290123456790123	0.38580246913580246	0	0	0	0
UGDH	11.5976351762913	1.064369443141672	1.1161862557530693	raw__HeLa_TE_GSE143301	UGDH	NM_003359.4	3037	0	0	0	0	0.0	0.0	0.0	0.0	0	0	0	0
UGP2	3.06332965096931	0.4861937346105173	0.3264302426224075	raw__HeLa_TE_GSE143301	UGP2	NM_006759.4	2150	0	0	0	2	0.0	0.0	0.0	0.9302325581395349	0	0	0	0
UQCRC1	1.24623595592548	0.09560027719860144	-0.2070987990321222	raw__HeLa_TE_GSE143301	UQCRC1	NM_003365.3	1595	0	1	4	4	0.0	0.6269592476489029	2.5078369905956115	2.5078369905956115	1	0	0	1
UQCRC2	1.83616570365351	0.2639118712743037	0.022805521643311996	raw__HeLa_TE_GSE143301	UQCRC2	NM_003366.4	1914	0	0	1	0	0.0	0.0	0.522466039707419	0.0	0	0	0	0
USP14	12.6202711	1.1010686842242374	1.1663153875976429	raw__HeLa_TE_GSE143301	USP14	NM_005151.4	4972	0	0	0	0	0.0	0.0	0.0	0.0	0	0	0	0
USP5	1.84625599076281	0.26629191752840653	0.026056533079752385	raw__HeLa_TE_GSE143301	USP5	NM_001098536.2	3162	1	1	1	0	0.3162555344718533	0.3162555344718533	0.3162555344718533	0.0	0	0	0	0
USP7	6.88315912308479	0.837787809576815	0.8066882866539893	raw__HeLa_TE_GSE143301	USP7	NM_003470.3	5831	0	0	0	2	0.0	0.0	0.0	0.3429943405933802	0	0	0	0
VAT1	2.43831298534856	0.38708945152251023	0.19105927780862114	raw__HeLa_TE_GSE143301	VAT1	NM_006373.4	2699	0	1	1	2	0.0	0.3705075954057058	0.3705075954057058	0.7410151908114117	0	0	0	0
VBP1	1.78531711	0.2517153671661507	0.006145772164979131	raw__HeLa_TE_GSE143301	VBP1	NM_003372.7	1616	0	0	0	1	0.0	0.0	0.0	0.6188118811881188	0	0	0	0
VCL	5.79360540752069	0.7629489128263093	0.704462496374888	raw__HeLa_TE_GSE143301	VCL	NM_014000.3	5497	0	3	7	1	0.0	0.5457522284882663	1.2734218664726213	0.18191740949608878	3	1	0	4
VCP	3.3914321127674	0.530383128095544	0.3867905080338628	raw__HeLa_TE_GSE143301	VCP	NM_007126.5	3746	0	1	2	1	0.0	0.2669514148424987	0.5339028296849974	0.2669514148424987	0	0	0	0
VDAC1	1.3859618463171	0.14175127489193529	-0.14405909085606394	raw__HeLa_TE_GSE143301	VDAC1	NM_003374.3	1839	0	0	0	7	0.0	0.0	0.0	3.806416530723219	0	0	0	0
VGF	3.69822754	0.5679936283824651	0.43816436950913773	raw__HeLa_TE_GSE143301	VGF	NM_003378.4	2551	0	0	0	0	0.0	0.0	0.0	0.0	0	0	0	0
VPS35	4.65161018442372	0.6676033127100686	0.5742256844398962	raw__HeLa_TE_GSE143301	VPS35	NM_018206.6	6776	0	1	3	4	0.0	0.14757969303423848	0.4427390791027155	0.5903187721369539	0	0	0	0
VPS4A	1.12622817285501	0.05162638711654603	-0.26716469872423754	raw__HeLa_TE_GSE143301	VPS4A	NM_013245.3	4106	0	0	0	0	0.0	0.0	0.0	0.0	0	0	0	0
WBP11	1.97392824013548	0.29533136035000174	0.06572280450541028	raw__HeLa_TE_GSE143301	WBP11	NM_016312.3	4581	0	0	0	4	0.0	0.0	0.0	0.8731717965509714	0	0	0	0
WDR1	4.32418207772986	0.6359039724432813	0.530926140341839	raw__HeLa_TE_GSE143301	WDR1	NM_017491.5	2993	0	1	6	3	0.0	0.3341129301703976	2.0046775810223854	1.0023387905111927	1	0	0	1
WDR77	4.14569817121923	0.6175976799706725	0.5059207581629502	raw__HeLa_TE_GSE143301	WDR77	NM_024102.4	2456	0	0	0	3	0.0	0.0	0.0	1.221498371335505	0	0	0	0
XPO1	4.08374469970394	0.611058583812646	0.4969887147805659	raw__HeLa_TE_GSE143301	XPO1	NM_003400.4	4988	0	0	1	1	0.0	0.0	0.20048115477145148	0.20048115477145148	0	0	0	0
XRCC5	4.40962140063767	0.644401303601123	0.5425330243365277	raw__HeLa_TE_GSE143301	XRCC5	NM_021141.4	3379	0	0	4	3	0.0	0.0	1.1837821840781295	0.8878366380585972	1	0	0	1
XRCC6	1.40602290324824	0.14799239513139736	-0.1355340660840814	raw__HeLa_TE_GSE143301	XRCC6	NM_001469.5	2122	0	1	8	9	0.0	0.471253534401508	3.770028275212064	4.2412818096135725	0	0	0	0
XRN2	3.04352945994142	0.483377509876796	0.3225834355273221	raw__HeLa_TE_GSE143301	XRN2	NM_012255.5	3408	0	0	0	0	0.0	0.0	0.0	0.0	0	0	0	0
YBX1	0.25225118515729	-0.5981667846309444	-1.1547462022477	raw__HeLa_TE_GSE143301	YBX1	NM_004559.5	2979	1	0	1	13	0.3356831151393085	0.0	0.3356831151393085	4.36388049681101	2	0	0	2
YWHAB	16.2765577360479	1.211562563064874	1.317243909742259	raw__HeLa_TE_GSE143301	YWHAB	NM_139323.4	3020	0	1	4	3	0.0	0.33112582781456956	1.3245033112582782	0.9933774834437086	0	0	0	0
YWHAE	3.65845629898459	0.5632978716631933	0.4317502257626545	raw__HeLa_TE_GSE143301	YWHAE	NM_006761.5	2052	0	0	3	0	0.0	0.0	1.4619883040935673	0.0	1	0	0	1
YWHAG	11.3546460934454	1.0551736024871468	1.1036252464516705	raw__HeLa_TE_GSE143301	YWHAG	NM_012479.4	3705	0	0	2	2	0.0	0.0	0.5398110661268556	0.5398110661268556	0	0	0	0
YWHAH	11.4157212207172	1.0575033544844366	1.106807558717326	raw__HeLa_TE_GSE143301	YWHAH	NM_003405.4	1751	0	0	0	2	0.0	0.0	0.0	1.1422044545973729	0	0	0	0
YWHAQ	2.96877635890926	0.4725774829615383	0.3078311965929564	raw__HeLa_TE_GSE143301	YWHAQ	NM_006826.4	2196	1	2	3	8	0.4553734061930783	0.9107468123861566	1.366120218579235	3.6429872495446265	0	0	0	0
YWHAZ	0.619850196989994	-0.20771325643971933	-0.6214082961628987	raw__HeLa_TE_GSE143301	YWHAZ	NM_145690.3	5011	0	0	3	3	0.0	0.0	0.5986828976252245	0.5986828976252245	0	0	0	0
ZNF207	2.56642288705245	0.4093282196076018	0.22143620399328967	raw__HeLa_TE_GSE143301	ZNF207	NM_001098507.2	13740	0	0	2	3	0.0	0.0	0.14556040756914118	0.2183406113537118	0	0	0	0
ABCE1	0.955039456776206	-0.01997868547782731	-0.4337638657994669	raw__HeLa_TE_GSE188692	ABCE1	NM_002940.3	3887	0	0	1	2	0.0	0.0	0.2572678157962439	0.5145356315924878	0	0	0	0
ABHD14B	0.82695429	-0.08251849546487477	-0.5922049546462079	raw__HeLa_TE_GSE188692	ABHD14B	NM_001146314.2	1657	0	0	0	0	0.0	0.0	0.0	0.0	0	0	0	0
ACADM	1.54625354041852	0.18928070703165828	0.09638302795472257	raw__HeLa_TE_GSE188692	ACADM	NM_000016.6	2261	0	0	0	1	0.0	0.0	0.0	0.44228217602830605	0	0	0	0
ACAT1	2.80320956468331	0.4476555663237801	0.7509611925725193	raw__HeLa_TE_GSE188692	ACAT1	NM_000019.4	1537	0	0	0	3	0.0	0.0	0.0	1.951854261548471	0	0	0	0
ACAT2	1.41443462328099	0.1505828786898121	-0.0016557422263226232	raw__HeLa_TE_GSE188692	ACAT2	NM_005891.3	1520	0	1	2	0	0.0	0.6578947368421053	1.3157894736842106	0.0	0	0	0	0
ACIN1	1.63594276629584	0.21376810574319483	0.1584204744337521	raw__HeLa_TE_GSE188692	ACIN1	NM_001386863.1	4460	1	0	0	0	0.2242152466367713	0.0	0.0	0.0	1	0	0	1
ACLY	1.84934615369613	0.26701820838464146	0.29332661254736164	raw__HeLa_TE_GSE188692	ACLY	NM_001096.3	4293	0	2	3	2	0.0	0.4658746797111577	0.6988120195667366	0.4658746797111577	2	0	0	2
ACOT7	0.488765038477279	-0.31089986688053395	-1.170796305769648	raw__HeLa_TE_GSE188692	ACOT7	NM_007274.4	1806	0	0	0	2	0.0	0.0	0.0	1.1074197120708749	0	0	0	0
ACP1	0.582536390400121	-0.2346769395614753	-0.9776898092513685	raw__HeLa_TE_GSE188692	ACP1	NM_004300.4	1474	0	0	0	2	0.0	0.0	0.0	1.3568521031207599	0	0	0	0
ACTB	3.69447330957935	0.5675525333811077	1.054713410782315	raw__HeLa_TE_GSE188692	ACTB	NM_001101.5	1812	1	0	2	31	0.5518763796909493	0.0	1.1037527593818985	17.108167770419428	1	0	0	1
ACTG1	8.09032757088108	0.9079661062038674	1.9171320389715902	raw__HeLa_TE_GSE188692	ACTG1	NM_001614.5	1919	0	0	8	11	0.0	0.0	4.168837936425222	5.732152162584679	1	0	0	1
ACTN1	1.26880214234844	0.1033939032721732	-0.12120635564010315	raw__HeLa_TE_GSE188692	ACTN1	NM_001130004.2	3722	0	1	1	0	0.0	0.2686727565824825	0.2686727565824825	0.0	0	0	0	0
ACTN4	4.0706630013233	0.6096651498557544	1.1614033545127187	raw__HeLa_TE_GSE188692	ACTN4	NM_004924.6	4990	0	0	1	0	0.0	0.0	0.20040080160320642	0.0	1	0	0	1
ACTR1A	1.39471232715612	0.14448463942875614	-0.017105288183845716	raw__HeLa_TE_GSE188692	ACTR1A	NM_005736.4	2830	0	0	0	1	0.0	0.0	0.0	0.35335689045936397	0	0	0	0
ACTR3	3.48759881340575	0.5425265212304458	0.9913114174685544	raw__HeLa_TE_GSE188692	ACTR3	NM_005721.5	6589	0	0	1	2	0.0	0.0	0.15176809834572771	0.30353619669145543	0	0	0	0
ADA	0.500428176232039	-0.30065824566607274	-1.1448497348236988	raw__HeLa_TE_GSE188692	ADA	NM_000022.4	1496	0	0	0	0	0.0	0.0	0.0	0.0	0	0	0	0
ADH5	4.38267316810467	0.6417390849407355	1.2426608639217909	raw__HeLa_TE_GSE188692	ADH5	NM_000671.4	2652	0	0	0	2	0.0	0.0	0.0	0.7541478129713424	0	0	0	0
ADK	2.15540663467679	0.33352921534909763	0.46182850543645315	raw__HeLa_TE_GSE188692	ADK	NM_006721.4	1992	0	1	2	4	0.0	0.5020080321285141	1.0040160642570282	2.0080321285140563	0	0	0	0
ADRM1	0.84551794	-0.07287717321071208	-0.567779207331206	raw__HeLa_TE_GSE188692	ADRM1	NM_007002.4	1379	0	0	1	1	0.0	0.0	0.7251631617113851	0.7251631617113851	0	0	0	0
AHCY	0.753431963059648	-0.12295595954291999	-0.6946509940577986	raw__HeLa_TE_GSE188692	AHCY	NM_000687.4	2150	0	0	3	0	0.0	0.0	1.3953488372093024	0.0	0	0	0	0
AHNAK	1.46630084439378	0.166223084667872	0.037967839384564016	raw__HeLa_TE_GSE188692	AHNAK	NM_001620.3	18761	2	0	7	3	0.10660412557965994	0.0	0.37311443952880974	0.1599061883694899	2	1	0	3
AHSA1	1.32012378544171	0.1206146560647451	-0.0775785476282026	raw__HeLa_TE_GSE188692	AHSA1	NM_012111.3	1337	0	1	2	3	0.0	0.7479431563201197	1.4958863126402393	2.243829468960359	0	0	0	0
AIMP2	3.89797841735671	0.5908394301513217	1.11370945315754	raw__HeLa_TE_GSE188692	AIMP2	NM_006303.4	1198	0	0	2	1	0.0	0.0	1.669449081803005	0.8347245409015025	0	0	0	0
AK2	0.433101883606547	-0.36340992747276546	-1.3038275890013145	raw__HeLa_TE_GSE188692	AK2	NM_001625.4	5970	1	1	3	3	0.16750418760469013	0.16750418760469013	0.5025125628140703	0.5025125628140703	0	0	0	0
AKR1A1	0.110260601691131	-0.9575796419091258	-2.8091231205123868	raw__HeLa_TE_GSE188692	AKR1A1	NM_153326.3	1407	0	1	1	1	0.0	0.7107320540156361	0.7107320540156361	0.7107320540156361	1	0	0	1
AKR1B1	3.03316391869208	0.4818958811513538	0.8377071031350802	raw__HeLa_TE_GSE188692	AKR1B1	NM_001628.4	1361	0	0	3	0	0.0	0.0	2.204261572373255	0.0	0	0	0	0
ALDH18A1	2.63144062728196	0.42019357555614184	0.6813877845301074	raw__HeLa_TE_GSE188692	ALDH18A1	NM_002860.4	3352	1	1	1	0	0.29832935560859186	0.29832935560859186	0.29832935560859186	0.0	1	0	0	1
ALDH9A1	1.95505850493532	0.2911597581464116	0.3544878701766195	raw__HeLa_TE_GSE188692	ALDH9A1	NM_000696.4	2395	0	0	1	0	0.0	0.0	0.4175365344467641	0.0	0	0	0	0
ALDOA	7.13219661045211	0.8532233066930972	1.778444237348886	raw__HeLa_TE_GSE188692	ALDOA	NM_001243177.4	1640	0	0	0	0	0.0	0.0	0.0	0.0	0	0	0	0
ALYREF	1.5521552691209	0.19093516353912457	0.10057450040318101	raw__HeLa_TE_GSE188692	ALYREF	NM_005782.4	1097	0	0	2	1	0.0	0.0	1.8231540565177757	0.9115770282588879	0	0	0	0
ANP32A	2.99343704582875	0.47617012904703465	0.8232012324254838	raw__HeLa_TE_GSE188692	ANP32A	NM_006305.4	2440	0	0	0	1	0.0	0.0	0.0	0.4098360655737705	0	0	0	0
ANP32B	3.37157668	0.5278330413142095	0.9540863130533291	raw__HeLa_TE_GSE188692	ANP32B	NM_006401.3	1483	0	0	1	1	0.0	0.0	0.6743088334457181	0.6743088334457181	0	0	0	0
ANP32E	4.34360856032152	0.6378506803579056	1.23280980975153	raw__HeLa_TE_GSE188692	ANP32E	NM_030920.5	3407	0	0	0	2	0.0	0.0	0.0	0.587026709715292	0	0	0	0
ANXA1	2.92263565079363	0.46577467758372976	0.7968649412016922	raw__HeLa_TE_GSE188692	ANXA1	NM_000700.3	1401	0	0	1	0	0.0	0.0	0.7137758743754461	0.0	0	0	0	0
ANXA2	2.27168575649322	0.35634825500561446	0.5196392581452364	raw__HeLa_TE_GSE188692	ANXA2	NM_004039.3	1554	0	0	7	11	0.0	0.0	4.504504504504505	7.078507078507078	2	0	0	2
ANXA4	1.14679957881119	0.059487524769729745	-0.23244069451457444	raw__HeLa_TE_GSE188692	ANXA4	NM_001153.5	2651	0	0	0	0	0.0	0.0	0.0	0.0	0	0	0	0
ANXA5	1.98469383005659	0.2976935195764101	0.3710407870378668	raw__HeLa_TE_GSE188692	ANXA5	NM_001154.4	1638	0	1	4	2	0.0	0.6105006105006106	2.442002442002442	1.221001221001221	0	0	0	0
ANXA6	1.51823985168788	0.1813403868664375	0.07626667369925118	raw__HeLa_TE_GSE188692	ANXA6	NM_001155.5	2889	0	1	0	1	0.0	0.3461405330564209	0.0	0.3461405330564209	0	0	0	0
ANXA7	2.03571225282344	0.3087163906379198	0.3989666105023854	raw__HeLa_TE_GSE188692	ANXA7	NM_001156.5	2443	0	0	1	1	0.0	0.0	0.4093327875562833	0.4093327875562833	0	0	0	0
AP2B1	3.49206768	0.54308265220584	0.9927203439955316	raw__HeLa_TE_GSE188692	AP2B1	NM_001030006.2	5700	2	2	3	2	0.3508771929824561	0.3508771929824561	0.5263157894736842	0.3508771929824561	2	2	1	5
AP2M1	1.49866691241222	0.17570511905526287	0.06199003985385867	raw__HeLa_TE_GSE188692	AP2M1	NM_004068.4	1931	0	3	5	3	0.0	1.5535991714137753	2.589331952356292	1.5535991714137753	2	0	0	2
APEH	0.879367501817504	-0.05582958834347125	-0.5245901105121995	raw__HeLa_TE_GSE188692	APEH	NM_001640.4	2879	0	0	2	0	0.0	0.0	0.6946856547412296	0.0	0	0	0	0
APEX1	1.94658307367465	0.2892729426900026	0.3497077294082318	raw__HeLa_TE_GSE188692	APEX1	NM_001641.4	1453	0	0	0	4	0.0	0.0	0.0	2.752924982794219	0	0	0	0
API5	1.02730506185099	0.011699428023163459	-0.353509148096501	raw__HeLa_TE_GSE188692	API5	NM_001142930.2	3726	0	0	0	1	0.0	0.0	0.0	0.2683843263553409	0	0	0	0
APRT	0.739442597412484	-0.13109553443871533	-0.7152721489590768	raw__HeLa_TE_GSE188692	APRT	NM_000485.3	931	0	0	1	1	0.0	0.0	1.0741138560687433	1.0741138560687433	0	0	0	0
ARF4	3.25772601194408	0.5129145555696395	0.916291169035402	raw__HeLa_TE_GSE188692	ARF4	NM_001660.4	1596	0	0	0	3	0.0	0.0	0.0	1.8796992481203008	0	0	0	0
ARHGDIA	2.62106535716679	0.41847785036399887	0.6770410913172368	raw__HeLa_TE_GSE188692	ARHGDIA	NM_004309.6	1837	0	0	1	3	0.0	0.0	0.5443658138268916	1.633097441480675	0	0	0	0
ARPC1B	0.428014735192068	-0.36854127934559455	-1.316827580177418	raw__HeLa_TE_GSE188692	ARPC1B	NM_005720.4	1511	0	0	1	0	0.0	0.0	0.6618133686300464	0.0	0	0	0	0
ARPC2	1.25747084360837	0.09949792406053336	-0.1310765997061521	raw__HeLa_TE_GSE188692	ARPC2	NM_152862.3	1410	1	0	2	3	0.7092198581560284	0.0	1.4184397163120568	2.127659574468085	0	0	0	0
ARPC3	0.826956272492754	-0.082517454313457	-0.5922023169476872	raw__HeLa_TE_GSE188692	ARPC3	NM_001278556.2	946	0	0	0	1	0.0	0.0	0.0	1.0570824524312896	0	0	0	0
ASNS	1.66047857609252	0.2202332765951555	0.17479962092583473	raw__HeLa_TE_GSE188692	ASNS	NM_001673.5	2385	0	0	2	0	0.0	0.0	0.8385744234800838	0.0	0	0	0	0
ATIC	2.52488025658688	0.4022407863609395	0.6359054034913262	raw__HeLa_TE_GSE188692	ATIC	NM_004044.7	1972	1	2	3	4	0.5070993914807302	1.0141987829614605	1.5212981744421907	2.028397565922921	2	1	0	3
ATP6V1A	0.605395178453963	-0.21796104221521825	-0.9353410240993213	raw__HeLa_TE_GSE188692	ATP6V1A	NM_001690.4	4575	0	0	0	0	0.0	0.0	0.0	0.0	0	0	0	0
ATRX	1.86736540428876	0.2712293085965369	0.3039951979324729	raw__HeLa_TE_GSE188692	ATRX	NM_000489.6	11165	0	0	0	0	0.0	0.0	0.0	0.0	0	0	0	0
ATXN10	2.604846482912	0.4157821331676701	0.6702116435159455	raw__HeLa_TE_GSE188692	ATXN10	NM_013236.4	3294	0	1	7	2	0.0	0.3035822707953855	2.125075895567699	0.607164541590771	1	0	0	1
ATXN2L	2.26742851747314	0.35553360446143223	0.5175753868402778	raw__HeLa_TE_GSE188692	ATXN2L	NM_007245.4	4456	0	0	0	0	0.0	0.0	0.0	0.0	0	0	0	0
BAG2	0.734521189442826	-0.13399567118025085	-0.7226194821733686	raw__HeLa_TE_GSE188692	BAG2	NM_004282.4	6651	0	0	0	2	0.0	0.0	0.0	0.30070666065253343	0	0	0	0
BANF1	0.992345778648885	-0.0033369734172671887	-0.3916030248935675	raw__HeLa_TE_GSE188692	BANF1	NM_003860.4	731	0	0	1	4	0.0	0.0	1.3679890560875514	5.471956224350206	0	0	0	0
BCCIP	1.08900831091535	0.03703119414595248	-0.2893325443022629	raw__HeLa_TE_GSE188692	BCCIP	NM_078468.3	1234	0	0	0	0	0.0	0.0	0.0	0.0	0	0	0	0
BCLAF1	0.336230577211595	-0.47336279383996865	-1.5823869877690422	raw__HeLa_TE_GSE188692	BCLAF1	NM_014739.3	7494	0	0	0	2	0.0	0.0	0.0	0.26688017080330934	0	0	0	0
BLVRA	0.919520871753511	-0.03643840847647301	-0.47546364765939403	raw__HeLa_TE_GSE188692	BLVRA	NM_000712.4	1074	0	0	0	0	0.0	0.0	0.0	0.0	0	0	0	0
BSG	4.98520735903851	0.6976832274447179	1.3843922004059277	raw__HeLa_TE_GSE188692	BSG	NM_001728.4	1946	0	1	7	2	0.0	0.513874614594039	3.597122302158273	1.027749229188078	3	1	0	4
BTF3	2.94407775255549	0.4689492754548303	0.8049076062409989	raw__HeLa_TE_GSE188692	BTF3	NM_001037637.2	1276	0	0	2	15	0.0	0.0	1.567398119122257	11.755485893416928	0	0	0	0
BUB3	1.4347954333317	0.1567899857332295	0.014069614130708378	raw__HeLa_TE_GSE188692	BUB3	NM_004725.4	7703	0	0	0	0	0.0	0.0	0.0	0.0	0	0	0	0
BZW1	0.850747860748796	-0.07019913428758805	-0.5609945464401416	raw__HeLa_TE_GSE188692	BZW1	NM_001207067.2	6511	0	1	1	4	0.0	0.1535862386730149	0.1535862386730149	0.6143449546920596	1	0	0	1
C1QBP	4.16514890043971	0.6196305316691971	1.1866500884830071	raw__HeLa_TE_GSE188692	C1QBP	NM_001212.4	1169	0	0	1	6	0.0	0.0	0.8554319931565441	5.132591958939265	0	0	0	0
CACYBP	1.07277537673161	0.03050879665533092	-0.30585667126266397	raw__HeLa_TE_GSE188692	CACYBP	NM_014412.3	2869	0	0	1	6	0.0	0.0	0.34855350296270476	2.0913210177762287	0	0	0	0
CAD	0.81519892959021	-0.08873639925846316	-0.6079576639621534	raw__HeLa_TE_GSE188692	CAD	NM_004341.5	7286	0	0	0	2	0.0	0.0	0.0	0.2744990392533626	0	0	0	0
CALR	8.72269659113867	0.9406507663098399	1.999936785849594	raw__HeLa_TE_GSE188692	CALR	NM_004343.4	1901	0	2	4	8	0.0	1.0520778537611783	2.1041557075223567	4.208311415044713	1	1	0	2
CALU	3.90207172677108	0.5912952482093405	1.1148642425539816	raw__HeLa_TE_GSE188692	CALU	NM_001219.5	5266	0	1	6	3	0.0	0.189897455374098	1.139384732244588	0.569692366122294	0	0	0	0
CAND1	3.61992024661777	0.5586990023466009	1.0322834881852334	raw__HeLa_TE_GSE188692	CAND1	NM_018448.5	11176	0	0	0	2	0.0	0.0	0.0	0.17895490336435219	0	0	0	0
CAP1	1.41277750972571	0.15007377267193844	-0.0029455336699972445	raw__HeLa_TE_GSE188692	CAP1	NM_006367.4	2626	0	2	6	2	0.0	0.7616146230007617	2.2848438690022848	0.7616146230007617	0	0	0	0
CAPG	2.54435521639898	0.40557774288548576	0.6443593950415539	raw__HeLa_TE_GSE188692	CAPG	NM_001747.4	1250	0	2	0	2	0.0	1.6	0.0	1.6	2	0	0	2
CAPN1	0.66156187	-0.17942953387540775	-0.8377236162829043	raw__HeLa_TE_GSE188692	CAPN1	NM_005186.4	2952	0	1	1	0	0.0	0.33875338753387535	0.33875338753387535	0.0	1	0	0	1
CAPNS1	0.58636599	-0.23183122728860528	-0.9704803573654186	raw__HeLa_TE_GSE188692	CAPNS1	NM_001749.4	1428	2	3	5	0	1.4005602240896358	2.100840336134454	3.5014005602240896	0.0	2	1	0	3
CAPRIN1	5.47510855986295	0.7383927347417486	1.4875274460021608	raw__HeLa_TE_GSE188692	CAPRIN1	NM_005898.5	5514	0	1	2	3	0.0	0.18135654697134568	0.36271309394269136	0.544069640914037	0	0	0	0
CAPZA1	1.05694453628874	0.024052198077777014	-0.3222141003799867	raw__HeLa_TE_GSE188692	CAPZA1	NM_006135.3	2358	0	1	1	1	0.0	0.42408821034775235	0.42408821034775235	0.42408821034775235	0	0	0	0
CAPZB	5.86521089928146	0.7682836329472738	1.5632543543389685	raw__HeLa_TE_GSE188692	CAPZB	NM_004930.5	1675	0	1	1	3	0.0	0.5970149253731343	0.5970149253731343	1.791044776119403	0	0	0	0
CBX1	0.814816984937668	-0.08893992666767297	-0.6084732891988153	raw__HeLa_TE_GSE188692	CBX1	NM_001127228.2	2182	0	0	0	1	0.0	0.0	0.0	0.458295142071494	0	0	0	0
CBX3	2.86486601630259	0.45710431574805016	0.7748990674610329	raw__HeLa_TE_GSE188692	CBX3	NM_016587.4	2061	0	0	2	5	0.0	0.0	0.970402717127608	2.42600679281902	0	0	0	0
CCT2	3.98886415632018	0.6008492463461608	1.1390687591323185	raw__HeLa_TE_GSE188692	CCT2	NM_006431.3	1916	1	0	2	4	0.5219206680584552	0.0	1.0438413361169103	2.0876826722338206	1	0	0	1
CCT3	5.06006774367265	0.7041563311691023	1.4007914443838319	raw__HeLa_TE_GSE188692	CCT3	NM_005998.5	1977	0	0	2	16	0.0	0.0	1.0116337885685383	8.093070308548306	0	0	0	0
CCT4	3.77323980190735	0.5767144069332174	1.0779245017941532	raw__HeLa_TE_GSE188692	CCT4	NM_006430.4	2376	0	0	2	6	0.0	0.0	0.8417508417508418	2.525252525252525	0	0	0	0
CCT5	4.34141125	0.6376309273144198	1.2322530777836125	raw__HeLa_TE_GSE188692	CCT5	NM_012073.5	3293	0	0	9	14	0.0	0.0	2.733070148800486	4.251442453689645	1	0	0	1
CCT6A	2.44490468127028	0.3882619320873351	0.6004907629224069	raw__HeLa_TE_GSE188692	CCT6A	NM_001762.4	2584	0	0	3	9	0.0	0.0	1.1609907120743035	3.48297213622291	0	0	0	0
CCT7	5.57585286581655	0.7463113051891196	1.507588698571539	raw__HeLa_TE_GSE188692	CCT7	NM_006429.4	1847	1	1	3	7	0.5414185165132648	0.5414185165132648	1.6242555495397943	3.7899296155928535	1	1	0	2
CCT8	3.03569953668553	0.48225878434564823	0.8386264979535468	raw__HeLa_TE_GSE188692	CCT8	NM_006585.4	1854	0	1	5	14	0.0	0.5393743257820928	2.696871628910464	7.5512405609492985	1	0	0	1
CDC37	0.915328674471318	-0.038422932295853675	-0.48049132706632036	raw__HeLa_TE_GSE188692	CDC37	NM_007065.4	1618	1	1	0	3	0.6180469715698393	0.6180469715698393	0.0	1.854140914709518	1	1	0	2
CDC42	0.08269563	-1.082517439867415	-3.125646000110602	raw__HeLa_TE_GSE188692	CDC42	NM_001791.4	10503	1	1	3	3	0.09521089212605922	0.09521089212605922	0.2856326763781777	0.2856326763781777	1	1	1	3
CDK1	1.01065028251768	0.004600901735895609	-0.3714928649385391	raw__HeLa_TE_GSE188692	CDK1	NM_001786.5	1889	0	0	0	0	0.0	0.0	0.0	0.0	0	0	0	0
CDK6	0.575165053033854	-0.24020750950909575	-0.9917011969518672	raw__HeLa_TE_GSE188692	CDK6	NM_001145306.2	11663	0	1	0	0	0.0	0.08574123295892995	0.0	0.0	1	0	0	1
CDV3	0.875798268733687	-0.0575959176505724	-0.529065006402305	raw__HeLa_TE_GSE188692	CDV3	NM_017548.5	3351	0	0	0	1	0.0	0.0	0.0	0.29841838257236647	0	0	0	0
CFL1	6.33244639062568	0.8015715218176591	1.6475873473417535	raw__HeLa_TE_GSE188692	CFL1	NM_005507.3	1245	0	1	3	14	0.0	0.8032128514056225	2.4096385542168677	11.244979919678714	1	0	0	1
CFL2	2.21426000909409	0.34522861649063197	0.49146827978343977	raw__HeLa_TE_GSE188692	CFL2	NM_138638.5	4306	0	0	0	0	0.0	0.0	0.0	0.0	0	0	0	0
CHORDC1	0.36942295653581	-0.4324761203006318	-1.4788029014688848	raw__HeLa_TE_GSE188692	CHORDC1	NM_012124.3	3070	0	2	0	3	0.0	0.6514657980456026	0.0	0.9771986970684039	2	0	0	2
CIAPIN1	1.95506818365206	0.29116190816026377	0.35449331711571064	raw__HeLa_TE_GSE188692	CIAPIN1	NM_020313.4	2021	0	0	0	1	0.0	0.0	0.0	0.49480455220188024	0	0	0	0
CIRBP	0.129470168188116	-0.8878302878280827	-2.6324170574583716	raw__HeLa_TE_GSE188692	CIRBP	NM_001300829.2	3346	0	0	0	1	0.0	0.0	0.0	0.2988643156007173	0	0	0	0
CKB	1.79619637444083	0.2543538154459232	0.2612420857921785	raw__HeLa_TE_GSE188692	CKB	NM_001823.5	1420	0	0	0	4	0.0	0.0	0.0	2.816901408450704	0	0	0	0
CLIC1	2.74041492	0.4378163233401318	0.7260340242283915	raw__HeLa_TE_GSE188692	CLIC1	NM_001288.6	1199	0	0	0	0	0.0	0.0	0.0	0.0	0	0	0	0
CLTA	1.70077441407864	0.23064671383724009	0.20118147810792075	raw__HeLa_TE_GSE188692	CLTA	NM_001833.4	1078	1	0	0	5	0.9276437847866419	0.0	0.0	4.638218923933209	1	0	0	1
CLTC	2.75873525674246	0.4407100252154734	0.7333650550713368	raw__HeLa_TE_GSE188692	CLTC	NM_004859.4	8369	0	1	7	6	0.0	0.1194885888397658	0.8364201218783606	0.7169315330385948	0	0	0	0
CLUH	0.891304676567092	-0.04997381478043872	-0.5097548377545914	raw__HeLa_TE_GSE188692	CLUH	NM_001366661.1	5357	0	1	2	1	0.0	0.1866716445771887	0.3733432891543774	0.1866716445771887	1	1	0	2
CMPK1	0.767685659800243	-0.11481657184305588	-0.6740303134068767	raw__HeLa_TE_GSE188692	CMPK1	NM_016308.3	2937	0	0	0	2	0.0	0.0	0.0	0.6809669731018045	0	0	0	0
CNBP	2.81654596418414	0.44971684303050435	0.7561833210998596	raw__HeLa_TE_GSE188692	CNBP	NM_003418.5	3295	0	0	4	5	0.0	0.0	1.2139605462822458	1.5174506828528074	0	0	0	0
CNDP2	1.61954962638281	0.20939426023999108	0.14733958301245503	raw__HeLa_TE_GSE188692	CNDP2	NM_018235.3	4975	0	1	1	1	0.0	0.20100502512562815	0.20100502512562815	0.20100502512562815	0	0	0	0
CNPY2	0.24438264632115	-0.6119296367050447	-1.9334382855926993	raw__HeLa_TE_GSE188692	CNPY2	NM_014255.7	1450	1	2	1	2	0.6896551724137931	1.3793103448275863	0.6896551724137931	1.3793103448275863	1	1	1	3
COPA	1.0564748894124	0.023859179079546444	-0.32270310314884854	raw__HeLa_TE_GSE188692	COPA	NM_004371.4	5318	0	1	1	1	0.0	0.188040616773223	0.188040616773223	0.188040616773223	0	0	0	0
COPB1	6.9246259524376	0.84039631908238	1.7459477861430603	raw__HeLa_TE_GSE188692	COPB1	NM_001144061.2	3336	0	0	1	0	0.0	0.0	0.2997601918465228	0.0	0	0	0	0
COPB2	2.20967702879216	0.344328800896165	0.48918864761669434	raw__HeLa_TE_GSE188692	COPB2	NM_004766.3	3275	0	2	1	2	0.0	0.6106870229007634	0.3053435114503817	0.6106870229007634	0	0	0	0
COPE	1.35209160054108	0.13100611487629155	-0.051252371562933594	raw__HeLa_TE_GSE188692	COPE	NM_007263.4	1131	0	0	0	1	0.0	0.0	0.0	0.8841732979664014	0	0	0	0
COPS4	2.52340972705343	0.40198777281299114	0.6352644079072619	raw__HeLa_TE_GSE188692	COPS4	NM_016129.3	1651	0	0	1	2	0.0	0.0	0.6056935190793459	1.2113870381586918	0	0	0	0
CORO1C	1.00987681711869	0.0042684025863490346	-0.37233523282078385	raw__HeLa_TE_GSE188692	CORO1C	NM_014325.4	3814	0	0	1	1	0.0	0.0	0.26219192448872575	0.26219192448872575	0	0	0	0
COTL1	5.88794975695184	0.7699640954239282	1.567511711446743	raw__HeLa_TE_GSE188692	COTL1	NM_021149.5	1842	0	0	1	4	0.0	0.0	0.5428881650380022	2.1715526601520088	0	0	0	0
COX5A	0.41347658	-0.38354908457532066	-1.3548490100840658	raw__HeLa_TE_GSE188692	COX5A	NM_004255.4	1173	0	0	2	5	0.0	0.0	1.7050298380221653	4.262574595055414	0	0	0	0
CPNE1	1.58238025712145	0.1993108557263727	0.1217938451736173	raw__HeLa_TE_GSE188692	CPNE1	NM_152925.3	1952	0	0	0	0	0.0	0.0	0.0	0.0	0	0	0	0
CPNE3	2.56807578836451	0.409607836368316	0.6545694100656805	raw__HeLa_TE_GSE188692	CPNE3	NM_003909.5	4857	0	0	1	1	0.0	0.0	0.20588840848260243	0.20588840848260243	0	0	0	0
CPS1	4.13230088575616	0.6161919363388977	1.17793860073866	raw__HeLa_TE_GSE188692	CPS1	NM_001875.5	5760	0	0	1	17	0.0	0.0	0.1736111111111111	2.951388888888889	0	0	0	0
CPSF6	1.08433654427414	0.035164094598289515	-0.29406273592545856	raw__HeLa_TE_GSE188692	CPSF6	NM_007007.3	6584	0	0	0	0	0.0	0.0	0.0	0.0	0	0	0	0
CPSF7	2.36793643526245	0.3743700400334486	0.5652964362428883	raw__HeLa_TE_GSE188692	CPSF7	NM_001142565.3	3487	0	0	0	0	0.0	0.0	0.0	0.0	0	0	0	0
CS	3.30782115838879	0.5195420208247329	0.9330814792638535	raw__HeLa_TE_GSE188692	CS	NM_004077.3	2915	0	1	1	3	0.0	0.34305317324185247	0.34305317324185247	1.0291595197255574	0	0	0	0
CSDE1	1.59385882194236	0.20244985058158016	0.12974631197590522	raw__HeLa_TE_GSE188692	CSDE1	NM_001007553.3	4097	0	0	0	1	0.0	0.0	0.0	0.24408103490358798	0	0	0	0
CSE1L	2.57605721570851	0.410955504724472	0.6579836519989047	raw__HeLa_TE_GSE188692	CSE1L	NM_001316.4	3550	0	1	6	2	0.0	0.28169014084507044	1.6901408450704225	0.5633802816901409	0	0	0	0
CSNK2B	0.36789562	-0.43427538265311905	-1.4833612313759965	raw__HeLa_TE_GSE188692	CSNK2B	NM_001320.7	929	0	0	0	0	0.0	0.0	0.0	0.0	0	0	0	0
CSTB	2.63137694836938	0.42018306582444354	0.68136115871634	raw__HeLa_TE_GSE188692	CSTB	NM_000100.4	588	0	0	1	3	0.0	0.0	1.7006802721088434	5.1020408163265305	0	0	0	0
CTNNBL1	1.16507214554579	0.06635281930392742	-0.2150478571926008	raw__HeLa_TE_GSE188692	CTNNBL1	NM_030877.5	1890	0	0	0	0	0.0	0.0	0.0	0.0	0	0	0	0
CTPS1	0.937075034211494	-0.028225632549460564	-0.4546570420652988	raw__HeLa_TE_GSE188692	CTPS1	NM_001905.4	2840	0	0	2	2	0.0	0.0	0.704225352112676	0.704225352112676	0	0	0	0
CTSC	4.97203967139272	0.6965345851743966	1.38148217985993	raw__HeLa_TE_GSE188692	CTSC	NM_001814.6	1870	1	1	0	5	0.5347593582887701	0.5347593582887701	0.0	2.6737967914438503	1	1	0	2
CUTA	2.14261295279525	0.3309437260363802	0.4552783137746397	raw__HeLa_TE_GSE188692	CUTA	NM_001014840.2	855	0	0	1	0	0.0	0.0	1.1695906432748537	0.0	0	0	0	0
DAZAP1	1.89512978921395	0.2776389582667446	0.32023368463532986	raw__HeLa_TE_GSE188692	DAZAP1	NM_018959.4	2184	1	1	1	6	0.45787545787545786	0.45787545787545786	0.45787545787545786	2.7472527472527473	0	0	0	0
DBI	2.31546675879925	0.36463855057556827	0.5406422553918995	raw__HeLa_TE_GSE188692	DBI	NM_001079862.4	564	0	0	2	1	0.0	0.0	3.5460992907801416	1.7730496453900708	0	0	0	0
DCTN1	0.74054200334017	-0.1304503033797585	-0.7136374923849678	raw__HeLa_TE_GSE188692	DCTN1	NM_004082.5	4455	2	0	1	0	0.4489337822671156	0.0	0.2244668911335578	0.0	1	0	0	1
DCTN2	1.77978610893772	0.25036781282034287	0.2511437724734505	raw__HeLa_TE_GSE188692	DCTN2	NM_001261413.2	1973	0	1	1	2	0.0	0.5068423720223011	0.5068423720223011	1.0136847440446022	1	0	0	1
DDB1	4.4391630200891	0.6473010939834976	1.256751900800431	raw__HeLa_TE_GSE188692	DDB1	NM_001923.5	4245	0	1	8	4	0.0	0.23557126030624265	1.8845700824499412	0.9422850412249706	0	0	0	0
DDT	1.40948910911049	0.14906172449886584	-0.005509500758163766	raw__HeLa_TE_GSE188692	DDT	NM_001084392.3	565	0	0	0	0	0.0	0.0	0.0	0.0	0	0	0	0
DDX1	5.76383612835365	0.760711624889447	1.5440710980788865	raw__HeLa_TE_GSE188692	DDX1	NM_004939.3	2484	0	1	2	3	0.0	0.4025764895330113	0.8051529790660226	1.2077294685990339	0	0	0	0
DDX17	0.93926684387926	-0.02721100798858708	-0.45208654784363844	raw__HeLa_TE_GSE188692	DDX17	NM_006386.5	4761	0	0	3	7	0.0	0.0	0.630119722747322	1.4702793530770846	0	0	0	0
DDX21	2.46391783067417	0.391626220424277	0.609013998081098	raw__HeLa_TE_GSE188692	DDX21	NM_004728.4	4664	1	0	2	2	0.2144082332761578	0.0	0.4288164665523156	0.4288164665523156	1	0	0	1
DDX39A	0.865156200961814	-0.06290547508833283	-0.5425164713477103	raw__HeLa_TE_GSE188692	DDX39A	NM_005804.4	1498	0	0	1	1	0.0	0.0	0.6675567423230975	0.6675567423230975	0	0	0	0
DDX39B	0.464759895773116	-0.33277135436100297	-1.2262064883688768	raw__HeLa_TE_GSE188692	DDX39B	NM_004640.7	1681	0	0	1	0	0.0	0.0	0.594883997620464	0.0	0	0	0	0
DDX3X	1.68845782563234	0.22749021728182375	0.19318467173315354	raw__HeLa_TE_GSE188692	DDX3X	NM_001356.5	4635	0	0	3	1	0.0	0.0	0.6472491909385113	0.21574973031283712	0	0	0	0
DDX5	0.82758126	-0.08218935219037446	-0.5913710886845235	raw__HeLa_TE_GSE188692	DDX5	NM_004396.5	3684	0	0	4	8	0.0	0.0	1.0857763300760044	2.1715526601520088	1	0	0	1
DDX6	1.2260279565191	0.08850037330111603	-0.15893827561035237	raw__HeLa_TE_GSE188692	DDX6	NM_004397.6	6128	0	0	0	0	0.0	0.0	0.0	0.0	0	0	0	0
DEK	1.10729708220731	0.04426415552542154	-0.27100824372017207	raw__HeLa_TE_GSE188692	DEK	NM_003472.4	3142	0	0	1	6	0.0	0.0	0.31826861871419476	1.9096117122851686	0	0	0	0
DHX15	4.18967392283755	0.6221802236767998	1.1931095896869934	raw__HeLa_TE_GSE188692	DHX15	NM_001358.3	2998	0	0	2	1	0.0	0.0	0.66711140760507	0.333555703802535	0	0	0	0
DHX9	1.70602597424009	0.23198563901396013	0.20457356968811224	raw__HeLa_TE_GSE188692	DHX9	NM_001357.5	4493	0	2	1	2	0.0	0.44513687959047404	0.22256843979523702	0.44513687959047404	1	0	0	1
DIAPH1	0.46943036	-0.32842882621145403	-1.215204937700516	raw__HeLa_TE_GSE188692	DIAPH1	NM_005219.5	5735	1	0	1	1	0.17436791630340018	0.0	0.17436791630340018	0.17436791630340018	1	0	0	1
DLD	1.06217803110942	0.026197314719515433	-0.3167795680958194	raw__HeLa_TE_GSE188692	DLD	NM_000108.5	3537	0	0	0	1	0.0	0.0	0.0	0.2827254735651682	0	0	0	0
DLST	0.67224382	-0.1724731815958991	-0.8201000892879369	raw__HeLa_TE_GSE188692	DLST	NM_001933.5	2813	0	0	0	0	0.0	0.0	0.0	0.0	0	0	0	0
DNAJA1	5.75736028753349	0.7602234078452202	1.5428342276743097	raw__HeLa_TE_GSE188692	DNAJA1	NM_001539.4	2319	0	0	7	2	0.0	0.0	3.0185424752048298	0.8624407072013799	1	0	0	1
DNAJA2	1.06530197522478	0.027472732267149733	-0.31354836951969206	raw__HeLa_TE_GSE188692	DNAJA2	NM_005880.4	3008	0	0	0	2	0.0	0.0	0.0	0.6648936170212766	0	0	0	0
DNAJB1	0.80268061219321	-0.09545722676932429	-0.6249845022111424	raw__HeLa_TE_GSE188692	DNAJB1	NM_006145.3	2242	0	0	0	1	0.0	0.0	0.0	0.44603033006244425	0	0	0	0
DNAJC9	0.397636516125689	-0.40051373990931405	-1.3978280095978841	raw__HeLa_TE_GSE188692	DNAJC9	NM_015190.5	2295	0	0	0	0	0.0	0.0	0.0	0.0	0	0	0	0
DNM1L	0.218956248460245	-0.6596426566235627	-2.054316536256107	raw__HeLa_TE_GSE188692	DNM1L	NM_012062.5	4514	0	0	0	3	0.0	0.0	0.0	0.664599025254763	0	0	0	0
DNM2	0.414359743045225	-0.3826224449196394	-1.3525014206678987	raw__HeLa_TE_GSE188692	DNM2	NM_001005361.3	3633	0	0	0	2	0.0	0.0	0.0	0.5505092210294522	0	0	0	0
DNPH1	0.53319438	-0.27311443680478614	-1.0750690452457707	raw__HeLa_TE_GSE188692	DNPH1	NM_006443.3	654	0	2	1	4	0.0	3.058103975535168	1.529051987767584	6.116207951070336	0	0	0	0
DPP3	0.977534054096249	-0.009868104266136392	-0.40814927732557343	raw__HeLa_TE_GSE188692	DPP3	NM_130443.4	2660	0	0	1	0	0.0	0.0	0.37593984962406013	0.0	0	0	0	0
DPYSL2	0.349146322555252	-0.4569925278815136	-1.5409138402857745	raw__HeLa_TE_GSE188692	DPYSL2	NM_001197293.3	4798	0	0	0	0	0.0	0.0	0.0	0.0	0	0	0	0
DSTN	2.65394289756275	0.4238915743158355	0.6907564562635379	raw__HeLa_TE_GSE188692	DSTN	NM_006870.4	3405	0	0	1	1	0.0	0.0	0.2936857562408223	0.2936857562408223	0	0	0	0
DUT	1.52577271240337	0.18348984351346634	0.08171220114256525	raw__HeLa_TE_GSE188692	DUT	NM_001025248.2	2141	0	0	1	2	0.0	0.0	0.4670714619336759	0.9341429238673518	0	0	0	0
DYNC1H1	0.515748579941628	-0.28756195913641813	-1.1116710299629526	raw__HeLa_TE_GSE188692	DYNC1H1	NM_001376.5	19940	0	0	1	1	0.0	0.0	0.05015045135406219	0.05015045135406219	0	0	0	0
DYNLL1	1.95506788250548	0.29116184126422956	0.3544931476383729	raw__HeLa_TE_GSE188692	DYNLL1	NM_003746.3	663	0	0	1	3	0.0	0.0	1.5082956259426847	4.524886877828054	0	0	0	0
DYNLL2	0.4887703	-0.31089519175484953	-1.1707844616018437	raw__HeLa_TE_GSE188692	DYNLL2	NM_080677.3	6807	0	0	0	2	0.0	0.0	0.0	0.2938151902453357	0	0	0	0
EBNA1BP2	1.37203660514802	0.137365698252457	-0.035140724998289796	raw__HeLa_TE_GSE188692	EBNA1BP2	NM_006824.3	1352	0	0	0	0	0.0	0.0	0.0	0.0	0	0	0	0
ECH1	1.89088561574888	0.27666525811443576	0.31776687009953253	raw__HeLa_TE_GSE188692	ECH1	NM_001398.3	1200	0	0	1	0	0.0	0.0	0.8333333333333334	0.0	0	0	0	0
ECHS1	1.70447975718019	0.23159184780771105	0.20357592182974335	raw__HeLa_TE_GSE188692	ECHS1	NM_004092.4	1277	0	1	1	1	0.0	0.7830853563038371	0.7830853563038371	0.7830853563038371	0	0	0	0
ECI1	0.658314944101812	-0.1815662860786814	-0.8431369577329735	raw__HeLa_TE_GSE188692	ECI1	NM_001919.4	1507	0	0	0	0	0.0	0.0	0.0	0.0	0	0	0	0
EEF1B2	0.52510372	-0.2797549050232647	-1.0918922977501488	raw__HeLa_TE_GSE188692	EEF1B2	NM_001959.4	808	0	0	3	0	0.0	0.0	3.712871287128713	0.0	1	0	0	1
EEF1D	0.743567467858622	-0.12867961948990791	-0.7091515644045436	raw__HeLa_TE_GSE188692	EEF1D	NM_001130053.5	2090	0	0	1	0	0.0	0.0	0.4784688995215311	0.0	1	0	0	1
EEF1G	1.74583953128179	0.24200432305709646	0.22995534185746722	raw__HeLa_TE_GSE188692	EEF1G	NM_001404.5	1446	1	0	11	9	0.6915629322268326	0.0	7.607192254495159	6.224066390041494	1	0	0	1
EEF2	5.59602556	0.74787968947626	1.5115621118939675	raw__HeLa_TE_GSE188692	EEF2	NM_001961.4	3158	0	0	6	16	0.0	0.0	1.8999366687777075	5.06649778340722	0	0	0	0
EFHD2	0.620688989721296	-0.20712595840982762	-0.9078909490794688	raw__HeLa_TE_GSE188692	EFHD2	NM_024329.6	2422	0	0	0	2	0.0	0.0	0.0	0.8257638315441783	0	0	0	0
EFTUD2	5.09494726321793	0.7071396930702215	1.408349623855997	raw__HeLa_TE_GSE188692	EFTUD2	NM_004247.4	4326	0	0	2	2	0.0	0.0	0.4623208506703652	0.4623208506703652	0	0	0	0
EHD1	0.582537336480554	-0.23467623423699327	-0.9776880223514891	raw__HeLa_TE_GSE188692	EHD1	NM_006795.4	4453	0	0	0	1	0.0	0.0	0.0	0.22456770716370986	0	0	0	0
EIF1	1.93581218268175	0.28686321868427556	0.343602829259565	raw__HeLa_TE_GSE188692	EIF1	NM_005801.4	2338	1	0	0	6	0.42771599657827203	0.0	0.0	2.5662959794696323	1	0	0	1
EIF2A	0.92054200719038	-0.035956388501930205	-0.4742424771820891	raw__HeLa_TE_GSE188692	EIF2A	NM_032025.5	3879	0	0	0	0	0.0	0.0	0.0	0.0	0	0	0	0
EIF2S1	0.977103852311042	-0.010059274470934633	-0.40863359628032503	raw__HeLa_TE_GSE188692	EIF2S1	NM_004094.5	4154	0	0	1	1	0.0	0.0	0.2407318247472316	0.2407318247472316	0	0	0	0
EIF2S2	0.732542742129485	-0.13516703018282808	-0.7255870542820336	raw__HeLa_TE_GSE188692	EIF2S2	NM_003908.5	2556	0	0	0	0	0.0	0.0	0.0	0.0	0	0	0	0
EIF2S3	2.52263303795111	0.4018540792199463	0.6349257027135902	raw__HeLa_TE_GSE188692	EIF2S3	NM_001415.4	3457	0	0	3	8	0.0	0.0	0.8678044547295343	2.3141452126120914	0	0	0	0
EIF3A	4.88844453187763	0.6891706917032667	1.3628261701925062	raw__HeLa_TE_GSE188692	EIF3A	NM_003750.4	6659	0	2	1	9	0.0	0.3003453972067878	0.1501726986033939	1.351554287430545	0	0	0	0
EIF3B	1.53092816367149	0.18495481261006944	0.08542361789999854	raw__HeLa_TE_GSE188692	EIF3B	NM_001037283.2	3096	3	1	3	5	0.9689922480620154	0.32299741602067183	0.9689922480620154	1.6149870801033592	3	1	1	5
EIF3D	3.56782857579332	0.5524039795674486	1.0163354022596367	raw__HeLa_TE_GSE188692	EIF3D	NM_003753.4	1880	0	0	1	1	0.0	0.0	0.5319148936170213	0.5319148936170213	0	0	0	0
EIF3E	1.67052824292716	0.22285382247264268	0.18143862642150058	raw__HeLa_TE_GSE188692	EIF3E	NM_001568.3	2022	0	0	5	4	0.0	0.0	2.472799208704253	1.9782393669634026	0	0	0	0
EIF3F	2.20116967933199	0.34265352186149856	0.48494442246747105	raw__HeLa_TE_GSE188692	EIF3F	NM_003754.3	6920	0	1	4	4	0.0	0.14450867052023122	0.5780346820809249	0.5780346820809249	3	0	0	3
EIF3G	3.13824511663349	0.49668686169958687	0.8751792199141107	raw__HeLa_TE_GSE188692	EIF3G	NM_003755.5	1103	0	0	2	1	0.0	0.0	1.813236627379873	0.9066183136899365	0	0	0	0
EIF3H	1.69303206833337	0.22866518431586166	0.1961613845864633	raw__HeLa_TE_GSE188692	EIF3H	NM_003756.3	3961	0	0	2	1	0.0	0.0	0.5049229992426155	0.25246149962130776	1	0	0	1
EIF3I	1.31454110693278	0.11877417145032292	-0.08224131181592749	raw__HeLa_TE_GSE188692	EIF3I	NM_003757.4	1421	0	0	4	5	0.0	0.0	2.8149190710767065	3.518648838845883	0	0	0	0
EIF3J	3.46080594947407	0.5391772486916234	0.9828262239893065	raw__HeLa_TE_GSE188692	EIF3J	NM_003758.4	2479	0	0	0	1	0.0	0.0	0.0	0.40338846308995563	0	0	0	0
EIF3K	0.563081612776843	-0.24942865415416882	-1.0150624479419366	raw__HeLa_TE_GSE188692	EIF3K	NM_013234.4	772	0	2	2	0	0.0	2.5906735751295336	2.5906735751295336	0.0	1	1	0	2
EIF4A1	1.26294258268869	0.10138360662160648	-0.12629932906433827	raw__HeLa_TE_GSE188692	EIF4A1	NM_001416.4	1758	0	0	5	13	0.0	0.0	2.844141069397042	7.39476678043231	1	0	0	1
EIF4A3	2.91112240951947	0.4640604674316398	0.7925220862575291	raw__HeLa_TE_GSE188692	EIF4A3	NM_014740.4	2524	0	0	2	2	0.0	0.0	0.7923930269413629	0.7923930269413629	0	0	0	0
EIF4B	0.366309455605953	-0.4361518706761952	-1.4881152081732658	raw__HeLa_TE_GSE188692	EIF4B	NM_001417.7	3856	0	0	4	5	0.0	0.0	1.037344398340249	1.2966804979253113	0	0	0	0
EIF4E	1.13078586157523	0.053380369787196735	-0.2479128279506807	raw__HeLa_TE_GSE188692	EIF4E	NM_001968.5	2427	0	0	0	0	0.0	0.0	0.0	0.0	0	0	0	0
EIF4G1	1.11169488089145	0.045985605835732045	-0.266647046242635	raw__HeLa_TE_GSE188692	EIF4G1	NM_198241.3	5405	0	0	4	3	0.0	0.0	0.7400555041628122	0.5550416281221091	0	0	0	0
EIF4G2	2.44616350599342	0.388485482699219	0.6010571158161329	raw__HeLa_TE_GSE188692	EIF4G2	NM_001418.4	3794	0	0	5	6	0.0	0.0	1.3178703215603584	1.58144438587243	1	0	0	1
EIF4H	0.460043674964577	-0.33720093593643474	-1.2374285839923242	raw__HeLa_TE_GSE188692	EIF4H	NM_022170.2	2563	0	0	0	1	0.0	0.0	0.0	0.3901677721420211	0	0	0	0
EIF5A	2.04245962135307	0.31015347945322197	0.40260739413625174	raw__HeLa_TE_GSE188692	EIF5A	NM_001970.5	1264	0	2	4	13	0.0	1.5822784810126582	3.1645569620253164	10.284810126582279	1	1	0	2
EIF5B	6.96380347107228	0.842846506179756	1.7521551972571472	raw__HeLa_TE_GSE188692	EIF5B	NM_015904.4	5741	0	0	0	1	0.0	0.0	0.0	0.17418568193694478	0	0	0	0
EIF6	0.661564359616076	-0.1794278995241272	-0.8377194757459165	raw__HeLa_TE_GSE188692	EIF6	NM_002212.4	1069	0	1	3	1	0.0	0.9354536950420954	2.8063610851262863	0.9354536950420954	1	1	0	2
ELAVL1	2.33015279447189	0.36738439983302706	0.5475987099486193	raw__HeLa_TE_GSE188692	ELAVL1	NM_001419.3	6054	0	0	0	1	0.0	0.0	0.0	0.16518004625041294	0	0	0	0
ENAH	2.32646217978917	0.3666959968037909	0.5458546796175363	raw__HeLa_TE_GSE188692	ENAH	NM_018212.6	13092	0	0	0	1	0.0	0.0	0.0	0.07638252367858234	0	0	0	0
ENO1	2.90148502926342	0.4626203340854328	0.7888735894759623	raw__HeLa_TE_GSE188692	ENO1	NM_001428.5	1781	0	0	10	22	0.0	0.0	5.614823133071308	12.352610892756879	3	0	0	3
ENSA	0.244383431418119	-0.6119282415047765	-1.933434750931342	raw__HeLa_TE_GSE188692	ENSA	NM_004436.4	1227	1	1	1	2	0.8149959250203749	0.8149959250203749	0.8149959250203749	1.6299918500407498	1	1	0	2
ERH	0.766265555243719	-0.11562069617605095	-0.6760675171482101	raw__HeLa_TE_GSE188692	ERH	NM_004450.3	791	1	1	1	2	1.2642225031605563	1.2642225031605563	1.2642225031605563	2.5284450063211126	0	0	0	0
ERP29	1.41746374555051	0.15151195976338339	0.000698032384665498	raw__HeLa_TE_GSE188692	ERP29	NM_006817.4	1623	0	2	1	0	0.0	1.2322858903265557	0.6161429451632778	0.0	1	0	0	1
ESD	1.84329189527079	0.2655941135520242	0.2897187484373232	raw__HeLa_TE_GSE188692	ESD	NM_001984.2	1121	0	0	2	0	0.0	0.0	1.784121320249777	0.0	0	0	0	0
ETF1	1.37832216225406	0.1393507392962943	-0.030111735232312104	raw__HeLa_TE_GSE188692	ETF1	NM_004730.4	3682	0	0	2	5	0.0	0.0	0.5431830526887561	1.3579576317218902	1	0	0	1
ETFA	1.05552983324564	0.02347051261369742	-0.32368776776583547	raw__HeLa_TE_GSE188692	ETFA	NM_000126.4	2289	0	0	2	2	0.0	0.0	0.873743993010048	0.873743993010048	0	0	0	0
ETFB	1.53253662374393	0.18541086185266697	0.0865789929895591	raw__HeLa_TE_GSE188692	ETFB	NM_001985.3	872	0	0	0	0	0.0	0.0	0.0	0.0	0	0	0	0
EWSR1	0.887008269342755	-0.05207233133717225	-0.5150713113460628	raw__HeLa_TE_GSE188692	EWSR1	NM_005243.4	2400	2	0	0	0	0.8333333333333334	0.0	0.0	0.0	1	0	0	1
EZR	3.69449438474782	0.5675550108122592	1.054719687214707	raw__HeLa_TE_GSE188692	EZR	NM_001111077.2	3052	0	0	0	0	0.0	0.0	0.0	0.0	0	0	0	0
FARSA	2.15418732098651	0.33328346541210807	0.4612059118019553	raw__HeLa_TE_GSE188692	FARSA	NM_004461.3	1811	0	0	0	1	0.0	0.0	0.0	0.5521811154058531	0	0	0	0
FARSB	1.07814361	0.03267661324083812	-0.3003646299485167	raw__HeLa_TE_GSE188692	FARSB	NM_005687.5	6761	0	0	0	0	0.0	0.0	0.0	0.0	0	0	0	0
FASN	2.03101697853903	0.3077135539587165	0.3964259802155118	raw__HeLa_TE_GSE188692	FASN	NM_004104.5	8464	0	0	4	9	0.0	0.0	0.4725897920604915	1.063327032136106	0	0	0	0
FDPS	0.57028439782888	-0.2439085099325383	-1.001077473231471	raw__HeLa_TE_GSE188692	FDPS	NM_002004.4	1417	0	0	0	0	0.0	0.0	0.0	0.0	0	0	0	0
FEN1	0.658704438450753	-0.1813094102063138	-0.8424861771673657	raw__HeLa_TE_GSE188692	FEN1	NM_004111.6	2016	0	0	1	0	0.0	0.0	0.49603174603174605	0.0	0	0	0	0
FH	2.1030546782819	0.32285056425427583	0.43477474388475634	raw__HeLa_TE_GSE188692	FH	NM_000143.4	1791	0	0	0	2	0.0	0.0	0.0	1.1166945840312674	0	0	0	0
FKBP1A	0.204337805612957	-0.6896512748255207	-2.130341681578568	raw__HeLa_TE_GSE188692	FKBP1A	NM_000801.5	1514	0	0	0	3	0.0	0.0	0.0	1.9815059445178336	0	0	0	0
FKBP3	1.8044888232378	0.2563541964419757	0.2663099384637572	raw__HeLa_TE_GSE188692	FKBP3	NM_002013.4	1299	0	0	0	0	0.0	0.0	0.0	0.0	0	0	0	0
FKBP4	1.07101237548723	0.029794489108945384	-0.3076663292300324	raw__HeLa_TE_GSE188692	FKBP4	NM_002014.4	3715	1	1	1	4	0.2691790040376851	0.2691790040376851	0.2691790040376851	1.0767160161507403	0	0	0	0
FLNA	1.23871521893936	0.09297147339866094	-0.14761099514780376	raw__HeLa_TE_GSE188692	FLNA	NM_001110556.2	8507	2	0	19	2	0.23510050546608674	0.0	2.233454801927824	0.23510050546608674	10	0	0	10
FLNB	0.416772375794659	-0.3801010743475131	-1.3461136702267547	raw__HeLa_TE_GSE188692	FLNB	NM_001457.4	9441	0	0	2	0	0.0	0.0	0.21184196589344348	0.0	0	0	0	0
FSCN1	2.92264863324989	0.465776606731686	0.7968698285894664	raw__HeLa_TE_GSE188692	FSCN1	NM_003088.4	2784	1	2	3	5	0.35919540229885055	0.7183908045977011	1.0775862068965518	1.7959770114942528	1	1	1	3
FTO	1.0244350212583	0.010484416808545498	-0.35658731062761423	raw__HeLa_TE_GSE188692	FTO	NM_001080432.3	11573	0	0	0	0	0.0	0.0	0.0	0.0	0	0	0	0
FUBP1	1.8937459365155	0.2773217139647755	0.3194299640508762	raw__HeLa_TE_GSE188692	FUBP1	NM_003902.5	6714	1	0	0	3	0.14894250819183796	0.0	0.0	0.44682752457551383	0	0	0	0
FUBP3	1.34513425934306	0.1287656339160033	-0.0569285039810203	raw__HeLa_TE_GSE188692	FUBP3	NM_003934.2	3153	0	0	1	0	0.0	0.0	0.3171582619727244	0.0	0	0	0	0
FUS	4.18161157340862	0.6213436890842764	1.190990276377202	raw__HeLa_TE_GSE188692	FUS	NM_004960.4	1824	0	0	4	1	0.0	0.0	2.192982456140351	0.5482456140350878	2	0	0	2
G3BP1	1.49870648680653	0.17571658705659962	0.06201909338982347	raw__HeLa_TE_GSE188692	G3BP1	NM_005754.3	10227	0	0	2	1	0.0	0.0	0.1955607705094358	0.0977803852547179	0	0	0	0
G3BP2	1.7469190724819	0.24227278638612193	0.23063547859237296	raw__HeLa_TE_GSE188692	G3BP2	NM_203505.3	4321	0	0	0	2	0.0	0.0	0.0	0.4628558204119417	0	0	0	0
G6PD	3.19662524972233	0.504691725568757	0.8954590920110026	raw__HeLa_TE_GSE188692	G6PD	NM_001360016.2	2223	0	1	0	1	0.0	0.449842555105713	0.0	0.449842555105713	0	0	0	0
GAMT	1.7476129577924	0.2424452561547626	0.2310724210445843	raw__HeLa_TE_GSE188692	GAMT	NM_000156.6	1110	0	0	0	0	0.0	0.0	0.0	0.0	0	0	0	0
GANAB	3.01715576248297	0.4795977314678815	0.8318848702524163	raw__HeLa_TE_GSE188692	GANAB	NM_198334.3	3835	1	1	8	1	0.2607561929595828	0.2607561929595828	2.0860495436766624	0.2607561929595828	1	0	0	1
GAPDH	2.58182018564603	0.4119259919578772	0.6604423267854835	raw__HeLa_TE_GSE188692	GAPDH	NM_002046.7	1285	0	0	9	23	0.0	0.0	7.003891050583658	17.898832684824903	3	0	0	3
GART	2.6933157031552	0.43028726321551597	0.7069595741399793	raw__HeLa_TE_GSE188692	GART	NM_000819.5	3318	0	0	0	2	0.0	0.0	0.0	0.6027727546714888	0	0	0	0
GDI2	1.4049558659693	0.14766268191580037	-0.009053896403909406	raw__HeLa_TE_GSE188692	GDI2	NM_001494.4	2297	0	0	0	3	0.0	0.0	0.0	1.30605137135394	0	0	0	0
GFPT1	2.10803225187979	0.3238772510880776	0.4373757971960129	raw__HeLa_TE_GSE188692	GFPT1	NM_001244710.2	8665	0	0	0	0	0.0	0.0	0.0	0.0	0	0	0	0
GLO1	2.33015915494004	0.3673855852971118	0.5476017132551597	raw__HeLa_TE_GSE188692	GLO1	NM_006708.3	2016	0	0	0	1	0.0	0.0	0.0	0.49603174603174605	0	0	0	0
GLOD4	1.0127897109142	0.005519280631529496	-0.3691662036930343	raw__HeLa_TE_GSE188692	GLOD4	NM_016080.4	1765	0	0	0	0	0.0	0.0	0.0	0.0	0	0	0	0
GLRX3	1.46982004365341	0.16726416547438067	0.04060535901557726	raw__HeLa_TE_GSE188692	GLRX3	NM_006541.5	1318	0	0	2	2	0.0	0.0	1.5174506828528074	1.5174506828528074	0	0	0	0
GLS	0.982156960832587	-0.00781910103566289	-0.40295824295956006	raw__HeLa_TE_GSE188692	GLS	NM_014905.5	4840	0	0	1	0	0.0	0.0	0.2066115702479339	0.0	0	0	0	0
GLUD1	0.56065342	-0.25130552429617486	-1.019817392816009	raw__HeLa_TE_GSE188692	GLUD1	NM_005271.5	3300	0	0	3	1	0.0	0.0	0.9090909090909091	0.30303030303030304	0	0	0	0
GMPS	3.06095880243461	0.4858574844500887	0.8477436021324453	raw__HeLa_TE_GSE188692	GMPS	NM_003875.3	8631	0	0	0	2	0.0	0.0	0.0	0.23172285946008575	0	0	0	0
GOT1	0.661563505918576	-0.17942845994783693	-0.8377208955478443	raw__HeLa_TE_GSE188692	GOT1	NM_002079.3	1978	0	0	0	1	0.0	0.0	0.0	0.5055611729019212	0	0	0	0
GOT2	2.18790650465541	0.34002875944393485	0.4782947346048292	raw__HeLa_TE_GSE188692	GOT2	NM_002080.4	2421	0	0	0	3	0.0	0.0	0.0	1.2391573729863692	0	0	0	0
GPI	2.06692125267284	0.31532393082122956	0.41570644168286097	raw__HeLa_TE_GSE188692	GPI	NM_000175.5	4125	0	1	2	6	0.0	0.24242424242424243	0.48484848484848486	1.4545454545454546	0	0	0	0
GRSF1	1.20307771495066	0.08029368227259694	-0.17972946545657423	raw__HeLa_TE_GSE188692	GRSF1	NM_002092.4	6610	1	0	1	0	0.15128593040847202	0.0	0.15128593040847202	0.0	1	0	0	1
GSPT1	3.18774170132642	0.5034831238177686	0.8923971674952689	raw__HeLa_TE_GSE188692	GSPT1	NM_002094.4	7141	0	0	3	2	0.0	0.0	0.42010922839938386	0.2800728189329226	0	0	0	0
GSR	1.91030167525301	0.28110195654203907	0.3290069958674183	raw__HeLa_TE_GSE188692	GSR	NM_000637.5	3034	0	0	0	0	0.0	0.0	0.0	0.0	0	0	0	0
GSTM3	1.76902723929582	0.24773452018207331	0.24447247377673323	raw__HeLa_TE_GSE188692	GSTM3	NM_000849.5	4122	0	0	1	2	0.0	0.0	0.242600679281902	0.485201358563804	0	0	0	0
GSTO1	1.1531859764049	0.06189935240590315	-0.22633046493656456	raw__HeLa_TE_GSE188692	GSTO1	NM_004832.3	813	0	0	0	1	0.0	0.0	0.0	1.2300123001230012	0	0	0	0
GTF2I	0.836814097700119	-0.0773710119115572	-0.5791640947654817	raw__HeLa_TE_GSE188692	GTF2I	NM_032999.4	4515	0	0	2	0	0.0	0.0	0.4429678848283499	0.0	0	0	0	0
HADH	1.08326539800673	0.03473487100142928	-0.2951501497512974	raw__HeLa_TE_GSE188692	HADH	NM_005327.7	1803	0	0	2	1	0.0	0.0	1.1092623405435384	0.5546311702717692	0	0	0	0
HADHA	1.51859487850177	0.1814419308756454	0.07652392973165828	raw__HeLa_TE_GSE188692	HADHA	NM_000182.5	2943	0	0	2	1	0.0	0.0	0.6795786612300374	0.3397893306150187	0	0	0	0
HADHB	6.88524582030537	0.8379194502569032	1.739672778372484	raw__HeLa_TE_GSE188692	HADHB	NM_000183.3	1997	0	0	0	1	0.0	0.0	0.0	0.5007511266900351	0	0	0	0
HDGF	5.09796409034959	0.7073967720085045	1.4090009188776729	raw__HeLa_TE_GSE188692	HDGF	NM_004494.3	2309	0	0	8	13	0.0	0.0	3.4647033347769596	5.63014291901256	2	0	0	2
HDLBP	1.50767083969958	0.17830653509744274	0.06858058098840515	raw__HeLa_TE_GSE188692	HDLBP	NM_005336.6	6322	0	1	4	2	0.0	0.15817779183802594	0.6327111673521038	0.3163555836760519	1	0	0	1
HINT1	1.21794753063536	0.0856285792275937	-0.1662138042703648	raw__HeLa_TE_GSE188692	HINT1	NM_005340.7	852	0	0	5	8	0.0	0.0	5.868544600938967	9.389671361502348	0	0	0	0
HMGA1	1.43729474589282	0.1575458379941953	0.015984523294319465	raw__HeLa_TE_GSE188692	HMGA1	NM_145899.3	1920	0	1	3	3	0.0	0.5208333333333334	1.5625	1.5625	0	0	0	0
HMGB1	0.488766772846927	-0.31089832580093124	-1.170792401531207	raw__HeLa_TE_GSE188692	HMGB1	NM_002128.7	5456	0	0	1	2	0.0	0.0	0.18328445747800587	0.36656891495601174	0	0	0	0
HMGB2	4.46513044610879	0.6498341510627954	1.2631692583497747	raw__HeLa_TE_GSE188692	HMGB2	NM_002129.4	1441	0	0	0	0	0.0	0.0	0.0	0.0	0	0	0	0
HMGCS1	2.00967180349694	0.3031251392273908	0.38480148973077516	raw__HeLa_TE_GSE188692	HMGCS1	NM_001098272.3	5350	0	0	0	0	0.0	0.0	0.0	0.0	0	0	0	0
HMGN1	0.989520554708483	-0.004575180028827785	-0.39473995165739245	raw__HeLa_TE_GSE188692	HMGN1	NM_004965.7	1271	0	0	0	9	0.0	0.0	0.0	7.081038552321007	0	0	0	0
HMGN2	0.246851281460216	-0.6075646139188027	-1.9223797460282797	raw__HeLa_TE_GSE188692	HMGN2	NM_005517.4	1940	0	0	1	2	0.0	0.0	0.5154639175257731	1.0309278350515463	0	0	0	0
HNRNPA1	0.45561443088592	-0.34140252876574195	-1.248073082958726	raw__HeLa_TE_GSE188692	HNRNPA1	NM_031157.4	3744	0	0	2	6	0.0	0.0	0.5341880341880342	1.6025641025641026	0	0	0	0
HNRNPA2B1	4.39746358146358	0.6432022514416309	1.2463677139044491	raw__HeLa_TE_GSE188692	HNRNPA2B1	NM_002137.4	3628	0	2	4	17	0.0	0.5512679162072768	1.1025358324145536	4.685777287761852	0	0	0	0
HNRNPA3	0.939661901554767	-0.027028381189724743	-0.4516238731270006	raw__HeLa_TE_GSE188692	HNRNPA3	NM_194247.4	5710	0	0	0	4	0.0	0.0	0.0	0.7005253940455342	0	0	0	0
HNRNPAB	3.34786221793836	0.524767576196855	0.9463201297036204	raw__HeLa_TE_GSE188692	HNRNPAB	NM_031266.3	1770	0	0	1	3	0.0	0.0	0.5649717514124294	1.694915254237288	0	0	0	0
HNRNPC	2.41483303091284	0.38288710765065403	0.5868739477084784	raw__HeLa_TE_GSE188692	HNRNPC	NM_004500.4	3165	0	0	1	8	0.0	0.0	0.315955766192733	2.527646129541864	1	0	0	1
HNRNPD	7.33149827206799	0.8651927365509557	1.8087681142513992	raw__HeLa_TE_GSE188692	HNRNPD	NM_031370.3	3068	0	0	0	0	0.0	0.0	0.0	0.0	0	0	0	0
HNRNPDL	6.24687389198859	0.7956627387671701	1.6326177780310607	raw__HeLa_TE_GSE188692	HNRNPDL	NM_031372.4	4372	0	0	1	2	0.0	0.0	0.22872827081427263	0.45745654162854527	0	0	0	0
HNRNPF	6.35395129	0.8030438811607384	1.6513174868727092	raw__HeLa_TE_GSE188692	HNRNPF	NM_001098204.2	2569	0	0	1	2	0.0	0.0	0.3892565200467108	0.7785130400934216	0	0	0	0
HNRNPH1	0.517275867760443	-0.2862777820644198	-1.1084176396248373	raw__HeLa_TE_GSE188692	HNRNPH1	NM_001257293.2	2240	0	0	3	0	0.0	0.0	1.3392857142857142	0.0	0	0	0	0
HNRNPH3	1.46929734176081	0.16710969287579963	0.040214011380826954	raw__HeLa_TE_GSE188692	HNRNPH3	NM_012207.3	2356	0	0	1	1	0.0	0.0	0.4244482173174873	0.4244482173174873	0	0	0	0
HNRNPK	2.59110642535468	0.41348525127029245	0.664392622498001	raw__HeLa_TE_GSE188692	HNRNPK	NM_031263.4	2889	0	0	2	5	0.0	0.0	0.6922810661128418	1.7307026652821045	0	0	0	0
HNRNPL	0.557866927705387	-0.25346938431609367	-1.0252994103939146	raw__HeLa_TE_GSE188692	HNRNPL	NM_001533.3	2142	1	2	4	0	0.4668534080298786	0.9337068160597572	1.8674136321195145	0.0	0	0	0	0
HNRNPM	3.19058953818657	0.5038709368269919	0.8933796699279273	raw__HeLa_TE_GSE188692	HNRNPM	NM_005968.5	2477	0	0	1	6	0.0	0.0	0.4037141703673799	2.4222850222042793	0	0	0	0
HNRNPR	3.71877476055381	0.5703998747260269	1.061926989830617	raw__HeLa_TE_GSE188692	HNRNPR	NM_005826.5	7751	0	0	3	0	0.0	0.0	0.38704683266675266	0.0	1	0	0	1
HNRNPU	2.93775852011059	0.4680160944856977	0.8025434447753493	raw__HeLa_TE_GSE188692	HNRNPU	NM_031844.3	6867	0	0	1	3	0.0	0.0	0.145623998835008	0.436871996505024	0	0	0	0
HNRNPUL1	5.22542562194451	0.7181216704258964	1.4361718454182908	raw__HeLa_TE_GSE188692	HNRNPUL1	NM_007040.6	3925	0	0	2	1	0.0	0.0	0.5095541401273885	0.25477707006369427	0	0	0	0
HPRT1	1.95507102368961	0.2911625390394069	0.35449491541251377	raw__HeLa_TE_GSE188692	HPRT1	NM_000194.3	1395	0	1	0	6	0.0	0.7168458781362007	0.0	4.301075268817204	1	0	0	1
HSD17B10	1.4589862	0.16405118408523078	0.03246545149352604	raw__HeLa_TE_GSE188692	HSD17B10	NM_004493.3	954	0	0	0	0	0.0	0.0	0.0	0.0	0	0	0	0
HSD17B4	1.31705657980086	0.11960443234028728	-0.08013789257848397	raw__HeLa_TE_GSE188692	HSD17B4	NM_000414.4	2628	0	0	0	0	0.0	0.0	0.0	0.0	0	0	0	0
HSP90AA1	14.6066741617747	1.1645513413541724	2.567176291546568	raw__HeLa_TE_GSE188692	HSP90AA1	NM_005348.4	3228	0	2	8	20	0.0	0.6195786864931846	2.4783147459727384	6.195786864931846	0	0	0	0
HSP90AB1	5.37578237180747	0.7304416788262339	1.4673838933275303	raw__HeLa_TE_GSE188692	HSP90AB1	NM_007355.4	2555	0	1	5	30	0.0	0.3913894324853229	1.9569471624266144	11.741682974559687	0	0	0	0
HSP90B1	1.35088183949463	0.1306173633079674	-0.05223725178225173	raw__HeLa_TE_GSE188692	HSP90B1	NM_003299.3	2782	0	0	1	8	0.0	0.0	0.35945363048166784	2.8756290438533427	0	0	0	0
HSPA4	4.00340414	0.6024294339503561	1.1430720754942114	raw__HeLa_TE_GSE188692	HSPA4	NM_002154.4	4774	0	0	0	3	0.0	0.0	0.0	0.6284038542103059	0	0	0	0
HSPA5	10.496134580702	1.0210293905606953	2.203571506660965	raw__HeLa_TE_GSE188692	HSPA5	NM_005347.5	3921	0	1	3	8	0.0	0.2550369803621525	0.7651109410864575	2.04029584289722	1	1	0	2
HSPA8	4.46517411556532	0.6498383984888194	1.2631800189645606	raw__HeLa_TE_GSE188692	HSPA8	NM_006597.6	2264	0	1	7	23	0.0	0.4416961130742049	3.091872791519435	10.159010600706713	0	0	0	0
HSPA9	2.13513884205932	0.3294261212250524	0.45143354739630187	raw__HeLa_TE_GSE188692	HSPA9	NM_004134.7	4404	0	0	1	3	0.0	0.0	0.22706630336058128	0.6811989100817438	0	0	0	0
HSPB1	1.08999606851855	0.037424931496789965	-0.2883350328835483	raw__HeLa_TE_GSE188692	HSPB1	NM_001540.5	777	0	0	1	8	0.0	0.0	1.287001287001287	10.296010296010296	0	0	0	0
HSPD1	0.998772492777898	-0.0005334270728681214	-0.38450039801429037	raw__HeLa_TE_GSE188692	HSPD1	NM_002156.5	2245	0	1	5	18	0.0	0.44543429844098	2.2271714922048997	8.017817371937639	1	0	0	1
HSPH1	4.05313685949468	0.6077912685134262	1.15665598159442	raw__HeLa_TE_GSE188692	HSPH1	NM_006644.4	5244	1	1	0	4	0.19069412662090007	0.19069412662090007	0.0	0.7627765064836003	1	1	0	2
HYPK	2.53760698928543	0.4044243618086614	0.6414373689959819	raw__HeLa_TE_GSE188692	HYPK	NM_016400.4	3011	0	0	1	0	0.0	0.0	0.33211557622052473	0.0	0	0	0	0
IDH1	0.459760944928125	-0.3374679232855108	-1.2381049814150966	raw__HeLa_TE_GSE188692	IDH1	NM_005896.4	2318	0	0	0	0	0.0	0.0	0.0	0.0	0	0	0	0
IGF2BP1	2.10387606021078	0.3230201518543361	0.43520438452507837	raw__HeLa_TE_GSE188692	IGF2BP1	NM_006546.4	8796	0	1	0	0	0.0	0.11368804001819009	0.0	0.0	1	0	0	1
ILF2	1.8678011285725	0.2713306334779059	0.3042518988168329	raw__HeLa_TE_GSE188692	ILF2	NM_004515.4	1852	0	0	1	6	0.0	0.0	0.5399568034557235	3.239740820734341	1	0	0	1
ILF3	1.61897495376711	0.20924013008451922	0.14694910293804903	raw__HeLa_TE_GSE188692	ILF3	NM_017620.3	6017	0	0	3	2	0.0	0.0	0.4985873358816686	0.33239155725444575	0	0	0	0
IMPDH2	0.255213937959499	-0.5930956112455237	-1.8857233420744537	raw__HeLa_TE_GSE188692	IMPDH2	NM_000884.3	1651	0	0	3	2	0.0	0.0	1.8170805572380375	1.2113870381586918	1	0	0	1
IPO5	1.09350058403465	0.03881901932880717	-0.2848031898207289	raw__HeLa_TE_GSE188692	IPO5	NM_002271.6	6002	0	0	4	5	0.0	0.0	0.6664445184938353	0.8330556481172943	0	0	0	0
IQGAP1	1.91535539033885	0.2822493682488104	0.33191389884991856	raw__HeLa_TE_GSE188692	IQGAP1	NM_003870.4	7205	0	0	4	1	0.0	0.0	0.5551700208188758	0.13879250520471895	0	0	0	0
ISOC1	0.185468162556831	-0.7317306305911131	-2.2369473611745025	raw__HeLa_TE_GSE188692	ISOC1	NM_016048.2	1942	0	1	0	0	0.0	0.5149330587023687	0.0	0.0	1	0	0	1
ITPA	0.401058408304521	-0.3967923741201224	-1.3884001388103224	raw__HeLa_TE_GSE188692	ITPA	NM_033453.4	1037	0	1	1	1	0.0	0.9643201542912246	0.9643201542912246	0.9643201542912246	1	1	0	2
KHDRBS1	4.84235483802333	0.6850566104979365	1.352403377000275	raw__HeLa_TE_GSE188692	KHDRBS1	NM_006559.3	2713	0	0	0	2	0.0	0.0	0.0	0.7371913011426465	0	0	0	0
KHSRP	1.2535710199082	0.09814894354394692	-0.13449416592397814	raw__HeLa_TE_GSE188692	KHSRP	NM_001366299.1	4276	1	0	0	1	0.23386342376052385	0.0	0.0	0.23386342376052385	1	0	0	1
KIF5B	2.45043856817855	0.3892438193418172	0.6029783190207879	raw__HeLa_TE_GSE188692	KIF5B	NM_004521.3	5866	0	0	0	0	0.0	0.0	0.0	0.0	0	0	0	0
KPNA2	2.09221483550868	0.3206062772724358	0.429088969125272	raw__HeLa_TE_GSE188692	KPNA2	NM_002266.4	1977	0	0	1	3	0.0	0.0	0.5058168942842691	1.5174506828528074	0	0	0	0
KPNB1	2.64503564350657	0.42243152879990725	0.6870575131206439	raw__HeLa_TE_GSE188692	KPNB1	NM_002265.6	6058	0	0	7	1	0.0	0.0	1.15549686365137	0.1650709805216243	1	0	0	1
LANCL1	2.54472727945031	0.4056412454640084	0.6445202752503008	raw__HeLa_TE_GSE188692	LANCL1	NM_006055.3	4592	0	0	2	1	0.0	0.0	0.4355400696864111	0.21777003484320556	0	0	0	0
LARP1	1.06506046251467	0.027374262977697794	-0.31379783592264343	raw__HeLa_TE_GSE188692	LARP1	NM_033551.3	7181	1	0	2	2	0.13925637097897228	0.0	0.27851274195794457	0.27851274195794457	1	0	0	1
LASP1	1.30657765947353	0.11613522813030054	-0.08892692619684381	raw__HeLa_TE_GSE188692	LASP1	NM_006148.4	3910	0	0	1	3	0.0	0.0	0.2557544757033248	0.7672634271099744	0	0	0	0
LDHA	2.90076801440793	0.4625129979887741	0.7886016595159786	raw__HeLa_TE_GSE188692	LDHA	NM_005566.4	2241	1	1	8	24	0.4462293618920125	0.4462293618920125	3.5698348951361	10.7095046854083	2	1	0	3
LGALS1	1.87987466926128	0.2741288959324935	0.3113411392586512	raw__HeLa_TE_GSE188692	LGALS1	NM_002305.4	528	0	0	2	4	0.0	0.0	3.787878787878788	7.575757575757576	0	0	0	0
LMNA	2.80285967927969	0.44760135604071893	0.7508238538713514	raw__HeLa_TE_GSE188692	LMNA	NM_170707.4	3178	0	0	3	3	0.0	0.0	0.9439899307740718	0.9439899307740718	0	0	0	0
LMNB2	0.496172629438932	-0.3043671965561369	-1.1542461531630344	raw__HeLa_TE_GSE188692	LMNB2	NM_032737.4	4634	1	0	2	0	0.21579628830384118	0.0	0.43159257660768235	0.0	1	0	0	1
LONP1	0.784617988477004	-0.1053417392771609	-0.6500263583470217	raw__HeLa_TE_GSE188692	LONP1	NM_004793.4	3092	0	0	0	3	0.0	0.0	0.0	0.9702457956015524	0	0	0	0
LRPPRC	1.06030484467887	0.0254307457630772	-0.3187216274042717	raw__HeLa_TE_GSE188692	LRPPRC	NM_133259.4	6603	0	0	0	3	0.0	0.0	0.0	0.45433893684688775	0	0	0	0
LSM8	4.80393902082338	0.681597486014799	1.343639879802598	raw__HeLa_TE_GSE188692	LSM8	NM_016200.5	12384	0	0	1	0	0.0	0.0	0.08074935400516796	0.0	0	0	0	0
LTA4H	0.682945800472384	-0.1656137611643927	-0.8027221336745356	raw__HeLa_TE_GSE188692	LTA4H	NM_000895.3	2140	0	0	1	0	0.0	0.0	0.4672897196261682	0.0	0	0	0	0
LUC7L	1.89842374653545	0.27839315763912337	0.3221444062987306	raw__HeLa_TE_GSE188692	LUC7L	NM_201412.3	1434	0	0	0	0	0.0	0.0	0.0	0.0	0	0	0	0
LUC7L2	0.131756615284503	-0.8802275703512351	-2.6131560006135337	raw__HeLa_TE_GSE188692	LUC7L2	NM_016019.5	2661	1	0	0	0	0.37579857196542654	0.0	0.0	0.0	1	0	0	1
LYPLA1	0.847016713479894	-0.07210802001111456	-0.5658306009881514	raw__HeLa_TE_GSE188692	LYPLA1	NM_006330.4	2515	0	1	0	1	0.0	0.3976143141153082	0.0	0.3976143141153082	1	0	0	1
M6PR	0.466189510917419	-0.3314375021623567	-1.2228272488931269	raw__HeLa_TE_GSE188692	M6PR	NM_002355.4	2450	1	1	2	1	0.40816326530612246	0.40816326530612246	0.8163265306122449	0.40816326530612246	0	0	0	0
MANF	0.582538302000401	-0.23467551442116688	-0.9776861987386043	raw__HeLa_TE_GSE188692	MANF	NM_006010.6	909	0	0	0	0	0.0	0.0	0.0	0.0	0	0	0	0
MAP4	4.56259723548412	0.6592121330007978	1.2869278477946406	raw__HeLa_TE_GSE188692	MAP4	NM_001385682.1	9232	0	0	0	4	0.0	0.0	0.0	0.43327556325823224	0	0	0	0
MAPRE1	2.54747128958697	0.4061092981370648	0.6457060603553729	raw__HeLa_TE_GSE188692	MAPRE1	NM_012325.3	2562	0	0	1	1	0.0	0.0	0.39032006245121	0.39032006245121	0	0	0	0
MARCKS	1.7476149060012	0.2424457402984948	0.23107364759548213	raw__HeLa_TE_GSE188692	MARCKS	NM_002356.7	4296	0	0	1	2	0.0	0.0	0.23277467411545624	0.4655493482309125	0	0	0	0
MAT2A	0.358291936880172	-0.4457629652300669	-1.5124643753108025	raw__HeLa_TE_GSE188692	MAT2A	NM_005911.6	2817	0	0	1	0	0.0	0.0	0.35498757543485976	0.0	0	0	0	0
MCM2	2.78611026345114	0.444998300121249	0.7442291581999833	raw__HeLa_TE_GSE188692	MCM2	NM_004526.4	3434	0	1	1	6	0.0	0.29120559114735	0.29120559114735	1.7472335468841003	0	0	0	0
MCM3	1.52045058685991	0.18197231056842272	0.07786761683341387	raw__HeLa_TE_GSE188692	MCM3	NM_002388.6	3068	0	0	2	3	0.0	0.0	0.651890482398957	0.9778357235984355	0	0	0	0
MCM4	2.58694820097252	0.4127877328305664	0.6626254987874595	raw__HeLa_TE_GSE188692	MCM4	NM_182746.3	4062	0	0	2	2	0.0	0.0	0.49236829148202854	0.49236829148202854	0	0	0	0
MCM5	1.03521758530151	0.015031640772984174	-0.3450671746325597	raw__HeLa_TE_GSE188692	MCM5	NM_006739.4	3458	1	1	1	2	0.2891844997108155	0.2891844997108155	0.2891844997108155	0.578368999421631	1	1	1	3
MCM6	1.90087058675145	0.27895255065140734	0.3235615970125797	raw__HeLa_TE_GSE188692	MCM6	NM_005915.6	3753	0	1	0	0	0.0	0.2664535038635758	0.0	0.0	1	0	0	1
MCM7	1.66773349958838	0.22212665247367455	0.17959638215441603	raw__HeLa_TE_GSE188692	MCM7	NM_005916.5	2467	0	0	0	1	0.0	0.0	0.0	0.40535062829347385	0	0	0	0
MDH1	5.24877802240245	0.7200582062822937	1.4410779500217727	raw__HeLa_TE_GSE188692	MDH1	NM_005917.4	1296	0	1	2	5	0.0	0.7716049382716049	1.5432098765432098	3.8580246913580245	0	0	0	0
MDH2	4.63095296724944	0.6656703702472379	1.3032894283873613	raw__HeLa_TE_GSE188692	MDH2	NM_005918.4	2170	0	0	4	5	0.0	0.0	1.8433179723502304	2.304147465437788	1	0	0	1
MPST	1.46629940290019	0.16622265772068584	0.03796675773789657	raw__HeLa_TE_GSE188692	MPST	NM_021126.8	1350	0	0	0	1	0.0	0.0	0.0	0.7407407407407407	0	0	0	0
MSH2	2.32552501588267	0.3665210156176361	0.5454113746303962	raw__HeLa_TE_GSE188692	MSH2	NM_000251.3	3115	0	0	0	0	0.0	0.0	0.0	0.0	0	0	0	0
MSN	4.76551537420687	0.678109874978713	1.3348042135262561	raw__HeLa_TE_GSE188692	MSN	NM_002444.3	3960	1	2	7	3	0.25252525252525254	0.5050505050505051	1.7676767676767677	0.7575757575757576	1	0	0	1
MTHFD1	1.45267328096315	0.1621679486200774	0.027694380431501766	raw__HeLa_TE_GSE188692	MTHFD1	NM_005956.4	3154	0	0	0	2	0.0	0.0	0.0	0.6341154090044389	0	0	0	0
MTPN	2.05030645948282	0.3118187799411492	0.40682633919890615	raw__HeLa_TE_GSE188692	MTPN	NM_145808.4	3782	0	0	0	0	0.0	0.0	0.0	0.0	0	0	0	0
MYH10	0.177009144270849	-0.7520042974585868	-2.2883095551764336	raw__HeLa_TE_GSE188692	MYH10	NM_001256012.3	7707	0	0	3	0	0.0	0.0	0.3892565200467108	0.0	0	0	0	0
MYH9	4.70268925	0.6723462818570555	1.3202024747289343	raw__HeLa_TE_GSE188692	MYH9	NM_002473.6	7451	0	0	0	1	0.0	0.0	0.0	0.13421017313112335	0	0	0	0
MYL6	2.62897089225612	0.41978577766112524	0.6803546515140457	raw__HeLa_TE_GSE188692	MYL6	NM_021019.5	708	0	0	6	11	0.0	0.0	8.474576271186441	15.536723163841808	2	0	0	2
NAA15	2.73110417286223	0.4363382658066647	0.7222894486527836	raw__HeLa_TE_GSE188692	NAA15	NM_057175.5	6174	0	0	0	2	0.0	0.0	0.0	0.32393909944930355	0	0	0	0
NAA50	1.26470605571043	0.10198959806753258	-0.12476408384142781	raw__HeLa_TE_GSE188692	NAA50	NM_025146.4	6112	0	0	1	2	0.0	0.0	0.16361256544502617	0.32722513089005234	0	0	0	0
NACA	5.26275052469988	0.721212783219979	1.4440030057135325	raw__HeLa_TE_GSE188692	NACA	NM_001365896.1	6387	0	0	3	3	0.0	0.0	0.4697040864255519	0.4697040864255519	0	0	0	0
NAMPT	0.155880126895551	-0.8072092493380646	-2.4281681938152135	raw__HeLa_TE_GSE188692	NAMPT	NM_005746.3	4360	0	0	1	0	0.0	0.0	0.22935779816513763	0.0	0	0	0	0
NANS	0.434680562757707	-0.36182977935322524	-1.2998243726715726	raw__HeLa_TE_GSE188692	NANS	NM_018946.4	1179	1	1	1	2	0.8481764206955047	0.8481764206955047	0.8481764206955047	1.6963528413910094	1	1	0	2
NAP1L1	1.32078305234888	0.12083148763315621	-0.0770292170529655	raw__HeLa_TE_GSE188692	NAP1L1	NM_004537.7	13159	0	0	6	2	0.0	0.0	0.45596169921726576	0.15198723307242193	0	0	0	0
NAP1L4	0.903669060751463	-0.043990586563995425	-0.49459666580574546	raw__HeLa_TE_GSE188692	NAP1L4	NM_005969.4	2463	0	1	0	0	0.0	0.4060089321965083	0.0	0.0	1	0	0	1
NASP	3.0785646727821	0.4883482814413465	0.8540538961271473	raw__HeLa_TE_GSE188692	NASP	NM_002482.4	3225	0	1	1	0	0.0	0.31007751937984496	0.31007751937984496	0.0	0	0	0	0
NCL	1.23485139863746	0.0916146979723988	-0.15104830933059385	raw__HeLa_TE_GSE188692	NCL	NM_005381.3	3924	0	0	3	6	0.0	0.0	0.764525993883792	1.529051987767584	0	0	0	0
NDUFA5	0.966626899036475	-0.014741123597547095	-0.4204947975470106	raw__HeLa_TE_GSE188692	NDUFA5	NM_005000.5	5496	0	0	0	1	0.0	0.0	0.0	0.1819505094614265	0	0	0	0
NIPSNAP1	1.16507501705785	0.06635388969283885	-0.21504514542253542	raw__HeLa_TE_GSE188692	NIPSNAP1	NM_003634.4	2013	0	0	0	2	0.0	0.0	0.0	0.9935419771485345	0	0	0	0
NIT2	1.17679257643614	0.07069992006703534	-0.20403472206513615	raw__HeLa_TE_GSE188692	NIT2	NM_020202.5	7233	0	1	1	1	0.0	0.13825521913452232	0.13825521913452232	0.13825521913452232	0	0	0	0
NOLC1	3.09398089325986	0.4905176274055492	0.8595498120361459	raw__HeLa_TE_GSE188692	NOLC1	NM_004741.5	3723	1	0	2	5	0.2686005909213	0.0	0.5372011818426	1.3430029546065	1	0	0	1
NONO	1.17521993164165	0.07011914844640975	-0.20550607428002554	raw__HeLa_TE_GSE188692	NONO	NM_007363.5	2661	0	0	1	2	0.0	0.0	0.37579857196542654	0.7515971439308531	0	0	0	0
NPC2	1.79708183280716	0.2545678538075843	0.2617843399353167	raw__HeLa_TE_GSE188692	NPC2	NM_006432.5	821	0	1	5	1	0.0	1.218026796589525	6.090133982947624	1.218026796589525	1	0	0	1
NPM1	0.865380957561297	-0.06279266554709315	-0.5422306747239275	raw__HeLa_TE_GSE188692	NPM1	NM_002520.7	1320	1	2	5	17	0.7575757575757576	1.5151515151515151	3.787878787878788	12.878787878787879	0	0	0	0
NQO1	3.41806710224378	0.533780584378908	0.9691540786785984	raw__HeLa_TE_GSE188692	NQO1	NM_000903.3	2521	1	1	4	1	0.3966679888932963	0.3966679888932963	1.5866719555731852	0.3966679888932963	1	1	1	3
NSFL1C	0.388358834389955	-0.41076681106263546	-1.4238035883195301	raw__HeLa_TE_GSE188692	NSFL1C	NM_016143.5	2721	0	0	0	0	0.0	0.0	0.0	0.0	0	0	0	0
NUCKS1	3.0598507146665	0.4857002384495172	0.8473452282398399	raw__HeLa_TE_GSE188692	NUCKS1	NM_022731.5	6399	0	0	4	1	0.0	0.0	0.6250976715111736	0.1562744178777934	0	0	0	0
NUDC	1.34657548008132	0.12923070209514367	-0.05575027992331635	raw__HeLa_TE_GSE188692	NUDC	NM_006600.4	1792	0	0	0	1	0.0	0.0	0.0	0.5580357142857143	0	0	0	0
NUDT21	1.11272153551494	0.046386493426898094	-0.2656314200924652	raw__HeLa_TE_GSE188692	NUDT21	NM_007006.3	4393	0	0	1	0	0.0	0.0	0.22763487366264512	0.0	0	0	0	0
NUDT5	1.207843958081	0.082010831204254	-0.1753791652797731	raw__HeLa_TE_GSE188692	NUDT5	NM_014142.4	3195	0	0	0	2	0.0	0.0	0.0	0.6259780907668232	0	0	0	0
NUMA1	0.332246847821815	-0.47853913071656445	-1.595500945920422	raw__HeLa_TE_GSE188692	NUMA1	NM_006185.4	7198	0	0	0	1	0.0	0.0	0.0	0.13892747985551543	0	0	0	0
NUP155	2.51284212032753	0.40016520310730236	0.6306470301325577	raw__HeLa_TE_GSE188692	NUP155	NM_153485.3	8068	0	0	3	1	0.0	0.0	0.37183936539414975	0.12394645513138325	0	0	0	0
NUP54	1.66158787124207	0.22052331340675732	0.17553441286468688	raw__HeLa_TE_GSE188692	NUP54	NM_017426.4	2249	0	0	1	1	0.0	0.0	0.444642063139173	0.444642063139173	0	0	0	0
NUP62	0.661561137931162	-0.1794300144557541	-0.8377248338061644	raw__HeLa_TE_GSE188692	NUP62	NM_016553.5	3361	0	0	0	1	0.0	0.0	0.0	0.2975304968759298	0	0	0	0
NUP93	1.60030925507874	0.204203916903468	0.13419014028313653	raw__HeLa_TE_GSE188692	NUP93	NM_014669.5	8234	0	0	2	0	0.0	0.0	0.24289531212047608	0.0	0	0	0	0
NUP98	1.48856254697562	0.1727670877134618	0.05454670280251133	raw__HeLa_TE_GSE188692	NUP98	NM_016320.5	6726	0	0	1	1	0.0	0.0	0.14867677668748142	0.14867677668748142	0	0	0	0
OAT	0.613013526424297	-0.21252994246915374	-0.9215816385562579	raw__HeLa_TE_GSE188692	OAT	NM_000274.4	2039	0	0	0	0	0.0	0.0	0.0	0.0	0	0	0	0
OLA1	0.634400025958193	-0.19763680792011884	-0.8838507203654477	raw__HeLa_TE_GSE188692	OLA1	NM_013341.5	4251	0	0	0	0	0.0	0.0	0.0	0.0	0	0	0	0
OTUB1	1.51318174052301	0.17989109204580267	0.07259496683783151	raw__HeLa_TE_GSE188692	OTUB1	NM_017670.3	1701	0	0	0	1	0.0	0.0	0.0	0.5878894767783657	0	0	0	0
P4HB	1.64922468262721	0.21727982591623599	0.16731721985170175	raw__HeLa_TE_GSE188692	P4HB	NM_000918.4	2437	1	1	10	8	0.4103405826836274	0.4103405826836274	4.1034058268362745	3.282724661469019	3	0	0	3
PA2G4	1.65934111140323	0.21993567328910257	0.17404565969913477	raw__HeLa_TE_GSE188692	PA2G4	NM_006191.3	2386	0	1	1	3	0.0	0.4191114836546521	0.4191114836546521	1.2573344509639564	0	0	0	0
PABPC1	1.33161055874979	0.12437723015284033	-0.06804627793458169	raw__HeLa_TE_GSE188692	PABPC1	NM_002568.4	2861	0	0	3	4	0.0	0.0	1.048584411045089	1.3981125480601189	0	0	0	0
PABPC4	0.301575406455741	-0.5206040781738246	-1.7020701228781001	raw__HeLa_TE_GSE188692	PABPC4	NM_001135653.2	3142	0	1	4	4	0.0	0.31826861871419476	1.273074474856779	1.273074474856779	0	0	0	0
PAFAH1B1	2.48931259348315	0.3960794362231474	0.6202959696794873	raw__HeLa_TE_GSE188692	PAFAH1B1	NM_000430.4	5589	0	0	0	0	0.0	0.0	0.0	0.0	0	0	0	0
PAFAH1B2	0.977533250473754	-0.009868461296111105	-0.40815018184092067	raw__HeLa_TE_GSE188692	PAFAH1B2	NM_002572.4	4175	0	0	0	0	0.0	0.0	0.0	0.0	0	0	0	0
PAFAH1B3	0.375373907941907	-0.42553591826414094	-1.4612202902056635	raw__HeLa_TE_GSE188692	PAFAH1B3	NM_002573.4	1054	0	0	1	0	0.0	0.0	0.9487666034155597	0.0	0	0	0	0
PAICS	2.42884029852604	0.38539895994755785	0.593237584135037	raw__HeLa_TE_GSE188692	PAICS	NM_001079524.2	6371	1	0	2	3	0.15696123057604772	0.0	0.31392246115209543	0.47088369172814315	0	0	0	0
PARK7	7.27348021	0.8617422615255756	1.8000265299681573	raw__HeLa_TE_GSE188692	PARK7	NM_007262.5	1127	0	0	5	4	0.0	0.0	4.436557231588288	3.54924578527063	0	0	0	0
PARP1	2.71925574910828	0.43445005540035914	0.717505773857341	raw__HeLa_TE_GSE188692	PARP1	NM_001618.4	3978	0	0	1	2	0.0	0.0	0.2513826043237808	0.5027652086475616	0	0	0	0
PCBD1	0.15325331702913	-0.8145901167974268	-2.4468672061265235	raw__HeLa_TE_GSE188692	PCBD1	NM_000281.4	787	0	0	0	1	0.0	0.0	0.0	1.2706480304955527	0	0	0	0
PCBP1	5.21060842433697	0.7168884372927468	1.4330475186821114	raw__HeLa_TE_GSE188692	PCBP1	NM_006196.4	1727	0	0	1	6	0.0	0.0	0.5790387955993052	3.4742327735958307	0	0	0	0
PCBP2	1.96232164892285	0.2927701951454513	0.3585678216779075	raw__HeLa_TE_GSE188692	PCBP2	NM_031989.5	3159	2	0	3	2	0.6331117442228553	0.0	0.949667616334283	0.6331117442228553	0	0	0	0
PCM1	1.08800890416265	0.03663244960194152	-0.2903427411630765	raw__HeLa_TE_GSE188692	PCM1	NM_006197.4	8652	0	0	0	0	0.0	0.0	0.0	0.0	0	0	0	0
PCMT1	0.509321520520158	-0.29300797305670095	-1.125468199727025	raw__HeLa_TE_GSE188692	PCMT1	NM_001360452.2	1686	0	0	1	0	0.0	0.0	0.5931198102016607	0.0	0	0	0	0
PCNA	1.06759627022364	0.028407047857956527	-0.31118133355388766	raw__HeLa_TE_GSE188692	PCNA	NM_182649.2	1276	0	0	0	2	0.0	0.0	0.0	1.567398119122257	0	0	0	0
PCNP	0.795359609418789	-0.09943646747618134	-0.6350656845893474	raw__HeLa_TE_GSE188692	PCNP	NM_020357.3	2285	0	0	1	0	0.0	0.0	0.437636761487965	0.0	0	0	0	0
PDAP1	0.816891983903767	-0.08783536561676106	-0.6056749459412897	raw__HeLa_TE_GSE188692	PDAP1	NM_014891.7	2604	0	0	1	2	0.0	0.0	0.38402457757296465	0.7680491551459293	0	0	0	0
PDCD5	0.681285176560555	-0.16667106036045504	-0.8054007416827083	raw__HeLa_TE_GSE188692	PDCD5	NM_004708.4	603	0	0	0	1	0.0	0.0	0.0	1.658374792703151	0	0	0	0
PDCD6IP	1.06515473195533	0.02741270106416321	-0.313700455193888	raw__HeLa_TE_GSE188692	PDCD6IP	NM_013374.6	5884	0	1	1	0	0.0	0.1699524133242692	0.1699524133242692	0.0	0	0	0	0
PDIA3	2.18324229688467	0.3391019365156669	0.4759466808778781	raw__HeLa_TE_GSE188692	PDIA3	NM_005313.5	3680	0	0	2	2	0.0	0.0	0.5434782608695652	0.5434782608695652	0	0	0	0
PDIA4	3.10356067903843	0.49186024088105507	0.8629512477137329	raw__HeLa_TE_GSE188692	PDIA4	NM_004911.5	2767	0	2	0	4	0.0	0.7228044813877846	0.0	1.4456089627755693	1	0	0	1
PDIA6	4.26228625824906	0.6296426138913574	1.2120151353104716	raw__HeLa_TE_GSE188692	PDIA6	NM_005742.4	2279	0	2	7	0	0.0	0.8775778850372971	3.0715225976305396	0.0	0	0	0	0
PDLIM1	4.66030360249501	0.6684142103795504	1.3102407929385973	raw__HeLa_TE_GSE188692	PDLIM1	NM_020992.4	1431	0	0	1	2	0.0	0.0	0.6988120195667366	1.397624039133473	0	0	0	0
PDXK	0.933637113039839	-0.029821892965202164	-0.4587010779906626	raw__HeLa_TE_GSE188692	PDXK	NM_003681.5	7341	2	0	2	0	0.27244244653316985	0.0	0.27244244653316985	0.0	2	0	0	2
PEBP1	4.25572288702972	0.6289733409617935	1.2103195700102616	raw__HeLa_TE_GSE188692	PEBP1	NM_002567.4	1431	0	1	1	4	0.0	0.6988120195667366	0.6988120195667366	2.795248078266946	0	0	0	0
PELP1	1.53253953826576	0.1854116877771669	0.08658108542279645	raw__HeLa_TE_GSE188692	PELP1	NM_014389.3	5084	0	0	0	0	0.0	0.0	0.0	0.0	0	0	0	0
PFDN2	1.73780399602698	0.24000079153485834	0.22487950750510957	raw__HeLa_TE_GSE188692	PFDN2	NM_012394.4	598	0	0	0	0	0.0	0.0	0.0	0.0	0	0	0	0
PFDN5	1.83233388526055	0.2630046130622816	0.2831583946842664	raw__HeLa_TE_GSE188692	PFDN5	NM_002624.4	596	0	0	1	4	0.0	0.0	1.6778523489932886	6.7114093959731544	1	0	0	1
PFDN6	1.23242486170335	0.09076045075466278	-0.15321249657949057	raw__HeLa_TE_GSE188692	PFDN6	NM_001185181.3	734	0	0	0	0	0.0	0.0	0.0	0.0	0	0	0	0
PFKP	2.96061211717564	0.4713815122846715	0.811069541362532	raw__HeLa_TE_GSE188692	PFKP	NM_002627.5	2626	1	1	2	2	0.38080731150038083	0.38080731150038083	0.7616146230007617	0.7616146230007617	0	0	0	0
PFN1	3.23141230743775	0.5093923747372178	0.9073679221256401	raw__HeLa_TE_GSE188692	PFN1	NM_005022.4	807	0	0	4	15	0.0	0.0	4.956629491945477	18.587360594795538	0	0	0	0
PGAM1	0.398516797974818	-0.39955336783370027	-1.3953949609942864	raw__HeLa_TE_GSE188692	PGAM1	NM_002629.4	1802	1	0	1	6	0.5549389567147613	0.0	0.5549389567147613	3.329633740288568	2	0	0	2
PGD	1.69049380486274	0.22801358354966914	0.19451059071756127	raw__HeLa_TE_GSE188692	PGD	NM_002631.4	2268	1	4	6	4	0.4409171075837742	1.763668430335097	2.6455026455026456	1.763668430335097	3	2	0	5
PGK1	5.62757753436893	0.7503214872383717	1.5177482690993158	raw__HeLa_TE_GSE188692	PGK1	NM_000291.4	4812	0	0	5	15	0.0	0.0	1.0390689941812137	3.117206982543641	0	0	0	0
PGLS	1.03045310142868	0.013028230705991808	-0.3501427012848878	raw__HeLa_TE_GSE188692	PGLS	NM_012088.3	1008	0	0	0	0	0.0	0.0	0.0	0.0	0	0	0	0
PGM1	3.39165035919097	0.5304110750408675	0.9606176164074632	raw__HeLa_TE_GSE188692	PGM1	NM_002633.3	2337	0	0	1	1	0.0	0.0	0.4278990158322636	0.4278990158322636	0	0	0	0
PGP	0.154383322437473	-0.8113996169833216	-2.43878425440958	raw__HeLa_TE_GSE188692	PGP	NM_001042371.3	3164	0	0	2	3	0.0	0.0	0.6321112515802781	0.9481668773704172	0	0	0	0
PHB2	0.206852538142016	-0.6843391458136272	-2.116883701694825	raw__HeLa_TE_GSE188692	PHB2	NM_001144831.2	1379	0	0	1	5	0.0	0.0	0.7251631617113851	3.625815808556925	0	0	0	0
PHGDH	6.82281944000306	0.8339638782053169	1.72965155920033	raw__HeLa_TE_GSE188692	PHGDH	NM_006623.4	1866	0	0	6	4	0.0	0.0	3.215434083601286	2.1436227224008575	2	0	0	2
PHPT1	2.13996354304545	0.3304063746627164	0.453916964311726	raw__HeLa_TE_GSE188692	PHPT1	NM_014172.6	577	0	0	1	1	0.0	0.0	1.733102253032929	1.733102253032929	1	0	0	1
PIN1	0.244383053603565	-0.6119289129205998	-1.9334364519255425	raw__HeLa_TE_GSE188692	PIN1	NM_006221.4	1009	0	0	1	1	0.0	0.0	0.9910802775024777	0.9910802775024777	0	0	0	0
PKM	4.16504619062874	0.6196198221231045	1.1866229564507174	raw__HeLa_TE_GSE188692	PKM	NM_002654.6	2305	1	1	9	18	0.43383947939262474	0.43383947939262474	3.9045553145336225	7.809110629067245	3	1	1	5
PLEC	0.377130358480806	-0.4235085060722085	-1.4560839555206453	raw__HeLa_TE_GSE188692	PLEC	NM_201384.3	14804	2	0	4	2	0.13509862199405567	0.0	0.27019724398811135	0.13509862199405567	2	0	0	2
PLIN3	0.97753273928479	-0.009868688405116541	-0.4081507572088042	raw__HeLa_TE_GSE188692	PLIN3	NM_005817.5	2232	0	0	0	1	0.0	0.0	0.0	0.44802867383512546	0	0	0	0
PLS3	7.48917702073991	0.8744340960721377	1.8321805784923926	raw__HeLa_TE_GSE188692	PLS3	NM_005032.7	3288	0	0	2	1	0.0	0.0	0.6082725060827251	0.30413625304136255	0	0	0	0
PNN	1.46630207435284	0.16622344896160532	0.03796876230223484	raw__HeLa_TE_GSE188692	PNN	NM_002687.4	3537	0	0	0	0	0.0	0.0	0.0	0.0	0	0	0	0
PNP	1.98468903373052	0.29769247003394117	0.37103812808109027	raw__HeLa_TE_GSE188692	PNP	NM_000270.4	1477	0	0	1	1	0.0	0.0	0.6770480704129993	0.6770480704129993	0	0	0	0
POLR2A	10.8204286286752	1.0342444647799207	2.237051153447839	raw__HeLa_TE_GSE188692	POLR2A_1	NM_000937.5	6749	0	0	0	0	0.0	0.0	0.0	0.0	0	0	0	0
POLR2D	0.110260413274278	-0.9575803840461015	-2.809125000674647	raw__HeLa_TE_GSE188692	POLR2D	NM_004805.4	5038	0	0	0	3	0.0	0.0	0.0	0.5954743946010321	0	0	0	0
PPA1	0.991618655097577	-0.003655311543457968	-0.3924095166201261	raw__HeLa_TE_GSE188692	PPA1	NM_021129.4	1292	0	0	1	4	0.0	0.0	0.7739938080495357	3.0959752321981426	0	0	0	0
PPIA	2.20437755913926	0.3432859811995609	0.48654672260548937	raw__HeLa_TE_GSE188692	PPIA	NM_021130.5	2237	0	0	5	11	0.0	0.0	2.235136343316942	4.917299955297273	0	0	0	0
PPIB	4.54520038277131	0.6575530345796575	1.2827246153191367	raw__HeLa_TE_GSE188692	PPIB	NM_000942.5	893	0	0	0	1	0.0	0.0	0.0	1.1198208286674132	0	0	0	0
PPIH	0.30279455134021	-0.5188519440470339	-1.6976311896784033	raw__HeLa_TE_GSE188692	PPIH	NM_006347.4	754	0	0	0	1	0.0	0.0	0.0	1.3262599469496021	0	0	0	0
PPM1G	1.2918244770462	0.11120350914766974	-0.10142115868101664	raw__HeLa_TE_GSE188692	PPM1G	NM_177983.3	2210	0	0	2	2	0.0	0.0	0.9049773755656109	0.9049773755656109	0	0	0	0
PPP1CA	2.18394871	0.339242434753607	0.47630262525642497	raw__HeLa_TE_GSE188692	PPP1CA	NM_002708.4	1421	0	0	0	3	0.0	0.0	0.0	2.1111893033075297	0	0	0	0
PPP2CA	3.19252681726507	0.5041345540298378	0.8940475292748981	raw__HeLa_TE_GSE188692	PPP2CA	NM_002715.4	4582	0	0	1	1	0.0	0.0	0.21824530772588388	0.21824530772588388	0	0	0	0
PPP2R1A	4.69755205087271	0.6718716009666148	1.3189998974081572	raw__HeLa_TE_GSE188692	PPP2R1A	NM_014225.6	5352	0	1	0	5	0.0	0.18684603886397608	0.0	0.9342301943198804	0	0	0	0
PRDX1	18.9680571462518	1.278022849398244	2.854649970972648	raw__HeLa_TE_GSE188692	PRDX1	NM_181697.3	945	0	0	2	11	0.0	0.0	2.1164021164021163	11.640211640211641	1	0	0	1
PRDX3	4.0133959458326	0.6035120076300877	1.1458147149843063	raw__HeLa_TE_GSE188692	PRDX3	NM_006793.5	1553	0	1	5	4	0.0	0.6439150032195751	3.219575016097875	2.5756600128783003	0	0	0	0
PRDX4	2.32001137036834	0.36549011337198867	0.542799641810473	raw__HeLa_TE_GSE188692	PRDX4	NM_006406.2	956	1	1	7	6	1.0460251046025104	1.0460251046025104	7.322175732217573	6.2761506276150625	1	0	0	1
PRDX5	0.919520662143331	-0.03643850747646066	-0.47546389847029097	raw__HeLa_TE_GSE188692	PRDX5	NM_012094.5	860	0	0	3	1	0.0	0.0	3.488372093023256	1.1627906976744187	0	0	0	0
PRDX6	2.68908078236955	0.42960384901034443	0.705228182713892	raw__HeLa_TE_GSE188692	PRDX6	NM_004905.3	1690	0	1	4	10	0.0	0.591715976331361	2.366863905325444	5.9171597633136095	0	0	0	0
PREP	3.66156744869592	0.5636670385620827	1.0448697283348918	raw__HeLa_TE_GSE188692	PREP	NM_002726.5	7250	0	0	0	0	0.0	0.0	0.0	0.0	0	0	0	0
PRKAR2A	2.72050909672605	0.4346501824203177	0.7180127843992097	raw__HeLa_TE_GSE188692	PRKAR2A	NM_004157.4	6492	0	0	0	1	0.0	0.0	0.0	0.15403573629081946	0	0	0	0
PRKCSH	2.16680124253869	0.3358190759587048	0.4676297384169909	raw__HeLa_TE_GSE188692	PRKCSH	NM_001289104.2	2096	1	2	4	1	0.4770992366412214	0.9541984732824428	1.9083969465648856	0.4770992366412214	1	1	0	2
PRMT1	0.51800089	-0.2856694940737692	-1.1068765762351174	raw__HeLa_TE_GSE188692	PRMT1	NM_001536.6	1328	0	0	0	0	0.0	0.0	0.0	0.0	0	0	0	0
PRMT5	2.33014433354139	0.367382822879744	0.5475947148262279	raw__HeLa_TE_GSE188692	PRMT5	NM_006109.5	2304	0	0	4	1	0.0	0.0	1.7361111111111112	0.4340277777777778	0	0	0	0
PRPF19	1.56006957768378	0.19314396792515992	0.10617038200316316	raw__HeLa_TE_GSE188692	PRPF19	NM_014502.5	2337	0	0	2	3	0.0	0.0	0.8557980316645272	1.2836970474967908	0	0	0	0
PRPF40A	1.43321913	0.15631259631098082	0.012860174897032069	raw__HeLa_TE_GSE188692	PRPF40A	NM_001365597.4	7515	0	0	0	2	0.0	0.0	0.0	0.2661343978709248	0	0	0	0
PRRC1	0.992347927517561	-0.0033360329781400608	-0.3916006423439671	raw__HeLa_TE_GSE188692	PRRC1	NM_130809.5	4664	0	0	0	0	0.0	0.0	0.0	0.0	0	0	0	0
PSAP	3.08507247	0.4892653702984138	0.8563772891325475	raw__HeLa_TE_GSE188692	PSAP	NM_002778.4	2748	2	4	11	9	0.727802037845706	1.455604075691412	4.0029112081513825	3.2751091703056767	3	3	1	7
PSAT1	4.34089714351376	0.6375794954600729	1.2321227780752215	raw__HeLa_TE_GSE188692	PSAT1	NM_058179.4	2206	0	0	3	0	0.0	0.0	1.3599274705349047	0.0	0	0	0	0
PSIP1	1.76068587073524	0.2456818790930417	0.2392722231008024	raw__HeLa_TE_GSE188692	PSIP1	NM_033222.5	3342	0	0	0	1	0.0	0.0	0.0	0.2992220227408737	0	0	0	0
PSMA1	0.90028974656428	-0.045617696024441316	-0.49871885604967603	raw__HeLa_TE_GSE188692	PSMA1	NM_002786.4	1195	0	1	3	1	0.0	0.8368200836820083	2.510460251046025	0.8368200836820083	0	0	0	0
PSMA2	0.330782204848289	-0.4804578623119648	-1.600361944430696	raw__HeLa_TE_GSE188692	PSMA2	NM_002787.5	1434	0	1	2	0	0.0	0.697350069735007	1.394700139470014	0.0	1	0	0	1
PSMA3	2.46200725676835	0.3912893286805153	0.6081605018086255	raw__HeLa_TE_GSE188692	PSMA3	NM_002788.4	955	0	0	0	2	0.0	0.0	0.0	2.094240837696335	0	0	0	0
PSMA4	4.80854633608105	0.6820138053477766	1.344694601402145	raw__HeLa_TE_GSE188692	PSMA4	NM_002789.6	4378	0	0	1	1	0.0	0.0	0.2284148012791229	0.2284148012791229	0	0	0	0
PSMA5	1.05943469041884	0.02507418948953	-0.31962494265623126	raw__HeLa_TE_GSE188692	PSMA5	NM_002790.4	3815	0	0	0	9	0.0	0.0	0.0	2.3591087811271296	0	0	0	0
PSMA6	0.961066176147831	-0.017246707080319574	-0.42684255228577783	raw__HeLa_TE_GSE188692	PSMA6	NM_002791.3	1023	0	0	1	2	0.0	0.0	0.9775171065493646	1.9550342130987293	0	0	0	0
PSMA7	2.75068425161507	0.4394407410071584	0.730149394965189	raw__HeLa_TE_GSE188692	PSMA7	NM_002792.4	962	0	0	1	9	0.0	0.0	1.0395010395010396	9.355509355509355	0	0	0	0
PSMB1	2.93269368773867	0.46726670441529533	0.8006449072078371	raw__HeLa_TE_GSE188692	PSMB1	NM_002793.4	891	0	0	1	4	0.0	0.0	1.122334455667789	4.489337822671156	0	0	0	0
PSMB2	5.21061732493626	0.716889179140443	1.433049398111499	raw__HeLa_TE_GSE188692	PSMB2	NM_002794.5	4426	1	1	3	1	0.22593764121102575	0.22593764121102575	0.6778129236330773	0.22593764121102575	0	0	0	0
PSMB3	5.27401210754674	0.722141122468167	1.4463549009516623	raw__HeLa_TE_GSE188692	PSMB3	NM_002795.4	762	0	0	1	0	0.0	0.0	1.3123359580052494	0.0	0	0	0	0
PSMB4	2.07166019441677	0.3163185214437743	0.41822618104928033	raw__HeLa_TE_GSE188692	PSMB4	NM_002796.3	918	0	0	7	10	0.0	0.0	7.625272331154684	10.893246187363834	0	0	0	0
PSMB5	1.54031158557441	0.18760858201044442	0.09214679332107285	raw__HeLa_TE_GSE188692	PSMB5	NM_002797.5	1044	0	0	1	3	0.0	0.0	0.9578544061302682	2.8735632183908044	0	0	0	0
PSMB6	2.40633929389381	0.3813568628529182	0.5829971586359574	raw__HeLa_TE_GSE188692	PSMB6	NM_002798.3	824	0	0	0	2	0.0	0.0	0.0	2.4271844660194173	0	0	0	0
PSMB7	1.73226799718007	0.2386150820766789	0.2213688905808712	raw__HeLa_TE_GSE188692	PSMB7	NM_002799.4	984	0	0	3	2	0.0	0.0	3.048780487804878	2.032520325203252	0	0	0	0
PSMC2	1.3181896329769	0.11997789176885539	-0.07919175413459252	raw__HeLa_TE_GSE188692	PSMC2	NM_002803.4	2712	0	0	2	3	0.0	0.0	0.7374631268436578	1.1061946902654867	0	0	0	0
PSMC3	0.874469045122474	-0.058255559278998253	-0.5307361713431336	raw__HeLa_TE_GSE188692	PSMC3	NM_002804.5	1540	0	0	0	0	0.0	0.0	0.0	0.0	0	0	0	0
PSMC4	1.44627830537408	0.16025187169877045	0.02284010738863736	raw__HeLa_TE_GSE188692	PSMC4	NM_006503.4	1754	0	0	0	0	0.0	0.0	0.0	0.0	0	0	0	0
PSMC5	2.19389028953607	0.34121490590030973	0.4812997698954491	raw__HeLa_TE_GSE188692	PSMC5	NM_002805.6	1331	0	0	1	0	0.0	0.0	0.7513148009015778	0.0	0	0	0	0
PSMC6	1.09983037255653	0.04132570884610257	-0.27845263300574574	raw__HeLa_TE_GSE188692	PSMC6	NM_002806.5	2163	0	0	1	1	0.0	0.0	0.4623208506703652	0.4623208506703652	0	0	0	0
PSMD1	2.56221962000417	0.4086163524453904	0.6520575413479005	raw__HeLa_TE_GSE188692	PSMD1	NM_002807.4	3323	0	1	1	2	0.0	0.30093289196509176	0.30093289196509176	0.6018657839301835	1	0	0	1
PSMD11	6.14146591100891	0.7882720455835783	1.6138938728004089	raw__HeLa_TE_GSE188692	PSMD11	NM_002815.4	3850	0	0	0	1	0.0	0.0	0.0	0.2597402597402597	0	0	0	0
PSMD12	2.48413792550863	0.3951757052824712	0.6180064182034773	raw__HeLa_TE_GSE188692	PSMD12	NM_002816.5	4356	0	0	0	0	0.0	0.0	0.0	0.0	0	0	0	0
PSMD13	1.93266769345758	0.28615718703207366	0.3418141378043415	raw__HeLa_TE_GSE188692	PSMD13	NM_002817.4	1589	1	1	2	1	0.6293266205160478	0.6293266205160478	1.2586532410320956	0.6293266205160478	1	1	0	2
PSMD14	2.44382941331161	0.3880708875594416	0.6000067623630202	raw__HeLa_TE_GSE188692	PSMD14	NM_005805.6	1567	0	0	0	1	0.0	0.0	0.0	0.6381620931716656	0	0	0	0
PSMD2	3.73862375406894	0.5727117610211394	1.0677840236457716	raw__HeLa_TE_GSE188692	PSMD2	NM_002808.5	2913	0	1	4	2	0.0	0.3432887058015791	1.3731548232063164	0.6865774116031582	0	0	0	0
PSMD3	2.27095333887407	0.356208210891819	0.5192844642646517	raw__HeLa_TE_GSE188692	PSMD3	NM_002809.4	2147	0	0	3	1	0.0	0.0	1.3972985561248252	0.4657661853749418	0	0	0	0
PSMD4	1.54571795475117	0.1891302516328253	0.09600185766944498	raw__HeLa_TE_GSE188692	PSMD4	NM_002810.4	1319	0	1	2	2	0.0	0.7581501137225171	1.5163002274450341	1.5163002274450341	1	1	0	2
PSMD5	3.77436472345601	0.5768438644910777	1.07825247523109	raw__HeLa_TE_GSE188692	PSMD5	NM_005047.4	3381	0	0	0	1	0.0	0.0	0.0	0.29577048210588586	0	0	0	0
PSMD6	2.67250615106691	0.4269187134584929	0.6984255429133464	raw__HeLa_TE_GSE188692	PSMD6	NM_014814.3	1362	0	0	1	0	0.0	0.0	0.7342143906020558	0.0	0	0	0	0
PSMD7	2.88546671867047	0.4602160694673738	0.7827825203786968	raw__HeLa_TE_GSE188692	PSMD7	NM_002811.5	1631	0	0	0	0	0.0	0.0	0.0	0.0	0	0	0	0
PSMD8	0.567331344292101	-0.24616322158768403	-1.0067896583140723	raw__HeLa_TE_GSE188692	PSMD8	NM_002812.5	1518	1	1	1	2	0.6587615283267457	0.6587615283267457	0.6587615283267457	1.3175230566534915	1	1	0	2
PSME1	2.33016138120219	0.36738600022709766	0.5476027644569266	raw__HeLa_TE_GSE188692	PSME1	NM_006263.4	965	0	0	1	1	0.0	0.0	1.0362694300518134	1.0362694300518134	0	0	0	0
PSME2	0.116507432598329	-0.933646367912854	-2.7484895178132094	raw__HeLa_TE_GSE188692	PSME2	NM_002818.3	793	0	1	0	1	0.0	1.2610340479192939	0.0	1.2610340479192939	1	0	0	1
PSME3	0.85087611	-0.07013366983343249	-0.5608286959298936	raw__HeLa_TE_GSE188692	PSME3	NM_005789.4	3182	0	1	3	3	0.0	0.3142677561282212	0.9428032683846638	0.9428032683846638	1	0	0	1
PSPC1	2.48272356159476	0.39492836580606555	0.6173797975603285	raw__HeLa_TE_GSE188692	PSPC1	NM_001354909.2	2435	0	0	0	0	0.0	0.0	0.0	0.0	0	0	0	0
PTBP1	1.93948688654937	0.28768684755118207	0.34568944663984325	raw__HeLa_TE_GSE188692	PTBP1	NM_002819.5	3206	1	0	0	3	0.3119151590767311	0.0	0.0	0.9357454772301934	1	0	0	1
PTGES3	2.14856857738951	0.3321492199266213	0.4583323647000813	raw__HeLa_TE_GSE188692	PTGES3	NM_006601.7	1898	0	0	1	4	0.0	0.0	0.5268703898840885	2.107481559536354	1	0	0	1
PTMA	0.549312905288695	-0.26018019775666745	-1.042300878559425	raw__HeLa_TE_GSE188692	PTMA	NM_002823.5	1215	0	0	1	8	0.0	0.0	0.823045267489712	6.584362139917696	0	0	0	0
PTPN11	1.1393447405312	0.0566551518730314	-0.23961635184173655	raw__HeLa_TE_GSE188692	PTPN11	NM_002834.5	6073	0	0	1	1	0.0	0.0	0.16466326362588507	0.16466326362588507	0	0	0	0
PUF60	0.88445152	-0.05332596735969793	-0.5182473276541968	raw__HeLa_TE_GSE188692	PUF60	NM_078480.3	1868	0	0	1	0	0.0	0.0	0.5353319057815846	0.0	0	0	0	0
RAD23B	4.18598566504341	0.6217977367587104	1.192140580606469	raw__HeLa_TE_GSE188692	RAD23B	NM_002874.5	4114	0	0	2	3	0.0	0.0	0.48614487117160915	0.7292173067574137	0	0	0	0
RALY	2.64625105694041	0.42263104448927136	0.6875629748908573	raw__HeLa_TE_GSE188692	RALY	NM_016732.3	6213	0	0	1	0	0.0	0.0	0.16095284081764044	0.0	0	0	0	0
RAN	3.81776057140561	0.5818086883903126	1.0908305771583269	raw__HeLa_TE_GSE188692	RAN	NM_006325.5	2474	0	0	4	15	0.0	0.0	1.6168148746968471	6.063055780113177	0	0	0	0
RANBP1	0.359381954442445	-0.4444437338014094	-1.5091221767329586	raw__HeLa_TE_GSE188692	RANBP1	NM_001278639.2	1221	0	0	0	3	0.0	0.0	0.0	2.457002457002457	0	0	0	0
RANBP2	1.37084803861407	0.13698931500166892	-0.036094270781222175	raw__HeLa_TE_GSE188692	RANBP2	NM_006267.5	11708	0	0	1	2	0.0	0.0	0.08541168431841475	0.1708233686368295	0	0	0	0
RANGAP1	1.46875865456609	0.16695043867570758	0.03981054982775816	raw__HeLa_TE_GSE188692	RANGAP1	NM_002883.4	3828	0	0	0	4	0.0	0.0	0.0	1.044932079414838	0	0	0	0
RAP1GDS1	2.25648134933751	0.3534317482646391	0.5122504524586712	raw__HeLa_TE_GSE188692	RAP1GDS1	NM_001100427.2	3747	0	0	0	0	0.0	0.0	0.0	0.0	0	0	0	0
RBBP4	0.970264637536304	-0.013109796716477268	-0.4163619227052867	raw__HeLa_TE_GSE188692	RBBP4	NM_005610.3	7883	0	1	0	0	0.0	0.12685525815045035	0.0	0.0	1	0	0	1
RBBP7	1.76312683963222	0.24628355663901189	0.24079653930096184	raw__HeLa_TE_GSE188692	RBBP7	NM_002893.4	2281	0	1	1	3	0.0	0.4384042086804033	0.4384042086804033	1.31521262604121	0	0	0	0
RBM12	0.982471269632004	-0.007680140822989188	-0.4026061950814652	raw__HeLa_TE_GSE188692	RBM12	NM_006047.6	6646	0	0	0	1	0.0	0.0	0.0	0.15046644598254588	0	0	0	0
RBM14	0.433809377468048	-0.3627010642660175	-1.302031723962009	raw__HeLa_TE_GSE188692	RBM14	NM_006328.4	5367	0	0	0	0	0.0	0.0	0.0	0.0	0	0	0	0
RBM25	1.9032061750227	0.27948583811597616	0.3249126507905189	raw__HeLa_TE_GSE188692	RBM25	NM_021239.3	6813	0	0	0	0	0.0	0.0	0.0	0.0	0	0	0	0
RBM3	3.98917265968285	0.6008828338843517	1.1391538512700106	raw__HeLa_TE_GSE188692	RBM3	NM_006743.5	4298	0	0	2	1	0.0	0.0	0.46533271288971617	0.23266635644485809	0	0	0	0
RBM39	0.585320305556186	-0.23260640935918814	-0.9724442375138082	raw__HeLa_TE_GSE188692	RBM39	NM_184234.3	5060	1	0	0	1	0.1976284584980237	0.0	0.0	0.1976284584980237	0	0	0	0
RBM4	0.110260345300082	-0.9575806517834196	-2.809125678972074	raw__HeLa_TE_GSE188692	RBM4	NM_002896.4	1607	0	0	0	2	0.0	0.0	0.0	1.2445550715619167	0	0	0	0
RBM8A	0.613015818595659	-0.21252831856450877	-0.9215775244852336	raw__HeLa_TE_GSE188692	RBM8A	NM_005105.5	4909	0	0	0	1	0.0	0.0	0.0	0.20370747606437156	0	0	0	0
RCC1	1.15131807959251	0.061195324609618594	-0.2281140797355989	raw__HeLa_TE_GSE188692	RCC1	NM_001381865.2	2551	0	0	0	3	0.0	0.0	0.0	1.1760094080752646	0	0	0	0
RCC2	0.736609391248815	-0.1327627484982943	-0.7194959419478147	raw__HeLa_TE_GSE188692	RCC2	NM_018715.4	4040	1	1	1	0	0.24752475247524752	0.24752475247524752	0.24752475247524752	0.0	1	1	0	2
RCN1	0.08146122	-1.0890490900111267	-3.1421935681468653	raw__HeLa_TE_GSE188692	RCN1	NM_002901.4	2369	0	0	1	2	0.0	0.0	0.42211903756859437	0.8442380751371887	0	0	0	0
RDX	0.682945977213409	-0.16561364877239626	-0.8027218489357381	raw__HeLa_TE_GSE188692	RDX	NM_002906.4	4392	0	0	1	1	0.0	0.0	0.22768670309653916	0.22768670309653916	0	0	0	0
RECQL	2.04883497824826	0.3115069799129963	0.40603641137576085	raw__HeLa_TE_GSE188692	RECQL	NM_002907.4	3745	0	1	0	0	0.0	0.26702269692923897	0.0	0.0	1	0	0	1
RNH1	0.462426686866395	-0.33495711052096777	-1.2317439785852689	raw__HeLa_TE_GSE188692	RNH1	NM_203387.3	1952	0	0	0	0	0.0	0.0	0.0	0.0	0	0	0	0
RPA2	0.496172412111755	-0.3043673867802823	-1.1542466350852008	raw__HeLa_TE_GSE188692	RPA2	NM_002946.5	1584	0	0	2	0	0.0	0.0	1.2626262626262625	0.0	0	0	0	0
RPA3	0.733148399758454	-0.13480810902455956	-0.7246777477277289	raw__HeLa_TE_GSE188692	RPA3	NM_002947.5	2020	0	0	1	0	0.0	0.0	0.49504950495049505	0.0	1	0	0	1
RPL10	0.89151325	-0.04987219779527494	-0.5094973968417071	raw__HeLa_TE_GSE188692	RPL10	NM_006013.5	2164	0	0	5	7	0.0	0.0	2.310536044362292	3.234750462107209	2	0	0	2
RPL10A	0.3620592362291	-0.4412203690723332	-1.500955963603581	raw__HeLa_TE_GSE188692	RPL10A	NM_007104.5	718	0	0	2	7	0.0	0.0	2.785515320334262	9.749303621169917	0	0	0	0
RPL11	3.18076676539051	0.5025318249647938	0.8899871053905837	raw__HeLa_TE_GSE188692	RPL11	NM_000975.5	1017	0	0	6	5	0.0	0.0	5.899705014749262	4.916420845624385	0	0	0	0
RPL12	0.152764666131511	-0.8159770847565764	-2.450381011392141	raw__HeLa_TE_GSE188692	RPL12	NM_000976.4	634	0	0	0	4	0.0	0.0	0.0	6.309148264984227	0	0	0	0
RPL13	0.250409659319736	-0.6013489226327328	-1.906632641975612	raw__HeLa_TE_GSE188692	RPL13	NM_000977.4	2187	0	0	5	7	0.0	0.0	2.286236854138089	3.2007315957933242	2	0	0	2
RPL14	0.564896702184602	-0.2480309606278262	-1.011521470055473	raw__HeLa_TE_GSE188692	RPL14	NM_001034996.3	7136	0	1	5	7	0.0	0.14013452914798205	0.7006726457399103	0.9809417040358744	1	1	0	2
RPL15	1.53068336299249	0.1848853618758032	0.08524766837343896	raw__HeLa_TE_GSE188692	RPL15	NM_002948.5	2155	2	1	8	9	0.9280742459396751	0.46403712296983757	3.7122969837587005	4.176334106728539	2	0	0	2
RPL18	0.476385292529145	-0.3220416549811009	-1.1990233988599388	raw__HeLa_TE_GSE188692	RPL18	NM_000979.4	643	0	1	5	11	0.0	1.5552099533437014	7.776049766718507	17.107309486780714	3	1	0	4
RPL18A	0.505942081564975	-0.29589919678950344	-1.132792952335318	raw__HeLa_TE_GSE188692	RPL18A	NM_000980.4	634	0	1	4	0	0.0	1.5772870662460567	6.309148264984227	0.0	2	1	0	3
RPL19	1.82831574783545	0.2620511999870084	0.28074297631637724	raw__HeLa_TE_GSE188692	RPL19	NM_000981.4	737	0	1	5	20	0.0	1.3568521031207599	6.784260515603799	27.137042062415198	1	0	0	1
RPL21	0.595625748406731	-0.22502653632406755	-0.9532410557763951	raw__HeLa_TE_GSE188692	RPL21	NM_000982.4	566	0	0	1	0	0.0	0.0	1.7667844522968197	0.0	0	0	0	0
RPL23	1.00256191957773	0.001111204734105571	-0.3803338158915935	raw__HeLa_TE_GSE188692	RPL23	NM_000978.4	2706	0	0	2	3	0.0	0.0	0.7390983000739099	1.1086474501108647	1	0	0	1
RPL23A	0.434138478850526	-0.36237171977785265	-1.3011973482368298	raw__HeLa_TE_GSE188692	RPL23A	NM_000984.6	970	0	0	3	2	0.0	0.0	3.0927835051546393	2.0618556701030926	1	0	0	1
RPL24	3.28308749318016	0.5162824566857911	0.9248235569668929	raw__HeLa_TE_GSE188692	RPL24	NM_000986.4	560	0	1	1	8	0.0	1.7857142857142858	1.7857142857142858	14.285714285714286	1	0	0	1
RPL26	1.29863194170028	0.11348608075879997	-0.09563839196789369	raw__HeLa_TE_GSE188692	RPL26	NM_000987.5	528	0	0	3	8	0.0	0.0	5.681818181818182	15.151515151515152	0	0	0	0
RPL27	1.30784073834021	0.11655486121209374	-0.08786380940117082	raw__HeLa_TE_GSE188692	RPL27	NM_000988.5	505	0	0	6	9	0.0	0.0	11.881188118811881	17.821782178217823	3	0	0	3
RPL27A	1.67911205944394	0.2250796807563729	0.18707771311149526	raw__HeLa_TE_GSE188692	RPL27A	NM_000990.5	4535	0	1	4	5	0.0	0.2205071664829107	0.8820286659316428	1.1025358324145536	1	0	0	1
RPL28	0.596941614413888	-0.2240681442104385	-0.9508130232950529	raw__HeLa_TE_GSE188692	RPL28	NM_000991.5	4209	0	1	0	5	0.0	0.23758612497030174	0.0	1.1879306248515087	0	0	0	0
RPL29	0.484776231608752	-0.3144586816103598	-1.1798123625967187	raw__HeLa_TE_GSE188692	RPL29	NM_000992.3	754	1	0	1	7	1.3262599469496021	0.0	1.3262599469496021	9.283819628647215	1	1	0	2
RPL3	0.210472346866291	-0.6768049563237517	-2.0977962566482096	raw__HeLa_TE_GSE188692	RPL3	NM_000967.4	1296	0	0	10	11	0.0	0.0	7.716049382716049	8.487654320987655	3	0	0	3
RPL30	0.850491637218869	-0.07032995239539168	-0.5613259667537878	raw__HeLa_TE_GSE188692	RPL30	NM_000989.4	498	0	0	4	6	0.0	0.0	8.032128514056225	12.048192771084338	0	0	0	0
RPL31	1.0838721033782	0.034978038591566805	-0.294534098347214	raw__HeLa_TE_GSE188692	RPL31	NM_000993.5	1291	0	0	1	6	0.0	0.0	0.774593338497289	4.647560030983733	1	0	0	1
RPL32	0.85042817	-0.07036236246297081	-0.5614080758359531	raw__HeLa_TE_GSE188692	RPL32	NM_000994.4	2094	0	0	3	2	0.0	0.0	1.4326647564469914	0.9551098376313276	0	0	0	0
RPL34	0.445181580263549	-0.35146281323982514	-1.2735602474786027	raw__HeLa_TE_GSE188692	RPL34	NM_001319236.2	546	0	0	7	5	0.0	0.0	12.820512820512821	9.157509157509157	3	0	0	3
RPL35	1.37421834707095	0.1380557424718683	-0.033392536804264766	raw__HeLa_TE_GSE188692	RPL35	NM_007209.4	452	0	0	2	5	0.0	0.0	4.424778761061947	11.061946902654867	0	0	0	0
RPL35A	4.06241452663804	0.6087842365100187	1.1591716101293108	raw__HeLa_TE_GSE188692	RPL35A	NM_000996.4	1234	1	2	2	7	0.8103727714748784	1.6207455429497568	1.6207455429497568	5.672609400324149	1	1	1	3
RPL36	2.49417103	0.3969262305533144	0.6224412754571782	raw__HeLa_TE_GSE188692	RPL36	NM_033643.3	607	0	0	2	5	0.0	0.0	3.2948929159802307	8.237232289950576	0	0	0	0
RPL36A	0.0383134	-1.4166493062336174	-3.9721502785281286	raw__HeLa_TE_GSE188692	RPL36A	NM_021029.6	761	0	0	2	0	0.0	0.0	2.628120893561104	0.0	0	0	0	0
RPL37	6.28387611245536	0.7982276142725532	1.6391157457721426	raw__HeLa_TE_GSE188692	RPL37	NM_000997.5	7573	0	0	8	4	0.0	0.0	1.056384523966724	0.528192261983362	3	0	0	3
RPL38	6.38436732718353	0.8051178663720453	1.6565718116811723	raw__HeLa_TE_GSE188692	RPL38	NM_000999.4	1145	0	0	2	4	0.0	0.0	1.7467248908296944	3.493449781659389	0	0	0	0
RPL4	0.404598231813826	-0.392976019526599	-1.3787316192329788	raw__HeLa_TE_GSE188692	RPL4	NM_000968.4	2741	0	1	13	15	0.0	0.36483035388544327	4.742794600510763	5.472455308281649	1	0	0	1
RPL5	1.33810877938989	0.1264914201347036	-0.06269009660264825	raw__HeLa_TE_GSE188692	RPL5	NM_000969.5	1028	0	0	3	11	0.0	0.0	2.9182879377431905	10.700389105058365	2	0	0	2
RPL6	0.622272877279717	-0.20601912799585678	-0.9050868565183539	raw__HeLa_TE_GSE188692	RPL6	NM_000970.6	921	0	0	7	5	0.0	0.0	7.60043431053203	5.4288816503800215	0	0	0	0
RPL7	0.869055825015256	-0.06095232514239033	-0.5375682758834104	raw__HeLa_TE_GSE188692	RPL7	NM_000971.4	1233	1	0	3	1	0.8110300081103001	0.0	2.4330900243309004	0.8110300081103001	1	0	0	1
RPL7A	0.512140098602328	-0.29061121924477384	-1.1193961588343848	raw__HeLa_TE_GSE188692	RPL7A	NM_000972.3	887	0	0	5	0	0.0	0.0	5.636978579481398	0.0	4	0	0	4
RPL8	2.7513734473953	0.4395495417294497	0.7304250354717834	raw__HeLa_TE_GSE188692	RPL8	NM_001317782.2	1070	0	1	7	20	0.0	0.9345794392523364	6.542056074766355	18.69158878504673	4	0	0	4
RPL9	1.16499984312802	0.06632586688251857	-0.2151161396353514	raw__HeLa_TE_GSE188692	RPL9	NM_000661.5	724	1	2	3	0	1.3812154696132597	2.7624309392265194	4.143646408839779	0.0	0	0	0	0
RPLP0	0.490556058040082	-0.30931135667062815	-1.1667719045545857	raw__HeLa_TE_GSE188692	RPLP0	NM_001002.4	1105	1	2	11	21	0.9049773755656109	1.8099547511312217	9.95475113122172	19.004524886877828	4	1	1	6
RPLP1	0.756015020960184	-0.12146957558964826	-0.6908853239662286	raw__HeLa_TE_GSE188692	RPLP1	NM_001003.3	1174	0	0	8	16	0.0	0.0	6.814310051107325	13.62862010221465	4	0	0	4
RPLP2	1.32503555571374	0.1222275321921449	-0.0734924167324889	raw__HeLa_TE_GSE188692	RPLP2	NM_001004.4	462	0	0	3	4	0.0	0.0	6.4935064935064934	8.658008658008658	2	0	0	2
RPS10	0.136198870436287	-0.8658264942244213	-2.576671684742255	raw__HeLa_TE_GSE188692	RPS10	NM_001014.5	588	0	0	5	6	0.0	0.0	8.503401360544217	10.204081632653061	1	0	0	1
RPS11	2.33005523521793	0.36736621633332495	0.5475526430754957	raw__HeLa_TE_GSE188692	RPS11	NM_001015.5	573	0	1	7	6	0.0	1.7452006980802792	12.216404886561955	10.471204188481675	2	0	0	2
RPS12	0.248134176545465	-0.6053134144344138	-1.9166764588326255	raw__HeLa_TE_GSE188692	RPS12	NM_001016.4	503	0	0	2	5	0.0	0.0	3.9761431411530817	9.940357852882704	0	0	0	0
RPS13	1.69828946537424	0.23001171564910908	0.19957274593614055	raw__HeLa_TE_GSE188692	RPS13	NM_001017.3	527	0	0	4	2	0.0	0.0	7.590132827324478	3.795066413662239	1	0	0	1
RPS14	2.68185869977861	0.4284358922616581	0.70226923002398	raw__HeLa_TE_GSE188692	RPS14	NM_005617.4	2146	0	0	5	13	0.0	0.0	2.3299161230195713	6.0577819198508855	2	0	0	2
RPS15	0.29634832868205	-0.5281975177119884	-1.7213076745874472	raw__HeLa_TE_GSE188692	RPS15	NM_001018.5	501	0	0	1	4	0.0	0.0	1.996007984031936	7.984031936127744	0	0	0	0
RPS15A	0.48876648	-0.31089858601060505	-1.1707930607577708	raw__HeLa_TE_GSE188692	RPS15A	NM_001019.5	2203	0	0	2	4	0.0	0.0	0.9078529278256923	1.8157058556513845	1	0	0	1
RPS16	2.40656249975184	0.38139714502641625	0.5830992112554244	raw__HeLa_TE_GSE188692	RPS16	NM_001020.6	631	1	1	6	9	1.5847860538827259	1.5847860538827259	9.508716323296355	14.263074484944532	1	0	0	1
RPS17	0.0496841290900601	-1.3037823184975181	-3.686208117279749	raw__HeLa_TE_GSE188692	RPS17	NM_001021.6	488	0	0	2	0	0.0	0.0	4.098360655737705	0.0	0	0	0	0
RPS18	0.99936071022683	-0.0002777288048790382	-0.3838526008430996	raw__HeLa_TE_GSE188692	RPS18	NM_022551.3	549	0	0	3	0	0.0	0.0	5.46448087431694	0.0	0	0	0	0
RPS19	0.890286757917449	-0.0504700862511183	-0.5110121135952812	raw__HeLa_TE_GSE188692	RPS19	NM_001022.4	2021	0	0	3	8	0.0	0.0	1.4844136566056407	3.958436417615042	0	0	0	0
RPS2	0.430775461076704	-0.36574904405212577	-1.309753609209084	raw__HeLa_TE_GSE188692	RPS2	NM_002952.4	945	0	0	4	7	0.0	0.0	4.232804232804233	7.407407407407407	1	0	0	1
RPS20	0.593262051735963	-0.22675343060870506	-0.9576160452565013	raw__HeLa_TE_GSE188692	RPS20	NM_001023.4	519	0	0	3	6	0.0	0.0	5.780346820809249	11.560693641618498	0	0	0	0
RPS21	3.80478870326773	0.5803305434842841	1.087085780229252	raw__HeLa_TE_GSE188692	RPS21	NM_001024.4	358	0	0	6	4	0.0	0.0	16.75977653631285	11.1731843575419	4	0	0	4
RPS24	0.989263618793954	-0.004687962263499006	-0.3950256791015209	raw__HeLa_TE_GSE188692	RPS24	NM_033022.4	534	0	1	3	6	0.0	1.8726591760299625	5.617977528089888	11.235955056179776	0	0	0	0
RPS25	2.53535120964827	0.4040381285006148	0.6404588686473487	raw__HeLa_TE_GSE188692	RPS25	NM_001028.3	483	0	1	2	0	0.0	2.070393374741201	4.140786749482402	0.0	1	0	0	1
RPS26	0.862730215321524	-0.06412499143979111	-0.5456060473894583	raw__HeLa_TE_GSE188692	RPS26	NM_001029.5	1140	0	0	0	0	0.0	0.0	0.0	0.0	0	0	0	0
RPS27A	0.560089757281443	-0.2517423694787753	-1.020924115500376	raw__HeLa_TE_GSE188692	RPS27A	NM_002954.6	785	0	0	7	10	0.0	0.0	8.9171974522293	12.738853503184714	0	0	0	0
RPS28	0.488768262401108	-0.3108970022572464	-1.1707890484077708	raw__HeLa_TE_GSE188692	RPS28	NM_001031.5	1330	0	1	4	0	0.0	0.7518796992481203	3.007518796992481	0.0	1	0	0	1
RPS3	2.04885917280769	0.31151210843809624	0.4060494042054669	raw__HeLa_TE_GSE188692	RPS3	NM_001005.5	2059	0	1	10	13	0.0	0.48567265662943176	4.856726566294317	6.313744536182613	4	0	0	4
RPS3A	0.196535012878351	-0.7065600684676333	-2.173179158639915	raw__HeLa_TE_GSE188692	RPS3A	NM_001006.5	869	0	1	4	8	0.0	1.1507479861910241	4.602991944764097	9.205983889528193	1	1	0	2
RPS4X	2.23391353397934	0.34906635927091745	0.5011909851282127	raw__HeLa_TE_GSE188692	RPS4X	NM_001007.5	1474	0	0	7	18	0.0	0.0	4.74898236092266	12.211668928086839	2	0	0	2
RPS5	2.95715512153869	0.4708741066232755	0.8097840576762969	raw__HeLa_TE_GSE188692	RPS5	NM_001009.4	741	0	0	4	13	0.0	0.0	5.398110661268556	17.54385964912281	1	0	0	1
RPS6	2.40345567145208	0.3808361165535831	0.5816778771943181	raw__HeLa_TE_GSE188692	RPS6	NM_001010.3	1369	0	0	6	6	0.0	0.0	4.382761139517896	4.382761139517896	1	0	0	1
RPS7	0.395097290470585	-0.40329594864735263	-1.4048765788523323	raw__HeLa_TE_GSE188692	RPS7	NM_001011.4	732	0	0	3	9	0.0	0.0	4.098360655737705	12.295081967213115	1	0	0	1
RPS8	0.67087138041306	-0.1733607348699917	-0.8223486555561401	raw__HeLa_TE_GSE188692	RPS8	NM_001012.2	778	0	0	4	12	0.0	0.0	5.141388174807198	15.424164524421593	2	0	0	2
RPS9	0.835343944531908	-0.07813467127495796	-0.5810987827837262	raw__HeLa_TE_GSE188692	RPS9	NM_001013.4	713	0	0	9	0	0.0	0.0	12.622720897615709	0.0	2	0	0	2
RPSA	0.246710433151104	-0.607812484218635	-1.923007711482705	raw__HeLa_TE_GSE188692	RPSA	NM_002295.6	1140	0	2	5	3	0.0	1.7543859649122806	4.385964912280702	2.6315789473684212	2	1	0	3
RRBP1	0.388358248445561	-0.4107674663138785	-1.4238052483616768	raw__HeLa_TE_GSE188692	RRBP1	NM_001365613.2	5049	0	0	0	0	0.0	0.0	0.0	0.0	0	0	0	0
RRM1	3.29542205246372	0.5179110436092552	0.9289494902802281	raw__HeLa_TE_GSE188692	RRM1	NM_001033.5	3142	1	1	4	1	0.31826861871419476	0.31826861871419476	1.273074474856779	0.31826861871419476	1	1	0	2
RSL1D1	1.72034676453393	0.23561599501500605	0.2137708722994592	raw__HeLa_TE_GSE188692	RSL1D1	NM_015659.3	5440	0	0	0	1	0.0	0.0	0.0	0.18382352941176472	0	0	0	0
RTCA	0.34081751	-0.4674781008154646	-1.5674784491833902	raw__HeLa_TE_GSE188692	RTCA	NM_003729.4	2526	0	0	0	1	0.0	0.0	0.0	0.39588281868566905	0	0	0	0
RUVBL1	1.36150906868014	0.13402053841533434	-0.04361549917924543	raw__HeLa_TE_GSE188692	RUVBL1	NM_003707.3	1899	0	1	0	2	0.0	0.526592943654555	0.0	1.05318588730911	0	0	0	0
RUVBL2	2.14500550801781	0.3314284117182581	0.4565062376714513	raw__HeLa_TE_GSE188692	RUVBL2	NM_006666.3	1545	0	0	0	1	0.0	0.0	0.0	0.6472491909385113	0	0	0	0
S100A10	0.873804376503758	-0.05858578442998405	-0.5315727781780056	raw__HeLa_TE_GSE188692	S100A10	NM_002966.3	671	0	1	1	1	0.0	1.4903129657228018	1.4903129657228018	1.4903129657228018	0	0	0	0
S100A11	4.86619257462269	0.6871892916973684	1.3578064047912282	raw__HeLa_TE_GSE188692	S100A11	NM_005620.2	563	0	0	0	2	0.0	0.0	0.0	3.552397868561279	0	0	0	0
S100A4	4.81527160500421	0.6826207884964532	1.346232359048161	raw__HeLa_TE_GSE188692	S100A4	NM_002961.3	513	0	1	2	12	0.0	1.949317738791423	3.898635477582846	23.391812865497077	1	0	0	1
SAE1	1.0870802165739	0.036261592227988824	-0.2912822874480441	raw__HeLa_TE_GSE188692	SAE1	NM_005500.3	2522	0	0	1	3	0.0	0.0	0.3965107057890563	1.189532117367169	0	0	0	0
SAFB	2.03374281004888	0.30829603057349975	0.39790165193714205	raw__HeLa_TE_GSE188692	SAFB	NM_001201338.2	3064	0	0	0	0	0.0	0.0	0.0	0.0	0	0	0	0
SART3	1.14590552318214	0.059148812699385454	-0.23329880248199544	raw__HeLa_TE_GSE188692	SART3	NM_014706.4	4154	0	0	0	0	0.0	0.0	0.0	0.0	0	0	0	0
SCP2	1.16507462551107	0.06635374373946067	-0.21504551518720477	raw__HeLa_TE_GSE188692	SCP2	NM_002979.5	2759	1	1	1	3	0.3624501631025734	0.3624501631025734	0.3624501631025734	1.0873504893077202	0	0	0	0
SDHA	2.20614884712921	0.34363481060013346	0.487430462259638	raw__HeLa_TE_GSE188692	SDHA	NM_004168.4	2693	0	1	1	1	0.0	0.37133308577794283	0.37133308577794283	0.37133308577794283	0	0	0	0
SEC13	1.13152606086495	0.05366456090630506	-0.24719284574476383	raw__HeLa_TE_GSE188692	SEC13	NM_183352.3	1359	0	0	0	5	0.0	0.0	0.0	3.679175864606328	0	0	0	0
SEC23B	1.34880407919088	0.12994887072032527	-0.05393084013012054	raw__HeLa_TE_GSE188692	SEC23B	NM_006363.6	3026	0	0	1	0	0.0	0.0	0.3304692663582287	0.0	0	0	0	0
SEC31A	2.347129805907	0.37053710852924593	0.5555859199952914	raw__HeLa_TE_GSE188692	SEC31A	NM_001077207.4	4298	0	0	2	2	0.0	0.0	0.46533271288971617	0.46533271288971617	0	0	0	0
SERBP1	3.03667677040021	0.48239856725501234	0.8389806300874052	raw__HeLa_TE_GSE188692	SERBP1	NM_001018069.2	6681	0	0	1	23	0.0	0.0	0.149678191887442	3.442598413411166	0	0	0	0
SERPINH1	6.73723066142685	0.8284814164739507	1.7157620509581695	raw__HeLa_TE_GSE188692	SERPINH1	NM_001235.5	2058	0	0	1	2	0.0	0.0	0.4859086491739553	0.9718172983479106	0	0	0	0
SET	1.0654005	0.027512896266334772	-0.31344661628819626	raw__HeLa_TE_GSE188692	SET	NM_003011.4	2927	0	1	2	4	0.0	0.341646737273659	0.683293474547318	1.366586949094636	1	0	0	1
SF1	1.46816030098395	0.16677347658279396	0.03936222632483035	raw__HeLa_TE_GSE188692	SF1	NM_004630.4	3282	1	0	0	1	0.30469226081657524	0.0	0.0	0.30469226081657524	1	0	0	1
SF3A2	1.74761210762331	0.24244504488153265	0.23107188579574675	raw__HeLa_TE_GSE188692	SF3A2	NM_007165.5	1619	0	0	0	0	0.0	0.0	0.0	0.0	0	0	0	0
SF3A3	1.59627741983637	0.203108370369422	0.13141463479675158	raw__HeLa_TE_GSE188692	SF3A3	NM_006802.4	2774	0	0	3	2	0.0	0.0	1.0814708002883922	0.7209805335255948	0	0	0	0
SF3B1	2.08544953269169	0.31919968450133507	0.4255254455030655	raw__HeLa_TE_GSE188692	SF3B1	NM_012433.4	6463	0	0	2	4	0.0	0.0	0.3094538140182578	0.6189076280365156	0	0	0	0
SF3B2	4.56867393436461	0.6597901636238036	1.2883922558463239	raw__HeLa_TE_GSE188692	SF3B2	NM_006842.3	3272	0	0	0	2	0.0	0.0	0.0	0.6112469437652812	0	0	0	0
SF3B3	1.35212720099813	0.13101754966259077	-0.05122340217539701	raw__HeLa_TE_GSE188692	SF3B3	NM_012426.5	9692	0	0	1	0	0.0	0.0	0.10317787866281469	0.0	0	0	0	0
SF3B4	6.84275803433299	0.835231183250453	1.7328622052079514	raw__HeLa_TE_GSE188692	SF3B4	NM_005850.5	1544	0	0	0	0	0.0	0.0	0.0	0.0	0	0	0	0
SFPQ	1.55470215224423	0.19164719977656355	0.10237840413716318	raw__HeLa_TE_GSE188692	SFPQ	NM_005066.3	3740	0	0	5	4	0.0	0.0	1.3368983957219251	1.0695187165775402	0	0	0	0
SH3GL1	0.565392012011015	-0.24765033161594385	-1.010557167875761	raw__HeLa_TE_GSE188692	SH3GL1	NM_003025.4	2516	0	0	0	2	0.0	0.0	0.0	0.794912559618442	0	0	0	0
SHMT2	1.6070934103125	0.20604112032543448	0.13884459175444117	raw__HeLa_TE_GSE188692	SHMT2	NM_005412.6	2157	1	3	5	1	0.46360686138154844	1.3908205841446453	2.3180343069077423	0.46360686138154844	1	1	1	3
SKP1	0.162922250046025	-0.7880196006985801	-2.3795522989850886	raw__HeLa_TE_GSE188692	SKP1	NM_170679.3	9386	1	1	2	8	0.10654165778819519	0.10654165778819519	0.21308331557639038	0.8523332623055615	0	0	0	0
SLC3A2	2.75699295898178	0.44043565697292475	0.7326699585703499	raw__HeLa_TE_GSE188692	SLC3A2	NM_001013251.3	1885	0	0	3	13	0.0	0.0	1.5915119363395225	6.896551724137931	0	0	0	0
SLIRP	1.75519370547533	0.2443250527544325	0.2358347799344464	raw__HeLa_TE_GSE188692	SLIRP	NM_031210.6	376	0	0	0	3	0.0	0.0	0.0	7.9787234042553195	0	0	0	0
SMARCC1	4.4433267690859	0.6477082530996258	1.2577834155061296	raw__HeLa_TE_GSE188692	SMARCC1	NM_003074.4	6354	1	0	1	1	0.15738117721120554	0.0	0.15738117721120554	0.15738117721120554	1	0	0	1
SMC1A	2.54723558761443	0.4060691136598856	0.6456042552440314	raw__HeLa_TE_GSE188692	SMC1A	NM_006306.4	9710	0	0	0	1	0.0	0.0	0.0	0.10298661174047374	0	0	0	0
SMC4	1.78899360939632	0.252608789192934	0.25682115999072463	raw__HeLa_TE_GSE188692	SMC4	NM_001002800.3	5116	0	0	0	1	0.0	0.0	0.0	0.19546520719311963	0	0	0	0
SMS	0.839745138396564	-0.07585250177466633	-0.5753170347957819	raw__HeLa_TE_GSE188692	SMS	NM_004595.5	1703	0	1	1	1	0.0	0.5871990604815033	0.5871990604815033	0.5871990604815033	0	0	0	0
SMU1	0.34240059720823	-0.4654654865065297	-1.5623796041021176	raw__HeLa_TE_GSE188692	SMU1	NM_018225.3	7136	0	0	1	0	0.0	0.0	0.14013452914798205	0.0	0	0	0	0
SNAPIN	0.642020081964206	-0.1924513872740784	-0.8707137489954166	raw__HeLa_TE_GSE188692	SNAPIN	NM_012437.6	1003	0	1	1	2	0.0	0.9970089730807578	0.9970089730807578	1.9940179461615155	1	0	0	1
SND1	3.83219982770971	0.5834481470163627	1.0949840533183017	raw__HeLa_TE_GSE188692	SND1	NM_014390.4	3448	1	2	1	4	0.2900232018561485	0.580046403712297	0.2900232018561485	1.160092807424594	2	1	1	4
SNRNP200	4.28535539	0.6319868443492468	1.217954111241684	raw__HeLa_TE_GSE188692	SNRNP200	NM_014014.5	7194	3	0	2	4	0.4170141784820684	0.0	0.2780094523213789	0.5560189046427578	3	1	0	4
SNRNP40	0.339601234714279	-0.46903073942742746	-1.5714119717239263	raw__HeLa_TE_GSE188692	SNRNP40	NM_004814.3	1615	0	0	1	0	0.0	0.0	0.6191950464396285	0.0	0	0	0	0
SNRNP70	1.37797857814964	0.1392424661465579	-0.0303860391635305	raw__HeLa_TE_GSE188692	SNRNP70	NM_003089.6	1671	0	0	2	1	0.0	0.0	1.196888090963495	0.5984440454817475	0	0	0	0
SNRPA	3.29538841791231	0.5179066109829054	0.92893826047084	raw__HeLa_TE_GSE188692	SNRPA	NM_004596.5	1277	0	0	1	1	0.0	0.0	0.7830853563038371	0.7830853563038371	0	0	0	0
SNRPA1	0.77062781	-0.11315532245562646	-0.6698216315793367	raw__HeLa_TE_GSE188692	SNRPA1	NM_003090.4	1052	0	0	0	1	0.0	0.0	0.0	0.9505703422053232	0	0	0	0
SNRPC	0.456658949197442	-0.3404080270142475	-1.2455535687421109	raw__HeLa_TE_GSE188692	SNRPC	NM_003093.3	806	0	0	0	6	0.0	0.0	0.0	7.444168734491315	0	0	0	0
SNRPD2	7.59896269251968	0.8807543123253689	1.8481924906666736	raw__HeLa_TE_GSE188692	SNRPD2	NM_001384647.1	515	0	0	2	4	0.0	0.0	3.883495145631068	7.766990291262136	0	0	0	0
SNRPF	1.414437534651	0.15058377260926806	-0.001653477531690955	raw__HeLa_TE_GSE188692	SNRPF	NM_003095.5	452	0	0	0	1	0.0	0.0	0.0	2.2123893805309733	0	0	0	0
SOD1	2.06730428122384	0.315404404024843	0.4159103160151645	raw__HeLa_TE_GSE188692	SOD1	NM_000454.5	895	0	2	3	6	0.0	2.2346368715083798	3.35195530726257	6.70391061452514	0	0	0	0
SOD2	0.710462159881232	-0.1484590481973265	-0.7592616338438166	raw__HeLa_TE_GSE188692	SOD2	NM_000636.4	14167	0	0	1	0	0.0	0.0	0.07058657443354274	0.0	0	0	0	0
SON	0.32407104788125	-0.48935976658290103	-1.6229144178998143	raw__HeLa_TE_GSE188692	SON	NM_138927.4	8393	0	1	1	1	0.0	0.11914690813773382	0.11914690813773382	0.11914690813773382	1	0	0	1
SORD	0.488768002189645	-0.3108972334679065	-1.1707896341669655	raw__HeLa_TE_GSE188692	SORD	NM_003104.6	4818	0	0	0	1	0.0	0.0	0.0	0.20755500207555003	0	0	0	0
SPTAN1	0.17001673	-0.7695083410382659	-2.3326550644537973	raw__HeLa_TE_GSE188692	SPTAN1	NM_001130438.3	7875	3	0	4	1	0.38095238095238093	0.0	0.5079365079365079	0.12698412698412698	2	0	0	2
SPTBN1	0.220520727759923	-0.6565505829368409	-2.046482941593443	raw__HeLa_TE_GSE188692	SPTBN1	NM_003128.3	10211	0	0	1	1	0.0	0.0	0.09793360101850945	0.09793360101850945	0	0	0	0
SRP14	5.8253761134118	0.7653239706776407	1.5557562165493526	raw__HeLa_TE_GSE188692	SRP14	NM_003134.6	1119	0	0	1	1	0.0	0.0	0.8936550491510277	0.8936550491510277	0	0	0	0
SRP9	1.51091975920668	0.17924140076583525	0.07094901054481448	raw__HeLa_TE_GSE188692	SRP9	NM_003133.6	1481	0	0	0	1	0.0	0.0	0.0	0.675219446320054	0	0	0	0
SRRM2	2.49975782632416	0.39789793675783086	0.6249030384384634	raw__HeLa_TE_GSE188692	SRRM2	NM_016333.4	9044	1	1	1	1	0.11057054400707651	0.11057054400707651	0.11057054400707651	0.11057054400707651	1	0	0	1
SRRT	0.547513425675384	-0.26160522694401445	-1.0459111098045857	raw__HeLa_TE_GSE188692	SRRT	NM_015908.6	2990	0	0	2	1	0.0	0.0	0.6688963210702341	0.33444816053511706	0	0	0	0
SRSF10	0.585259802166974	-0.23265130383146088	-0.9725579751326395	raw__HeLa_TE_GSE188692	SRSF10	NM_054016.4	7656	0	0	1	1	0.0	0.0	0.13061650992685475	0.13061650992685475	0	0	0	0
SRSF2	1.24742411371501	0.09601413505914509	-0.13990258307269215	raw__HeLa_TE_GSE188692	SRSF2	NM_001195427.2	1888	0	0	0	7	0.0	0.0	0.0	3.707627118644068	0	0	0	0
SRSF3	0.516311043768216	-0.2870885853996106	-1.1104717642423378	raw__HeLa_TE_GSE188692	SRSF3	NM_003017.5	4228	0	0	2	6	0.0	0.0	0.47303689687795647	1.4191106906338695	0	0	0	0
SRSF5	1.94708150696827	0.28938413194409224	0.34998942112571013	raw__HeLa_TE_GSE188692	SRSF5	NM_001320214.2	1496	0	0	0	1	0.0	0.0	0.0	0.6684491978609626	0	0	0	0
SRSF7	0.497915442305882	-0.30284440434467746	-1.1503882447984113	raw__HeLa_TE_GSE188692	SRSF7	NM_001031684.3	2356	0	0	2	0	0.0	0.0	0.8488964346349746	0.0	0	0	0	0
SRSF9	0.978587737199871	-0.009400230738145596	-0.40696394607444275	raw__HeLa_TE_GSE188692	SRSF9	NM_003769.3	1152	0	0	1	0	0.0	0.0	0.8680555555555556	0.0	0	0	0	0
SSB	1.62543426634056	0.21096941102512748	0.1513301388767357	raw__HeLa_TE_GSE188692	SSB	NM_003142.5	1650	0	0	0	0	0.0	0.0	0.0	0.0	0	0	0	0
SSBP1	4.53553823244987	0.6566288321927556	1.280383200586252	raw__HeLa_TE_GSE188692	SSBP1	NM_003143.3	677	0	0	3	3	0.0	0.0	4.431314623338257	4.431314623338257	0	0	0	0
SSRP1	3.79259475955137	0.5789364406218911	1.0835538990878213	raw__HeLa_TE_GSE188692	SSRP1	NM_003146.3	2831	0	0	6	3	0.0	0.0	2.1193924408336278	1.0596962204168139	0	0	0	0
STIP1	2.21176371974189	0.3447387299142071	0.49022717971300095	raw__HeLa_TE_GSE188692	STIP1	NM_006819.3	2140	0	0	0	1	0.0	0.0	0.0	0.4672897196261682	0	0	0	0
STMN1	5.71489388082882	0.757008170444624	1.5346886046742279	raw__HeLa_TE_GSE188692	STMN1	NM_005563.4	1443	0	0	1	3	0.0	0.0	0.693000693000693	2.079002079002079	0	0	0	0
STRAP	2.60990023400792	0.4166239063237386	0.6723442284316508	raw__HeLa_TE_GSE188692	STRAP	NM_007178.4	1874	1	1	1	2	0.5336179295624333	0.5336179295624333	0.5336179295624333	1.0672358591248665	0	0	0	0
SUB1	1.13838369867905	0.05628866815104806	-0.24054481772558992	raw__HeLa_TE_GSE188692	SUB1	NM_006713.4	3449	0	0	2	5	0.0	0.0	0.5798782255726298	1.4496955639315743	0	0	0	0
SUGP2	0.200690410430462	-0.6974733788659436	-2.1501585419350957	raw__HeLa_TE_GSE188692	SUGP2	NM_001017392.5	6189	1	0	1	1	0.16157699143641946	0.0	0.16157699143641946	0.16157699143641946	0	0	0	0
SUGT1	0.91952137671417	-0.036438169980997505	-0.4754630434445294	raw__HeLa_TE_GSE188692	SUGT1	NM_006704.5	14161	0	0	0	0	0.0	0.0	0.0	0.0	0	0	0	0
SUPT16H	1.55431701904512	0.19153960235447537	0.10210581212391137	raw__HeLa_TE_GSE188692	SUPT16H	NM_007192.4	4433	1	0	0	2	0.22558087074216107	0.0	0.0	0.45116174148432214	1	0	0	1
TAF15	2.76548954206419	0.44177202048647096	0.7360555603210615	raw__HeLa_TE_GSE188692	TAF15	NM_139215.3	2162	0	0	1	0	0.0	0.0	0.46253469010175763	0.0	0	0	0	0
TAGLN2	1.65750308303856	0.21945434488700008	0.17282624128168553	raw__HeLa_TE_GSE188692	TAGLN2	NM_003564.3	1375	1	0	0	5	0.7272727272727273	0.0	0.0	3.6363636363636362	1	0	0	1
TALDO1	3.50002408544063	0.5440710329611239	0.9952243510127384	raw__HeLa_TE_GSE188692	TALDO1	NM_006755.2	1199	0	0	1	1	0.0	0.0	0.8340283569641368	0.8340283569641368	0	0	0	0
TARDBP	2.14261324294857	0.3309437848486716	0.4552784627722699	raw__HeLa_TE_GSE188692	TARDBP	NM_007375.4	4185	0	0	0	4	0.0	0.0	0.0	0.955794504181601	0	0	0	0
TBCA	1.37320367683926	0.1377349576060746	-0.034205227207904254	raw__HeLa_TE_GSE188692	TBCA	NM_004607.3	661	0	0	0	1	0.0	0.0	0.0	1.51285930408472	0	0	0	0
TBCB	1.11822170021635	0.048527915925491154	-0.2602062467120494	raw__HeLa_TE_GSE188692	TBCB	NM_001281.3	987	0	0	0	2	0.0	0.0	0.0	2.026342451874367	0	0	0	0
TCEA1	1.26880102293683	0.10339352011195982	-0.12120732635493939	raw__HeLa_TE_GSE188692	TCEA1	NM_006756.4	2777	0	0	0	2	0.0	0.0	0.0	0.7202016564638098	0	0	0	0
TCOF1	1.50634255965599	0.17792374666602936	0.06761080804084373	raw__HeLa_TE_GSE188692	TCOF1	NM_001371623.1	5026	0	0	0	0	0.0	0.0	0.0	0.0	0	0	0	0
TCP1	1.12697256698888	0.0519133444841217	-0.25162945399148684	raw__HeLa_TE_GSE188692	TCP1	NM_030752.3	2352	0	1	5	5	0.0	0.42517006802721086	2.1258503401360542	2.1258503401360542	0	0	0	0
TFRC	2.7625556499957	0.4413110353782781	0.7348876804938068	raw__HeLa_TE_GSE188692	TFRC	NM_001128148.3	5012	0	0	5	2	0.0	0.0	0.9976057462090981	0.39904229848363926	0	0	0	0
THRAP3	1.8900503570428	0.27647337533433913	0.3172807458753664	raw__HeLa_TE_GSE188692	THRAP3	NM_005119.4	4405	0	0	0	1	0.0	0.0	0.0	0.22701475595913734	0	0	0	0
TIPRL	0.488766113117004	-0.3108989120053837	-1.1707938866471956	raw__HeLa_TE_GSE188692	TIPRL	NM_152902.5	2998	0	0	0	0	0.0	0.0	0.0	0.0	0	0	0	0
TKT	3.43740490826307	0.5362306927618549	0.9753612903741093	raw__HeLa_TE_GSE188692	TKT	NM_001064.4	2996	0	0	6	5	0.0	0.0	2.0026702269692924	1.6688918558077437	3	0	0	3
TLN1	3.05730028984671	0.48533809748255163	0.8464277644814128	raw__HeLa_TE_GSE188692	TLN1	NM_006289.4	8623	1	0	6	1	0.11596892032935173	0.0	0.6958135219761103	0.11596892032935173	1	0	0	1
TMA7	0.698689534412095	-0.155715761942619	-0.7776461097079322	raw__HeLa_TE_GSE188692	TMA7	NM_015933.6	561	0	0	1	0	0.0	0.0	1.7825311942959001	0.0	0	0	0	0
TMED2	0.863156414200557	-0.06391049783174792	-0.5450626399052323	raw__HeLa_TE_GSE188692	TMED2	NM_006815.4	2544	0	0	1	1	0.0	0.0	0.39308176100628933	0.39308176100628933	0	0	0	0
TMPO	2.80225051631549	0.4475069578555837	0.7505847013820637	raw__HeLa_TE_GSE188692	TMPO	NM_001032283.3	4136	0	0	3	0	0.0	0.0	0.7253384912959381	0.0	1	0	0	1
TMSB10	7.10602603503793	0.8516267943231087	1.7743995631116174	raw__HeLa_TE_GSE188692	TMSB10	NM_021103.4	461	0	0	0	7	0.0	0.0	0.0	15.184381778741866	0	0	0	0
TMSB4X	1.24440611299623	0.09496213586161742	-0.1425677638328624	raw__HeLa_TE_GSE188692	TMSB4X	NM_021109.4	622	0	0	3	13	0.0	0.0	4.823151125401929	20.90032154340836	0	0	0	0
TNPO1	0.92215976208876	-0.03519383189330535	-0.47231058293100614	raw__HeLa_TE_GSE188692	TNPO1	NM_002270.4	8489	0	2	0	0	0.0	0.23559901048415596	0.0	0.0	2	0	0	2
TPD52L2	1.43872718601121	0.15797845005713784	0.017080521608274155	raw__HeLa_TE_GSE188692	TPD52L2	NM_003288.4	2310	0	0	1	0	0.0	0.0	0.4329004329004329	0.0	0	0	0	0
TPI1	2.60554749524374	0.4158989941154349	0.6705077041501456	raw__HeLa_TE_GSE188692	TPI1	NM_000365.6	1351	1	1	3	13	0.7401924500370096	0.7401924500370096	2.220577350111029	9.622501850481125	1	1	1	3
TPM1	1.27384398968955	0.10511624231189759	-0.11684290661661394	raw__HeLa_TE_GSE188692	TPM1	NM_001018005.2	1217	0	0	0	0	0.0	0.0	0.0	0.0	0	0	0	0
TPM3	1.32704536138258	0.12288576827622426	-0.07182481265915786	raw__HeLa_TE_GSE188692	TPM3	NM_152263.4	7064	0	0	0	0	0.0	0.0	0.0	0.0	0	0	0	0
TPM4	0.947337750385013	-0.023495156184476142	-0.4426726464269505	raw__HeLa_TE_GSE188692	TPM4	NM_003290.3	2474	3	1	4	2	1.2126111560226354	0.4042037186742118	1.6168148746968471	0.8084074373484236	2	0	0	2
TPP2	0.883668281495056	-0.05371073334973242	-0.5192221106352274	raw__HeLa_TE_GSE188692	TPP2	NM_001330588.2	5484	0	0	1	0	0.0	0.0	0.18234865061998543	0.0	0	0	0	0
TPR	1.37011065462045	0.13675564361655163	-0.036686264084335465	raw__HeLa_TE_GSE188692	TPR	NM_003292.3	9636	0	0	0	0	0.0	0.0	0.0	0.0	0	0	0	0
TPT1	1.33266106184337	0.12471970853746189	-0.06717862822190826	raw__HeLa_TE_GSE188692	TPT1	NM_003295.4	4548	0	1	6	21	0.0	0.2198768689533861	1.3192612137203166	4.617414248021108	2	0	0	2
TRA2B	1.27249063486755	0.10465459474921911	-0.11801246473502477	raw__HeLa_TE_GSE188692	TRA2B	NM_004593.3	4178	0	0	1	1	0.0	0.0	0.23934897079942558	0.23934897079942558	0	0	0	0
TRAP1	1.99317789509569	0.2995460620775873	0.37573409920306483	raw__HeLa_TE_GSE188692	TRAP1	NM_016292.3	2223	0	0	3	0	0.0	0.0	1.349527665317139	0.0	0	0	0	0
TRIM25	1.40699947731971	0.14829393610055389	-0.007454649453972668	raw__HeLa_TE_GSE188692	TRIM25	NM_005082.5	5745	0	0	0	0	0.0	0.0	0.0	0.0	0	0	0	0
TRIM28	1.2415670750587	0.09397018707300492	-0.14508081026169742	raw__HeLa_TE_GSE188692	TRIM28	NM_005762.3	3364	0	0	0	5	0.0	0.0	0.0	1.4863258026159334	0	0	0	0
TRMT112	0.165391513325442	-0.7814867790065104	-2.363001762896995	raw__HeLa_TE_GSE188692	TRMT112	NM_016404.3	812	0	0	1	0	0.0	0.0	1.2315270935960592	0.0	0	0	0	0
TSN	2.03223881432008	0.30797474182408713	0.39708768497271274	raw__HeLa_TE_GSE188692	TSN	NM_004622.3	3302	0	0	0	0	0.0	0.0	0.0	0.0	0	0	0	0
TUBA1C	2.32487578411194	0.3663997539073179	0.5451041649119429	raw__HeLa_TE_GSE188692	TUBA1C	NM_032704.5	2823	0	0	3	22	0.0	0.0	1.0626992561105206	7.793127878143818	0	0	0	0
TUBB	6.04758690158268	0.7815821177295211	1.5969453170928922	raw__HeLa_TE_GSE188692	TUBB	NM_178014.4	2515	0	0	8	0	0.0	0.0	3.1809145129224654	0.0	0	0	0	0
TUBB3	0.07662668	-1.1156199906891067	-3.2095094495978906	raw__HeLa_TE_GSE188692	TUBB3	NM_006086.4	1706	0	0	0	0	0.0	0.0	0.0	0.0	0	0	0	0
TUBB4B	3.16498510225129	0.5003716701115777	0.8845144746439919	raw__HeLa_TE_GSE188692	TUBB4B	NM_006088.6	1563	0	0	1	5	0.0	0.0	0.6397952655150352	3.198976327575176	1	0	0	1
TUFM	1.658832067724	0.21980242234001873	0.1737080759190261	raw__HeLa_TE_GSE188692	TUFM	NM_003321.5	2011	0	0	2	3	0.0	0.0	0.9945300845350572	1.4917951268025857	0	0	0	0
TXLNA	0.826921042224372	-0.0825359566667095	-0.5922491916183356	raw__HeLa_TE_GSE188692	TXLNA	NM_175852.4	4865	0	0	0	0	0.0	0.0	0.0	0.0	0	0	0	0
TXN	5.53185378467499	0.7428706925240369	1.498872100023055	raw__HeLa_TE_GSE188692	TXN	NM_003329.4	737	1	1	0	8	1.3568521031207599	1.3568521031207599	0.0	10.854816824966079	1	1	0	2
TXNDC12	0.780035084025922	-0.10788586339131548	-0.6564717536063196	raw__HeLa_TE_GSE188692	TXNDC12	NM_015913.4	1416	0	0	0	0	0.0	0.0	0.0	0.0	0	0	0	0
TXNDC17	0.877738095888812	-0.05663505183681618	-0.5266307069409111	raw__HeLa_TE_GSE188692	TXNDC17	NM_032731.4	1917	0	0	1	1	0.0	0.0	0.5216484089723527	0.5216484089723527	0	0	0	0
TXNDC5	1.35846055420008	0.13304703227032033	-0.046081822208480075	raw__HeLa_TE_GSE188692	TXNDC5	NM_030810.5	2938	0	3	2	2	0.0	1.0211027910142954	0.6807351940095303	0.6807351940095303	1	0	0	1
TXNRD1	1.11845362711328	0.048617982258026674	-0.2599780687275254	raw__HeLa_TE_GSE188692	TXNRD1	NM_001093771.3	3860	0	1	4	2	0.0	0.25906735751295334	1.0362694300518134	0.5181347150259067	1	0	0	1
TYMP	0.1425108	-0.846152221952504	-2.5268280232140947	raw__HeLa_TE_GSE188692	TYMP	NM_001953.5	1586	0	0	0	1	0.0	0.0	0.0	0.6305170239596469	0	0	0	0
U2AF2	2.33014718478904	0.36738335429762464	0.5475960611435202	raw__HeLa_TE_GSE188692	U2AF2	NM_007279.3	2146	0	0	0	4	0.0	0.0	0.0	1.8639328984156571	0	0	0	0
UBA1	3.90046850011648	0.5911167749227223	1.1144120905268535	raw__HeLa_TE_GSE188692	UBA1	NM_003334.4	3572	0	1	9	5	0.0	0.2799552071668533	2.5195968645016795	1.3997760358342666	0	0	0	0
UBA2	0.928145517859976	-0.03238392825400675	-0.4651918502028911	raw__HeLa_TE_GSE188692	UBA2	NM_005499.3	4005	0	0	1	1	0.0	0.0	0.24968789013732834	0.24968789013732834	0	0	0	0
UBAP2L	3.34946914907848	0.5249759819937614	0.9468481140609548	raw__HeLa_TE_GSE188692	UBAP2L	NM_014847.4	3877	1	0	1	0	0.25793139025019346	0.0	0.25793139025019346	0.0	1	0	0	1
UBE2I	1.16507411042536	0.0663535517355099	-0.215046001618408	raw__HeLa_TE_GSE188692	UBE2I	NM_003345.5	2850	0	0	2	0	0.0	0.0	0.7017543859649122	0.0	0	0	0	0
UBE2L3	1.65716479444261	0.21936569837612635	0.17260166033543375	raw__HeLa_TE_GSE188692	UBE2L3	NM_003347.4	2861	0	0	0	3	0.0	0.0	0.0	1.048584411045089	0	0	0	0
UBE2M	1.12975576411995	0.052984565820102594	-0.2489155750253719	raw__HeLa_TE_GSE188692	UBE2M	NM_003969.4	1159	0	0	0	2	0.0	0.0	0.0	1.7256255392579811	0	0	0	0
UBQLN1	1.87137130188541	0.2721599651384509	0.3063529639038397	raw__HeLa_TE_GSE188692	UBQLN1	NM_013438.5	3868	1	0	0	1	0.25853154084798347	0.0	0.0	0.25853154084798347	1	0	0	1
UBXN1	0.712836119579757	-0.14701030260649284	-0.7555913184251875	raw__HeLa_TE_GSE188692	UBXN1	NM_001286077.2	1134	0	0	0	0	0.0	0.0	0.0	0.0	0	0	0	0
UBXN7	0.977532603368214	-0.009868748789613841	-0.40815091018952965	raw__HeLa_TE_GSE188692	UBXN7	NM_015562.2	10521	0	0	0	0	0.0	0.0	0.0	0.0	0	0	0	0
UCHL5	0.790879910249718	-0.10188945616770873	-0.6412801933845426	raw__HeLa_TE_GSE188692	UCHL5	NM_001199261.3	5184	0	0	1	2	0.0	0.0	0.19290123456790123	0.38580246913580246	0	0	0	0
UGDH	1.16507585283407	0.0663542012374732	-0.2150443561417381	raw__HeLa_TE_GSE188692	UGDH	NM_003359.4	3037	0	0	0	0	0.0	0.0	0.0	0.0	0	0	0	0
UGP2	0.807434641380337	-0.0928926219834295	-0.618487220322648	raw__HeLa_TE_GSE188692	UGP2	NM_006759.4	2150	0	0	0	2	0.0	0.0	0.0	0.9302325581395349	0	0	0	0
UQCRC1	1.50667561724477	0.17801976007521567	0.06785405260935962	raw__HeLa_TE_GSE188692	UQCRC1	NM_003365.3	1595	0	1	4	4	0.0	0.6269592476489029	2.5078369905956115	2.5078369905956115	1	0	0	1
UQCRC2	1.8342487341625	0.2634582280349779	0.28430760268803346	raw__HeLa_TE_GSE188692	UQCRC2	NM_003366.4	1914	0	0	1	0	0.0	0.0	0.522466039707419	0.0	0	0	0	0
USP14	6.14007451462996	0.7881736416780157	1.613644572043861	raw__HeLa_TE_GSE188692	USP14	NM_005151.4	4972	0	0	0	0	0.0	0.0	0.0	0.0	0	0	0	0
USP5	4.38762349169092	0.6422293530648036	1.2439029306217102	raw__HeLa_TE_GSE188692	USP5	NM_001098536.2	3162	1	1	1	0	0.3162555344718533	0.3162555344718533	0.3162555344718533	0.0	0	0	0	0
USP7	1.52588076853862	0.18352059941913357	0.08179011949862346	raw__HeLa_TE_GSE188692	USP7	NM_003470.3	5831	0	0	0	2	0.0	0.0	0.0	0.3429943405933802	0	0	0	0
VBP1	0.582535867941171	-0.23467732906699718	-0.9776907960416866	raw__HeLa_TE_GSE188692	VBP1	NM_003372.7	1616	0	0	0	1	0.0	0.0	0.0	0.6188118811881188	0	0	0	0
VCL	1.40142788300533	0.14657075402732073	-0.011820234255410213	raw__HeLa_TE_GSE188692	VCL	NM_014000.3	5497	0	3	7	1	0.0	0.5457522284882663	1.2734218664726213	0.18191740949608878	3	1	0	4
VCP	2.76639031762031	0.44191345589968906	0.7364138789804306	raw__HeLa_TE_GSE188692	VCP	NM_007126.5	3746	0	1	2	1	0.0	0.2669514148424987	0.5339028296849974	0.2669514148424987	0	0	0	0
VDAC1	0.853060341090826	-0.06902024799317547	-0.5580079043612495	raw__HeLa_TE_GSE188692	VDAC1	NM_003374.3	1839	0	0	0	7	0.0	0.0	0.0	3.806416530723219	0	0	0	0
VPS35	5.77131912498016	0.7612750892776573	1.5454986033945068	raw__HeLa_TE_GSE188692	VPS35	NM_018206.6	6776	0	1	3	4	0.0	0.14757969303423848	0.4427390791027155	0.5903187721369539	0	0	0	0
VPS4A	0.291269645717101	-0.5357047724421921	-1.7403268819363291	raw__HeLa_TE_GSE188692	VPS4A	NM_013245.3	4106	0	0	0	0	0.0	0.0	0.0	0.0	0	0	0	0
WBP11	0.88866602576077	-0.051261422854869336	-0.5130169203442714	raw__HeLa_TE_GSE188692	WBP11	NM_016312.3	4581	0	0	0	4	0.0	0.0	0.0	0.8731717965509714	0	0	0	0
WDR1	4.87443447	0.6879242362796041	1.3596683455274658	raw__HeLa_TE_GSE188692	WDR1	NM_017491.5	2993	0	1	6	3	0.0	0.3341129301703976	2.0046775810223854	1.0023387905111927	1	0	0	1
WDR77	0.559330849293664	-0.2523312269643769	-1.0224159527991077	raw__HeLa_TE_GSE188692	WDR77	NM_024102.4	2456	0	0	0	3	0.0	0.0	0.0	1.221498371335505	0	0	0	0
XPO1	0.794803550358497	-0.09974020158026445	-0.6358351778478141	raw__HeLa_TE_GSE188692	XPO1	NM_003400.4	4988	0	0	1	1	0.0	0.0	0.20048115477145148	0.20048115477145148	0	0	0	0
XRCC5	5.53052491645382	0.7427663532758519	1.4986077624100163	raw__HeLa_TE_GSE188692	XRCC5	NM_021141.4	3379	0	0	4	3	0.0	0.0	1.1837821840781295	0.8878366380585972	1	0	0	1
XRCC6	3.06094239625999	0.4858551567055285	0.847737704922608	raw__HeLa_TE_GSE188692	XRCC6	NM_001469.5	2122	0	1	8	9	0.0	0.471253534401508	3.770028275212064	4.2412818096135725	0	0	0	0
XRN2	1.2480739980342	0.09624033533455413	-0.13932951740554889	raw__HeLa_TE_GSE188692	XRN2	NM_012255.5	3408	0	0	0	0	0.0	0.0	0.0	0.0	0	0	0	0
YBX1	0.750212661828111	-0.12481561025237901	-0.699362314468627	raw__HeLa_TE_GSE188692	YBX1	NM_004559.5	2979	1	0	1	13	0.3356831151393085	0.0	0.3356831151393085	4.36388049681101	2	0	0	2
YWHAB	1.54471763686907	0.1888491051480418	0.09528958887323731	raw__HeLa_TE_GSE188692	YWHAB	NM_139323.4	3020	0	1	4	3	0.0	0.33112582781456956	1.3245033112582782	0.9933774834437086	0	0	0	0
YWHAE	5.95386524635541	0.7747990010486084	1.5797606727372269	raw__HeLa_TE_GSE188692	YWHAE	NM_006761.5	2052	0	0	3	0	0.0	0.0	1.4619883040935673	0.0	1	0	0	1
YWHAG	2.64625159952345	0.4226311335363009	0.687563200486495	raw__HeLa_TE_GSE188692	YWHAG	NM_012479.4	3705	0	0	2	2	0.0	0.0	0.5398110661268556	0.5398110661268556	0	0	0	0
YWHAH	1.37900528981499	0.13956593211715085	-0.029566556331775386	raw__HeLa_TE_GSE188692	YWHAH	NM_003405.4	1751	0	0	0	2	0.0	0.0	0.0	1.1422044545973729	0	0	0	0
YWHAQ	4.64727927066161	0.6671987714810178	1.3071615468943565	raw__HeLa_TE_GSE188692	YWHAQ	NM_006826.4	2196	1	2	3	8	0.4553734061930783	0.9107468123861566	1.366120218579235	3.6429872495446265	0	0	0	0
YWHAZ	0.61908198883226	-0.20825183088379562	-0.9107432836278949	raw__HeLa_TE_GSE188692	YWHAZ	NM_145690.3	5011	0	0	3	3	0.0	0.0	0.5986828976252245	0.5986828976252245	0	0	0	0
ZNF207	0.733561440998742	-0.13456350503921388	-0.7240580572972262	raw__HeLa_TE_GSE188692	ZNF207	NM_001098507.2	13740	0	0	2	3	0.0	0.0	0.14556040756914118	0.2183406113537118	0	0	0	0
ABCE1	5.04627166309123	0.7029706268009892	1.7196092446801874	raw__HeLa_TE_SRA099816	ABCE1	NM_002940.3	3887	0	0	1	2	0.0	0.0	0.2572678157962439	0.5145356315924878	0	0	0	0
ABHD14B	1.33771049721056	0.12636213505516672	0.04081532840958785	raw__HeLa_TE_SRA099816	ABHD14B	NM_001146314.2	1657	0	0	0	0	0.0	0.0	0.0	0.0	0	0	0	0
ACADM	3.02696634985857	0.4810075930239767	1.073364529113156	raw__HeLa_TE_SRA099816	ACADM	NM_000016.6	2261	0	0	0	1	0.0	0.0	0.0	0.44228217602830605	0	0	0	0
ACADSB	4.5543852187816	0.6584297613067399	1.589928646687651	raw__HeLa_TE_SRA099816	ACADSB	NM_001609.4	5848	0	0	0	0	0.0	0.0	0.0	0.0	0	0	0	0
ACAT1	1.30938227579429	0.11706645788059075	0.013750991842077225	raw__HeLa_TE_SRA099816	ACAT1	NM_000019.4	1537	0	0	0	3	0.0	0.0	0.0	1.951854261548471	0	0	0	0
ACAT2	1.08570962922988	0.03571368963117479	-0.2231073520150847	raw__HeLa_TE_SRA099816	ACAT2	NM_005891.3	1520	0	1	2	0	0.0	0.6578947368421053	1.3157894736842106	0.0	0	0	0	0
ACIN1	0.967917798509879	-0.014161524064991812	-0.36831888900148424	raw__HeLa_TE_SRA099816	ACIN1	NM_001386863.1	4460	1	0	0	0	0.2242152466367713	0.0	0.0	0.0	1	0	0	1
ACLY	3.20815280408483	0.5062550455193643	1.1468724122909701	raw__HeLa_TE_SRA099816	ACLY	NM_001096.3	4293	0	2	3	2	0.0	0.4658746797111577	0.6988120195667366	0.4658746797111577	2	0	0	2
ACO1	2.98491301706689	0.4749316799349759	1.0556745261464637	raw__HeLa_TE_SRA099816	ACO1	NM_002197.3	7443	1	1	1	0	0.13435442697836894	0.13435442697836894	0.13435442697836894	0.0	2	0	0	2
ACOT7	1.07017553599466	0.029455018864024247	-0.2413294534205295	raw__HeLa_TE_SRA099816	ACOT7	NM_007274.4	1806	0	0	0	2	0.0	0.0	0.0	1.1074197120708749	0	0	0	0
ACP1	1.89644414215476	0.2779400555222189	0.4821339949983715	raw__HeLa_TE_SRA099816	ACP1	NM_004300.4	1474	0	0	0	2	0.0	0.0	0.0	1.3568521031207599	0	0	0	0
ACTB	2.08991933511409	0.3201295239144517	0.6049685072913208	raw__HeLa_TE_SRA099816	ACTB	NM_001101.5	1812	1	0	2	31	0.5518763796909493	0.0	1.1037527593818985	17.108167770419428	1	0	0	1
ACTG1	2.61388130280774	0.41728586223992	0.8878388986275336	raw__HeLa_TE_SRA099816	ACTG1	NM_001614.5	1919	0	0	8	11	0.0	0.0	4.168837936425222	5.732152162584679	1	0	0	1
ACTN1	1.85294775091412	0.26786317333422166	0.4527951823475814	raw__HeLa_TE_SRA099816	ACTN1	NM_001130004.2	3722	0	1	1	0	0.0	0.2686727565824825	0.2686727565824825	0.0	0	0	0	0
ACTN4	1.42650758	0.15427408369966833	0.12208088423546805	raw__HeLa_TE_SRA099816	ACTN4	NM_004924.6	4990	0	0	1	0	0.0	0.0	0.20040080160320642	0.0	1	0	0	1
ACTR1A	2.38023933753492	0.3766206283778239	0.7694421906555292	raw__HeLa_TE_SRA099816	ACTR1A	NM_005736.4	2830	0	0	0	1	0.0	0.0	0.0	0.35335689045936397	0	0	0	0
ACTR3	2.75914595699992	0.4407746749782905	0.9562265073604594	raw__HeLa_TE_SRA099816	ACTR3	NM_005721.5	6589	0	0	1	2	0.0	0.0	0.15176809834572771	0.30353619669145543	0	0	0	0
ADA	0.434967917895294	-0.36154277429792125	-1.379718370392736	raw__HeLa_TE_SRA099816	ADA	NM_000022.4	1496	0	0	0	0	0.0	0.0	0.0	0.0	0	0	0	0
ADH5	2.28402148	0.3587001839002577	0.7172668696249381	raw__HeLa_TE_SRA099816	ADH5	NM_000671.4	2652	0	0	0	2	0.0	0.0	0.0	0.7541478129713424	0	0	0	0
ADK	1.4258003356962	0.15405871262903295	0.12145383200106782	raw__HeLa_TE_SRA099816	ADK	NM_006721.4	1992	0	1	2	4	0.0	0.5020080321285141	1.0040160642570282	2.0080321285140563	0	0	0	0
ADRM1	0.653595386869035	-0.1846910217516395	-0.8648150165458972	raw__HeLa_TE_SRA099816	ADRM1	NM_007002.4	1379	0	0	1	1	0.0	0.0	0.7251631617113851	0.7251631617113851	0	0	0	0
AHCY	1.88292706224764	0.2748334973523632	0.4730892600859459	raw__HeLa_TE_SRA099816	AHCY	NM_000687.4	2150	0	0	3	0	0.0	0.0	1.3953488372093024	0.0	0	0	0	0
AHNAK	0.96451483	-0.01569109042792206	-0.3727722169378189	raw__HeLa_TE_SRA099816	AHNAK	NM_001620.3	18761	2	0	7	3	0.10660412557965994	0.0	0.37311443952880974	0.1599061883694899	2	1	0	3
AHSA1	1.02583487907003	0.011077461282793426	-0.2948356578988413	raw__HeLa_TE_SRA099816	AHSA1	NM_012111.3	1337	0	1	2	3	0.0	0.7479431563201197	1.4958863126402393	2.243829468960359	0	0	0	0
AIMP1	1.28129945872206	0.10765064268119957	-0.013663126228931354	raw__HeLa_TE_SRA099816	AIMP1	NM_001142416.2	2773	0	0	1	1	0.0	0.0	0.36062026685899745	0.36062026685899745	0	0	0	0
AIMP2	1.42299125757145	0.15320223191833857	0.11896019094808333	raw__HeLa_TE_SRA099816	AIMP2	NM_006303.4	1198	0	0	2	1	0.0	0.0	1.669449081803005	0.8347245409015025	0	0	0	0
AK1	0.718808334870699	-0.14338689571531002	-0.7445581759004934	raw__HeLa_TE_SRA099816	AK1	NM_000476.3	2192	0	0	1	0	0.0	0.0	0.4562043795620438	0.0	0	0	0	0
AK2	0.587367575646239	-0.23109003143696027	-0.99990559584842	raw__HeLa_TE_SRA099816	AK2	NM_001625.4	5970	1	1	3	3	0.16750418760469013	0.16750418760469013	0.5025125628140703	0.5025125628140703	0	0	0	0
AKR1A1	0.45998784	-0.3372536489503879	-1.3090006538681105	raw__HeLa_TE_SRA099816	AKR1A1	NM_153326.3	1407	0	1	1	1	0.0	0.7107320540156361	0.7107320540156361	0.7107320540156361	1	0	0	1
AKR1B1	1.41693557164421	0.1513501032357905	0.11356772377334981	raw__HeLa_TE_SRA099816	AKR1B1	NM_001628.4	1361	0	0	3	0	0.0	0.0	2.204261572373255	0.0	0	0	0	0
AKR1C1	2.36347886707872	0.37355172343515436	0.7605070830025578	raw__HeLa_TE_SRA099816	AKR1C1	NM_001353.6	6543	0	0	0	0	0.0	0.0	0.0	0.0	0	0	0	0
ALDH18A1	2.32659579827105	0.36672093944136397	0.740619275631887	raw__HeLa_TE_SRA099816	ALDH18A1	NM_002860.4	3352	1	1	1	0	0.29832935560859186	0.29832935560859186	0.29832935560859186	0.0	1	0	0	1
ALDH9A1	3.66916109283665	0.5645667796747786	1.3166468536123286	raw__HeLa_TE_SRA099816	ALDH9A1	NM_000696.4	2395	0	0	1	0	0.0	0.0	0.4175365344467641	0.0	0	0	0	0
ALDOA	1.51650158549711	0.18084286870028335	0.19943582308953534	raw__HeLa_TE_SRA099816	ALDOA	NM_001243177.4	1640	0	0	0	0	0.0	0.0	0.0	0.0	0	0	0	0
ALDOC	1.26176435997933	0.1009782560839838	-0.0330897600485199	raw__HeLa_TE_SRA099816	ALDOC	NM_005165.3	1608	0	0	0	0	0.0	0.0	0.0	0.0	0	0	0	0
ALYREF	1.60125956310132	0.2044617364699831	0.26820208666105855	raw__HeLa_TE_SRA099816	ALYREF	NM_005782.4	1097	0	0	2	1	0.0	0.0	1.8231540565177757	0.9115770282588879	0	0	0	0
ANP32A	1.09936409638318	0.04114154944135392	-0.20730415425067295	raw__HeLa_TE_SRA099816	ANP32A	NM_006305.4	2440	0	0	0	1	0.0	0.0	0.0	0.4098360655737705	0	0	0	0
ANP32B	0.852572695286954	-0.0692685802932639	-0.5287629200276286	raw__HeLa_TE_SRA099816	ANP32B	NM_006401.3	1483	0	0	1	1	0.0	0.0	0.6743088334457181	0.6743088334457181	0	0	0	0
ANP32E	1.3645981778198	0.13500478702058805	0.06597838401437653	raw__HeLa_TE_SRA099816	ANP32E	NM_030920.5	3407	0	0	0	2	0.0	0.0	0.0	0.587026709715292	0	0	0	0
ANXA1	2.31236049442138	0.36405554105191085	0.7328589761137456	raw__HeLa_TE_SRA099816	ANXA1	NM_000700.3	1401	0	0	1	0	0.0	0.0	0.7137758743754461	0.0	0	0	0	0
ANXA2	1.30225840938372	0.11469717058709517	0.006852818902974923	raw__HeLa_TE_SRA099816	ANXA2	NM_004039.3	1554	0	0	7	11	0.0	0.0	4.504504504504505	7.078507078507078	2	0	0	2
ANXA4	2.47452070773258	0.39349109250416137	0.8185604970027092	raw__HeLa_TE_SRA099816	ANXA4	NM_001153.5	2651	0	0	0	0	0.0	0.0	0.0	0.0	0	0	0	0
ANXA5	3.47582542104711	0.5410579551817144	1.2482009807148706	raw__HeLa_TE_SRA099816	ANXA5	NM_001154.4	1638	0	1	4	2	0.0	0.6105006105006106	2.442002442002442	1.221001221001221	0	0	0	0
ANXA6	1.26989100265532	0.10376644617108131	-0.02497195286629638	raw__HeLa_TE_SRA099816	ANXA6	NM_001155.5	2889	0	1	0	1	0.0	0.3461405330564209	0.0	0.3461405330564209	0	0	0	0
ANXA7	2.53655380391874	0.4042440787556074	0.8498677846321578	raw__HeLa_TE_SRA099816	ANXA7	NM_001156.5	2443	0	0	1	1	0.0	0.0	0.4093327875562833	0.4093327875562833	0	0	0	0
AP2B1	2.62952735654452	0.4198776933980129	0.8953850073694164	raw__HeLa_TE_SRA099816	AP2B1	NM_001030006.2	5700	2	2	3	2	0.3508771929824561	0.3508771929824561	0.5263157894736842	0.3508771929824561	2	2	1	5
AP2M1	0.390486377315842	-0.40839411251588936	-1.516125902878631	raw__HeLa_TE_SRA099816	AP2M1	NM_004068.4	1931	0	3	5	3	0.0	1.5535991714137753	2.589331952356292	1.5535991714137753	2	0	0	2
APEH	0.70098383	-0.15429200004014346	-0.7763083548501589	raw__HeLa_TE_SRA099816	APEH	NM_001640.4	2879	0	0	2	0	0.0	0.0	0.6946856547412296	0.0	0	0	0	0
APEX1	0.908756609940578	-0.04155241723301172	-0.4480673933505323	raw__HeLa_TE_SRA099816	APEX1	NM_001641.4	1453	0	0	0	4	0.0	0.0	0.0	2.752924982794219	0	0	0	0
API5	2.1732767379153	0.3371150314733981	0.6544217622518763	raw__HeLa_TE_SRA099816	API5	NM_001142930.2	3726	0	0	0	1	0.0	0.0	0.0	0.2683843263553409	0	0	0	0
APRT	0.58605007678523	-0.23206527281756434	-1.0027450082401737	raw__HeLa_TE_SRA099816	APRT	NM_000485.3	931	0	0	1	1	0.0	0.0	1.0741138560687433	1.0741138560687433	0	0	0	0
ARF4	2.84102983183998	0.4534757939958918	0.9932057777697776	raw__HeLa_TE_SRA099816	ARF4	NM_001660.4	1596	0	0	0	3	0.0	0.0	0.0	1.8796992481203008	0	0	0	0
ARHGAP1	4.69099844800833	0.6712652892631827	1.6272992483243958	raw__HeLa_TE_SRA099816	ARHGAP1	NM_004308.5	3395	0	0	0	0	0.0	0.0	0.0	0.0	0	0	0	0
ARHGDIA	0.837906117457747	-0.07680463883288978	-0.5507041321500473	raw__HeLa_TE_SRA099816	ARHGDIA	NM_004309.6	1837	0	0	1	3	0.0	0.0	0.5443658138268916	1.633097441480675	0	0	0	0
ARHGDIB	1.20197077976388	0.07989390997823771	-0.09447677130064248	raw__HeLa_TE_SRA099816	ARHGDIB	NM_001175.7	1174	0	0	0	0	0.0	0.0	0.0	0.0	0	0	0	0
ARL3	1.04998200428209	0.021181855729023282	-0.26541674338967597	raw__HeLa_TE_SRA099816	ARL3	NM_004311.4	3834	0	0	0	0	0.0	0.0	0.0	0.0	0	0	0	0
ARPC1B	0.236874567665071	-0.6254815653457747	-2.1481753789556244	raw__HeLa_TE_SRA099816	ARPC1B	NM_005720.4	1511	0	0	1	0	0.0	0.0	0.6618133686300464	0.0	0	0	0	0
ARPC2	1.08693355504195	0.03620299619243327	-0.22168273741091038	raw__HeLa_TE_SRA099816	ARPC2	NM_152862.3	1410	1	0	2	3	0.7092198581560284	0.0	1.4184397163120568	2.127659574468085	0	0	0	0
ARPC3	1.45461154209119	0.16274702930074342	0.14674984026299545	raw__HeLa_TE_SRA099816	ARPC3	NM_001278556.2	946	0	0	0	1	0.0	0.0	0.0	1.0570824524312896	0	0	0	0
ARPC4	0.0518611587189734	-1.285157784141398	-4.068820736552387	raw__HeLa_TE_SRA099816	ARPC4	NM_005718.5	1433	0	0	2	1	0.0	0.0	1.3956734124214933	0.6978367062107467	0	0	0	0
ASNS	1.65308650779607	0.21829558126377782	0.30847928481354747	raw__HeLa_TE_SRA099816	ASNS	NM_001673.5	2385	0	0	2	0	0.0	0.0	0.8385744234800838	0.0	0	0	0	0
ATIC	1.21678784	0.0852148609337587	-0.07898483834999047	raw__HeLa_TE_SRA099816	ATIC	NM_004044.7	1972	1	2	3	4	0.5070993914807302	1.0141987829614605	1.5212981744421907	2.028397565922921	2	1	0	3
ATP6V1A	9.08168070528772	0.9581662288609987	2.462610484395212	raw__HeLa_TE_SRA099816	ATP6V1A	NM_001690.4	4575	0	0	0	0	0.0	0.0	0.0	0.0	0	0	0	0
ATRX	2.03435032356958	0.3084257423391929	0.570892981892077	raw__HeLa_TE_SRA099816	ATRX	NM_000489.6	11165	0	0	0	0	0.0	0.0	0.0	0.0	0	0	0	0
ATXN10	1.79182847658059	0.2532964343217402	0.41038416484762513	raw__HeLa_TE_SRA099816	ATXN10	NM_013236.4	3294	0	1	7	2	0.0	0.3035822707953855	2.125075895567699	0.607164541590771	1	0	0	1
ATXN2L	0.886664059462237	-0.05224089511434175	-0.4791868650514097	raw__HeLa_TE_SRA099816	ATXN2L	NM_007245.4	4456	0	0	0	0	0.0	0.0	0.0	0.0	0	0	0	0
BAG2	3.04745162548781	0.4839368204592622	1.0818929661169903	raw__HeLa_TE_SRA099816	BAG2	NM_004282.4	6651	0	0	0	2	0.0	0.0	0.0	0.30070666065253343	0	0	0	0
BANF1	0.641243114309767	-0.1929772853239134	-0.8889404483993708	raw__HeLa_TE_SRA099816	BANF1	NM_003860.4	731	0	0	1	4	0.0	0.0	1.3679890560875514	5.471956224350206	0	0	0	0
BCCIP	1.1069598283708	0.04413186059556953	-0.19859787218005398	raw__HeLa_TE_SRA099816	BCCIP	NM_078468.3	1234	0	0	0	0	0.0	0.0	0.0	0.0	0	0	0	0
BCLAF1	2.201511750346	0.3427210078045428	0.6707435457396423	raw__HeLa_TE_SRA099816	BCLAF1	NM_014739.3	7494	0	0	0	2	0.0	0.0	0.0	0.26688017080330934	0	0	0	0
BLVRA	0.981293788914799	-0.008200950007456315	-0.3509646952833626	raw__HeLa_TE_SRA099816	BLVRA	NM_000712.4	1074	0	0	0	0	0.0	0.0	0.0	0.0	0	0	0	0
BSG	1.12086828984752	0.04955458284201437	-0.1828096324172413	raw__HeLa_TE_SRA099816	BSG	NM_001728.4	1946	0	1	7	2	0.0	0.513874614594039	3.597122302158273	1.027749229188078	3	1	0	4
BTF3	1.42021267043914	0.15235338289183883	0.1164887695210327	raw__HeLa_TE_SRA099816	BTF3	NM_001037637.2	1276	0	0	2	15	0.0	0.0	1.567398119122257	11.755485893416928	0	0	0	0
BUB3	1.9717926837681	0.29486125085437603	0.5314000051010708	raw__HeLa_TE_SRA099816	BUB3	NM_004725.4	7703	0	0	0	0	0.0	0.0	0.0	0.0	0	0	0	0
BZW1	6.98857310950042	0.8443885128088358	2.1313470010267874	raw__HeLa_TE_SRA099816	BZW1	NM_001207067.2	6511	0	1	1	4	0.0	0.1535862386730149	0.1535862386730149	0.6143449546920596	1	0	0	1
C1QBP	1.36314825791099	0.13454309287874705	0.0646341628875706	raw__HeLa_TE_SRA099816	C1QBP	NM_001212.4	1169	0	0	1	6	0.0	0.0	0.8554319931565441	5.132591958939265	0	0	0	0
CACYBP	1.72457778	0.2366827862146011	0.36201357757986	raw__HeLa_TE_SRA099816	CACYBP	NM_014412.3	2869	0	0	1	6	0.0	0.0	0.34855350296270476	2.0913210177762287	0	0	0	0
CAD	1.35040127994119	0.13046284091600854	0.052754521380459184	raw__HeLa_TE_SRA099816	CAD	NM_004341.5	7286	0	0	0	2	0.0	0.0	0.0	0.2744990392533626	0	0	0	0
CALR	1.307492575178	0.11643923133022634	0.011924823598028288	raw__HeLa_TE_SRA099816	CALR	NM_004343.4	1901	0	2	4	8	0.0	1.0520778537611783	2.1041557075223567	4.208311415044713	1	1	0	2
CALU	5.4881916240682	0.7394292666605279	1.8257584666702706	raw__HeLa_TE_SRA099816	CALU	NM_001219.5	5266	0	1	6	3	0.0	0.189897455374098	1.139384732244588	0.569692366122294	0	0	0	0
CAND1	2.6431316715864	0.42211879870454944	0.9019099788330587	raw__HeLa_TE_SRA099816	CAND1	NM_018448.5	11176	0	0	0	2	0.0	0.0	0.0	0.17895490336435219	0	0	0	0
CAP1	3.13204214280882	0.49582759702134294	1.1165129268666385	raw__HeLa_TE_SRA099816	CAP1	NM_006367.4	2626	0	2	6	2	0.0	0.7616146230007617	2.2848438690022848	0.7616146230007617	0	0	0	0
CAPG	0.608310330387381	-0.2158748082417606	-0.9556065185707647	raw__HeLa_TE_SRA099816	CAPG	NM_001747.4	1250	0	2	0	2	0.0	1.6	0.0	1.6	2	0	0	2
CAPN1	1.49332459689491	0.1741542185208271	0.17996183789841322	raw__HeLa_TE_SRA099816	CAPN1	NM_005186.4	2952	0	1	1	0	0.0	0.33875338753387535	0.33875338753387535	0.0	1	0	0	1
CAPNS1	1.07658789658675	0.03204949300230135	-0.23377564964966688	raw__HeLa_TE_SRA099816	CAPNS1	NM_001749.4	1428	2	3	5	0	1.4005602240896358	2.100840336134454	3.5014005602240896	0.0	2	1	0	3
CAPRIN1	4.34355965	0.6378457900456128	1.5299984753139315	raw__HeLa_TE_SRA099816	CAPRIN1	NM_005898.5	5514	0	1	2	3	0.0	0.18135654697134568	0.36271309394269136	0.544069640914037	0	0	0	0
CAPZA1	3.93347633030442	0.5947765411457733	1.4046024846782827	raw__HeLa_TE_SRA099816	CAPZA1	NM_006135.3	2358	0	1	1	1	0.0	0.42408821034775235	0.42408821034775235	0.42408821034775235	0	0	0	0
CAPZB	1.67907048444501	0.22506892744419565	0.32819986216066827	raw__HeLa_TE_SRA099816	CAPZB	NM_004930.5	1675	0	1	1	3	0.0	0.5970149253731343	0.5970149253731343	1.791044776119403	0	0	0	0
CARHSP1	0.529255516436228	-0.27633460662866743	-1.1316350425412869	raw__HeLa_TE_SRA099816	CARHSP1	NM_014316.4	2709	0	0	1	2	0.0	0.0	0.36913990402362495	0.7382798080472499	0	0	0	0
CBS	0.865230355188157	-0.06286825245594951	-0.5101283844818753	raw__HeLa_TE_SRA099816	CBS	NM_000071.3	2495	0	0	0	0	0.0	0.0	0.0	0.0	0	0	0	0
CBX1	2.19575813701972	0.3415845008315289	0.6674346090531257	raw__HeLa_TE_SRA099816	CBX1	NM_001127228.2	2182	0	0	0	1	0.0	0.0	0.0	0.458295142071494	0	0	0	0
CBX3	1.65472712861204	0.2187263870491189	0.3097335745818702	raw__HeLa_TE_SRA099816	CBX3	NM_016587.4	2061	0	0	2	5	0.0	0.0	0.970402717127608	2.42600679281902	0	0	0	0
CBX5	1.73438046032359	0.23914437208762596	0.3691804775599482	raw__HeLa_TE_SRA099816	CBX5	NM_012117.3	11546	0	0	1	0	0.0	0.0	0.08661008141347652	0.0	0	0	0	0
CCT2	1.53246905561504	0.18539171378665728	0.21267977208851796	raw__HeLa_TE_SRA099816	CCT2	NM_006431.3	1916	1	0	2	4	0.5219206680584552	0.0	1.0438413361169103	2.0876826722338206	1	0	0	1
CCT3	1.20628901660597	0.0814513735416024	-0.08994222074785191	raw__HeLa_TE_SRA099816	CCT3	NM_005998.5	1977	0	0	2	16	0.0	0.0	1.0116337885685383	8.093070308548306	0	0	0	0
CCT4	1.4536813228202	0.16246921057416203	0.1459409718632278	raw__HeLa_TE_SRA099816	CCT4	NM_006430.4	2376	0	0	2	6	0.0	0.0	0.8417508417508418	2.525252525252525	0	0	0	0
CCT5	1.68058528300681	0.22546055607921114	0.32934008777182905	raw__HeLa_TE_SRA099816	CCT5	NM_012073.5	3293	0	0	9	14	0.0	0.0	2.733070148800486	4.251442453689645	1	0	0	1
CCT6A	2.25064095119778	0.3523062167459638	0.6986508531889637	raw__HeLa_TE_SRA099816	CCT6A	NM_001762.4	2584	0	0	3	9	0.0	0.0	1.1609907120743035	3.48297213622291	0	0	0	0
CCT7	1.10455608688971	0.04318777327062216	-0.2013465796310162	raw__HeLa_TE_SRA099816	CCT7	NM_006429.4	1847	1	1	3	7	0.5414185165132648	0.5414185165132648	1.6242555495397943	3.7899296155928535	1	1	0	2
CCT8	1.6803242966867	0.22539310712456587	0.3291437103401085	raw__HeLa_TE_SRA099816	CCT8	NM_006585.4	1854	0	1	5	14	0.0	0.5393743257820928	2.696871628910464	7.5512405609492985	1	0	0	1
CDC37	0.554636445267042	-0.25599159624692974	-1.0724064280543788	raw__HeLa_TE_SRA099816	CDC37	NM_007065.4	1618	1	1	0	3	0.6180469715698393	0.6180469715698393	0.0	1.854140914709518	1	1	0	2
CDC42	0.115443340064825	-0.9376311165062275	-3.0569978728251193	raw__HeLa_TE_SRA099816	CDC42	NM_001791.4	10503	1	1	3	3	0.09521089212605922	0.09521089212605922	0.2856326763781777	0.2856326763781777	1	1	1	3
CDK1	6.06056757316711	0.7825132978217474	1.9511974958161542	raw__HeLa_TE_SRA099816	CDK1	NM_001786.5	1889	0	0	0	0	0.0	0.0	0.0	0.0	0	0	0	0
CDK6	7.30416232496102	0.8635704162309923	2.1871950560391333	raw__HeLa_TE_SRA099816	CDK6	NM_001145306.2	11663	0	1	0	0	0.0	0.08574123295892995	0.0	0.0	1	0	0	1
CDV3	1.88780134900995	0.275956292097725	0.4763582736622581	raw__HeLa_TE_SRA099816	CDV3	NM_017548.5	3351	0	0	0	1	0.0	0.0	0.0	0.29841838257236647	0	0	0	0
CFL1	1.83068082204685	0.2626126319548886	0.4375082466695044	raw__HeLa_TE_SRA099816	CFL1	NM_005507.3	1245	0	1	3	14	0.0	0.8032128514056225	2.4096385542168677	11.244979919678714	1	0	0	1
CFL2	4.74989673154371	0.6766841676441818	1.6430762966843455	raw__HeLa_TE_SRA099816	CFL2	NM_138638.5	4306	0	0	0	0	0.0	0.0	0.0	0.0	0	0	0	0
CHORDC1	3.60623276430267	0.5570537548294759	1.2947727040227248	raw__HeLa_TE_SRA099816	CHORDC1	NM_012124.3	3070	0	2	0	3	0.0	0.6514657980456026	0.0	0.9771986970684039	2	0	0	2
CIAPIN1	1.16764596421358	0.06731118259159932	-0.13111134482699227	raw__HeLa_TE_SRA099816	CIAPIN1	NM_020313.4	2021	0	0	0	1	0.0	0.0	0.0	0.49480455220188024	0	0	0	0
CIRBP	0.546939729322958	-0.2620605286292967	-1.0900761067143776	raw__HeLa_TE_SRA099816	CIRBP	NM_001300829.2	3346	0	0	0	1	0.0	0.0	0.0	0.2988643156007173	0	0	0	0
CKB	0.655241407289166	-0.18359866559901705	-0.8616346248422111	raw__HeLa_TE_SRA099816	CKB	NM_001823.5	1420	0	0	0	4	0.0	0.0	0.0	2.816901408450704	0	0	0	0
CLIC1	0.607700743626843	-0.21631023221803342	-0.9568742541883097	raw__HeLa_TE_SRA099816	CLIC1	NM_001288.6	1199	0	0	0	0	0.0	0.0	0.0	0.0	0	0	0	0
CLTA	1.43271421760363	0.15615957065179023	0.12757047391328563	raw__HeLa_TE_SRA099816	CLTA	NM_001833.4	1078	1	0	0	5	0.9276437847866419	0.0	0.0	4.638218923933209	1	0	0	1
CLTB	0.470896396753262	-0.32707463271752885	-1.2793644782481435	raw__HeLa_TE_SRA099816	CLTB	NM_007097.5	1139	0	0	0	0	0.0	0.0	0.0	0.0	0	0	0	0
CLTC	5.32744105	0.7265186527923675	1.7881692526239037	raw__HeLa_TE_SRA099816	CLTC	NM_004859.4	8369	0	1	7	6	0.0	0.1194885888397658	0.8364201218783606	0.7169315330385948	0	0	0	0
CLUH	0.6174111	-0.2094255669086446	-0.9368295715268271	raw__HeLa_TE_SRA099816	CLUH	NM_001366661.1	5357	0	1	2	1	0.0	0.1866716445771887	0.3733432891543774	0.1866716445771887	1	1	0	2
CMPK1	4.01606231477511	0.6038004428702822	1.430875547827702	raw__HeLa_TE_SRA099816	CMPK1	NM_016308.3	2937	0	0	0	2	0.0	0.0	0.0	0.6809669731018045	0	0	0	0
CNBP	4.63820003624868	0.6663494749543167	1.6129868695207932	raw__HeLa_TE_SRA099816	CNBP	NM_003418.5	3295	0	0	4	5	0.0	0.0	1.2139605462822458	1.5174506828528074	0	0	0	0
CNDP2	1.70496990145883	0.23171671661548293	0.3475548806475037	raw__HeLa_TE_SRA099816	CNDP2	NM_018235.3	4975	0	1	1	1	0.0	0.20100502512562815	0.20100502512562815	0.20100502512562815	0	0	0	0
CNPY2	0.33631331733349	-0.4732559351535877	-1.704970907420102	raw__HeLa_TE_SRA099816	CNPY2	NM_014255.7	1450	1	2	1	2	0.6896551724137931	1.3793103448275863	0.6896551724137931	1.3793103448275863	1	1	1	3
COPA	3.00022913992862	0.4771544248551059	1.062146041399452	raw__HeLa_TE_SRA099816	COPA	NM_004371.4	5318	0	1	1	1	0.0	0.188040616773223	0.188040616773223	0.188040616773223	0	0	0	0
COPB1	2.80436178674561	0.44783404062549326	0.9767798295381666	raw__HeLa_TE_SRA099816	COPB1	NM_001144061.2	3336	0	0	1	0	0.0	0.0	0.2997601918465228	0.0	0	0	0	0
COPB2	2.09464496768956	0.32111042270102713	0.6078243912038074	raw__HeLa_TE_SRA099816	COPB2	NM_004766.3	3275	0	2	1	2	0.0	0.6106870229007634	0.3053435114503817	0.6106870229007634	0	0	0	0
COPE	0.40475096	-0.3928121125011898	-1.4707589559770975	raw__HeLa_TE_SRA099816	COPE	NM_007263.4	1131	0	0	0	1	0.0	0.0	0.0	0.8841732979664014	0	0	0	0
COPS4	2.17435787150548	0.33733102495227796	0.6550506266260372	raw__HeLa_TE_SRA099816	COPS4	NM_016129.3	1651	0	0	1	2	0.0	0.0	0.6056935190793459	1.2113870381586918	0	0	0	0
CORO1C	3.97276959463569	0.5990933783752919	1.4171709434890503	raw__HeLa_TE_SRA099816	CORO1C	NM_014325.4	3814	0	0	1	1	0.0	0.0	0.26219192448872575	0.26219192448872575	0	0	0	0
COTL1	2.0465427180646	0.3110208142273715	0.5784485260100078	raw__HeLa_TE_SRA099816	COTL1	NM_021149.5	1842	0	0	1	4	0.0	0.0	0.5428881650380022	2.1715526601520088	0	0	0	0
COX5A	0.990170068778717	-0.004290205817811377	-0.33957857515566836	raw__HeLa_TE_SRA099816	COX5A	NM_004255.4	1173	0	0	2	5	0.0	0.0	1.7050298380221653	4.262574595055414	0	0	0	0
CPNE1	0.811101754317476	-0.0909246592703133	-0.591814529841541	raw__HeLa_TE_SRA099816	CPNE1	NM_152925.3	1952	0	0	0	0	0.0	0.0	0.0	0.0	0	0	0	0
CPNE3	5.88305828790855	0.769603151292706	1.9136096424262483	raw__HeLa_TE_SRA099816	CPNE3	NM_003909.5	4857	0	0	1	1	0.0	0.0	0.20588840848260243	0.20588840848260243	0	0	0	0
CPS1	2.38803584941374	0.3780408421749626	0.7735771389203754	raw__HeLa_TE_SRA099816	CPS1	NM_001875.5	5760	0	0	1	17	0.0	0.0	0.1736111111111111	2.951388888888889	0	0	0	0
CPSF6	1.0303837635193	0.012999006586456733	-0.2892410844372865	raw__HeLa_TE_SRA099816	CPSF6	NM_007007.3	6584	0	0	0	0	0.0	0.0	0.0	0.0	0	0	0	0
CPSF7	2.01778450049314	0.3048747817005814	0.5605543705078292	raw__HeLa_TE_SRA099816	CPSF7	NM_001142565.3	3487	0	0	0	0	0.0	0.0	0.0	0.0	0	0	0	0
CRKL	3.3197800895025	0.5211093159092225	1.1901205765447238	raw__HeLa_TE_SRA099816	CRKL	NM_005207.4	5342	0	0	2	1	0.0	0.0	0.3743916136278547	0.18719580681392736	0	0	0	0
CRYZ	2.77433297976523	0.443158584565688	0.9631672530649579	raw__HeLa_TE_SRA099816	CRYZ	NM_001889.4	1908	0	0	0	0	0.0	0.0	0.0	0.0	0	0	0	0
CS	2.03474809674985	0.3085106509257869	0.571140192990515	raw__HeLa_TE_SRA099816	CS	NM_004077.3	2915	0	1	1	3	0.0	0.34305317324185247	0.34305317324185247	1.0291595197255574	0	0	0	0
CSDE1	1.46627191425226	0.16621451594555392	0.1568454173614741	raw__HeLa_TE_SRA099816	CSDE1	NM_001007553.3	4097	0	0	0	1	0.0	0.0	0.0	0.24408103490358798	0	0	0	0
CSE1L	1.67546081754098	0.2241342758449904	0.3254786267972633	raw__HeLa_TE_SRA099816	CSE1L	NM_001316.4	3550	0	1	6	2	0.0	0.28169014084507044	1.6901408450704225	0.5633802816901409	0	0	0	0
CSNK2B	1.25834918707172	0.09980117288612156	-0.03651683429352868	raw__HeLa_TE_SRA099816	CSNK2B	NM_001320.7	929	0	0	0	0	0.0	0.0	0.0	0.0	0	0	0	0
CSTB	0.843674583475175	-0.07382503424321257	-0.5420290222103777	raw__HeLa_TE_SRA099816	CSTB	NM_000100.4	588	0	0	1	3	0.0	0.0	1.7006802721088434	5.1020408163265305	0	0	0	0
CTNNBL1	0.717214928100251	-0.14435067961725392	-0.7473642298770558	raw__HeLa_TE_SRA099816	CTNNBL1	NM_030877.5	1890	0	0	0	0	0.0	0.0	0.0	0.0	0	0	0	0
CTPS1	1.93248763497082	0.2861167237644264	0.5059403403728895	raw__HeLa_TE_SRA099816	CTPS1	NM_001905.4	2840	0	0	2	2	0.0	0.0	0.704225352112676	0.704225352112676	0	0	0	0
CTSC	2.16861682347902	0.3361828225768725	0.6517076388100898	raw__HeLa_TE_SRA099816	CTSC	NM_001814.6	1870	1	1	0	5	0.5347593582887701	0.5347593582887701	0.0	2.6737967914438503	1	1	0	2
CTSD	0.167763584821716	-0.7753023023110963	-2.5843780109824737	raw__HeLa_TE_SRA099816	CTSD	NM_001909.5	2055	0	1	2	2	0.0	0.48661800486618007	0.9732360097323601	0.9732360097323601	0	0	0	0
CUTA	0.715122714182824	-0.14561942740229053	-0.7510581852961864	raw__HeLa_TE_SRA099816	CUTA	NM_001014840.2	855	0	0	1	0	0.0	0.0	1.1695906432748537	0.0	0	0	0	0
DAZAP1	0.537480963886245	-0.26963691266921513	-1.1121347264114867	raw__HeLa_TE_SRA099816	DAZAP1	NM_018959.4	2184	1	1	1	6	0.45787545787545786	0.45787545787545786	0.45787545787545786	2.7472527472527473	0	0	0	0
DBI	1.26956759105809	0.10365582741701489	-0.025294019041197623	raw__HeLa_TE_SRA099816	DBI	NM_001079862.4	564	0	0	2	1	0.0	0.0	3.5460992907801416	1.7730496453900708	0	0	0	0
DBN1	0.390753404968399	-0.4080972289132697	-1.5152615271487329	raw__HeLa_TE_SRA099816	DBN1	NM_001363541.2	3024	0	0	0	1	0.0	0.0	0.0	0.3306878306878307	0	0	0	0
DCTN1	1.42972146511877	0.15525143750398604	0.12492644694260864	raw__HeLa_TE_SRA099816	DCTN1	NM_004082.5	4455	2	0	1	0	0.4489337822671156	0.0	0.2244668911335578	0.0	1	0	0	1
DCTN2	1.27296609786672	0.10481683750639097	-0.021913741603950758	raw__HeLa_TE_SRA099816	DCTN2	NM_001261413.2	1973	0	1	1	2	0.0	0.5068423720223011	0.5068423720223011	1.0136847440446022	1	0	0	1
DDB1	2.39532890478983	0.3793651552152982	0.7774328724157699	raw__HeLa_TE_SRA099816	DDB1	NM_001923.5	4245	0	1	8	4	0.0	0.23557126030624265	1.8845700824499412	0.9422850412249706	0	0	0	0
DDT	0.532187631135494	-0.2739352233434904	-1.124649245211524	raw__HeLa_TE_SRA099816	DDT	NM_001084392.3	565	0	0	0	0	0.0	0.0	0.0	0.0	0	0	0	0
DDX1	1.46119399426409	0.1647078785252844	0.1524588469737992	raw__HeLa_TE_SRA099816	DDX1	NM_004939.3	2484	0	1	2	3	0.0	0.4025764895330113	0.8051529790660226	1.2077294685990339	0	0	0	0
DDX17	3.85468590004525	0.5859889952443715	1.3790175708079455	raw__HeLa_TE_SRA099816	DDX17	NM_006386.5	4761	0	0	3	7	0.0	0.0	0.630119722747322	1.4702793530770846	0	0	0	0
DDX21	4.03258674	0.6055837177344556	1.436067547314127	raw__HeLa_TE_SRA099816	DDX21	NM_004728.4	4664	1	0	2	2	0.2144082332761578	0.0	0.4288164665523156	0.4288164665523156	1	0	0	1
DDX39A	0.593093458542379	-0.22687686594241155	-0.9876389769870255	raw__HeLa_TE_SRA099816	DDX39A	NM_005804.4	1498	0	0	1	1	0.0	0.0	0.6675567423230975	0.6675567423230975	0	0	0	0
DDX39B	0.870172890564779	-0.060394450877268795	-0.5029259185109431	raw__HeLa_TE_SRA099816	DDX39B	NM_004640.7	1681	0	0	1	0	0.0	0.0	0.594883997620464	0.0	0	0	0	0
DDX3X	3.63639599662166	0.5606711709699513	1.3053048004038619	raw__HeLa_TE_SRA099816	DDX3X	NM_001356.5	4635	0	0	3	1	0.0	0.0	0.6472491909385113	0.21574973031283712	0	0	0	0
DDX5	1.8831454816435	0.2748838725574945	0.47323592734651526	raw__HeLa_TE_SRA099816	DDX5	NM_004396.5	3684	0	0	4	8	0.0	0.0	1.0857763300760044	2.1715526601520088	1	0	0	1
DDX6	4.16686593406808	0.6198095275676468	1.4774859505181357	raw__HeLa_TE_SRA099816	DDX6	NM_004397.6	6128	0	0	0	0	0.0	0.0	0.0	0.0	0	0	0	0
DEK	1.77732493576135	0.24976683405603606	0.4001077441258449	raw__HeLa_TE_SRA099816	DEK	NM_003472.4	3142	0	0	1	6	0.0	0.0	0.31826861871419476	1.9096117122851686	0	0	0	0
DHFR	3.56259473490915	0.5517664217327088	1.2793786493682857	raw__HeLa_TE_SRA099816	DHFR	NM_000791.4	3919	0	0	0	0	0.0	0.0	0.0	0.0	0	0	0	0
DHRS2	0.614620657066594	-0.21139284743259706	-0.9425573029468229	raw__HeLa_TE_SRA099816	DHRS2	NM_005794.4	1676	0	0	0	0	0.0	0.0	0.0	0.0	0	0	0	0
DHX15	1.94191026878916	0.2882291582856523	0.5120906872261186	raw__HeLa_TE_SRA099816	DHX15	NM_001358.3	2998	0	0	2	1	0.0	0.0	0.66711140760507	0.333555703802535	0	0	0	0
DHX9	1.71689231592106	0.23474305691522607	0.35636606146863686	raw__HeLa_TE_SRA099816	DHX9	NM_001357.5	4493	0	2	1	2	0.0	0.44513687959047404	0.22256843979523702	0.44513687959047404	1	0	0	1
DIAPH1	1.39023394490965	0.14308788833630925	0.08951230955949917	raw__HeLa_TE_SRA099816	DIAPH1	NM_005219.5	5735	1	0	1	1	0.17436791630340018	0.0	0.17436791630340018	0.17436791630340018	1	0	0	1
DLD	3.12532604388291	0.49489533101542804	1.113798637151034	raw__HeLa_TE_SRA099816	DLD	NM_000108.5	3537	0	0	0	1	0.0	0.0	0.0	0.2827254735651682	0	0	0	0
DLST	3.19186925218776	0.5040450931372268	1.140438142474466	raw__HeLa_TE_SRA099816	DLST	NM_001933.5	2813	0	0	0	0	0.0	0.0	0.0	0.0	0	0	0	0
DNAJA1	2.15215107536351	0.33287275439853514	0.6420703851106017	raw__HeLa_TE_SRA099816	DNAJA1	NM_001539.4	2319	0	0	7	2	0.0	0.0	3.0185424752048298	0.8624407072013799	1	0	0	1
DNAJA2	2.28195650640489	0.35830736260263246	0.7161231715801207	raw__HeLa_TE_SRA099816	DNAJA2	NM_005880.4	3008	0	0	0	2	0.0	0.0	0.0	0.6648936170212766	0	0	0	0
DNAJB1	1.06844628398427	0.028752692943109198	-0.2433742732595531	raw__HeLa_TE_SRA099816	DNAJB1	NM_006145.3	2242	0	0	0	1	0.0	0.0	0.0	0.44603033006244425	0	0	0	0
DNAJC8	1.04410017966308	0.018742170493420696	-0.2725198797287611	raw__HeLa_TE_SRA099816	DNAJC8	NM_014280.3	1763	0	0	1	1	0.0	0.0	0.5672149744753261	0.5672149744753261	0	0	0	0
DNAJC9	2.02395143519251	0.30620008737677806	0.5644129940595937	raw__HeLa_TE_SRA099816	DNAJC9	NM_015190.5	2295	0	0	0	0	0.0	0.0	0.0	0.0	0	0	0	0
DNM1L	2.02684160796576	0.3068198111132337	0.5662173178831644	raw__HeLa_TE_SRA099816	DNM1L	NM_012062.5	4514	0	0	0	3	0.0	0.0	0.0	0.664599025254763	0	0	0	0
DNM2	0.992785734490633	-0.0031444719167712113	-0.33624277429552585	raw__HeLa_TE_SRA099816	DNM2	NM_001005361.3	3633	0	0	0	2	0.0	0.0	0.0	0.5505092210294522	0	0	0	0
DNPH1	0.522179617220508	-0.2821800844499264	-1.1486541339083114	raw__HeLa_TE_SRA099816	DNPH1	NM_006443.3	654	0	2	1	4	0.0	3.058103975535168	1.529051987767584	6.116207951070336	0	0	0	0
DPP3	1.51307464648938	0.17986035416908525	0.19657523494136436	raw__HeLa_TE_SRA099816	DPP3	NM_130443.4	2660	0	0	1	0	0.0	0.0	0.37593984962406013	0.0	0	0	0	0
DPYSL2	5.00310632	0.6992397320856264	1.7087467557642972	raw__HeLa_TE_SRA099816	DPYSL2	NM_001197293.3	4798	0	0	0	0	0.0	0.0	0.0	0.0	0	0	0	0
DSTN	2.40226564577578	0.380621030592085	0.781089349856399	raw__HeLa_TE_SRA099816	DSTN	NM_006870.4	3405	0	0	1	1	0.0	0.0	0.2936857562408223	0.2936857562408223	0	0	0	0
DUT	1.10976839006267	0.045232350486379184	-0.19539379912172147	raw__HeLa_TE_SRA099816	DUT	NM_001025248.2	2141	0	0	1	2	0.0	0.0	0.4670714619336759	0.9341429238673518	0	0	0	0
DYNC1H1	0.967515714008105	-0.014341972612319408	-0.36884426441268614	raw__HeLa_TE_SRA099816	DYNC1H1	NM_001376.5	19940	0	0	1	1	0.0	0.0	0.05015045135406219	0.05015045135406219	0	0	0	0
DYNC1I2	1.91997047	0.283294549112573	0.49772358723101406	raw__HeLa_TE_SRA099816	DYNC1I2	NM_001378.3	4354	0	0	0	2	0.0	0.0	0.0	0.4593477262287552	0	0	0	0
DYNLL1	1.57019740735992	0.19595425593639568	0.24343258227978595	raw__HeLa_TE_SRA099816	DYNLL1	NM_003746.3	663	0	0	1	3	0.0	0.0	1.5082956259426847	4.524886877828054	0	0	0	0
DYNLL2	1.59957759132531	0.20400531142051603	0.2668732064810965	raw__HeLa_TE_SRA099816	DYNLL2	NM_080677.3	6807	0	0	0	2	0.0	0.0	0.0	0.2938151902453357	0	0	0	0
EBNA1BP2	0.626231528449869	-0.20326507104183034	-0.9188933060529967	raw__HeLa_TE_SRA099816	EBNA1BP2	NM_006824.3	1352	0	0	0	0	0.0	0.0	0.0	0.0	0	0	0	0
ECH1	0.887619345525818	-0.05177324095607792	-0.47782529135443746	raw__HeLa_TE_SRA099816	ECH1	NM_001398.3	1200	0	0	1	0	0.0	0.0	0.8333333333333334	0.0	0	0	0	0
ECHS1	1.9875662859113	0.29832162141679097	0.5414748637467267	raw__HeLa_TE_SRA099816	ECHS1	NM_004092.4	1277	0	1	1	1	0.0	0.7830853563038371	0.7830853563038371	0.7830853563038371	0	0	0	0
ECI1	0.5346179160497	-0.271956491312468	-1.118888172762604	raw__HeLa_TE_SRA099816	ECI1	NM_001919.4	1507	0	0	0	0	0.0	0.0	0.0	0.0	0	0	0	0
EEF1B2	0.496174123219215	-0.3043658890685428	-1.2132480383590276	raw__HeLa_TE_SRA099816	EEF1B2	NM_001959.4	808	0	0	3	0	0.0	0.0	3.712871287128713	0.0	1	0	0	1
EEF1D	0.327874989519836	-0.484291710283336	-1.737101534031336	raw__HeLa_TE_SRA099816	EEF1D	NM_001130053.5	2090	0	0	1	0	0.0	0.0	0.4784688995215311	0.0	1	0	0	1
EEF1G	0.2495461400446	-0.6028491433706715	-2.0822811493940154	raw__HeLa_TE_SRA099816	EEF1G	NM_001404.5	1446	1	0	11	9	0.6915629322268326	0.0	7.607192254495159	6.224066390041494	1	0	0	1
EEF2	0.680394520004785	-0.16723919291553396	-0.8140040685677588	raw__HeLa_TE_SRA099816	EEF2	NM_001961.4	3158	0	0	6	16	0.0	0.0	1.8999366687777075	5.06649778340722	0	0	0	0
EFHD2	1.16951207883889	0.06800471160561493	-0.1290921371563571	raw__HeLa_TE_SRA099816	EFHD2	NM_024329.6	2422	0	0	0	2	0.0	0.0	0.0	0.8257638315441783	0	0	0	0
EFTUD2	2.19039600087497	0.3405226378755985	0.6643429982013124	raw__HeLa_TE_SRA099816	EFTUD2	NM_004247.4	4326	0	0	2	2	0.0	0.0	0.4623208506703652	0.4623208506703652	0	0	0	0
EHD1	1.22026147090525	0.08645289887511673	-0.07538029454979227	raw__HeLa_TE_SRA099816	EHD1	NM_006795.4	4453	0	0	0	1	0.0	0.0	0.0	0.22456770716370986	0	0	0	0
EIF1	1.51740813231483	0.18110240726857277	0.20019146886256692	raw__HeLa_TE_SRA099816	EIF1	NM_005801.4	2338	1	0	0	6	0.42771599657827203	0.0	0.0	2.5662959794696323	1	0	0	1
EIF2A	1.67189621715079	0.223209315137908	0.32278560643757737	raw__HeLa_TE_SRA099816	EIF2A	NM_032025.5	3879	0	0	0	0	0.0	0.0	0.0	0.0	0	0	0	0
EIF2S1	2.82770330808755	0.45143383991272057	0.9872606345032389	raw__HeLa_TE_SRA099816	EIF2S1	NM_004094.5	4154	0	0	1	1	0.0	0.0	0.2407318247472316	0.2407318247472316	0	0	0	0
EIF2S2	0.542208702362843	-0.26583351634270996	-1.1010611492694464	raw__HeLa_TE_SRA099816	EIF2S2	NM_003908.5	2556	0	0	0	0	0.0	0.0	0.0	0.0	0	0	0	0
EIF2S3	2.14509718089036	0.33144697212372237	0.6379192242394967	raw__HeLa_TE_SRA099816	EIF2S3	NM_001415.4	3457	0	0	3	8	0.0	0.0	0.8678044547295343	2.3141452126120914	0	0	0	0
EIF3A	2.05752857787666	0.3133458760242565	0.5852179365466885	raw__HeLa_TE_SRA099816	EIF3A	NM_003750.4	6659	0	2	1	9	0.0	0.3003453972067878	0.1501726986033939	1.351554287430545	0	0	0	0
EIF3B	0.89100434	-0.05012018054958874	-0.4730124108759703	raw__HeLa_TE_SRA099816	EIF3B	NM_001037283.2	3096	3	1	3	5	0.9689922480620154	0.32299741602067183	0.9689922480620154	1.6149870801033592	3	1	1	5
EIF3D	0.926507153791021	-0.03315122303696632	-0.42360734132627925	raw__HeLa_TE_SRA099816	EIF3D	NM_003753.4	1880	0	0	1	1	0.0	0.0	0.5319148936170213	0.5319148936170213	0	0	0	0
EIF3E	2.23814304348765	0.34988783957040254	0.6916097552035917	raw__HeLa_TE_SRA099816	EIF3E	NM_001568.3	2022	0	0	5	4	0.0	0.0	2.472799208704253	1.9782393669634026	0	0	0	0
EIF3F	0.801199837496024	-0.09625914746456626	-0.6073458764226749	raw__HeLa_TE_SRA099816	EIF3F	NM_003754.3	6920	0	1	4	4	0.0	0.14450867052023122	0.5780346820809249	0.5780346820809249	3	0	0	3
EIF3G	0.997801145018298	-0.0009560020255771893	-0.3298710506877898	raw__HeLa_TE_SRA099816	EIF3G	NM_003755.5	1103	0	0	2	1	0.0	0.0	1.813236627379873	0.9066183136899365	0	0	0	0
EIF3H	1.21790150456692	0.0856121669891826	-0.07782808294612253	raw__HeLa_TE_SRA099816	EIF3H	NM_003756.3	3961	0	0	2	1	0.0	0.0	0.5049229992426155	0.25246149962130776	1	0	0	1
EIF3I	1.69741394231059	0.22978776508682652	0.3419387439838127	raw__HeLa_TE_SRA099816	EIF3I	NM_003757.4	1421	0	0	4	5	0.0	0.0	2.8149190710767065	3.518648838845883	0	0	0	0
EIF3J	1.49814483315289	0.1755538008124186	0.18403671759595258	raw__HeLa_TE_SRA099816	EIF3J	NM_003758.4	2479	0	0	0	1	0.0	0.0	0.0	0.40338846308995563	0	0	0	0
EIF3K	0.942465695759643	-0.025734448457367286	-0.4020134241002562	raw__HeLa_TE_SRA099816	EIF3K	NM_013234.4	772	0	2	2	0	0.0	2.5906735751295336	2.5906735751295336	0.0	1	1	0	2
EIF4A1	1.35958214	0.13340545088719688	0.061321921597946485	raw__HeLa_TE_SRA099816	EIF4A1	NM_001416.4	1758	0	0	5	13	0.0	0.0	2.844141069397042	7.39476678043231	1	0	0	1
EIF4A3	1.79754191930648	0.25467902707228357	0.41440957954671215	raw__HeLa_TE_SRA099816	EIF4A3	NM_014740.4	2524	0	0	2	2	0.0	0.0	0.7923930269413629	0.7923930269413629	0	0	0	0
EIF4B	0.901262888607394	-0.045148511552906265	-0.45853741131418635	raw__HeLa_TE_SRA099816	EIF4B	NM_001417.7	3856	0	0	4	5	0.0	0.0	1.037344398340249	1.2966804979253113	0	0	0	0
EIF4E	2.59681298156277	0.4144406735415319	0.8795551401573214	raw__HeLa_TE_SRA099816	EIF4E	NM_001968.5	2427	0	0	0	0	0.0	0.0	0.0	0.0	0	0	0	0
EIF4G1	0.659584648343165	-0.18072946099816597	-0.8532809441430935	raw__HeLa_TE_SRA099816	EIF4G1	NM_198241.3	5405	0	0	4	3	0.0	0.0	0.7400555041628122	0.5550416281221091	0	0	0	0
EIF4G2	0.929094772977953	-0.03193998322698145	-0.4200808202062197	raw__HeLa_TE_SRA099816	EIF4G2	NM_001418.4	3794	0	0	5	6	0.0	0.0	1.3178703215603584	1.58144438587243	1	0	0	1
EIF4H	5.87049397097872	0.7686746463658923	1.91090630308131	raw__HeLa_TE_SRA099816	EIF4H	NM_022170.2	2563	0	0	0	1	0.0	0.0	0.0	0.3901677721420211	0	0	0	0
EIF5A	1.63101953878923	0.21245916369969878	0.2914865723584733	raw__HeLa_TE_SRA099816	EIF5A	NM_001970.5	1264	0	2	4	13	0.0	1.5822784810126582	3.1645569620253164	10.284810126582279	1	1	0	2
EIF5B	2.14035341183527	0.3304854893013463	0.6351198698492821	raw__HeLa_TE_SRA099816	EIF5B	NM_015904.4	5741	0	0	0	1	0.0	0.0	0.0	0.17418568193694478	0	0	0	0
EIF6	1.22123434928389	0.08679901106607386	-0.07437258993072457	raw__HeLa_TE_SRA099816	EIF6	NM_002212.4	1069	0	1	3	1	0.0	0.9354536950420954	2.8063610851262863	0.9354536950420954	1	1	0	2
ELAVL1	2.81799624142048	0.44994040952158676	0.982912516341784	raw__HeLa_TE_SRA099816	ELAVL1	NM_001419.3	6054	0	0	0	1	0.0	0.0	0.0	0.16518004625041294	0	0	0	0
ENAH	1.50694456076944	0.17809727527760913	0.19144203596964343	raw__HeLa_TE_SRA099816	ENAH	NM_018212.6	13092	0	0	0	1	0.0	0.0	0.0	0.07638252367858234	0	0	0	0
ENO1	1.63165592237144	0.21262858164207313	0.2919798321960175	raw__HeLa_TE_SRA099816	ENO1	NM_001428.5	1781	0	0	10	22	0.0	0.0	5.614823133071308	12.352610892756879	3	0	0	3
ENSA	0.754959491539533	-0.12207635045401863	-0.6825125864768193	raw__HeLa_TE_SRA099816	ENSA	NM_004436.4	1227	1	1	1	2	0.8149959250203749	0.8149959250203749	0.8149959250203749	1.6299918500407498	1	1	0	2
ERH	1.78426469210973	0.2514592815398885	0.4050352999634225	raw__HeLa_TE_SRA099816	ERH	NM_004450.3	791	1	1	1	2	1.2642225031605563	1.2642225031605563	1.2642225031605563	2.5284450063211126	0	0	0	0
ERP29	0.63965669986275	-0.1940530468862214	-0.8920725250024962	raw__HeLa_TE_SRA099816	ERP29	NM_006817.4	1623	0	2	1	0	0.0	1.2322858903265557	0.6161429451632778	0.0	1	0	0	1
ESD	1.69766909522916	0.22985304272720222	0.34212879964046705	raw__HeLa_TE_SRA099816	ESD	NM_001984.2	1121	0	0	2	0	0.0	0.0	1.784121320249777	0.0	0	0	0	0
ETF1	2.25769051061596	0.35366440758724027	0.7026052218014789	raw__HeLa_TE_SRA099816	ETF1	NM_004730.4	3682	0	0	2	5	0.0	0.0	0.5431830526887561	1.3579576317218902	1	0	0	1
ETFA	1.48909374887645	0.17292204049097049	0.17637435521319908	raw__HeLa_TE_SRA099816	ETFA	NM_000126.4	2289	0	0	2	2	0.0	0.0	0.873743993010048	0.873743993010048	0	0	0	0
ETFB	0.707219543635676	-0.15044574633229543	-0.7651099985692478	raw__HeLa_TE_SRA099816	ETFB	NM_001985.3	872	0	0	0	0	0.0	0.0	0.0	0.0	0	0	0	0
EWSR1	0.968331783689446	-0.01397581300432259	-0.3677781917982716	raw__HeLa_TE_SRA099816	EWSR1	NM_005243.4	2400	2	0	0	0	0.8333333333333334	0.0	0.0	0.0	1	0	0	1
EZR	2.1247610083261	0.32731008798527317	0.6258746983205022	raw__HeLa_TE_SRA099816	EZR	NM_001111077.2	3052	0	0	0	0	0.0	0.0	0.0	0.0	0	0	0	0
FARSA	1.0052519224444	0.00227491232077949	-0.32046425313572396	raw__HeLa_TE_SRA099816	FARSA	NM_004461.3	1811	0	0	0	1	0.0	0.0	0.0	0.5521811154058531	0	0	0	0
FARSB	1.17253916954484	0.06912735956029355	-0.12582355096068432	raw__HeLa_TE_SRA099816	FARSB	NM_005687.5	6761	0	0	0	0	0.0	0.0	0.0	0.0	0	0	0	0
FASN	1.1788707719979	0.07146620027387318	-0.1190140231488492	raw__HeLa_TE_SRA099816	FASN	NM_004104.5	8464	0	0	4	9	0.0	0.0	0.4725897920604915	1.063327032136106	0	0	0	0
FAU	0.612121865068065	-0.2131621071716048	-0.9477084974378297	raw__HeLa_TE_SRA099816	FAU	NM_001997.5	506	0	0	0	4	0.0	0.0	0.0	7.905138339920948	0	0	0	0
FDPS	0.728868516489604	-0.13735080873716468	-0.7269841265376243	raw__HeLa_TE_SRA099816	FDPS	NM_002004.4	1417	0	0	0	0	0.0	0.0	0.0	0.0	0	0	0	0
FEN1	1.77896363018658	0.25016706929205507	0.40127302783034163	raw__HeLa_TE_SRA099816	FEN1	NM_004111.6	2016	0	0	1	0	0.0	0.0	0.49603174603174605	0.0	0	0	0	0
FH	1.57365481369102	0.1969094745605838	0.24621369847552574	raw__HeLa_TE_SRA099816	FH	NM_000143.4	1791	0	0	0	2	0.0	0.0	0.0	1.1166945840312674	0	0	0	0
FKBP1A	0.489044947153269	-0.3106512238956468	-1.2315477720960697	raw__HeLa_TE_SRA099816	FKBP1A	NM_000801.5	1514	0	0	0	3	0.0	0.0	0.0	1.9815059445178336	0	0	0	0
FKBP3	0.832714164771313	-0.07950404777151224	-0.5585634532813837	raw__HeLa_TE_SRA099816	FKBP3	NM_002013.4	1299	0	0	0	0	0.0	0.0	0.0	0.0	0	0	0	0
FKBP4	1.31563466205378	0.11913530699698384	0.01977443991820016	raw__HeLa_TE_SRA099816	FKBP4	NM_002014.4	3715	1	1	1	4	0.2691790040376851	0.2691790040376851	0.2691790040376851	1.0767160161507403	0	0	0	0
FLNA	0.380548616371687	-0.4195898527614364	-1.5487222674508259	raw__HeLa_TE_SRA099816	FLNA	NM_001110556.2	8507	2	0	19	2	0.23510050546608674	0.0	2.233454801927824	0.23510050546608674	10	0	0	10
FLNB	0.672937965587514	-0.17202496912635384	-0.8279378418339677	raw__HeLa_TE_SRA099816	FLNB	NM_001457.4	9441	0	0	2	0	0.0	0.0	0.21184196589344348	0.0	0	0	0	0
FSCN1	3.15884156947985	0.4995278445736851	1.127286186658146	raw__HeLa_TE_SRA099816	FSCN1	NM_003088.4	2784	1	2	3	5	0.35919540229885055	0.7183908045977011	1.0775862068965518	1.7959770114942528	1	1	1	3
FTO	5.57165173803168	0.7459839625656435	1.844842444388314	raw__HeLa_TE_SRA099816	FTO	NM_001080432.3	11573	0	0	0	0	0.0	0.0	0.0	0.0	0	0	0	0
FUBP1	2.21648224970235	0.3456642576803842	0.6793128090376322	raw__HeLa_TE_SRA099816	FUBP1	NM_003902.5	6714	1	0	0	3	0.14894250819183796	0.0	0.0	0.44682752457551383	0	0	0	0
FUBP3	1.89816445558113	0.27833383667785555	0.48328048766694676	raw__HeLa_TE_SRA099816	FUBP3	NM_003934.2	3153	0	0	1	0	0.0	0.0	0.3171582619727244	0.0	0	0	0	0
FUS	1.12068717935442	0.04948440363920636	-0.1830139589584029	raw__HeLa_TE_SRA099816	FUS	NM_004960.4	1824	0	0	4	1	0.0	0.0	2.192982456140351	0.5482456140350878	2	0	0	2
G3BP1	3.32989686047381	0.5224307819685461	1.1939680210633323	raw__HeLa_TE_SRA099816	G3BP1	NM_005754.3	10227	0	0	2	1	0.0	0.0	0.1955607705094358	0.0977803852547179	0	0	0	0
G3BP2	4.65440975415466	0.6678646140463119	1.6173981925005223	raw__HeLa_TE_SRA099816	G3BP2	NM_203505.3	4321	0	0	0	2	0.0	0.0	0.0	0.4628558204119417	0	0	0	0
G6PD	1.73963627130666	0.2404584541002851	0.37300642344855867	raw__HeLa_TE_SRA099816	G6PD	NM_001360016.2	2223	0	1	0	1	0.0	0.449842555105713	0.0	0.449842555105713	0	0	0	0
GALK1	0.744289310196269	-0.12825821848778962	-0.7005110769514571	raw__HeLa_TE_SRA099816	GALK1	NM_000154.2	1397	0	0	0	1	0.0	0.0	0.0	0.7158196134574087	0	0	0	0
GAMT	0.634776595051288	-0.1973790945628472	-0.9017563029639326	raw__HeLa_TE_SRA099816	GAMT	NM_000156.6	1110	0	0	0	0	0.0	0.0	0.0	0.0	0	0	0	0
GANAB	1.93326618538063	0.2862916547958104	0.50644965155276	raw__HeLa_TE_SRA099816	GANAB	NM_198334.3	3835	1	1	8	1	0.2607561929595828	0.2607561929595828	2.0860495436766624	0.2607561929595828	1	0	0	1
GAPDH	0.72027702	-0.14250044090343897	-0.7419772653406921	raw__HeLa_TE_SRA099816	GAPDH	NM_002046.7	1285	0	0	9	23	0.0	0.0	7.003891050583658	17.898832684824903	3	0	0	3
GART	1.84605613135565	0.2662449020893537	0.4480835904101571	raw__HeLa_TE_SRA099816	GART	NM_000819.5	3318	0	0	0	2	0.0	0.0	0.0	0.6027727546714888	0	0	0	0
GCSH	0.408879834490217	-0.3884043078501195	-1.457925645787854	raw__HeLa_TE_SRA099816	GCSH	NM_004483.5	1560	0	0	0	0	0.0	0.0	0.0	0.0	0	0	0	0
GDI1	1.19004452237166	0.07556320967709325	-0.10708559240339768	raw__HeLa_TE_SRA099816	GDI1	NM_001493.3	2240	0	0	0	2	0.0	0.0	0.0	0.8928571428571429	0	0	0	0
GDI2	3.16381655151528	0.500211293733867	1.1292760468641927	raw__HeLa_TE_SRA099816	GDI2	NM_001494.4	2297	0	0	0	3	0.0	0.0	0.0	1.30605137135394	0	0	0	0
GFPT1	4.43417884370912	0.6468132055284973	1.5561070789381277	raw__HeLa_TE_SRA099816	GFPT1	NM_001244710.2	8665	0	0	0	0	0.0	0.0	0.0	0.0	0	0	0	0
GLO1	2.23136344723584	0.34857031446736453	0.6877737847675388	raw__HeLa_TE_SRA099816	GLO1	NM_006708.3	2016	0	0	0	1	0.0	0.0	0.0	0.49603174603174605	0	0	0	0
GLOD4	2.46050042951693	0.3910234451826647	0.8113759491333444	raw__HeLa_TE_SRA099816	GLOD4	NM_016080.4	1765	0	0	0	0	0.0	0.0	0.0	0.0	0	0	0	0
GLRX	2.78130922954206	0.44424927696838185	0.9663428007656534	raw__HeLa_TE_SRA099816	GLRX	NM_001118890.2	932	0	0	0	0	0.0	0.0	0.0	0.0	0	0	0	0
GLRX3	1.10501149094333	0.043366794244959615	-0.20082536059434786	raw__HeLa_TE_SRA099816	GLRX3	NM_006541.5	1318	0	0	2	2	0.0	0.0	1.5174506828528074	1.5174506828528074	0	0	0	0
GLS	4.60439583424827	0.6631726523252983	1.6037375598435817	raw__HeLa_TE_SRA099816	GLS	NM_014905.5	4840	0	0	1	0	0.0	0.0	0.2066115702479339	0.0	0	0	0	0
GLUD1	3.69325280293592	0.5674090361000452	1.3249220747780308	raw__HeLa_TE_SRA099816	GLUD1	NM_005271.5	3300	0	0	3	1	0.0	0.0	0.9090909090909091	0.30303030303030304	0	0	0	0
GMPS	2.41878394759766	0.38359707772252205	0.7897541022640251	raw__HeLa_TE_SRA099816	GMPS	NM_003875.3	8631	0	0	0	2	0.0	0.0	0.0	0.23172285946008575	0	0	0	0
GOT1	1.86001274518755	0.2695159201026796	0.45760714966984933	raw__HeLa_TE_SRA099816	GOT1	NM_002079.3	1978	0	0	0	1	0.0	0.0	0.0	0.5055611729019212	0	0	0	0
GOT2	3.87708378442263	0.5885051862842925	1.3863434535697554	raw__HeLa_TE_SRA099816	GOT2	NM_002080.4	2421	0	0	0	3	0.0	0.0	0.0	1.2391573729863692	0	0	0	0
GPI	2.16782366086041	0.3360239521145199	0.6512450879293958	raw__HeLa_TE_SRA099816	GPI	NM_000175.5	4125	0	1	2	6	0.0	0.24242424242424243	0.48484848484848486	1.4545454545454546	0	0	0	0
GRPEL1	1.52068651369674	0.1820396943924239	0.20292037754817413	raw__HeLa_TE_SRA099816	GRPEL1	NM_025196.4	2653	0	0	0	0	0.0	0.0	0.0	0.0	0	0	0	0
GRSF1	1.70204933960701	0.23097214541277628	0.3453870637956401	raw__HeLa_TE_SRA099816	GRSF1	NM_002092.4	6610	1	0	1	0	0.15128593040847202	0.0	0.15128593040847202	0.0	1	0	0	1
GSPT1	1.67002607702439	0.22272325259631218	0.3213704367870447	raw__HeLa_TE_SRA099816	GSPT1	NM_002094.4	7141	0	0	3	2	0.0	0.0	0.42010922839938386	0.2800728189329226	0	0	0	0
GSR	2.13551801686199	0.3295032398184439	0.6322600533884394	raw__HeLa_TE_SRA099816	GSR	NM_000637.5	3034	0	0	0	0	0.0	0.0	0.0	0.0	0	0	0	0
GSTM3	1.02796730158064	0.011979300487129535	-0.29220995572593406	raw__HeLa_TE_SRA099816	GSTM3	NM_000849.5	4122	0	0	1	2	0.0	0.0	0.242600679281902	0.485201358563804	0	0	0	0
GSTO1	0.612412357280036	-0.2129560546746488	-0.9471085762031027	raw__HeLa_TE_SRA099816	GSTO1	NM_004832.3	813	0	0	0	1	0.0	0.0	0.0	1.2300123001230012	0	0	0	0
GTF2I	3.34670454968497	0.5246173741130503	1.2003342776171413	raw__HeLa_TE_SRA099816	GTF2I	NM_032999.4	4515	0	0	2	0	0.0	0.0	0.4429678848283499	0.0	0	0	0	0
HADH	2.15541086619315	0.3335300679596314	0.643984151597303	raw__HeLa_TE_SRA099816	HADH	NM_005327.7	1803	0	0	2	1	0.0	0.0	1.1092623405435384	0.5546311702717692	0	0	0	0
HADHA	1.69378387279893	0.22885799345689617	0.33923171663650104	raw__HeLa_TE_SRA099816	HADHA	NM_000182.5	2943	0	0	2	1	0.0	0.0	0.6795786612300374	0.3397893306150187	0	0	0	0
HADHB	2.57485366834825	0.41075255266471095	0.8688171871456842	raw__HeLa_TE_SRA099816	HADHB	NM_000183.3	1997	0	0	0	1	0.0	0.0	0.0	0.5007511266900351	0	0	0	0
HDGF	1.26421102720049	0.1018195741830404	-0.03064026489441943	raw__HeLa_TE_SRA099816	HDGF	NM_004494.3	2309	0	0	8	13	0.0	0.0	3.4647033347769596	5.63014291901256	2	0	0	2
HDLBP	0.769453303563905	-0.11381773141389652	-0.6584676415968448	raw__HeLa_TE_SRA099816	HDLBP	NM_005336.6	6322	0	1	4	2	0.0	0.15817779183802594	0.6327111673521038	0.3163555836760519	1	0	0	1
HINT1	1.05495855555345	0.023235398545570992	-0.25943785956022797	raw__HeLa_TE_SRA099816	HINT1	NM_005340.7	852	0	0	5	8	0.0	0.0	5.868544600938967	9.389671361502348	0	0	0	0
HMGA1	1.46218326740714	0.16500180971860295	0.15331462677276003	raw__HeLa_TE_SRA099816	HMGA1	NM_145899.3	1920	0	1	3	3	0.0	0.5208333333333334	1.5625	1.5625	0	0	0	0
HMGB1	0.933820127960036	-0.02973676933457014	-0.4136661694825993	raw__HeLa_TE_SRA099816	HMGB1	NM_002128.7	5456	0	0	1	2	0.0	0.0	0.18328445747800587	0.36656891495601174	0	0	0	0
HMGB2	1.39743219584825	0.14533074487092254	0.09604237971850116	raw__HeLa_TE_SRA099816	HMGB2	NM_002129.4	1441	0	0	0	0	0.0	0.0	0.0	0.0	0	0	0	0
HMGCS1	4.48454258389611	0.6517181523030393	1.5703878169477268	raw__HeLa_TE_SRA099816	HMGCS1	NM_001098272.3	5350	0	0	0	0	0.0	0.0	0.0	0.0	0	0	0	0
HMGN1	1.93412145687076	0.28648374295924667	0.5070089156717951	raw__HeLa_TE_SRA099816	HMGN1	NM_004965.7	1271	0	0	0	9	0.0	0.0	0.0	7.081038552321007	0	0	0	0
HMGN2	0.690874227838337	-0.1606010078029483	-0.7946770122693938	raw__HeLa_TE_SRA099816	HMGN2	NM_005517.4	1940	0	0	1	2	0.0	0.0	0.5154639175257731	1.0309278350515463	0	0	0	0
HNRNPA0	1.37078399241398	0.1369690242325385	0.0716972548404905	raw__HeLa_TE_SRA099816	HNRNPA0	NM_006805.4	8713	0	0	0	12	0.0	0.0	0.0	1.3772523814989097	0	0	0	0
HNRNPA1	0.543439767491226	-0.26484858422864094	-1.0981935223359056	raw__HeLa_TE_SRA099816	HNRNPA1	NM_031157.4	3744	0	0	2	6	0.0	0.0	0.5341880341880342	1.6025641025641026	0	0	0	0
HNRNPA2B1	1.60437596485525	0.2053061471958442	0.27066058598894244	raw__HeLa_TE_SRA099816	HNRNPA2B1	NM_002137.4	3628	0	2	4	17	0.0	0.5512679162072768	1.1025358324145536	4.685777287761852	0	0	0	0
HNRNPA3	1.3489508968838	0.12999614122080388	0.05139572659985734	raw__HeLa_TE_SRA099816	HNRNPA3	NM_194247.4	5710	0	0	0	4	0.0	0.0	0.0	0.7005253940455342	0	0	0	0
HNRNPAB	1.1908656301302	0.07586276115940756	-0.10621344914966846	raw__HeLa_TE_SRA099816	HNRNPAB	NM_031266.3	1770	0	0	1	3	0.0	0.0	0.5649717514124294	1.694915254237288	0	0	0	0
HNRNPC	1.54885019847058	0.19000941574265234	0.22612419765950423	raw__HeLa_TE_SRA099816	HNRNPC	NM_004500.4	3165	0	0	1	8	0.0	0.0	0.315955766192733	2.527646129541864	1	0	0	1
HNRNPD	1.13260031313573	0.05407667736211624	-0.16964356761274627	raw__HeLa_TE_SRA099816	HNRNPD	NM_031370.3	3068	0	0	0	0	0.0	0.0	0.0	0.0	0	0	0	0
HNRNPDL	1.35614513322692	0.13230616975725382	0.05812136784329767	raw__HeLa_TE_SRA099816	HNRNPDL	NM_031372.4	4372	0	0	1	2	0.0	0.0	0.22872827081427263	0.45745654162854527	0	0	0	0
HNRNPF	2.50743512740849	0.39922970573115	0.835268452419962	raw__HeLa_TE_SRA099816	HNRNPF	NM_001098204.2	2569	0	0	1	2	0.0	0.0	0.3892565200467108	0.7785130400934216	0	0	0	0
HNRNPH1	1.33210596882661	0.12453877426828619	0.035506618877903115	raw__HeLa_TE_SRA099816	HNRNPH1	NM_001257293.2	2240	0	0	3	0	0.0	0.0	1.3392857142857142	0.0	0	0	0	0
HNRNPH3	1.29483051301814	0.11221292511365569	-0.00038005443662099316	raw__HeLa_TE_SRA099816	HNRNPH3	NM_012207.3	2356	0	0	1	1	0.0	0.0	0.4244482173174873	0.4244482173174873	0	0	0	0
HNRNPK	1.72657416783202	0.23718523891966922	0.3634764671428079	raw__HeLa_TE_SRA099816	HNRNPK	NM_031263.4	2889	0	0	2	5	0.0	0.0	0.6922810661128418	1.7307026652821045	0	0	0	0
HNRNPL	1.3880508183776	0.14240536650569308	0.08752514927073705	raw__HeLa_TE_SRA099816	HNRNPL	NM_001533.3	2142	1	2	4	0	0.4668534080298786	0.9337068160597572	1.8674136321195145	0.0	0	0	0	0
HNRNPM	0.875997494723695	-0.05749713587442009	-0.4944903944596496	raw__HeLa_TE_SRA099816	HNRNPM	NM_005968.5	2477	0	0	1	6	0.0	0.0	0.4037141703673799	2.4222850222042793	0	0	0	0
HNRNPR	1.59245829563333	0.20206806756093385	0.2612329267204703	raw__HeLa_TE_SRA099816	HNRNPR	NM_005826.5	7751	0	0	3	0	0.0	0.0	0.38704683266675266	0.0	1	0	0	1
HNRNPU	2.12109188438283	0.3265594822912419	0.6236893120650162	raw__HeLa_TE_SRA099816	HNRNPU	NM_031844.3	6867	0	0	1	3	0.0	0.0	0.145623998835008	0.436871996505024	0	0	0	0
HNRNPUL1	0.986880090106379	-0.005735612648226581	-0.34378687286229787	raw__HeLa_TE_SRA099816	HNRNPUL1	NM_007040.6	3925	0	0	2	1	0.0	0.0	0.5095541401273885	0.25477707006369427	0	0	0	0
HNRNPUL2	0.58789776	-0.2306981945506576	-0.9987647639142533	raw__HeLa_TE_SRA099816	HNRNPUL2	NM_001079559.3	5214	0	0	2	0	0.0	0.0	0.3835826620636747	0.0	0	0	0	0
HPRT1	3.20291049335772	0.5055448022966719	1.1448045412512664	raw__HeLa_TE_SRA099816	HPRT1	NM_000194.3	1395	0	1	0	6	0.0	0.7168458781362007	0.0	4.301075268817204	1	0	0	1
HSD17B10	0.744070123314303	-0.12838613336088858	-0.7008835007257045	raw__HeLa_TE_SRA099816	HSD17B10	NM_004493.3	954	0	0	0	0	0.0	0.0	0.0	0.0	0	0	0	0
HSD17B4	2.52675853606743	0.4025637415384362	0.8449754878001619	raw__HeLa_TE_SRA099816	HSD17B4	NM_000414.4	2628	0	0	0	0	0.0	0.0	0.0	0.0	0	0	0	0
HSP90AA1	2.16989050574283	0.33643781958519214	0.6524500618447178	raw__HeLa_TE_SRA099816	HSP90AA1	NM_005348.4	3228	0	2	8	20	0.0	0.6195786864931846	2.4783147459727384	6.195786864931846	0	0	0	0
HSP90AB1	1.62446390775118	0.21071006665752967	0.2863940814996068	raw__HeLa_TE_SRA099816	HSP90AB1	NM_007355.4	2555	0	1	5	30	0.0	0.3913894324853229	1.9569471624266144	11.741682974559687	0	0	0	0
HSP90B1	1.10656060503786	0.043975204718527734	-0.1990539753021733	raw__HeLa_TE_SRA099816	HSP90B1	NM_003299.3	2782	0	0	1	8	0.0	0.0	0.35945363048166784	2.8756290438533427	0	0	0	0
HSPA4	2.13944130707069	0.33030037665076883	0.6345809149152796	raw__HeLa_TE_SRA099816	HSPA4	NM_002154.4	4774	0	0	0	3	0.0	0.0	0.0	0.6284038542103059	0	0	0	0
HSPA4L	5.54051047012433	0.743549779917067	1.8377553288150612	raw__HeLa_TE_SRA099816	HSPA4L	NM_014278.4	10608	0	0	0	0	0.0	0.0	0.0	0.0	0	0	0	0
HSPA5	2.59110271279945	0.41348462900970545	0.8767716193339383	raw__HeLa_TE_SRA099816	HSPA5	NM_005347.5	3921	0	1	3	8	0.0	0.2550369803621525	0.7651109410864575	2.04029584289722	1	1	0	2
HSPA8	1.38127389088976	0.1402798027698988	0.08133657674817031	raw__HeLa_TE_SRA099816	HSPA8	NM_006597.6	2264	0	1	7	23	0.0	0.4416961130742049	3.091872791519435	10.159010600706713	0	0	0	0
HSPA9	2.53015085833844	0.40314641642905724	0.8466719440187939	raw__HeLa_TE_SRA099816	HSPA9	NM_004134.7	4404	0	0	1	3	0.0	0.0	0.22706630336058128	0.6811989100817438	0	0	0	0
HSPB1	0.93926515	-0.027211791198474385	-0.4063147031162968	raw__HeLa_TE_SRA099816	HSPB1	NM_001540.5	777	0	0	1	8	0.0	0.0	1.287001287001287	10.296010296010296	0	0	0	0
HSPD1	1.73698753863455	0.23979670277544363	0.3710797364258542	raw__HeLa_TE_SRA099816	HSPD1	NM_002156.5	2245	0	1	5	18	0.0	0.44543429844098	2.2271714922048997	8.017817371937639	1	0	0	1
HSPE1	0.141724015971312	-0.8485565497521474	-2.797657535487341	raw__HeLa_TE_SRA099816	HSPE1	NM_002157.3	557	0	0	0	5	0.0	0.0	0.0	8.976660682226212	0	0	0	0
HSPH1	3.23870122605713	0.5103708856885945	1.1588556687558986	raw__HeLa_TE_SRA099816	HSPH1	NM_006644.4	5244	1	1	0	4	0.19069412662090007	0.19069412662090007	0.0	0.7627765064836003	1	1	0	2
HYPK	0.588332540111946	-0.23037713053446754	-0.9978299869818477	raw__HeLa_TE_SRA099816	HYPK	NM_016400.4	3011	0	0	1	0	0.0	0.0	0.33211557622052473	0.0	0	0	0	0
IDH1	3.6642788944065	0.563988521134527	1.3149632555847195	raw__HeLa_TE_SRA099816	IDH1	NM_005896.4	2318	0	0	0	0	0.0	0.0	0.0	0.0	0	0	0	0
IDH2	0.87133674	-0.05981397350997684	-0.5012358603749765	raw__HeLa_TE_SRA099816	IDH2	NM_002168.4	2658	0	0	0	0	0.0	0.0	0.0	0.0	0	0	0	0
IGF2BP1	1.95186949673064	0.290450777088646	0.518558923792399	raw__HeLa_TE_SRA099816	IGF2BP1	NM_006546.4	8796	0	1	0	0	0.0	0.11368804001819009	0.0	0.0	1	0	0	1
ILF2	1.66465902272926	0.22132528906611645	0.31730027010851564	raw__HeLa_TE_SRA099816	ILF2	NM_004515.4	1852	0	0	1	6	0.0	0.0	0.5399568034557235	3.239740820734341	1	0	0	1
ILF3	1.09004409945961	0.03744406836680983	-0.21806935945026365	raw__HeLa_TE_SRA099816	ILF3	NM_017620.3	6017	0	0	3	2	0.0	0.0	0.4985873358816686	0.33239155725444575	0	0	0	0
IMPDH2	5.96833472	0.7758531715310705	1.9318065578427486	raw__HeLa_TE_SRA099816	IMPDH2	NM_000884.3	1651	0	0	3	2	0.0	0.0	1.8170805572380375	1.2113870381586918	1	0	0	1
IPO5	2.10143579182613	0.3225161249236069	0.6119170890622968	raw__HeLa_TE_SRA099816	IPO5	NM_002271.6	6002	0	0	4	5	0.0	0.0	0.6664445184938353	0.8330556481172943	0	0	0	0
IQGAP1	1.40205296669464	0.146764420698183	0.10021652264418328	raw__HeLa_TE_SRA099816	IQGAP1	NM_003870.4	7205	0	0	4	1	0.0	0.0	0.5551700208188758	0.13879250520471895	0	0	0	0
ISOC1	1.88029973381239	0.27422708456418843	0.47132369104887867	raw__HeLa_TE_SRA099816	ISOC1	NM_016048.2	1942	0	1	0	0	0.0	0.5149330587023687	0.0	0.0	1	0	0	1
ITPA	0.979571964413919	-0.008963652982364304	-0.3531853027362987	raw__HeLa_TE_SRA099816	ITPA	NM_033453.4	1037	0	1	1	1	0.0	0.9643201542912246	0.9643201542912246	0.9643201542912246	1	1	0	2
KHDRBS1	4.70807977278802	0.6728438128349769	1.631895115029366	raw__HeLa_TE_SRA099816	KHDRBS1	NM_006559.3	2713	0	0	0	2	0.0	0.0	0.0	0.7371913011426465	0	0	0	0
KHSRP	0.756052702641777	-0.12144792980469746	-0.6806829416171938	raw__HeLa_TE_SRA099816	KHSRP	NM_001366299.1	4276	1	0	0	1	0.23386342376052385	0.0	0.0	0.23386342376052385	1	0	0	1
KIF5B	3.31961067598238	0.5210871526235951	1.1900560482042493	raw__HeLa_TE_SRA099816	KIF5B	NM_004521.3	5866	0	0	0	0	0.0	0.0	0.0	0.0	0	0	0	0
KPNA2	2.2638330932915	0.35484440425892017	0.7060407786168804	raw__HeLa_TE_SRA099816	KPNA2	NM_002266.4	1977	0	0	1	3	0.0	0.0	0.5058168942842691	1.5174506828528074	0	0	0	0
KPNB1	2.80398177231544	0.44777518611040124	0.9766084747917555	raw__HeLa_TE_SRA099816	KPNB1	NM_002265.6	6058	0	0	7	1	0.0	0.0	1.15549686365137	0.1650709805216243	1	0	0	1
LANCL1	4.44058023861188	0.6474397219080645	1.5579311795220037	raw__HeLa_TE_SRA099816	LANCL1	NM_006055.3	4592	0	0	2	1	0.0	0.0	0.4355400696864111	0.21777003484320556	0	0	0	0
LAP3	1.53323652096281	0.18560915539298614	0.2133128526814585	raw__HeLa_TE_SRA099816	LAP3	NM_015907.3	2209	0	1	1	0	0.0	0.4526935264825713	0.4526935264825713	0.0	1	1	0	2
LARP1	1.20927308109815	0.08252438541166048	-0.08681814986556995	raw__HeLa_TE_SRA099816	LARP1	NM_033551.3	7181	1	0	2	2	0.13925637097897228	0.0	0.27851274195794457	0.27851274195794457	1	0	0	1
LASP1	3.62445836246623	0.5592431149711276	1.3011470195920318	raw__HeLa_TE_SRA099816	LASP1	NM_006148.4	3910	0	0	1	3	0.0	0.0	0.2557544757033248	0.7672634271099744	0	0	0	0
LDHA	1.93964426413771	0.2877220864825684	0.5106143491729758	raw__HeLa_TE_SRA099816	LDHA	NM_005566.4	2241	1	1	8	24	0.4462293618920125	0.4462293618920125	3.5698348951361	10.7095046854083	2	1	0	3
LGALS1	0.974329857345979	-0.011293988734261549	-0.3599700683773803	raw__HeLa_TE_SRA099816	LGALS1	NM_002305.4	528	0	0	2	4	0.0	0.0	3.787878787878788	7.575757575757576	0	0	0	0
LMNA	0.999650372870321	-0.000151867683221639	-0.32752981593121633	raw__HeLa_TE_SRA099816	LMNA	NM_170707.4	3178	0	0	3	3	0.0	0.0	0.9439899307740718	0.9439899307740718	0	0	0	0
LMNB1	2.95631375868048	0.4707505245916572	1.0435011047455873	raw__HeLa_TE_SRA099816	LMNB1	NM_005573.4	2890	0	0	1	0	0.0	0.0	0.3460207612456747	0.0	0	0	0	0
LMNB2	0.96020673	-0.017635254426402774	-0.3784326446623563	raw__HeLa_TE_SRA099816	LMNB2	NM_032737.4	4634	1	0	2	0	0.21579628830384118	0.0	0.43159257660768235	0.0	1	0	0	1
LONP1	0.418247665765609	-0.37856647415025246	-1.4292828221023868	raw__HeLa_TE_SRA099816	LONP1	NM_004793.4	3092	0	0	0	3	0.0	0.0	0.0	0.9702457956015524	0	0	0	0
LRPPRC	2.32805831921929	0.36699385544429713	0.7414138697662708	raw__HeLa_TE_SRA099816	LRPPRC	NM_133259.4	6603	0	0	0	3	0.0	0.0	0.0	0.45433893684688775	0	0	0	0
LSM8	1.81644986082974	0.2592234146041854	0.42764055038904897	raw__HeLa_TE_SRA099816	LSM8	NM_016200.5	12384	0	0	1	0	0.0	0.0	0.08074935400516796	0.0	0	0	0	0
LTA4H	1.39647235688356	0.14503234327959208	0.09517358436896636	raw__HeLa_TE_SRA099816	LTA4H	NM_000895.3	2140	0	0	1	0	0.0	0.0	0.4672897196261682	0.0	0	0	0	0
LUC7L	0.448124971796119	-0.34860085432154786	-1.3420380087050103	raw__HeLa_TE_SRA099816	LUC7L	NM_201412.3	1434	0	0	0	0	0.0	0.0	0.0	0.0	0	0	0	0
LUC7L2	4.69515793244739	0.6716502053426674	1.6284199303500058	raw__HeLa_TE_SRA099816	LUC7L2	NM_016019.5	2661	1	0	0	0	0.37579857196542654	0.0	0.0	0.0	1	0	0	1
LYPLA1	2.73815603669495	0.4374581932299287	0.946570580570837	raw__HeLa_TE_SRA099816	LYPLA1	NM_006330.4	2515	0	1	0	1	0.0	0.3976143141153082	0.0	0.3976143141153082	1	0	0	1
LYPLA2	1.06605636980932	0.02778016946529953	-0.24620577248536907	raw__HeLa_TE_SRA099816	LYPLA2	NM_007260.3	1635	0	0	0	0	0.0	0.0	0.0	0.0	0	0	0	0
M6PR	1.94580614029985	0.28909956954388877	0.5146248870270208	raw__HeLa_TE_SRA099816	M6PR	NM_002355.4	2450	1	1	2	1	0.40816326530612246	0.40816326530612246	0.8163265306122449	0.40816326530612246	0	0	0	0
MANF	0.80346272	-0.09503426933485243	-0.60377964737511	raw__HeLa_TE_SRA099816	MANF	NM_006010.6	909	0	0	0	0	0.0	0.0	0.0	0.0	0	0	0	0
MAP4	2.44643305137239	0.3885333354373122	0.8041260019834391	raw__HeLa_TE_SRA099816	MAP4	NM_001385682.1	9232	0	0	0	4	0.0	0.0	0.0	0.43327556325823224	0	0	0	0
MAPRE1	3.23823257118623	0.5103080367446108	1.1586726842415978	raw__HeLa_TE_SRA099816	MAPRE1	NM_012325.3	2562	0	0	1	1	0.0	0.0	0.39032006245121	0.39032006245121	0	0	0	0
MARCKS	2.08703841498425	0.3195304429620232	0.6032242848723178	raw__HeLa_TE_SRA099816	MARCKS	NM_002356.7	4296	0	0	1	2	0.0	0.0	0.23277467411545624	0.4655493482309125	0	0	0	0
MAT2A	2.85139728088501	0.45505773112072423	0.9978115830243107	raw__HeLa_TE_SRA099816	MAT2A	NM_005911.6	2817	0	0	1	0	0.0	0.0	0.35498757543485976	0.0	0	0	0	0
MATR3	3.51129264226539	0.545467026453309	1.2610379786660202	raw__HeLa_TE_SRA099816	MATR3	NM_018834.6	5069	0	1	4	4	0.0	0.19727756954034326	0.789110278161373	0.789110278161373	0	0	0	0
MCM2	1.78351287880325	0.2512762497399689	0.40450240341994864	raw__HeLa_TE_SRA099816	MCM2	NM_004526.4	3434	0	1	1	6	0.0	0.29120559114735	0.29120559114735	1.7472335468841003	0	0	0	0
MCM3	1.37826233194489	0.13933188700050442	0.07857672279253738	raw__HeLa_TE_SRA099816	MCM3	NM_002388.6	3068	0	0	2	3	0.0	0.0	0.651890482398957	0.9778357235984355	0	0	0	0
MCM4	1.9590865538597	0.2920536238626635	0.5232256074286169	raw__HeLa_TE_SRA099816	MCM4	NM_182746.3	4062	0	0	2	2	0.0	0.0	0.49236829148202854	0.49236829148202854	0	0	0	0
MCM5	1.01080173029926	0.00466597667761348	-0.31350267634119794	raw__HeLa_TE_SRA099816	MCM5	NM_006739.4	3458	1	1	1	2	0.2891844997108155	0.2891844997108155	0.2891844997108155	0.578368999421631	1	1	1	3
MCM6	1.98965942723045	0.29877874398123244	0.5428057747394713	raw__HeLa_TE_SRA099816	MCM6	NM_005915.6	3753	0	1	0	0	0.0	0.2664535038635758	0.0	0.0	1	0	0	1
MCM7	0.828163777448227	-0.08188376876044626	-0.5654920038938588	raw__HeLa_TE_SRA099816	MCM7	NM_005916.5	2467	0	0	0	1	0.0	0.0	0.0	0.40535062829347385	0	0	0	0
MDH1	1.7943524088501	0.2539077420462219	0.4121639854772552	raw__HeLa_TE_SRA099816	MDH1	NM_005917.4	1296	0	1	2	5	0.0	0.7716049382716049	1.5432098765432098	3.8580246913580245	0	0	0	0
MDH2	1.13922860879334	0.056610882617459675	-0.1622652365160774	raw__HeLa_TE_SRA099816	MDH2	NM_005918.4	2170	0	0	4	5	0.0	0.0	1.8433179723502304	2.304147465437788	1	0	0	1
MIF	1.63311991382685	0.21301807451089708	0.293113839530236	raw__HeLa_TE_SRA099816	MIF	NM_002415.2	557	0	0	3	0	0.0	0.0	5.3859964093357275	0.0	0	0	0	0
MPST	0.404705342976051	-0.3928610619546193	-1.4709014721658087	raw__HeLa_TE_SRA099816	MPST	NM_021126.8	1350	0	0	0	1	0.0	0.0	0.0	0.7407407407407407	0	0	0	0
MRPL12	0.278017796581962	-0.5559274029669486	-1.9456686411527697	raw__HeLa_TE_SRA099816	MRPL12	NM_002949.4	1009	0	0	0	3	0.0	0.0	0.0	2.9732408325074333	0	0	0	0
MRPL53	1.10172784067607	0.04207432419771646	-0.20458838330964677	raw__HeLa_TE_SRA099816	MRPL53	NM_053050.5	496	0	0	0	0	0.0	0.0	0.0	0.0	0	0	0	0
MSH2	1.83710160755197	0.26413317719791474	0.44193530964195143	raw__HeLa_TE_SRA099816	MSH2	NM_000251.3	3115	0	0	0	0	0.0	0.0	0.0	0.0	0	0	0	0
MSN	2.73450728057766	0.4368790840136356	0.9448845058024522	raw__HeLa_TE_SRA099816	MSN	NM_002444.3	3960	1	2	7	3	0.25252525252525254	0.5050505050505051	1.7676767676767677	0.7575757575757576	1	0	0	1
MT2A	1.13297893788275	0.05422183638915065	-0.16922093753537906	raw__HeLa_TE_SRA099816	MT2A	NM_005953.5	401	0	0	0	0	0.0	0.0	0.0	0.0	0	0	0	0
MTHFD1	1.5719363292398	0.19643495110553885	0.24483212484131653	raw__HeLa_TE_SRA099816	MTHFD1	NM_005956.4	3154	0	0	0	2	0.0	0.0	0.0	0.6341154090044389	0	0	0	0
MTPN	6.7764190587703	0.8310002552453288	2.092367128775813	raw__HeLa_TE_SRA099816	MTPN	NM_145808.4	3782	0	0	0	0	0.0	0.0	0.0	0.0	0	0	0	0
MYH10	1.28599998298072	0.10924096284062984	-0.009032913793990459	raw__HeLa_TE_SRA099816	MYH10	NM_001256012.3	7707	0	0	3	0	0.0	0.0	0.3892565200467108	0.0	0	0	0	0
MYH9	1.02967548075702	0.012700371187246135	-0.290110560517772	raw__HeLa_TE_SRA099816	MYH9	NM_002473.6	7451	0	0	0	1	0.0	0.0	0.0	0.13421017313112335	0	0	0	0
MYL6	0.54326917959777	-0.264984932386286	-1.0985904995931364	raw__HeLa_TE_SRA099816	MYL6	NM_021019.5	708	0	0	6	11	0.0	0.0	8.474576271186441	15.536723163841808	2	0	0	2
NAA15	4.10178451374761	0.6129728410765906	1.4575809580441537	raw__HeLa_TE_SRA099816	NAA15	NM_057175.5	6174	0	0	0	2	0.0	0.0	0.0	0.32393909944930355	0	0	0	0
NAA50	2.68872324075472	0.4295461011452558	0.9235345478955207	raw__HeLa_TE_SRA099816	NAA50	NM_025146.4	6112	0	0	1	2	0.0	0.0	0.16361256544502617	0.32722513089005234	0	0	0	0
NACA	0.323414398913744	-0.49024064853110966	-1.7544218501237918	raw__HeLa_TE_SRA099816	NACA	NM_001365896.1	6387	0	0	3	3	0.0	0.0	0.4697040864255519	0.4697040864255519	0	0	0	0
NAMPT	3.38115931952337	0.5290656351135024	1.2132853763478109	raw__HeLa_TE_SRA099816	NAMPT	NM_005746.3	4360	0	0	1	0	0.0	0.0	0.22935779816513763	0.0	0	0	0	0
NANS	1.00992084773818	0.004287337408796874	-0.31460508345113464	raw__HeLa_TE_SRA099816	NANS	NM_018946.4	1179	1	1	1	2	0.8481764206955047	0.8481764206955047	0.8481764206955047	1.6963528413910094	1	1	0	2
NAP1L1	0.894934353032184	-0.048208820730473896	-0.46744749242251726	raw__HeLa_TE_SRA099816	NAP1L1	NM_004537.7	13159	0	0	6	2	0.0	0.0	0.45596169921726576	0.15198723307242193	0	0	0	0
NAP1L4	1.43546781	0.15699345799858572	0.12999833445418174	raw__HeLa_TE_SRA099816	NAP1L4	NM_005969.4	2463	0	1	0	0	0.0	0.4060089321965083	0.0	0.0	1	0	0	1
NASP	0.94574047	-0.024228026294552642	-0.39762748043402374	raw__HeLa_TE_SRA099816	NASP	NM_002482.4	3225	0	1	1	0	0.0	0.31007751937984496	0.31007751937984496	0.0	0	0	0	0
NCL	1.18109217520521	0.072283792296738	-0.1166336063953237	raw__HeLa_TE_SRA099816	NCL	NM_005381.3	3924	0	0	3	6	0.0	0.0	0.764525993883792	1.529051987767584	0	0	0	0
NDUFA5	1.97405570418907	0.29535940349096435	0.532850375027373	raw__HeLa_TE_SRA099816	NDUFA5	NM_005000.5	5496	0	0	0	1	0.0	0.0	0.0	0.1819505094614265	0	0	0	0
NEDD8	0.0194198250520612	-1.7117546868516327	-5.310856355558706	raw__HeLa_TE_SRA099816	NEDD8	NM_006156.3	616	0	0	0	1	0.0	0.0	0.0	1.6233766233766234	0	0	0	0
NIPSNAP1	2.82565038064796	0.4511184253297879	0.9863423058790329	raw__HeLa_TE_SRA099816	NIPSNAP1	NM_003634.4	2013	0	0	0	2	0.0	0.0	0.0	0.9935419771485345	0	0	0	0
NIT2	1.14102970687288	0.05729695148483896	-0.16026774904028296	raw__HeLa_TE_SRA099816	NIT2	NM_020202.5	7233	0	1	1	1	0.0	0.13825521913452232	0.13825521913452232	0.13825521913452232	0	0	0	0
NME1	0.72622654515185	-0.13892788072982853	-0.7315757669742551	raw__HeLa_TE_SRA099816	NME1	NM_000269.3	890	0	0	3	8	0.0	0.0	3.3707865168539324	8.98876404494382	0	0	0	0
NOLC1	2.30857226302628	0.36334347340410655	0.7307857932657311	raw__HeLa_TE_SRA099816	NOLC1	NM_004741.5	3723	1	0	2	5	0.2686005909213	0.0	0.5372011818426	1.3430029546065	1	0	0	1
NONO	1.81026176174649	0.2577413778871725	0.4233256048760583	raw__HeLa_TE_SRA099816	NONO	NM_007363.5	2661	0	0	1	2	0.0	0.0	0.37579857196542654	0.7515971439308531	0	0	0	0
NPC2	0.782145616311165	-0.106712384442521	-0.6377804449299682	raw__HeLa_TE_SRA099816	NPC2	NM_006432.5	821	0	1	5	1	0.0	1.218026796589525	6.090133982947624	1.218026796589525	1	0	0	1
NPM1	1.19018781859536	0.07561550100868687	-0.10693334634630743	raw__HeLa_TE_SRA099816	NPM1	NM_002520.7	1320	1	2	5	17	0.7575757575757576	1.5151515151515151	3.787878787878788	12.878787878787879	0	0	0	0
NQO1	1.15609719688127	0.06299434818026332	-0.14367979543262968	raw__HeLa_TE_SRA099816	NQO1	NM_000903.3	2521	1	1	4	1	0.3966679888932963	0.3966679888932963	1.5866719555731852	0.3966679888932963	1	1	1	3
NSFL1C	0.901686416885433	-0.04494447254093262	-0.4579433523350234	raw__HeLa_TE_SRA099816	NSFL1C	NM_016143.5	2721	0	0	0	0	0.0	0.0	0.0	0.0	0	0	0	0
NUCKS1	1.70646640978692	0.2320977440135667	0.34866424078873	raw__HeLa_TE_SRA099816	NUCKS1	NM_022731.5	6399	0	0	4	1	0.0	0.0	0.6250976715111736	0.1562744178777934	0	0	0	0
NUDC	0.834701620503091	-0.07846874335167818	-0.5555491675287699	raw__HeLa_TE_SRA099816	NUDC	NM_006600.4	1792	0	0	0	1	0.0	0.0	0.0	0.5580357142857143	0	0	0	0
NUDT21	2.06845760805381	0.31564662468670923	0.5919165594644654	raw__HeLa_TE_SRA099816	NUDT21	NM_007006.3	4393	0	0	1	0	0.0	0.0	0.22763487366264512	0.0	0	0	0	0
NUDT5	1.13170394234471	0.05373282877580311	-0.17064468175359593	raw__HeLa_TE_SRA099816	NUDT5	NM_014142.4	3195	0	0	0	2	0.0	0.0	0.0	0.6259780907668232	0	0	0	0
NUMA1	0.88953788	-0.050835553229641325	-0.47509521631558893	raw__HeLa_TE_SRA099816	NUMA1	NM_006185.4	7198	0	0	0	1	0.0	0.0	0.0	0.13892747985551543	0	0	0	0
NUP155	2.16014972329948	0.33448385381262885	0.6467610962839638	raw__HeLa_TE_SRA099816	NUP155	NM_153485.3	8068	0	0	3	1	0.0	0.0	0.37183936539414975	0.12394645513138325	0	0	0	0
NUP54	2.5459840224574	0.40585567387366234	0.8545599390461353	raw__HeLa_TE_SRA099816	NUP54	NM_017426.4	2249	0	0	1	1	0.0	0.0	0.444642063139173	0.444642063139173	0	0	0	0
NUP62	1.13294202499662	0.054207686678704965	-0.16926213437544171	raw__HeLa_TE_SRA099816	NUP62	NM_016553.5	3361	0	0	0	1	0.0	0.0	0.0	0.2975304968759298	0	0	0	0
NUP93	1.48748799979586	0.1724534707747305	0.17501011587189036	raw__HeLa_TE_SRA099816	NUP93	NM_014669.5	8234	0	0	2	0	0.0	0.0	0.24289531212047608	0.0	0	0	0	0
NUP98	2.47361328465295	0.3933318046428143	0.8180967308660789	raw__HeLa_TE_SRA099816	NUP98	NM_016320.5	6726	0	0	1	1	0.0	0.0	0.14867677668748142	0.14867677668748142	0	0	0	0
OAT	4.12737455	0.6156738819176949	1.4654450304547335	raw__HeLa_TE_SRA099816	OAT	NM_000274.4	2039	0	0	0	0	0.0	0.0	0.0	0.0	0	0	0	0
OLA1	1.85494977150918	0.2683321542466254	0.4541606188853032	raw__HeLa_TE_SRA099816	OLA1	NM_013341.5	4251	0	0	0	0	0.0	0.0	0.0	0.0	0	0	0	0
OTUB1	0.69423050926677	-0.1584963043565506	-0.7885491744176338	raw__HeLa_TE_SRA099816	OTUB1	NM_017670.3	1701	0	0	0	1	0.0	0.0	0.0	0.5878894767783657	0	0	0	0
P4HB	1.42842216405034	0.15485658028445223	0.12377682131718325	raw__HeLa_TE_SRA099816	P4HB	NM_000918.4	2437	1	1	10	8	0.4103405826836274	0.4103405826836274	4.1034058268362745	3.282724661469019	3	0	0	3
PA2G4	0.80314368	-0.09520675378820413	-0.6042818353502843	raw__HeLa_TE_SRA099816	PA2G4	NM_006191.3	2386	0	1	1	3	0.0	0.4191114836546521	0.4191114836546521	1.2573344509639564	0	0	0	0
PABPC1	0.260736482552901	-0.5837981975892795	-2.026814377164965	raw__HeLa_TE_SRA099816	PABPC1	NM_002568.4	2861	0	0	3	4	0.0	0.0	1.048584411045089	1.3981125480601189	0	0	0	0
PABPC4	0.634941057704508	-0.19726658888409723	-0.9014287430134029	raw__HeLa_TE_SRA099816	PABPC4	NM_001135653.2	3142	0	1	4	4	0.0	0.31826861871419476	1.273074474856779	1.273074474856779	0	0	0	0
PAFAH1B1	1.1958423346698	0.07767392405322482	-0.10094025374751715	raw__HeLa_TE_SRA099816	PAFAH1B1	NM_000430.4	5589	0	0	0	0	0.0	0.0	0.0	0.0	0	0	0	0
PAFAH1B2	5.46860701021177	0.737876714848608	1.8212382166672667	raw__HeLa_TE_SRA099816	PAFAH1B2	NM_002572.4	4175	0	0	0	0	0.0	0.0	0.0	0.0	0	0	0	0
PAFAH1B3	0.686220013068023	-0.16353662023748783	-0.803224039179649	raw__HeLa_TE_SRA099816	PAFAH1B3	NM_002573.4	1054	0	0	1	0	0.0	0.0	0.9487666034155597	0.0	0	0	0	0
PAICS	2.19967692732927	0.3423588994670197	0.6696892683872155	raw__HeLa_TE_SRA099816	PAICS	NM_001079524.2	6371	1	0	2	3	0.15696123057604772	0.0	0.31392246115209543	0.47088369172814315	0	0	0	0
PARK7	0.91905772	-0.036657212563489534	-0.4338150194508501	raw__HeLa_TE_SRA099816	PARK7	NM_007262.5	1127	0	0	5	4	0.0	0.0	4.436557231588288	3.54924578527063	0	0	0	0
PARP1	1.48621296592183	0.17208104582948636	0.1739258017466331	raw__HeLa_TE_SRA099816	PARP1	NM_001618.4	3978	0	0	1	2	0.0	0.0	0.2513826043237808	0.5027652086475616	0	0	0	0
PCBD1	1.60801614	0.20629040354039252	0.2735262454215247	raw__HeLa_TE_SRA099816	PCBD1	NM_000281.4	787	0	0	0	1	0.0	0.0	0.0	1.2706480304955527	0	0	0	0
PCBP1	1.6357731663228	0.21372307962601036	0.29516645983523415	raw__HeLa_TE_SRA099816	PCBP1	NM_006196.4	1727	0	0	1	6	0.0	0.0	0.5790387955993052	3.4742327735958307	0	0	0	0
PCBP2	1.46089401066132	0.1646187085731252	0.15219922892213683	raw__HeLa_TE_SRA099816	PCBP2	NM_031989.5	3159	2	0	3	2	0.6331117442228553	0.0	0.949667616334283	0.6331117442228553	0	0	0	0
PCM1	1.42069474212958	0.15250077317715616	0.11691789590028343	raw__HeLa_TE_SRA099816	PCM1	NM_006197.4	8652	0	0	0	0	0.0	0.0	0.0	0.0	0	0	0	0
PCMT1	1.64668751408449	0.21661119250026595	0.303575191916378	raw__HeLa_TE_SRA099816	PCMT1	NM_001360452.2	1686	0	0	1	0	0.0	0.0	0.5931198102016607	0.0	0	0	0	0
PCNA	2.09765968	0.3217350305273464	0.6096429350405534	raw__HeLa_TE_SRA099816	PCNA	NM_182649.2	1276	0	0	0	2	0.0	0.0	0.0	1.567398119122257	0	0	0	0
PCNP	1.93626420342441	0.2869646165367762	0.5084089776688142	raw__HeLa_TE_SRA099816	PCNP	NM_020357.3	2285	0	0	1	0	0.0	0.0	0.437636761487965	0.0	0	0	0	0
PDAP1	0.879631453663466	-0.05569924962929217	-0.48925585398084265	raw__HeLa_TE_SRA099816	PDAP1	NM_014891.7	2604	0	0	1	2	0.0	0.0	0.38402457757296465	0.7680491551459293	0	0	0	0
PDCD5	1.12316041299746	0.05044178787713201	-0.18022653758467908	raw__HeLa_TE_SRA099816	PDCD5	NM_004708.4	603	0	0	0	1	0.0	0.0	0.0	1.658374792703151	0	0	0	0
PDCD6IP	3.19197338627032	0.5040592616748926	1.1404793941299243	raw__HeLa_TE_SRA099816	PDCD6IP	NM_013374.6	5884	0	1	1	0	0.0	0.1699524133242692	0.1699524133242692	0.0	0	0	0	0
PDIA3	1.72799330453568	0.23754205538312828	0.3645153372195676	raw__HeLa_TE_SRA099816	PDIA3	NM_005313.5	3680	0	0	2	2	0.0	0.0	0.5434782608695652	0.5434782608695652	0	0	0	0
PDIA4	1.4256541	0.15401416739262483	0.12132413867717248	raw__HeLa_TE_SRA099816	PDIA4	NM_004911.5	2767	0	2	0	4	0.0	0.7228044813877846	0.0	1.4456089627755693	1	0	0	1
PDIA6	1.74906850838458	0.24280682047392702	0.3798436851914577	raw__HeLa_TE_SRA099816	PDIA6	NM_005742.4	2279	0	2	7	0	0.0	0.8775778850372971	3.0715225976305396	0.0	0	0	0	0
PDLIM1	1.1662188063721	0.0667800405473588	-0.132657763315986	raw__HeLa_TE_SRA099816	PDLIM1	NM_020992.4	1431	0	0	1	2	0.0	0.0	0.6988120195667366	1.397624039133473	0	0	0	0
PDXK	0.96903433754144	-0.013660833536898478	-0.3668611300115803	raw__HeLa_TE_SRA099816	PDXK	NM_003681.5	7341	2	0	2	0	0.27244244653316985	0.0	0.27244244653316985	0.0	2	0	0	2
PEA15	1.92960933008889	0.28546939037523367	0.5040556311271321	raw__HeLa_TE_SRA099816	PEA15	NM_003768.5	2420	0	0	0	0	0.0	0.0	0.0	0.0	0	0	0	0
PEBP1	2.04422740673816	0.3105292065302125	0.5770172116554733	raw__HeLa_TE_SRA099816	PEBP1	NM_002567.4	1431	0	1	1	4	0.0	0.6988120195667366	0.6988120195667366	2.795248078266946	0	0	0	0
PELP1	0.669342553072599	-0.17435156409382593	-0.8347117161922728	raw__HeLa_TE_SRA099816	PELP1	NM_014389.3	5084	0	0	0	0	0.0	0.0	0.0	0.0	0	0	0	0
PFDN1	2.3386365288174	0.3689627289510486	0.7471462391509689	raw__HeLa_TE_SRA099816	PFDN1	NM_002622.5	1336	0	0	2	2	0.0	0.0	1.4970059880239521	1.4970059880239521	0	0	0	0
PFDN2	0.627694994595234	-0.20225133451375768	-0.9159418151533798	raw__HeLa_TE_SRA099816	PFDN2	NM_012394.4	598	0	0	0	0	0.0	0.0	0.0	0.0	0	0	0	0
PFDN5	0.525415070232443	-0.2794974747076803	-1.1408437235874793	raw__HeLa_TE_SRA099816	PFDN5	NM_002624.4	596	0	0	1	4	0.0	0.0	1.6778523489932886	6.7114093959731544	1	0	0	1
PFDN6	0.593749994090194	-0.22639638168976525	-0.986240048508251	raw__HeLa_TE_SRA099816	PFDN6	NM_001185181.3	734	0	0	0	0	0.0	0.0	0.0	0.0	0	0	0	0
PFKP	1.04844653419147	0.020546288403978145	-0.26726719577450925	raw__HeLa_TE_SRA099816	PFKP	NM_002627.5	2626	1	1	2	2	0.38080731150038083	0.38080731150038083	0.7616146230007617	0.7616146230007617	0	0	0	0
PFN1	1.69419650627386	0.2289637818157684	0.3395397191300981	raw__HeLa_TE_SRA099816	PFN1	NM_005022.4	807	0	0	4	15	0.0	0.0	4.956629491945477	18.587360594795538	0	0	0	0
PFN2	1.83995914356425	0.2648081795738868	0.4439005770607838	raw__HeLa_TE_SRA099816	PFN2	NM_053024.4	2047	0	0	1	0	0.0	0.0	0.48851978505129456	0.0	0	0	0	0
PGAM1	1.63311179552937	0.21301591561213434	0.2931075539028812	raw__HeLa_TE_SRA099816	PGAM1	NM_002629.4	1802	1	0	1	6	0.5549389567147613	0.0	0.5549389567147613	3.329633740288568	2	0	0	2
PGD	1.64940050033635	0.21732612196791662	0.3056567069444009	raw__HeLa_TE_SRA099816	PGD	NM_002631.4	2268	1	4	6	4	0.4409171075837742	1.763668430335097	2.6455026455026456	1.763668430335097	3	2	0	5
PGK1	2.40281542177074	0.38072041067686596	0.7813786946789554	raw__HeLa_TE_SRA099816	PGK1	NM_000291.4	4812	0	0	5	15	0.0	0.0	1.0390689941812137	3.117206982543641	0	0	0	0
PGLS	0.67698218	-0.16942276296851005	-0.8203615263110327	raw__HeLa_TE_SRA099816	PGLS	NM_012088.3	1008	0	0	0	0	0.0	0.0	0.0	0.0	0	0	0	0
PGM1	2.09371015282986	0.3209165590336788	0.60725995771039	raw__HeLa_TE_SRA099816	PGM1	NM_002633.3	2337	0	0	1	1	0.0	0.0	0.4278990158322636	0.4278990158322636	0	0	0	0
PGM2	2.84791362925496	0.4545268140003649	0.9962658194005309	raw__HeLa_TE_SRA099816	PGM2	NM_018290.4	3211	0	0	0	0	0.0	0.0	0.0	0.0	0	0	0	0
PGP	0.304445954856532	-0.5164897919992032	-1.8308461536024423	raw__HeLa_TE_SRA099816	PGP	NM_001042371.3	3164	0	0	2	3	0.0	0.0	0.6321112515802781	0.9481668773704172	0	0	0	0
PHB2	0.85470766	-0.06818240382040418	-0.5256005204432725	raw__HeLa_TE_SRA099816	PHB2	NM_001144831.2	1379	0	0	1	5	0.0	0.0	0.7251631617113851	3.625815808556925	0	0	0	0
PHGDH	1.27716438551712	0.10624679947824014	-0.017750411557301126	raw__HeLa_TE_SRA099816	PHGDH	NM_006623.4	1866	0	0	6	4	0.0	0.0	3.215434083601286	2.1436227224008575	2	0	0	2
PHPT1	0.890533024003853	-0.0503499707805101	-0.4736814444528453	raw__HeLa_TE_SRA099816	PHPT1	NM_014172.6	577	0	0	1	1	0.0	0.0	1.733102253032929	1.733102253032929	1	0	0	1
PIN1	0.50149644942368	-0.2997321374215531	-1.1997568841602366	raw__HeLa_TE_SRA099816	PIN1	NM_006221.4	1009	0	0	1	1	0.0	0.0	0.9910802775024777	0.9910802775024777	0	0	0	0
PKM	1.58844400612949	0.20097191021913796	0.2580414678657619	raw__HeLa_TE_SRA099816	PKM	NM_002654.6	2305	1	1	9	18	0.43383947939262474	0.43383947939262474	3.9045553145336225	7.809110629067245	3	1	1	5
PLEC	0.228492279737593	-0.64112846922216	-2.193731293258263	raw__HeLa_TE_SRA099816	PLEC	NM_201384.3	14804	2	0	4	2	0.13509862199405567	0.0	0.27019724398811135	0.13509862199405567	2	0	0	2
PLIN3	2.01705900655474	0.30471860314399224	0.5600996571027942	raw__HeLa_TE_SRA099816	PLIN3	NM_005817.5	2232	0	0	0	1	0.0	0.0	0.0	0.44802867383512546	0	0	0	0
PLS3	4.8849731848719	0.6888621840846529	1.6785325554893553	raw__HeLa_TE_SRA099816	PLS3	NM_005032.7	3288	0	0	2	1	0.0	0.0	0.6082725060827251	0.30413625304136255	0	0	0	0
PNN	1.24592985981247	0.09549359420612853	-0.049058336864768994	raw__HeLa_TE_SRA099816	PNN	NM_002687.4	3537	0	0	0	0	0.0	0.0	0.0	0.0	0	0	0	0
PNP	2.10863007222595	0.3240003959165178	0.6162385396629484	raw__HeLa_TE_SRA099816	PNP	NM_000270.4	1477	0	0	1	1	0.0	0.0	0.6770480704129993	0.6770480704129993	0	0	0	0
POLR2A	1.83632397733701	0.2639493049464923	0.4413999661264158	raw__HeLa_TE_SRA099816	POLR2A_1	NM_000937.5	6749	0	0	0	0	0.0	0.0	0.0	0.0	0	0	0	0
POLR2D	3.83993909272315	0.5843243358508577	1.3741709199131031	raw__HeLa_TE_SRA099816	POLR2D	NM_004805.4	5038	0	0	0	3	0.0	0.0	0.0	0.5954743946010321	0	0	0	0
PPA1	2.15431577719974	0.3333093620278547	0.6433415669304874	raw__HeLa_TE_SRA099816	PPA1	NM_021129.4	1292	0	0	1	4	0.0	0.0	0.7739938080495357	3.0959752321981426	0	0	0	0
PPIA	0.65945012459081	-0.18081804535505192	-0.8535388572358518	raw__HeLa_TE_SRA099816	PPIA	NM_021130.5	2237	0	0	5	11	0.0	0.0	2.235136343316942	4.917299955297273	0	0	0	0
PPIB	1.02458197951609	0.01054671317847666	-0.29638092943291355	raw__HeLa_TE_SRA099816	PPIB	NM_000942.5	893	0	0	0	1	0.0	0.0	0.0	1.1198208286674132	0	0	0	0
PPIH	1.07088418040387	0.029742503015383823	-0.24049244416514134	raw__HeLa_TE_SRA099816	PPIH	NM_006347.4	754	0	0	0	1	0.0	0.0	0.0	1.3262599469496021	0	0	0	0
PPM1G	1.02883636333769	0.012346305616902996	-0.2911414213773706	raw__HeLa_TE_SRA099816	PPM1G	NM_177983.3	2210	0	0	2	2	0.0	0.0	0.9049773755656109	0.9049773755656109	0	0	0	0
PPP1CA	1.43595824484135	0.157141811564608	0.13043026542235248	raw__HeLa_TE_SRA099816	PPP1CA	NM_002708.4	1421	0	0	0	3	0.0	0.0	0.0	2.1111893033075297	0	0	0	0
PPP1R14B	0.149014587441721	-0.8267712152431137	-2.734229598574806	raw__HeLa_TE_SRA099816	PPP1R14B	NM_138689.3	989	0	0	2	4	0.0	0.0	2.0222446916076846	4.044489383215369	0	0	0	0
PPP2CA	2.68767699811195	0.4293770745132957	0.9230424273570889	raw__HeLa_TE_SRA099816	PPP2CA	NM_002715.4	4582	0	0	1	1	0.0	0.0	0.21824530772588388	0.21824530772588388	0	0	0	0
PPP2R1A	1.31862672348246	0.12012187297249943	0.0226468238345044	raw__HeLa_TE_SRA099816	PPP2R1A	NM_014225.6	5352	0	1	0	5	0.0	0.18684603886397608	0.0	0.9342301943198804	0	0	0	0
PRDX1	1.30228015446843	0.11470442236706829	0.006873932438892785	raw__HeLa_TE_SRA099816	PRDX1	NM_181697.3	945	0	0	2	11	0.0	0.0	2.1164021164021163	11.640211640211641	1	0	0	1
PRDX3	4.56879530300713	0.6598017006764286	1.5939230440999264	raw__HeLa_TE_SRA099816	PRDX3	NM_006793.5	1553	0	1	5	4	0.0	0.6439150032195751	3.219575016097875	2.5756600128783003	0	0	0	0
PRDX4	0.546102392259577	-0.2627259209871485	-1.0920133945939097	raw__HeLa_TE_SRA099816	PRDX4	NM_006406.2	956	1	1	7	6	1.0460251046025104	1.0460251046025104	7.322175732217573	6.2761506276150625	1	0	0	1
PRDX5	0.597441028796838	-0.22370495587281228	-0.978403970212016	raw__HeLa_TE_SRA099816	PRDX5	NM_012094.5	860	0	0	3	1	0.0	0.0	3.488372093023256	1.1627906976744187	0	0	0	0
PRDX6	1.47302022671772	0.1682087103807039	0.1626515085542244	raw__HeLa_TE_SRA099816	PRDX6	NM_004905.3	1690	0	1	4	10	0.0	0.591715976331361	2.366863905325444	5.9171597633136095	0	0	0	0
PREP	2.65603828460082	0.4242343307377896	0.9080693440833448	raw__HeLa_TE_SRA099816	PREP	NM_002726.5	7250	0	0	0	0	0.0	0.0	0.0	0.0	0	0	0	0
PRKAR2A	2.71041231546043	0.4330353619845694	0.9336935204968175	raw__HeLa_TE_SRA099816	PRKAR2A	NM_004157.4	6492	0	0	0	1	0.0	0.0	0.0	0.15403573629081946	0	0	0	0
PRKCSH	1.17961956769369	0.07174196807686845	-0.11821112600702938	raw__HeLa_TE_SRA099816	PRKCSH	NM_001289104.2	2096	1	2	4	1	0.4770992366412214	0.9541984732824428	1.9083969465648856	0.4770992366412214	1	1	0	2
PRMT1	0.6680133	-0.17521489072938198	-0.8372252891352199	raw__HeLa_TE_SRA099816	PRMT1	NM_001536.6	1328	0	0	0	0	0.0	0.0	0.0	0.0	0	0	0	0
PRMT5	1.04967153303504	0.021053419348477865	-0.2657906855313094	raw__HeLa_TE_SRA099816	PRMT5	NM_006109.5	2304	0	0	4	1	0.0	0.0	1.7361111111111112	0.4340277777777778	0	0	0	0
PRPF19	0.81173678	-0.09058477559361806	-0.590824959523303	raw__HeLa_TE_SRA099816	PRPF19	NM_014502.5	2337	0	0	2	3	0.0	0.0	0.8557980316645272	1.2836970474967908	0	0	0	0
PRPF40A	4.03460144679357	0.605800639923707	1.4366991156257847	raw__HeLa_TE_SRA099816	PRPF40A	NM_001365597.4	7515	0	0	0	2	0.0	0.0	0.0	0.2661343978709248	0	0	0	0
PRRC1	3.3481274883439	0.5248019864867306	1.2008717759964391	raw__HeLa_TE_SRA099816	PRRC1	NM_130809.5	4664	0	0	0	0	0.0	0.0	0.0	0.0	0	0	0	0
PSAP	2.24490573036545	0.3511981085278984	0.6954245993933854	raw__HeLa_TE_SRA099816	PSAP	NM_002778.4	2748	2	4	11	9	0.727802037845706	1.455604075691412	4.0029112081513825	3.2751091703056767	3	3	1	7
PSAT1	4.01015678	0.6031613520111716	1.4290148366838709	raw__HeLa_TE_SRA099816	PSAT1	NM_058179.4	2206	0	0	3	0	0.0	0.0	1.3599274705349047	0.0	0	0	0	0
PSIP1	2.11626331842449	0.3255697043007189	0.6208075763765294	raw__HeLa_TE_SRA099816	PSIP1	NM_033222.5	3342	0	0	0	1	0.0	0.0	0.0	0.2992220227408737	0	0	0	0
PSMA1	1.2396477953442	0.0932983123672515	-0.0554498934380126	raw__HeLa_TE_SRA099816	PSMA1	NM_002786.4	1195	0	1	3	1	0.0	0.8368200836820083	2.510460251046025	0.8368200836820083	0	0	0	0
PSMA2	0.59988639	-0.22193099106295947	-0.9732390769211765	raw__HeLa_TE_SRA099816	PSMA2	NM_002787.5	1434	0	1	2	0	0.0	0.697350069735007	1.394700139470014	0.0	1	0	0	1
PSMA3	1.76937236210276	0.24781923923474844	0.3944373275708644	raw__HeLa_TE_SRA099816	PSMA3	NM_002788.4	955	0	0	0	2	0.0	0.0	0.0	2.094240837696335	0	0	0	0
PSMA4	1.26406903056349	0.1017707913310194	-0.030782296023623253	raw__HeLa_TE_SRA099816	PSMA4	NM_002789.6	4378	0	0	1	1	0.0	0.0	0.2284148012791229	0.2284148012791229	0	0	0	0
PSMA5	1.36249221944224	0.13433403090247867	0.06402547956273745	raw__HeLa_TE_SRA099816	PSMA5	NM_002790.4	3815	0	0	0	9	0.0	0.0	0.0	2.3591087811271296	0	0	0	0
PSMA6	0.964525271520421	-0.01568638892410369	-0.37275852852337377	raw__HeLa_TE_SRA099816	PSMA6	NM_002791.3	1023	0	0	1	2	0.0	0.0	0.9775171065493646	1.9550342130987293	0	0	0	0
PSMA7	0.95314590515112	-0.020840613578014346	-0.3877650383405956	raw__HeLa_TE_SRA099816	PSMA7	NM_002792.4	962	0	0	1	9	0.0	0.0	1.0395010395010396	9.355509355509355	0	0	0	0
PSMB1	0.991092988134696	-0.003885596433776054	-0.33840055613217485	raw__HeLa_TE_SRA099816	PSMB1	NM_002793.4	891	0	0	1	4	0.0	0.0	1.122334455667789	4.489337822671156	0	0	0	0
PSMB2	1.4825044880623	0.17099601680037504	0.17076674294135274	raw__HeLa_TE_SRA099816	PSMB2	NM_002794.5	4426	1	1	3	1	0.22593764121102575	0.22593764121102575	0.6778129236330773	0.22593764121102575	0	0	0	0
PSMB3	0.83542671534623	-0.07809164094312925	-0.5544512349829517	raw__HeLa_TE_SRA099816	PSMB3	NM_002795.4	762	0	0	1	0	0.0	0.0	1.3123359580052494	0.0	0	0	0	0
PSMB4	0.780587965723387	-0.10757814849445015	-0.6403011144034679	raw__HeLa_TE_SRA099816	PSMB4	NM_002796.3	918	0	0	7	10	0.0	0.0	7.625272331154684	10.893246187363834	0	0	0	0
PSMB5	1.42055994455695	0.15245956473337574	0.11679791763824278	raw__HeLa_TE_SRA099816	PSMB5	NM_002797.5	1044	0	0	1	3	0.0	0.0	0.9578544061302682	2.8735632183908044	0	0	0	0
PSMB6	0.869423708206693	-0.06076852126163397	-0.5040150233273288	raw__HeLa_TE_SRA099816	PSMB6	NM_002798.3	824	0	0	0	2	0.0	0.0	0.0	2.4271844660194173	0	0	0	0
PSMB7	0.997026847452198	-0.0012931470611045545	-0.33085264746037724	raw__HeLa_TE_SRA099816	PSMB7	NM_002799.4	984	0	0	3	2	0.0	0.0	3.048780487804878	2.032520325203252	0	0	0	0
PSMC1	0.804296431583995	-0.09458385812428625	-0.6024682764692999	raw__HeLa_TE_SRA099816	PSMC1	NM_002802.3	4390	0	0	0	0	0.0	0.0	0.0	0.0	0	0	0	0
PSMC2	1.15126184882355	0.06117411300052222	-0.14897940476838348	raw__HeLa_TE_SRA099816	PSMC2	NM_002803.4	2712	0	0	2	3	0.0	0.0	0.7374631268436578	1.1061946902654867	0	0	0	0
PSMC3	0.62927705	-0.20115810686702082	-0.9127588860971604	raw__HeLa_TE_SRA099816	PSMC3	NM_002804.5	1540	0	0	0	0	0.0	0.0	0.0	0.0	0	0	0	0
PSMC4	1.17702326373546	0.07078504671097306	-0.1209971997302077	raw__HeLa_TE_SRA099816	PSMC4	NM_006503.4	1754	0	0	0	0	0.0	0.0	0.0	0.0	0	0	0	0
PSMC5	0.505080791284289	-0.2966391478168278	-1.1907516540850094	raw__HeLa_TE_SRA099816	PSMC5	NM_002805.6	1331	0	0	1	0	0.0	0.0	0.7513148009015778	0.0	0	0	0	0
PSMC6	2.08992715286383	0.3201311484743884	0.6049732371927659	raw__HeLa_TE_SRA099816	PSMC6	NM_002806.5	2163	0	0	1	1	0.0	0.0	0.4623208506703652	0.4623208506703652	0	0	0	0
PSMD1	1.84446653254661	0.265870779453202	0.44699433346284967	raw__HeLa_TE_SRA099816	PSMD1	NM_002807.4	3323	0	1	1	2	0.0	0.30093289196509176	0.30093289196509176	0.6018657839301835	1	0	0	1
PSMD11	2.66243758220114	0.4252794350295661	0.9111121621340996	raw__HeLa_TE_SRA099816	PSMD11	NM_002815.4	3850	0	0	0	1	0.0	0.0	0.0	0.2597402597402597	0	0	0	0
PSMD12	2.06148052935938	0.3141792372544213	0.5876442653005723	raw__HeLa_TE_SRA099816	PSMD12	NM_002816.5	4356	0	0	0	0	0.0	0.0	0.0	0.0	0	0	0	0
PSMD13	1.01407027083462	0.006068050833901665	-0.309420541586973	raw__HeLa_TE_SRA099816	PSMD13	NM_002817.4	1589	1	1	2	1	0.6293266205160478	0.6293266205160478	1.2586532410320956	0.6293266205160478	1	1	0	2
PSMD14	2.04538590783267	0.3107752594488541	0.5777335939994888	raw__HeLa_TE_SRA099816	PSMD14	NM_005805.6	1567	0	0	0	1	0.0	0.0	0.0	0.6381620931716656	0	0	0	0
PSMD2	0.775208930865411	-0.11058123259915835	-0.649044584881623	raw__HeLa_TE_SRA099816	PSMD2	NM_002808.5	2913	0	1	4	2	0.0	0.3432887058015791	1.3731548232063164	0.6865774116031582	0	0	0	0
PSMD3	0.790179054990075	-0.10227448619948407	-0.6248595173368265	raw__HeLa_TE_SRA099816	PSMD3	NM_002809.4	2147	0	0	3	1	0.0	0.0	1.3972985561248252	0.4657661853749418	0	0	0	0
PSMD4	0.842483211543028	-0.07443874470809989	-0.5438158384115839	raw__HeLa_TE_SRA099816	PSMD4	NM_002810.4	1319	0	1	2	2	0.0	0.7581501137225171	1.5163002274450341	1.5163002274450341	1	1	0	2
PSMD5	5.14589185187044	0.7114606546630096	1.744327935659873	raw__HeLa_TE_SRA099816	PSMD5	NM_005047.4	3381	0	0	0	1	0.0	0.0	0.0	0.29577048210588586	0	0	0	0
PSMD6	1.1208259799128	0.04953818901754987	-0.18285736298862446	raw__HeLa_TE_SRA099816	PSMD6	NM_014814.3	1362	0	0	1	0	0.0	0.0	0.7342143906020558	0.0	0	0	0	0
PSMD7	1.36211827277079	0.13421481901702148	0.06367839451123791	raw__HeLa_TE_SRA099816	PSMD7	NM_002811.5	1631	0	0	0	0	0.0	0.0	0.0	0.0	0	0	0	0
PSMD8	0.958757388363033	-0.018291276275888835	-0.3803426503345295	raw__HeLa_TE_SRA099816	PSMD8	NM_002812.5	1518	1	1	1	2	0.6587615283267457	0.6587615283267457	0.6587615283267457	1.3175230566534915	1	1	0	2
PSME1	1.32175841428105	0.12115208379377293	0.025646279589992094	raw__HeLa_TE_SRA099816	PSME1	NM_006263.4	965	0	0	1	1	0.0	0.0	1.0362694300518134	1.0362694300518134	0	0	0	0
PSME2	0.736613281381179	-0.13276045493731273	-0.7136193250422657	raw__HeLa_TE_SRA099816	PSME2	NM_002818.3	793	0	1	0	1	0.0	1.2610340479192939	0.0	1.2610340479192939	1	0	0	1
PSME3	1.55056657291634	0.1904904172225127	0.22752463204378082	raw__HeLa_TE_SRA099816	PSME3	NM_005789.4	3182	0	1	3	3	0.0	0.3142677561282212	0.9428032683846638	0.9428032683846638	1	0	0	1
PSPC1	0.849661190738094	-0.0707542181988757	-0.5330883503905611	raw__HeLa_TE_SRA099816	PSPC1	NM_001354909.2	2435	0	0	0	0	0.0	0.0	0.0	0.0	0	0	0	0
PTBP1	3.42310924995584	0.5344207600481375	1.2288768067374582	raw__HeLa_TE_SRA099816	PTBP1	NM_002819.5	3206	1	0	0	3	0.3119151590767311	0.0	0.0	0.9357454772301934	1	0	0	1
PTGES3	2.25051918000126	0.3522827185556418	0.6985824382774238	raw__HeLa_TE_SRA099816	PTGES3	NM_006601.7	1898	0	0	1	4	0.0	0.0	0.5268703898840885	2.107481559536354	1	0	0	1
PTMA	1.16788853778627	0.06740139608608074	-0.13084868850494893	raw__HeLa_TE_SRA099816	PTMA	NM_002823.5	1215	0	0	1	8	0.0	0.0	0.823045267489712	6.584362139917696	0	0	0	0
PTPN11	1.35609870810408	0.13229130223364416	0.058078081092333714	raw__HeLa_TE_SRA099816	PTPN11	NM_002834.5	6073	0	0	1	1	0.0	0.0	0.16466326362588507	0.16466326362588507	0	0	0	0
PTRHD1	0.656062798290895	-0.1830545879934184	-0.8600505445046278	raw__HeLa_TE_SRA099816	PTRHD1	NM_001013663.2	1120	0	1	0	0	0.0	0.8928571428571429	0.0	0.0	1	0	0	1
PUF60	0.653949250345865	-0.18445595373986792	-0.8641306167257053	raw__HeLa_TE_SRA099816	PUF60	NM_078480.3	1868	0	0	1	0	0.0	0.0	0.5353319057815846	0.0	0	0	0	0
PYGB	1.27585116560836	0.10580001472602929	-0.01905122404034844	raw__HeLa_TE_SRA099816	PYGB	NM_002862.4	4116	0	0	1	0	0.0	0.0	0.24295432458697766	0.0	0	0	0	0
QPRT	0.770768971905445	-0.11307577663396552	-0.6563074424521449	raw__HeLa_TE_SRA099816	QPRT	NM_014298.6	2200	0	0	0	0	0.0	0.0	0.0	0.0	0	0	0	0
RAD23B	1.48313178907622	0.17117974356080143	0.17130166286028428	raw__HeLa_TE_SRA099816	RAD23B	NM_002874.5	4114	0	0	2	3	0.0	0.0	0.48614487117160915	0.7292173067574137	0	0	0	0
RALGAPA1	1.87491910300368	0.2729825339959849	0.46770018575490485	raw__HeLa_TE_SRA099816	RALGAPA1	NM_001346249.2	9447	0	0	0	0	0.0	0.0	0.0	0.0	0	0	0	0
RALY	0.614160769024881	-0.21171792859657587	-0.9435037757931203	raw__HeLa_TE_SRA099816	RALY	NM_016732.3	6213	0	0	1	0	0.0	0.0	0.16095284081764044	0.0	0	0	0	0
RAN	1.36916306537297	0.1364551750692114	0.07020118452306867	raw__HeLa_TE_SRA099816	RAN	NM_006325.5	2474	0	0	4	15	0.0	0.0	1.6168148746968471	6.063055780113177	0	0	0	0
RANBP1	0.83544784470136	-0.07808065703977823	-0.5544192553808706	raw__HeLa_TE_SRA099816	RANBP1	NM_001278639.2	1221	0	0	0	3	0.0	0.0	0.0	2.457002457002457	0	0	0	0
RANBP2	1.00404375255566	0.0017526381869671596	-0.32198485272976557	raw__HeLa_TE_SRA099816	RANBP2	NM_006267.5	11708	0	0	1	2	0.0	0.0	0.08541168431841475	0.1708233686368295	0	0	0	0
RANGAP1	1.00020933780894	9.09047407086998e-05	-0.32682298473783844	raw__HeLa_TE_SRA099816	RANGAP1	NM_002883.4	3828	0	0	0	4	0.0	0.0	0.0	1.044932079414838	0	0	0	0
RAP1GDS1	2.29691593797537	0.3611451012718758	0.7243852393125392	raw__HeLa_TE_SRA099816	RAP1GDS1	NM_001100427.2	3747	0	0	0	0	0.0	0.0	0.0	0.0	0	0	0	0
RBBP4	2.51141199503695	0.399917964203918	0.8372723149253618	raw__HeLa_TE_SRA099816	RBBP4	NM_005610.3	7883	0	1	0	0	0.0	0.12685525815045035	0.0	0.0	1	0	0	1
RBBP7	1.76950364514436	0.24785146161295202	0.39453114292958763	raw__HeLa_TE_SRA099816	RBBP7	NM_002893.4	2281	0	1	1	3	0.0	0.4384042086804033	0.4384042086804033	1.31521262604121	0	0	0	0
RBM12	1.12657151122007	0.05175876458408542	-0.17639216380220263	raw__HeLa_TE_SRA099816	RBM12	NM_006047.6	6646	0	0	0	1	0.0	0.0	0.0	0.15046644598254588	0	0	0	0
RBM14	1.55628368961135	0.19208876592025576	0.23217821954424536	raw__HeLa_TE_SRA099816	RBM14	NM_006328.4	5367	0	0	0	0	0.0	0.0	0.0	0.0	0	0	0	0
RBM25	2.31831961654764	0.3651733100288373	0.7361133571801406	raw__HeLa_TE_SRA099816	RBM25	NM_021239.3	6813	0	0	0	0	0.0	0.0	0.0	0.0	0	0	0	0
RBM3	2.83594627161725	0.45269799866858007	0.9909412289775094	raw__HeLa_TE_SRA099816	RBM3	NM_006743.5	4298	0	0	2	1	0.0	0.0	0.46533271288971617	0.23266635644485809	0	0	0	0
RBM39	0.768351149166176	-0.11444025484884529	-0.6602801167342879	raw__HeLa_TE_SRA099816	RBM39	NM_184234.3	5060	1	0	0	1	0.1976284584980237	0.0	0.0	0.1976284584980237	0	0	0	0
RBM4	1.43800092111384	0.157759164234993	0.13222768589407982	raw__HeLa_TE_SRA099816	RBM4	NM_002896.4	1607	0	0	0	2	0.0	0.0	0.0	1.2445550715619167	0	0	0	0
RBM8A	1.30171652735938	0.11451641894230032	0.006326561024394702	raw__HeLa_TE_SRA099816	RBM8A	NM_005105.5	4909	0	0	0	1	0.0	0.0	0.0	0.20370747606437156	0	0	0	0
RCC1	1.62044262470328	0.20963365849942786	0.28326012233474257	raw__HeLa_TE_SRA099816	RCC1	NM_001381865.2	2551	0	0	0	3	0.0	0.0	0.0	1.1760094080752646	0	0	0	0
RCC2	2.1455470918556	0.3315380511495502	0.6381844005534921	raw__HeLa_TE_SRA099816	RCC2	NM_018715.4	4040	1	1	1	0	0.24752475247524752	0.24752475247524752	0.24752475247524752	0.0	1	1	0	2
RCN1	2.95374478371583	0.47037296768132886	1.042401848919184	raw__HeLa_TE_SRA099816	RCN1	NM_002901.4	2369	0	0	1	2	0.0	0.0	0.42211903756859437	0.8442380751371887	0	0	0	0
RDX	3.62213688748113	0.5589648591073404	1.300336878468584	raw__HeLa_TE_SRA099816	RDX	NM_002906.4	4392	0	0	1	1	0.0	0.0	0.22768670309653916	0.22768670309653916	0	0	0	0
RECQL	4.71472551	0.6734564133061273	1.633678699487094	raw__HeLa_TE_SRA099816	RECQL	NM_002907.4	3745	0	1	0	0	0.0	0.26702269692923897	0.0	0.0	1	0	0	1
RNH1	0.746612528402873	-0.12690472674485556	-0.696570389749851	raw__HeLa_TE_SRA099816	RNH1	NM_203387.3	1952	0	0	0	0	0.0	0.0	0.0	0.0	0	0	0	0
RPA2	1.50302787259842	0.1769670343483525	0.18815134285097102	raw__HeLa_TE_SRA099816	RPA2	NM_002946.5	1584	0	0	2	0	0.0	0.0	1.2626262626262625	0.0	0	0	0	0
RPA3	0.975818729533002	-0.010630850443091564	-0.3580393432063175	raw__HeLa_TE_SRA099816	RPA3	NM_002947.5	2020	0	0	1	0	0.0	0.0	0.49504950495049505	0.0	1	0	0	1
RPL10	0.806040891411727	-0.0936429253611659	-0.5997287535157557	raw__HeLa_TE_SRA099816	RPL10	NM_006013.5	2164	0	0	5	7	0.0	0.0	2.310536044362292	3.234750462107209	2	0	0	2
RPL10A	0.674330675459753	-0.17112708371668428	-0.8253236511225241	raw__HeLa_TE_SRA099816	RPL10A	NM_007104.5	718	0	0	2	7	0.0	0.0	2.785515320334262	9.749303621169917	0	0	0	0
RPL11	0.568019253638462	-0.24563694314950288	-1.0422588862233169	raw__HeLa_TE_SRA099816	RPL11	NM_000975.5	1017	0	0	6	5	0.0	0.0	5.899705014749262	4.916420845624385	0	0	0	0
RPL12	0.08414929	-1.0749495439826668	-3.4568000677968027	raw__HeLa_TE_SRA099816	RPL12	NM_000976.4	634	0	0	0	4	0.0	0.0	0.0	6.309148264984227	0	0	0	0
RPL13	0.631366231254673	-0.19971865014723036	-0.9085679121199954	raw__HeLa_TE_SRA099816	RPL13	NM_000977.4	2187	0	0	5	7	0.0	0.0	2.286236854138089	3.2007315957933242	2	0	0	2
RPL14	0.802026648352927	-0.09581120149095093	-0.606041683046947	raw__HeLa_TE_SRA099816	RPL14	NM_001034996.3	7136	0	1	5	7	0.0	0.14013452914798205	0.7006726457399103	0.9809417040358744	1	1	0	2
RPL15	0.482074059556378	-0.3168862373089953	-1.2497009951859737	raw__HeLa_TE_SRA099816	RPL15	NM_002948.5	2155	2	1	8	9	0.9280742459396751	0.46403712296983757	3.7122969837587005	4.176334106728539	2	0	0	2
RPL17	0.126566288757365	-0.8976819543207348	-2.9406860054191206	raw__HeLa_TE_SRA099816	RPL17	NM_001035006.5	614	0	0	1	5	0.0	0.0	1.6286644951140066	8.143322475570033	0	0	0	0
RPL18	0.576815855306171	-0.2389628103944875	-1.0228271684704655	raw__HeLa_TE_SRA099816	RPL18	NM_000979.4	643	0	1	5	11	0.0	1.5552099533437014	7.776049766718507	17.107309486780714	3	1	0	4
RPL18A	0.155694201854664	-0.807727560517377	-2.678784054232706	raw__HeLa_TE_SRA099816	RPL18A	NM_000980.4	634	0	1	4	0	0.0	1.5772870662460567	6.309148264984227	0.0	2	1	0	3
RPL19	0.503132464332442	-0.29831765916886344	-1.1956386349160697	raw__HeLa_TE_SRA099816	RPL19	NM_000981.4	737	0	1	5	20	0.0	1.3568521031207599	6.784260515603799	27.137042062415198	1	0	0	1
RPL21	0.276464864781614	-0.5583600542364628	-1.9527512981204174	raw__HeLa_TE_SRA099816	RPL21	NM_000982.4	566	0	0	1	0	0.0	0.0	1.7667844522968197	0.0	0	0	0	0
RPL22	1.71353200442481	0.23389222035928425	0.353888853355501	raw__HeLa_TE_SRA099816	RPL22	NM_000983.4	2061	3	2	6	11	1.455604075691412	0.970402717127608	2.911208151382824	5.337214944201844	3	3	2	8
RPL23	0.621143982591682	-0.20680771770248368	-0.9292077113150387	raw__HeLa_TE_SRA099816	RPL23	NM_000978.4	2706	0	0	2	3	0.0	0.0	0.7390983000739099	1.1086474501108647	1	0	0	1
RPL23A	0.303556171962484	-0.5177609325423107	-1.8345470755296112	raw__HeLa_TE_SRA099816	RPL23A	NM_000984.6	970	0	0	3	2	0.0	0.0	3.0927835051546393	2.0618556701030926	1	0	0	1
RPL24	0.344360778096494	-0.4629863195478955	-1.6750709519944134	raw__HeLa_TE_SRA099816	RPL24	NM_000986.4	560	0	1	1	8	0.0	1.7857142857142858	1.7857142857142858	14.285714285714286	1	0	0	1
RPL26	0.338923625261346	-0.46989815685450426	-1.6951947458453405	raw__HeLa_TE_SRA099816	RPL26	NM_000987.5	528	0	0	3	8	0.0	0.0	5.681818181818182	15.151515151515152	0	0	0	0
RPL27	0.336883464896344	-0.4725203047817355	-1.7028291217707958	raw__HeLa_TE_SRA099816	RPL27	NM_000988.5	505	0	0	6	9	0.0	0.0	11.881188118811881	17.821782178217823	3	0	0	3
RPL27A	0.37274331	-0.42859014252595945	-1.5749265844486657	raw__HeLa_TE_SRA099816	RPL27A	NM_000990.5	4535	0	1	4	5	0.0	0.2205071664829107	0.8820286659316428	1.1025358324145536	1	0	0	1
RPL28	1.50729608016638	0.17819856973498704	0.19173695448234707	raw__HeLa_TE_SRA099816	RPL28	NM_000991.5	4209	0	1	0	5	0.0	0.23758612497030174	0.0	1.1879306248515087	0	0	0	0
RPL29	0.242041614556474	-0.6161099587365165	-2.1208899740638776	raw__HeLa_TE_SRA099816	RPL29	NM_000992.3	754	1	0	1	7	1.3262599469496021	0.0	1.3262599469496021	9.283819628647215	1	1	0	2
RPL3	0.507482630281047	-0.29457881785256185	-1.1847530094950776	raw__HeLa_TE_SRA099816	RPL3	NM_000967.4	1296	0	0	10	11	0.0	0.0	7.716049382716049	8.487654320987655	3	0	0	3
RPL30	0.608150591345019	-0.21598886662835023	-0.9559385992255719	raw__HeLa_TE_SRA099816	RPL30	NM_000989.4	498	0	0	4	6	0.0	0.0	8.032128514056225	12.048192771084338	0	0	0	0
RPL31	0.507946075314324	-0.29418239093753806	-1.1835988137058813	raw__HeLa_TE_SRA099816	RPL31	NM_000993.5	1291	0	0	1	6	0.0	0.0	0.774593338497289	4.647560030983733	1	0	0	1
RPL32	0.775060835694494	-0.11066420772659585	-0.649286166719452	raw__HeLa_TE_SRA099816	RPL32	NM_000994.4	2094	0	0	3	2	0.0	0.0	1.4326647564469914	0.9551098376313276	0	0	0	0
RPL34	0.786058655400195	-0.10454504586110695	-0.6314702450680827	raw__HeLa_TE_SRA099816	RPL34	NM_001319236.2	546	0	0	7	5	0.0	0.0	12.820512820512821	9.157509157509157	3	0	0	3
RPL35	0.401585120637836	-0.3962223868605338	-1.4806879596758569	raw__HeLa_TE_SRA099816	RPL35	NM_007209.4	452	0	0	2	5	0.0	0.0	4.424778761061947	11.061946902654867	0	0	0	0
RPL35A	0.672454262371467	-0.1723372492812316	-0.8288470445801734	raw__HeLa_TE_SRA099816	RPL35A	NM_000996.4	1234	1	2	2	7	0.8103727714748784	1.6207455429497568	1.6207455429497568	5.672609400324149	1	1	1	3
RPL36	0.780438914713779	-0.10766108368538475	-0.6405425799662872	raw__HeLa_TE_SRA099816	RPL36	NM_033643.3	607	0	0	2	5	0.0	0.0	3.2948929159802307	8.237232289950576	0	0	0	0
RPL36A	0.182082888106922	-0.7397308666703927	-2.480811881448348	raw__HeLa_TE_SRA099816	RPL36A	NM_021029.6	761	0	0	2	0	0.0	0.0	2.628120893561104	0.0	0	0	0	0
RPL37	0.576557086114268	-0.2391576858419334	-1.023394547758641	raw__HeLa_TE_SRA099816	RPL37	NM_000997.5	7573	0	0	8	4	0.0	0.0	1.056384523966724	0.528192261983362	3	0	0	3
RPL38	0.67550378	-0.17037221639983596	-0.8231258571648259	raw__HeLa_TE_SRA099816	RPL38	NM_000999.4	1145	0	0	2	4	0.0	0.0	1.7467248908296944	3.493449781659389	0	0	0	0
RPL4	0.619829542888793	-0.20772772785825194	-0.931886318159233	raw__HeLa_TE_SRA099816	RPL4	NM_000968.4	2741	0	1	13	15	0.0	0.36483035388544327	4.742794600510763	5.472455308281649	1	0	0	1
RPL5	0.711084638476431	-0.14807870329895387	-0.7582183597869383	raw__HeLa_TE_SRA099816	RPL5	NM_000969.5	1028	0	0	3	11	0.0	0.0	2.9182879377431905	10.700389105058365	2	0	0	2
RPL6	0.433251372717749	-0.3632600525891195	-1.3847182210523723	raw__HeLa_TE_SRA099816	RPL6	NM_000970.6	921	0	0	7	5	0.0	0.0	7.60043431053203	5.4288816503800215	0	0	0	0
RPL7	1.07219422014513	0.03027346175345317	-0.23894655937152218	raw__HeLa_TE_SRA099816	RPL7	NM_000971.4	1233	1	0	3	1	0.8110300081103001	0.0	2.4330900243309004	0.8110300081103001	1	0	0	1
RPL7A	0.341456503033612	-0.4666646117353859	-1.6857802888061693	raw__HeLa_TE_SRA099816	RPL7A	NM_000972.3	887	0	0	5	0	0.0	0.0	5.636978579481398	0.0	4	0	0	4
RPL8	0.545473628017772	-0.2632262413785133	-1.0934700759318248	raw__HeLa_TE_SRA099816	RPL8	NM_001317782.2	1070	0	1	7	20	0.0	0.9345794392523364	6.542056074766355	18.69158878504673	4	0	0	4
RPL9	0.26555769	-0.5758411177951749	-2.003647362906855	raw__HeLa_TE_SRA099816	RPL9	NM_000661.5	724	1	2	3	0	1.3812154696132597	2.7624309392265194	4.143646408839779	0.0	0	0	0	0
RPLP0	0.263117080464813	-0.5798509584105336	-2.0153220019845715	raw__HeLa_TE_SRA099816	RPLP0	NM_001002.4	1105	1	2	11	21	0.9049773755656109	1.8099547511312217	9.95475113122172	19.004524886877828	4	1	1	6
RPLP1	0.190827418534823	-0.7193592246902573	-2.421499906147489	raw__HeLa_TE_SRA099816	RPLP1	NM_001003.3	1174	0	0	8	16	0.0	0.0	6.814310051107325	13.62862010221465	4	0	0	4
RPLP2	0.643669979959728	-0.1913367454024273	-0.8841640212759146	raw__HeLa_TE_SRA099816	RPLP2	NM_001004.4	462	0	0	3	4	0.0	0.0	6.4935064935064934	8.658008658008658	2	0	0	2
RPS10	0.143820108254035	-0.8421803886871918	-2.7790933614277478	raw__HeLa_TE_SRA099816	RPS10	NM_001014.5	588	0	0	5	6	0.0	0.0	8.503401360544217	10.204081632653061	1	0	0	1
RPS11	0.345703803003575	-0.4612958428631972	-1.670149134132737	raw__HeLa_TE_SRA099816	RPS11	NM_001015.5	573	0	1	7	6	0.0	1.7452006980802792	12.216404886561955	10.471204188481675	2	0	0	2
RPS12	0.215145335951689	-0.6672680643729684	-2.269836647135531	raw__HeLa_TE_SRA099816	RPS12	NM_001016.4	503	0	0	2	5	0.0	0.0	3.9761431411530817	9.940357852882704	0	0	0	0
RPS13	0.626849852700179	-0.20283647185302905	-0.9176454407839655	raw__HeLa_TE_SRA099816	RPS13	NM_001017.3	527	0	0	4	2	0.0	0.0	7.590132827324478	3.795066413662239	1	0	0	1
RPS14	0.454481624261745	-0.3424836716126573	-1.3242278493622164	raw__HeLa_TE_SRA099816	RPS14	NM_005617.4	2146	0	0	5	13	0.0	0.0	2.3299161230195713	6.0577819198508855	2	0	0	2
RPS15	0.391134545732167	-0.40767382465567664	-1.514028786906531	raw__HeLa_TE_SRA099816	RPS15	NM_001018.5	501	0	0	1	4	0.0	0.0	1.996007984031936	7.984031936127744	0	0	0	0
RPS15A	0.174157362206349	-0.7590581617569395	-2.5370832438610345	raw__HeLa_TE_SRA099816	RPS15A	NM_001019.5	2203	0	0	2	4	0.0	0.0	0.9078529278256923	1.8157058556513845	1	0	0	1
RPS16	0.657848971020441	-0.18187380027821984	-0.8566126845683643	raw__HeLa_TE_SRA099816	RPS16	NM_001020.6	631	1	1	6	9	1.5847860538827259	1.5847860538827259	9.508716323296355	14.263074484944532	1	0	0	1
RPS17	0.0208018586737634	-1.6818978585134257	-5.223928288263761	raw__HeLa_TE_SRA099816	RPS17	NM_001021.6	488	0	0	2	0	0.0	0.0	4.098360655737705	0.0	0	0	0	0
RPS18	0.426980445690029	-0.3695920137885015	-1.4031537073342322	raw__HeLa_TE_SRA099816	RPS18	NM_022551.3	549	0	0	3	0	0.0	0.0	5.46448087431694	0.0	0	0	0	0
RPS19	0.917715631721936	-0.0372918707662249	-0.43566282492877056	raw__HeLa_TE_SRA099816	RPS19	NM_001022.4	2021	0	0	3	8	0.0	0.0	1.4844136566056407	3.958436417615042	0	0	0	0
RPS2	0.165933453049228	-0.7800660491168327	-2.5982476457010155	raw__HeLa_TE_SRA099816	RPS2	NM_002952.4	945	0	0	4	7	0.0	0.0	4.232804232804233	7.407407407407407	1	0	0	1
RPS20	0.285052088744466	-0.5450757723168492	-1.9140741506487466	raw__HeLa_TE_SRA099816	RPS20	NM_001023.4	519	0	0	3	6	0.0	0.0	5.780346820809249	11.560693641618498	0	0	0	0
RPS21	0.606189899055589	-0.21739130455857802	-0.9600217931065447	raw__HeLa_TE_SRA099816	RPS21	NM_001024.4	358	0	0	6	4	0.0	0.0	16.75977653631285	11.1731843575419	4	0	0	4
RPS24	0.73351977	-0.1345881764543724	-0.718940730826954	raw__HeLa_TE_SRA099816	RPS24	NM_033022.4	534	0	1	3	6	0.0	1.8726591760299625	5.617977528089888	11.235955056179776	0	0	0	0
RPS25	1.05306929621381	0.022456950457155705	-0.26170430886451634	raw__HeLa_TE_SRA099816	RPS25	NM_001028.3	483	0	1	2	0	0.0	2.070393374741201	4.140786749482402	0.0	1	0	0	1
RPS26	0.484565853180911	-0.3146471933714625	-1.2431820253920818	raw__HeLa_TE_SRA099816	RPS26	NM_001029.5	1140	0	0	0	0	0.0	0.0	0.0	0.0	0	0	0	0
RPS27A	0.371810632725744	-0.4296781948005631	-1.5780944454242445	raw__HeLa_TE_SRA099816	RPS27A	NM_002954.6	785	0	0	7	10	0.0	0.0	8.9171974522293	12.738853503184714	0	0	0	0
RPS28	0.410836024981041	-0.3863314814221173	-1.4518906177807587	raw__HeLa_TE_SRA099816	RPS28	NM_001031.5	1330	0	1	4	0	0.0	0.7518796992481203	3.007518796992481	0.0	1	0	0	1
RPS3	0.8975338861768	-0.04694914575601309	-0.4637799524645117	raw__HeLa_TE_SRA099816	RPS3	NM_001005.5	2059	0	1	10	13	0.0	0.48567265662943176	4.856726566294317	6.313744536182613	4	0	0	4
RPS3A	0.169914059005288	-0.7697706853110005	-2.568272724466864	raw__HeLa_TE_SRA099816	RPS3A	NM_001006.5	869	0	1	4	8	0.0	1.1507479861910241	4.602991944764097	9.205983889528193	1	1	0	2
RPS4X	0.603508946609274	-0.21931628739887782	-0.9656263749458374	raw__HeLa_TE_SRA099816	RPS4X	NM_001007.5	1474	0	0	7	18	0.0	0.0	4.74898236092266	12.211668928086839	2	0	0	2
RPS5	0.561385920710076	-0.2507384834625301	-1.0571120057380647	raw__HeLa_TE_SRA099816	RPS5	NM_001009.4	741	0	0	4	13	0.0	0.0	5.398110661268556	17.54385964912281	1	0	0	1
RPS6	0.456043920855827	-0.3409933291189524	-1.3198887216049822	raw__HeLa_TE_SRA099816	RPS6	NM_001010.3	1369	0	0	6	6	0.0	0.0	4.382761139517896	4.382761139517896	1	0	0	1
RPS7	0.265311242635665	-0.5762443462816028	-2.0048213614510537	raw__HeLa_TE_SRA099816	RPS7	NM_001011.4	732	0	0	3	9	0.0	0.0	4.098360655737705	12.295081967213115	1	0	0	1
RPS8	0.403584766301459	-0.3940652349923019	-1.4744074183992364	raw__HeLa_TE_SRA099816	RPS8	NM_001012.2	778	0	0	4	12	0.0	0.0	5.141388174807198	15.424164524421593	2	0	0	2
RPS9	0.421825792592074	-0.37486686879296743	-1.4185114320598862	raw__HeLa_TE_SRA099816	RPS9	NM_001013.4	713	0	0	9	0	0.0	0.0	12.622720897615709	0.0	2	0	0	2
RPSA	0.241554891500679	-0.6169841635997597	-2.1234352189345236	raw__HeLa_TE_SRA099816	RPSA	NM_002295.6	1140	0	2	5	3	0.0	1.7543859649122806	4.385964912280702	2.6315789473684212	2	1	0	3
RRBP1	0.643916551545909	-0.1911704114466716	-0.8836797404562785	raw__HeLa_TE_SRA099816	RRBP1	NM_001365613.2	5049	0	0	0	0	0.0	0.0	0.0	0.0	0	0	0	0
RRM1	3.15133402024429	0.49849443791243436	1.1242774262240283	raw__HeLa_TE_SRA099816	RRM1	NM_001033.5	3142	1	1	4	1	0.31826861871419476	0.31826861871419476	1.273074474856779	0.31826861871419476	1	1	0	2
RSL1D1	1.68874168937095	0.22756322478702645	0.3354620014882315	raw__HeLa_TE_SRA099816	RSL1D1	NM_015659.3	5440	0	0	0	1	0.0	0.0	0.0	0.18382352941176472	0	0	0	0
RTCA	1.12723302388788	0.052013703559594275	-0.17564990972993136	raw__HeLa_TE_SRA099816	RTCA	NM_003729.4	2526	0	0	0	1	0.0	0.0	0.0	0.39588281868566905	0	0	0	0
RTCB	1.49453255308122	0.17450537904045352	0.18098424071145247	raw__HeLa_TE_SRA099816	RTCB	NM_014306.5	2019	0	1	0	2	0.0	0.4952947003467063	0.0	0.9905894006934126	1	0	0	1
RUVBL1	1.27855605916004	0.10671977471676976	-0.016373345550891753	raw__HeLa_TE_SRA099816	RUVBL1	NM_003707.3	1899	0	1	0	2	0.0	0.526592943654555	0.0	1.05318588730911	0	0	0	0
RUVBL2	0.899898061431014	-0.0458066837444445	-0.460453677700877	raw__HeLa_TE_SRA099816	RUVBL2	NM_006666.3	1545	0	0	0	1	0.0	0.0	0.0	0.6472491909385113	0	0	0	0
S100A10	1.9760547690397	0.29579897747938694	0.5341301933930032	raw__HeLa_TE_SRA099816	S100A10	NM_002966.3	671	0	1	1	1	0.0	1.4903129657228018	1.4903129657228018	1.4903129657228018	0	0	0	0
S100A11	1.96837752506975	0.2941083976169138	0.529208075129541	raw__HeLa_TE_SRA099816	S100A11	NM_005620.2	563	0	0	0	2	0.0	0.0	0.0	3.552397868561279	0	0	0	0
S100A13	0.773347893519261	-0.11162509308452577	-0.6520837815937008	raw__HeLa_TE_SRA099816	S100A13	NM_001024211.2	477	0	0	1	1	0.0	0.0	2.0964360587002098	2.0964360587002098	0	0	0	0
S100A4	0.791058941312783	-0.10179115628331872	-0.6234523037171429	raw__HeLa_TE_SRA099816	S100A4	NM_002961.3	513	0	1	2	12	0.0	1.949317738791423	3.898635477582846	23.391812865497077	1	0	0	1
SAE1	1.26176086996411	0.10097705483239036	-0.03309325748897705	raw__HeLa_TE_SRA099816	SAE1	NM_005500.3	2522	0	0	1	3	0.0	0.0	0.3965107057890563	1.189532117367169	0	0	0	0
SAFB	1.09213149306031	0.0382749307428284	-0.215650306102827	raw__HeLa_TE_SRA099816	SAFB	NM_001201338.2	3064	0	0	0	0	0.0	0.0	0.0	0.0	0	0	0	0
SAP18	1.1793457356039	0.0716411410185546	-0.11850468368874206	raw__HeLa_TE_SRA099816	SAP18	NM_005870.5	2708	0	0	0	1	0.0	0.0	0.0	0.36927621861152143	0	0	0	0
SARNP	2.20791118031094	0.3439815986419862	0.6744137522300097	raw__HeLa_TE_SRA099816	SARNP	NM_033082.4	898	0	0	0	1	0.0	0.0	0.0	1.1135857461024499	0	0	0	0
SART3	1.5042508881806	0.17732027659169386	0.18917980659644193	raw__HeLa_TE_SRA099816	SART3	NM_014706.4	4154	0	0	0	0	0.0	0.0	0.0	0.0	0	0	0	0
SCP2	3.86607704	0.5872705040416085	1.3827486798763098	raw__HeLa_TE_SRA099816	SCP2	NM_002979.5	2759	1	1	1	3	0.3624501631025734	0.3624501631025734	0.3624501631025734	1.0873504893077202	0	0	0	0
SDHA	0.559175083294544	-0.2524521888875143	-1.0621014540082987	raw__HeLa_TE_SRA099816	SDHA	NM_004168.4	2693	0	1	1	1	0.0	0.37133308577794283	0.37133308577794283	0.37133308577794283	0	0	0	0
SEC13	1.00412958118348	0.0017897613763333466	-0.32187676867385473	raw__HeLa_TE_SRA099816	SEC13	NM_183352.3	1359	0	0	0	5	0.0	0.0	0.0	3.679175864606328	0	0	0	0
SEC23B	2.12946172921917	0.3282698393201755	0.6286690114900642	raw__HeLa_TE_SRA099816	SEC23B	NM_006363.6	3026	0	0	1	0	0.0	0.0	0.3304692663582287	0.0	0	0	0	0
SEC31A	2.03565211599766	0.3087035609871043	0.5717018500627972	raw__HeLa_TE_SRA099816	SEC31A	NM_001077207.4	4298	0	0	2	2	0.0	0.0	0.46533271288971617	0.46533271288971617	0	0	0	0
SERBP1	1.00768774387278	0.0033259764329249975	-0.31740408308561296	raw__HeLa_TE_SRA099816	SERBP1	NM_001018069.2	6681	0	0	1	23	0.0	0.0	0.149678191887442	3.442598413411166	0	0	0	0
SERPINH1	1.8531590277752	0.26791268964904985	0.45293934895157645	raw__HeLa_TE_SRA099816	SERPINH1	NM_001235.5	2058	0	0	1	2	0.0	0.0	0.4859086491739553	0.9718172983479106	0	0	0	0
SET	0.995476349766972	-0.0019690533540086047	-0.33282054663068034	raw__HeLa_TE_SRA099816	SET	NM_003011.4	2927	0	1	2	4	0.0	0.341646737273659	0.683293474547318	1.366586949094636	1	0	0	1
SF1	1.37725594989031	0.13901465724717277	0.0776531093050899	raw__HeLa_TE_SRA099816	SF1	NM_004630.4	3282	1	0	0	1	0.30469226081657524	0.0	0.0	0.30469226081657524	1	0	0	1
SF3A1	2.12468391347267	0.32729432975329337	0.6258288182747561	raw__HeLa_TE_SRA099816	SF3A1	NM_005877.6	5090	0	0	0	2	0.0	0.0	0.0	0.3929273084479371	0	0	0	0
SF3A2	0.836539274961166	-0.07751366438658361	-0.5527684579500676	raw__HeLa_TE_SRA099816	SF3A2	NM_007165.5	1619	0	0	0	0	0.0	0.0	0.0	0.0	0	0	0	0
SF3A3	1.41108854465666	0.14955426623434165	0.1083391496614462	raw__HeLa_TE_SRA099816	SF3A3	NM_006802.4	2774	0	0	3	2	0.0	0.0	1.0814708002883922	0.7209805335255948	0	0	0	0
SF3B1	2.22465116637404	0.3472619216558958	0.6839644029713475	raw__HeLa_TE_SRA099816	SF3B1	NM_012433.4	6463	0	0	2	4	0.0	0.0	0.3094538140182578	0.6189076280365156	0	0	0	0
SF3B2	1.24686849029041	0.09582064998772745	-0.04810611492511809	raw__HeLa_TE_SRA099816	SF3B2	NM_006842.3	3272	0	0	0	2	0.0	0.0	0.0	0.6112469437652812	0	0	0	0
SF3B3	1.6848052130058	0.22654969760693275	0.3325111201046354	raw__HeLa_TE_SRA099816	SF3B3	NM_012426.5	9692	0	0	1	0	0.0	0.0	0.10317787866281469	0.0	0	0	0	0
SF3B4	2.36422592854118	0.37368897594457073	0.7609066932772928	raw__HeLa_TE_SRA099816	SF3B4	NM_005850.5	1544	0	0	0	0	0.0	0.0	0.0	0.0	0	0	0	0
SFPQ	1.99150969335954	0.2991824246104305	0.5439810896960063	raw__HeLa_TE_SRA099816	SFPQ	NM_005066.3	3740	0	0	5	4	0.0	0.0	1.3368983957219251	1.0695187165775402	0	0	0	0
SH3BGRL	4.51064930629976	0.654239062908091	1.5777274407094393	raw__HeLa_TE_SRA099816	SH3BGRL	NM_003022.3	1764	0	0	0	0	0.0	0.0	0.0	0.0	0	0	0	0
SH3BGRL3	1.62571089950625	0.21104331744980673	0.2873643401945025	raw__HeLa_TE_SRA099816	SH3BGRL3	NM_031286.4	751	0	0	0	0	0.0	0.0	0.0	0.0	0	0	0	0
SH3GL1	0.822843425746407	-0.08468279638376774	-0.5736413645307062	raw__HeLa_TE_SRA099816	SH3GL1	NM_003025.4	2516	0	0	0	2	0.0	0.0	0.0	0.794912559618442	0	0	0	0
SHMT2	1.2621567812969	0.10111330500559071	-0.0326965655131669	raw__HeLa_TE_SRA099816	SHMT2	NM_005412.6	2157	1	3	5	1	0.46360686138154844	1.3908205841446453	2.3180343069077423	0.46360686138154844	1	1	1	3
SKP1	0.163573655841431	-0.7862866398087397	-2.6163588770801507	raw__HeLa_TE_SRA099816	SKP1	NM_170679.3	9386	1	1	2	8	0.10654165778819519	0.10654165778819519	0.21308331557639038	0.8523332623055615	0	0	0	0
SLC3A2	1.06818369992057	0.028645946514074837	-0.2436850651715902	raw__HeLa_TE_SRA099816	SLC3A2	NM_001013251.3	1885	0	0	3	13	0.0	0.0	1.5915119363395225	6.896551724137931	0	0	0	0
SLIRP	0.64504369	-0.19041086880145044	-0.8814683342938673	raw__HeLa_TE_SRA099816	SLIRP	NM_031210.6	376	0	0	0	3	0.0	0.0	0.0	7.9787234042553195	0	0	0	0
SMARCC1	2.12934076508206	0.32824516850844404	0.628597182494763	raw__HeLa_TE_SRA099816	SMARCC1	NM_003074.4	6354	1	0	1	1	0.15738117721120554	0.0	0.15738117721120554	0.15738117721120554	1	0	0	1
SMC1A	1.94163316193694	0.28816718087807713	0.5119102401874903	raw__HeLa_TE_SRA099816	SMC1A	NM_006306.4	9710	0	0	0	1	0.0	0.0	0.0	0.10298661174047374	0	0	0	0
SMC4	2.73569993246952	0.43706845970764524	0.9454358725747838	raw__HeLa_TE_SRA099816	SMC4	NM_001002800.3	5116	0	0	0	1	0.0	0.0	0.0	0.19546520719311963	0	0	0	0
SMS	0.6036662	-0.21920314013862977	-0.9652969470326758	raw__HeLa_TE_SRA099816	SMS	NM_004595.5	1703	0	1	1	1	0.0	0.5871990604815033	0.5871990604815033	0.5871990604815033	0	0	0	0
SMU1	3.07766436089943	0.4882212554703231	1.0943670859646675	raw__HeLa_TE_SRA099816	SMU1	NM_018225.3	7136	0	0	1	0	0.0	0.0	0.14013452914798205	0.0	0	0	0	0
SNAPIN	1.50313328259228	0.1769974911178511	0.1882400176451779	raw__HeLa_TE_SRA099816	SNAPIN	NM_012437.6	1003	0	1	1	2	0.0	0.9970089730807578	0.9970089730807578	1.9940179461615155	1	0	0	1
SND1	1.6126860210761	0.20754982145756995	0.2771930369580109	raw__HeLa_TE_SRA099816	SND1	NM_014390.4	3448	1	2	1	4	0.2900232018561485	0.580046403712297	0.2900232018561485	1.160092807424594	2	1	1	4
SNRNP200	1.64793111060364	0.21693905268267616	0.304529755866609	raw__HeLa_TE_SRA099816	SNRNP200	NM_014014.5	7194	3	0	2	4	0.4170141784820684	0.0	0.2780094523213789	0.5560189046427578	3	1	0	4
SNRNP40	1.89353190373242	0.2772726268575402	0.4801907784175427	raw__HeLa_TE_SRA099816	SNRNP40	NM_004814.3	1615	0	0	1	0	0.0	0.0	0.6191950464396285	0.0	0	0	0	0
SNRNP70	0.554500349039511	-0.256098176140816	-1.0727167350998252	raw__HeLa_TE_SRA099816	SNRNP70	NM_003089.6	1671	0	0	2	1	0.0	0.0	1.196888090963495	0.5984440454817475	0	0	0	0
SNRPA	1.00499780625528	0.002165113764202779	-0.32078393130806265	raw__HeLa_TE_SRA099816	SNRPA	NM_004596.5	1277	0	0	1	1	0.0	0.0	0.7830853563038371	0.7830853563038371	0	0	0	0
SNRPA1	1.04897888389115	0.02076674586576463	-0.26662533452733433	raw__HeLa_TE_SRA099816	SNRPA1	NM_003090.4	1052	0	0	0	1	0.0	0.0	0.0	0.9505703422053232	0	0	0	0
SNRPB2	1.42259107124858	0.1530800785642492	0.11860454181937148	raw__HeLa_TE_SRA099816	SNRPB2	NM_003092.5	2411	0	0	0	0	0.0	0.0	0.0	0.0	0	0	0	0
SNRPC	1.10861157492232	0.04477940871309868	-0.19671253775338096	raw__HeLa_TE_SRA099816	SNRPC	NM_003093.3	806	0	0	0	6	0.0	0.0	0.0	7.444168734491315	0	0	0	0
SNRPD2	0.579804409069696	-0.23671848641572524	-1.016292825852169	raw__HeLa_TE_SRA099816	SNRPD2	NM_001384647.1	515	0	0	2	4	0.0	0.0	3.883495145631068	7.766990291262136	0	0	0	0
SNRPD3	0.00566545	-2.2467655889329468	-6.868539012699461	raw__HeLa_TE_SRA099816	SNRPD3	NM_004175.5	3466	0	0	1	3	0.0	0.0	0.28851702250432776	0.8655510675129833	0	0	0	0
SNRPF	1.47743159988388	0.16950738364424323	0.16643259191540072	raw__HeLa_TE_SRA099816	SNRPF	NM_003095.5	452	0	0	0	1	0.0	0.0	0.0	2.2123893805309733	0	0	0	0
SOD1	1.18164621819537	0.07248746936775526	-0.11604060120618348	raw__HeLa_TE_SRA099816	SOD1	NM_000454.5	895	0	2	3	6	0.0	2.2346368715083798	3.35195530726257	6.70391061452514	0	0	0	0
SOD2	2.55745959	0.4078087802224523	0.860246402397118	raw__HeLa_TE_SRA099816	SOD2	NM_000636.4	14167	0	0	1	0	0.0	0.0	0.07058657443354274	0.0	0	0	0	0
SON	2.223039115387	0.34694710437567905	0.6830478133922302	raw__HeLa_TE_SRA099816	SON	NM_138927.4	8393	0	1	1	1	0.0	0.11914690813773382	0.11914690813773382	0.11914690813773382	1	0	0	1
SORD	2.83391084943154	0.4523861838758266	0.9900333811317504	raw__HeLa_TE_SRA099816	SORD	NM_003104.6	4818	0	0	0	1	0.0	0.0	0.0	0.20755500207555003	0	0	0	0
SPTAN1	0.993674656065484	-0.0027557868340918417	-0.33511111882827527	raw__HeLa_TE_SRA099816	SPTAN1	NM_001130438.3	7875	3	0	4	1	0.38095238095238093	0.0	0.5079365079365079	0.12698412698412698	2	0	0	2
SPTBN1	0.777397918719211	-0.10935662641374634	-0.6454791475990875	raw__HeLa_TE_SRA099816	SPTBN1	NM_003128.3	10211	0	0	1	1	0.0	0.0	0.09793360101850945	0.09793360101850945	0	0	0	0
SRP14	1.18470274410217	0.07360939440459019	-0.11277411978367188	raw__HeLa_TE_SRA099816	SRP14	NM_003134.6	1119	0	0	1	1	0.0	0.0	0.8936550491510277	0.8936550491510277	0	0	0	0
SRP9	2.05817034417348	0.31348131623449454	0.5856122703177323	raw__HeLa_TE_SRA099816	SRP9	NM_003133.6	1481	0	0	0	1	0.0	0.0	0.0	0.675219446320054	0	0	0	0
SRRM2	0.683386925204069	-0.16533333453058968	-0.8084551675236026	raw__HeLa_TE_SRA099816	SRRM2	NM_016333.4	9044	1	1	1	1	0.11057054400707651	0.11057054400707651	0.11057054400707651	0.11057054400707651	1	0	0	1
SRRT	0.519861159948231	-0.2841126285180828	-1.1542807302401181	raw__HeLa_TE_SRA099816	SRRT	NM_015908.6	2990	0	0	2	1	0.0	0.0	0.6688963210702341	0.33444816053511706	0	0	0	0
SRSF1	2.4953240718663	0.3971269561652764	0.829146303285562	raw__HeLa_TE_SRA099816	SRSF1	NM_006924.5	5343	0	1	0	3	0.0	0.18716077110237694	0.0	0.5614823133071308	0	0	0	0
SRSF10	2.33204135718741	0.3677362480762618	0.7435753437158702	raw__HeLa_TE_SRA099816	SRSF10	NM_054016.4	7656	0	0	1	1	0.0	0.0	0.13061650992685475	0.13061650992685475	0	0	0	0
SRSF2	2.85672313369597	0.45586815171119005	1.0001711201736425	raw__HeLa_TE_SRA099816	SRSF2	NM_001195427.2	1888	0	0	0	7	0.0	0.0	0.0	3.707627118644068	0	0	0	0
SRSF3	1.69991290337174	0.2304266704641305	0.343798915097913	raw__HeLa_TE_SRA099816	SRSF3	NM_003017.5	4228	0	0	2	6	0.0	0.0	0.47303689687795647	1.4191106906338695	0	0	0	0
SRSF5	0.91470474	-0.03871907039510283	-0.43981811242203916	raw__HeLa_TE_SRA099816	SRSF5	NM_001320214.2	1496	0	0	0	1	0.0	0.0	0.0	0.6684491978609626	0	0	0	0
SRSF7	1.40965192812078	0.14911188970653916	0.10705117171071026	raw__HeLa_TE_SRA099816	SRSF7	NM_001031684.3	2356	0	0	2	0	0.0	0.0	0.8488964346349746	0.0	0	0	0	0
SRSF9	1.00520338445113	0.002253942162853964	-0.3205253076884275	raw__HeLa_TE_SRA099816	SRSF9	NM_003769.3	1152	0	0	1	0	0.0	0.0	0.8680555555555556	0.0	0	0	0	0
SSB	2.45414131132268	0.38989956611745236	0.8081037785629983	raw__HeLa_TE_SRA099816	SSB	NM_003142.5	1650	0	0	0	0	0.0	0.0	0.0	0.0	0	0	0	0
SSBP1	1.30738255125171	0.11640268443465165	0.011818417419784906	raw__HeLa_TE_SRA099816	SSBP1	NM_003143.3	677	0	0	3	3	0.0	0.0	4.431314623338257	4.431314623338257	0	0	0	0
SSRP1	1.07358833128391	0.030837782550560883	-0.23730354104180426	raw__HeLa_TE_SRA099816	SSRP1	NM_003146.3	2831	0	0	6	3	0.0	0.0	2.1193924408336278	1.0596962204168139	0	0	0	0
STIP1	1.64025045194033	0.2149101660910743	0.2986226585630791	raw__HeLa_TE_SRA099816	STIP1	NM_006819.3	2140	0	0	0	1	0.0	0.0	0.0	0.4672897196261682	0	0	0	0
STMN1	1.38334863594946	0.14093164618880438	0.08323441693208164	raw__HeLa_TE_SRA099816	STMN1	NM_005563.4	1443	0	0	1	3	0.0	0.0	0.693000693000693	2.079002079002079	0	0	0	0
STRAP	1.7110886078864	0.2332724998506946	0.3520845389298525	raw__HeLa_TE_SRA099816	STRAP	NM_007178.4	1874	1	1	1	2	0.5336179295624333	0.5336179295624333	0.5336179295624333	1.0672358591248665	0	0	0	0
SUB1	1.46843846095089	0.16685575090685598	0.1587123710524864	raw__HeLa_TE_SRA099816	SUB1	NM_006713.4	3449	0	0	2	5	0.0	0.0	0.5798782255726298	1.4496955639315743	0	0	0	0
SUGP2	0.526739832314682	-0.2784038388470496	-1.1376596060177167	raw__HeLa_TE_SRA099816	SUGP2	NM_001017392.5	6189	1	0	1	1	0.16157699143641946	0.0	0.16157699143641946	0.16157699143641946	0	0	0	0
SUGT1	0.843233852002759	-0.0740519668339815	-0.542689735776411	raw__HeLa_TE_SRA099816	SUGT1	NM_006704.5	14161	0	0	0	0	0.0	0.0	0.0	0.0	0	0	0	0
SUMO2	1.33307971124894	0.12485611874660237	0.03643056638680333	raw__HeLa_TE_SRA099816	SUMO2	NM_006937.4	3166	0	0	0	3	0.0	0.0	0.0	0.9475679090334808	0	0	0	0
SUPT16H	2.10040506055429	0.322303055971978	0.611296739440567	raw__HeLa_TE_SRA099816	SUPT16H	NM_007192.4	4433	1	0	0	2	0.22558087074216107	0.0	0.0	0.45116174148432214	1	0	0	1
SYNCRIP	2.65491838076813	0.42405117425858885	0.907536084536513	raw__HeLa_TE_SRA099816	SYNCRIP	NM_006372.5	2754	0	0	2	2	0.0	0.0	0.7262164124909223	0.7262164124909223	0	0	0	0
TAF15	0.896925283442369	-0.04724373347786701	-0.4646376437443591	raw__HeLa_TE_SRA099816	TAF15	NM_139215.3	2162	0	0	1	0	0.0	0.0	0.46253469010175763	0.0	0	0	0	0
TAGLN	1.20158740124317	0.0797553660655068	-0.09488014149230366	raw__HeLa_TE_SRA099816	TAGLN	NM_003186.5	3786	0	0	2	0	0.0	0.0	0.5282620179609087	0.0	1	0	0	1
TAGLN2	2.59419962449012	0.4140033921331002	0.8782819966315459	raw__HeLa_TE_SRA099816	TAGLN2	NM_003564.3	1375	1	0	0	5	0.7272727272727273	0.0	0.0	3.6363636363636362	1	0	0	1
TALDO1	1.12714040608203	0.05197801878661519	-0.17575380584079056	raw__HeLa_TE_SRA099816	TALDO1	NM_006755.2	1199	0	0	1	1	0.0	0.0	0.8340283569641368	0.8340283569641368	0	0	0	0
TARDBP	1.73762689619152	0.23995653027129815	0.371545073706755	raw__HeLa_TE_SRA099816	TARDBP	NM_007375.4	4185	0	0	0	4	0.0	0.0	0.0	0.955794504181601	0	0	0	0
TBCA	0.965438520667438	-0.015275376970034346	-0.37156186843618544	raw__HeLa_TE_SRA099816	TBCA	NM_004607.3	661	0	0	0	1	0.0	0.0	0.0	1.51285930408472	0	0	0	0
TBCB	0.857364761939153	-0.06683437014876932	-0.5216757244000917	raw__HeLa_TE_SRA099816	TBCB	NM_001281.3	987	0	0	0	2	0.0	0.0	0.0	2.026342451874367	0	0	0	0
TCEA1	2.29807695987616	0.36136456860373956	0.7250242177993759	raw__HeLa_TE_SRA099816	TCEA1	NM_006756.4	2777	0	0	0	2	0.0	0.0	0.0	0.7202016564638098	0	0	0	0
TCOF1	0.911427454879527	-0.04027789332753031	-0.44435662077383076	raw__HeLa_TE_SRA099816	TCOF1	NM_001371623.1	5026	0	0	0	0	0.0	0.0	0.0	0.0	0	0	0	0
TCP1	1.32202247071671	0.12123883701447312	0.025898861335167916	raw__HeLa_TE_SRA099816	TCP1	NM_030752.3	2352	0	1	5	5	0.0	0.42517006802721086	2.1258503401360542	2.1258503401360542	0	0	0	0
TFRC	6.18209105781702	0.7911353976241193	1.9763007138590836	raw__HeLa_TE_SRA099816	TFRC	NM_001128148.3	5012	0	0	5	2	0.0	0.0	0.9976057462090981	0.39904229848363926	0	0	0	0
THRAP3	1.55944384934891	0.1929697418011149	0.2347431782126297	raw__HeLa_TE_SRA099816	THRAP3	NM_005119.4	4405	0	0	0	1	0.0	0.0	0.0	0.22701475595913734	0	0	0	0
TIPRL	2.2503874574163	0.352257298614099	0.6985084281928953	raw__HeLa_TE_SRA099816	TIPRL	NM_152902.5	2998	0	0	0	0	0.0	0.0	0.0	0.0	0	0	0	0
TJP2	10.3420956095179	1.0146085483745646	2.6269421305225213	raw__HeLa_TE_SRA099816	TJP2	NM_004817.4	4503	0	0	0	2	0.0	0.0	0.0	0.44414834554741284	0	0	0	0
TKT	1.09018223001998	0.037499098745463685	-0.21790913866576836	raw__HeLa_TE_SRA099816	TKT	NM_001064.4	2996	0	0	6	5	0.0	0.0	2.0026702269692924	1.6688918558077437	3	0	0	3
TLN1	1.50883145690262	0.1786407298847782	0.19302430244914373	raw__HeLa_TE_SRA099816	TLN1	NM_006289.4	8623	1	0	6	1	0.11596892032935173	0.0	0.6958135219761103	0.11596892032935173	1	0	0	1
TMA7	0.88633943605663	-0.0523999271249198	-0.4796498862792837	raw__HeLa_TE_SRA099816	TMA7	NM_015933.6	561	0	0	1	0	0.0	0.0	1.7825311942959001	0.0	0	0	0	0
TMED2	3.21578499241862	0.5072870040914405	1.1498769566177445	raw__HeLa_TE_SRA099816	TMED2	NM_006815.4	2544	0	0	1	1	0.0	0.0	0.39308176100628933	0.39308176100628933	0	0	0	0
TMPO	4.42876702866733	0.6462828352124248	1.55456290733341	raw__HeLa_TE_SRA099816	TMPO	NM_001032283.3	4136	0	0	3	0	0.0	0.0	0.7253384912959381	0.0	1	0	0	1
TMSB10	1.28229777163703	0.10798888755599186	-0.012678327277581005	raw__HeLa_TE_SRA099816	TMSB10	NM_021103.4	461	0	0	0	7	0.0	0.0	0.0	15.184381778741866	0	0	0	0
TMSB4X	0.127808441760791	-0.8934404600348202	-2.9283369073655514	raw__HeLa_TE_SRA099816	TMSB4X	NM_021109.4	622	0	0	3	13	0.0	0.0	4.823151125401929	20.90032154340836	0	0	0	0
TNPO1	3.81953412628824	0.582010394660193	1.3674338869885023	raw__HeLa_TE_SRA099816	TNPO1	NM_002270.4	8489	0	2	0	0	0.0	0.23559901048415596	0.0	0.0	2	0	0	2
TPD52L2	2.57362050448514	0.4105445080078692	0.8682114657433492	raw__HeLa_TE_SRA099816	TPD52L2	NM_003288.4	2310	0	0	1	0	0.0	0.0	0.4329004329004329	0.0	0	0	0	0
TPI1	0.901405290690796	-0.04507989721792008	-0.45833764088105416	raw__HeLa_TE_SRA099816	TPI1	NM_000365.6	1351	1	1	3	13	0.7401924500370096	0.7401924500370096	2.220577350111029	9.622501850481125	1	1	1	3
TPM1	1.48486075224654	0.17168572815393382	0.1727748355048727	raw__HeLa_TE_SRA099816	TPM1	NM_001018005.2	1217	0	0	0	0	0.0	0.0	0.0	0.0	0	0	0	0
TPM3	1.93414701354722	0.2864894815079784	0.5070256234394347	raw__HeLa_TE_SRA099816	TPM3	NM_152263.4	7064	0	0	0	0	0.0	0.0	0.0	0.0	0	0	0	0
TPM4	2.2104149234448	0.3444738040238408	0.6758468067417658	raw__HeLa_TE_SRA099816	TPM4	NM_003290.3	2474	3	1	4	2	1.2126111560226354	0.4042037186742118	1.6168148746968471	0.8084074373484236	2	0	0	2
TPP2	3.7882474458457	0.5784383390892954	1.3570338577713699	raw__HeLa_TE_SRA099816	TPP2	NM_001330588.2	5484	0	0	1	0	0.0	0.0	0.18234865061998543	0.0	0	0	0	0
TPR	1.7935357773171	0.25371004437212946	0.41158838928455543	raw__HeLa_TE_SRA099816	TPR	NM_003292.3	9636	0	0	0	0	0.0	0.0	0.0	0.0	0	0	0	0
TPT1	0.896414054388951	-0.04749134301636163	-0.4653585581824673	raw__HeLa_TE_SRA099816	TPT1	NM_003295.4	4548	0	1	6	21	0.0	0.2198768689533861	1.3192612137203166	4.617414248021108	2	0	0	2
TRA2B	2.0667774668577	0.3152937179826299	0.5908890726405623	raw__HeLa_TE_SRA099816	TRA2B	NM_004593.3	4178	0	0	1	1	0.0	0.0	0.23934897079942558	0.23934897079942558	0	0	0	0
TRAP1	0.768615912315681	-0.1142906287717999	-0.6598444808540416	raw__HeLa_TE_SRA099816	TRAP1	NM_016292.3	2223	0	0	3	0	0.0	0.0	1.349527665317139	0.0	0	0	0	0
TRIM25	3.68169232150093	0.5660474917569092	1.3209579424547817	raw__HeLa_TE_SRA099816	TRIM25	NM_005082.5	5745	0	0	0	0	0.0	0.0	0.0	0.0	0	0	0	0
TRIM28	1.08429241595481	0.035146420126598146	-0.22475895549786673	raw__HeLa_TE_SRA099816	TRIM28	NM_005762.3	3364	0	0	0	5	0.0	0.0	0.0	1.4863258026159334	0	0	0	0
TRMT112	1.20454415891058	0.08082272597790949	-0.09177252626799885	raw__HeLa_TE_SRA099816	TRMT112	NM_016404.3	812	0	0	1	0	0.0	0.0	1.2315270935960592	0.0	0	0	0	0
TSN	4.06450533786435	0.6090076982429902	1.446036456425668	raw__HeLa_TE_SRA099816	TSN	NM_004622.3	3302	0	0	0	0	0.0	0.0	0.0	0.0	0	0	0	0
TUBA1C	1.19862610819877	0.07868373316621399	-0.09800019750528594	raw__HeLa_TE_SRA099816	TUBA1C	NM_032704.5	2823	0	0	3	22	0.0	0.0	1.0626992561105206	7.793127878143818	0	0	0	0
TUBB	1.81394496994104	0.2586241076339662	0.4258956699199176	raw__HeLa_TE_SRA099816	TUBB	NM_178014.4	2515	0	0	8	0	0.0	0.0	3.1809145129224654	0.0	0	0	0	0
TUBB2B	3.4453870901522	0.5372380220848875	1.2370792568150073	raw__HeLa_TE_SRA099816	TUBB2B	NM_178012.5	1922	0	0	0	0	0.0	0.0	0.0	0.0	0	0	0	0
TUBB3	10.0709371241473	1.0030698845466528	2.5933473449557334	raw__HeLa_TE_SRA099816	TUBB3	NM_006086.4	1706	0	0	0	0	0.0	0.0	0.0	0.0	0	0	0	0
TUBB4B	1.40876020857553	0.1488370761788884	0.10625105293873013	raw__HeLa_TE_SRA099816	TUBB4B	NM_006088.6	1563	0	0	1	5	0.0	0.0	0.6397952655150352	3.198976327575176	1	0	0	1
TUFM	0.933710897718315	-0.029787572336649606	-0.4138140822727163	raw__HeLa_TE_SRA099816	TUFM	NM_003321.5	2011	0	0	2	3	0.0	0.0	0.9945300845350572	1.4917951268025857	0	0	0	0
TXLNA	1.80190404727013	0.2557316607548022	0.4174743193963167	raw__HeLa_TE_SRA099816	TXLNA	NM_175852.4	4865	0	0	0	0	0.0	0.0	0.0	0.0	0	0	0	0
TXN	1.51446465136154	0.18025914105759402	0.19773630178637389	raw__HeLa_TE_SRA099816	TXN	NM_003329.4	737	1	1	0	8	1.3568521031207599	1.3568521031207599	0.0	10.854816824966079	1	1	0	2
TXNDC12	2.778580379234	0.44382296464591303	0.9651015937011772	raw__HeLa_TE_SRA099816	TXNDC12	NM_015913.4	1416	0	0	0	0	0.0	0.0	0.0	0.0	0	0	0	0
TXNDC17	0.859111146331571	-0.06595064627830097	-0.5191027649680975	raw__HeLa_TE_SRA099816	TXNDC17	NM_032731.4	1917	0	0	1	1	0.0	0.0	0.5216484089723527	0.5216484089723527	0	0	0	0
TXNDC5	2.05935693	0.3137316255374881	0.5863410451121848	raw__HeLa_TE_SRA099816	TXNDC5	NM_030810.5	2938	0	3	2	2	0.0	1.0211027910142954	0.6807351940095303	0.6807351940095303	1	0	0	1
TXNRD1	2.41281230557817	0.3825235391395589	0.7866284978586796	raw__HeLa_TE_SRA099816	TXNRD1	NM_001093771.3	3860	0	1	4	2	0.0	0.25906735751295334	1.0362694300518134	0.5181347150259067	1	0	0	1
TYMP	0.481297232305423	-0.31758663572122536	-1.251740203089169	raw__HeLa_TE_SRA099816	TYMP	NM_001953.5	1586	0	0	0	1	0.0	0.0	0.0	0.6305170239596469	0	0	0	0
U2AF1	1.19874043674413	0.07872515549816089	-0.09787959650848194	raw__HeLa_TE_SRA099816	U2AF1	NM_006758.3	945	0	0	0	0	0.0	0.0	0.0	0.0	0	0	0	0
U2AF2	0.75637303295403	-0.12126396349705826	-0.6801473242572614	raw__HeLa_TE_SRA099816	U2AF2	NM_007279.3	2146	0	0	0	4	0.0	0.0	0.0	1.8639328984156571	0	0	0	0
UBA1	1.42073086364255	0.15251181508072026	0.11695004436981314	raw__HeLa_TE_SRA099816	UBA1	NM_003334.4	3572	0	1	9	5	0.0	0.2799552071668533	2.5195968645016795	1.3997760358342666	0	0	0	0
UBA2	2.59668713220411	0.41441962581617114	0.8794938597672598	raw__HeLa_TE_SRA099816	UBA2	NM_005499.3	4005	0	0	1	1	0.0	0.0	0.24968789013732834	0.24968789013732834	0	0	0	0
UBAP2L	1.31919907946045	0.12031033958507788	0.023195543818941074	raw__HeLa_TE_SRA099816	UBAP2L	NM_014847.4	3877	1	0	1	0	0.25793139025019346	0.0	0.25793139025019346	0.0	1	0	0	1
UBE2I	1.97386858818303	0.29531823580742145	0.5327305154386431	raw__HeLa_TE_SRA099816	UBE2I	NM_003345.5	2850	0	0	2	0	0.0	0.0	0.7017543859649122	0.0	0	0	0	0
UBE2L3	1.57013088219997	0.19593585562457197	0.24337900982639804	raw__HeLa_TE_SRA099816	UBE2L3	NM_003347.4	2861	0	0	0	3	0.0	0.0	0.0	1.048584411045089	0	0	0	0
UBE2M	0.53709298465082	-0.2699505202130967	-1.1130477938468462	raw__HeLa_TE_SRA099816	UBE2M	NM_003969.4	1159	0	0	0	2	0.0	0.0	0.0	1.7256255392579811	0	0	0	0
UBE2N	2.48426987964335	0.3951987738206565	0.8235324060989158	raw__HeLa_TE_SRA099816	UBE2N	NM_003348.4	4877	0	0	0	2	0.0	0.0	0.0	0.4100881689563256	0	0	0	0
UBQLN1	2.6011187681792	0.41516018271768884	0.8816499889930989	raw__HeLa_TE_SRA099816	UBQLN1	NM_013438.5	3868	1	0	0	1	0.25853154084798347	0.0	0.0	0.25853154084798347	1	0	0	1
UBXN1	0.574220706293349	-0.24092115097778535	-1.0285288712797185	raw__HeLa_TE_SRA099816	UBXN1	NM_001286077.2	1134	0	0	0	0	0.0	0.0	0.0	0.0	0	0	0	0
UBXN7	1.91140428204927	0.2813525546079087	0.4920694759812988	raw__HeLa_TE_SRA099816	UBXN7	NM_015562.2	10521	0	0	0	0	0.0	0.0	0.0	0.0	0	0	0	0
UCHL5	2.51821665405156	0.40109309178113045	0.8406936953866396	raw__HeLa_TE_SRA099816	UCHL5	NM_001199261.3	5184	0	0	1	2	0.0	0.0	0.19290123456790123	0.38580246913580246	0	0	0	0
UGDH	1.74005005888545	0.24056174252685184	0.37330714739665094	raw__HeLa_TE_SRA099816	UGDH	NM_003359.4	3037	0	0	0	0	0.0	0.0	0.0	0.0	0	0	0	0
UGP2	1.51586749536467	0.18066124051306845	0.19890701316029474	raw__HeLa_TE_SRA099816	UGP2	NM_006759.4	2150	0	0	0	2	0.0	0.0	0.0	0.9302325581395349	0	0	0	0
UQCRC1	0.856632610834477	-0.06720539662648804	-0.5227559668912898	raw__HeLa_TE_SRA099816	UQCRC1	NM_003365.3	1595	0	1	4	4	0.0	0.6269592476489029	2.5078369905956115	2.5078369905956115	1	0	0	1
UQCRC2	1.20719525107807	0.08177751832266442	-0.08899265118356653	raw__HeLa_TE_SRA099816	UQCRC2	NM_003366.4	1914	0	0	1	0	0.0	0.0	0.522466039707419	0.0	0	0	0	0
USP14	3.78313842096893	0.5778522319517957	1.355327408576114	raw__HeLa_TE_SRA099816	USP14	NM_005151.4	4972	0	0	0	0	0.0	0.0	0.0	0.0	0	0	0	0
USP5	1.41084290478138	0.14947865841427208	0.10811901771720277	raw__HeLa_TE_SRA099816	USP5	NM_001098536.2	3162	1	1	1	0	0.3162555344718533	0.3162555344718533	0.3162555344718533	0.0	0	0	0	0
USP7	1.37220199482347	0.13741804634164972	0.07300458138152797	raw__HeLa_TE_SRA099816	USP7	NM_003470.3	5831	0	0	0	2	0.0	0.0	0.0	0.3429943405933802	0	0	0	0
VAT1	2.36445564656584	0.3737311717528515	0.7610295462481523	raw__HeLa_TE_SRA099816	VAT1	NM_006373.4	2699	0	1	1	2	0.0	0.3705075954057058	0.3705075954057058	0.7410151908114117	0	0	0	0
VBP1	4.68035514895104	0.6702788089240486	1.6244271137381625	raw__HeLa_TE_SRA099816	VBP1	NM_003372.7	1616	0	0	0	1	0.0	0.0	0.0	0.6188118811881188	0	0	0	0
VCL	4.19370550787942	0.6225979299935548	1.485604375924177	raw__HeLa_TE_SRA099816	VCL	NM_014000.3	5497	0	3	7	1	0.0	0.5457522284882663	1.2734218664726213	0.18191740949608878	3	1	0	4
VCP	1.89303880970592	0.2771595176449121	0.47986146127991375	raw__HeLa_TE_SRA099816	VCP	NM_007126.5	3746	0	1	2	1	0.0	0.2669514148424987	0.5339028296849974	0.2669514148424987	0	0	0	0
VDAC1	1.87673499082791	0.2734029512858952	0.46892422944954326	raw__HeLa_TE_SRA099816	VDAC1	NM_003374.3	1839	0	0	0	7	0.0	0.0	0.0	3.806416530723219	0	0	0	0
VGF	1.16364049704624	0.06581882716566186	-0.13545633323046108	raw__HeLa_TE_SRA099816	VGF	NM_003378.4	2551	0	0	0	0	0.0	0.0	0.0	0.0	0	0	0	0
VPS35	2.86181587558689	0.45664168854712456	1.0024232703808762	raw__HeLa_TE_SRA099816	VPS35	NM_018206.6	6776	0	1	3	4	0.0	0.14757969303423848	0.4427390791027155	0.5903187721369539	0	0	0	0
VPS4A	1.30714968272181	0.1163253218253881	0.011593176411999462	raw__HeLa_TE_SRA099816	VPS4A	NM_013245.3	4106	0	0	0	0	0.0	0.0	0.0	0.0	0	0	0	0
WBP11	0.815970672377379	-0.08832545038040653	-0.5842469408553291	raw__HeLa_TE_SRA099816	WBP11	NM_016312.3	4581	0	0	0	4	0.0	0.0	0.0	0.8731717965509714	0	0	0	0
WDR1	1.66890029767765	0.2224303921245381	0.32051777439069	raw__HeLa_TE_SRA099816	WDR1	NM_017491.5	2993	0	1	6	3	0.0	0.3341129301703976	2.0046775810223854	1.0023387905111927	1	0	0	1
WDR77	1.76220224345181	0.24605574980516218	0.3893029333186515	raw__HeLa_TE_SRA099816	WDR77	NM_024102.4	2456	0	0	0	3	0.0	0.0	0.0	1.221498371335505	0	0	0	0
XPO1	1.98539170377392	0.2978462027894244	0.5400906838209539	raw__HeLa_TE_SRA099816	XPO1	NM_003400.4	4988	0	0	1	1	0.0	0.0	0.20048115477145148	0.20048115477145148	0	0	0	0
XRCC5	2.50868674409252	0.3994464350070878	0.8358994590650782	raw__HeLa_TE_SRA099816	XRCC5	NM_021141.4	3379	0	0	4	3	0.0	0.0	1.1837821840781295	0.8878366380585972	1	0	0	1
XRCC6	0.862723511390914	-0.06412836618120082	-0.5137972018615081	raw__HeLa_TE_SRA099816	XRCC6	NM_001469.5	2122	0	1	8	9	0.0	0.471253534401508	3.770028275212064	4.2412818096135725	0	0	0	0
XRN2	2.61055943872656	0.4167335859271523	0.8862309477783057	raw__HeLa_TE_SRA099816	XRN2	NM_012255.5	3408	0	0	0	0	0.0	0.0	0.0	0.0	0	0	0	0
YBX1	0.375570490823296	-0.4253085382804444	-1.5653722034053026	raw__HeLa_TE_SRA099816	YBX1	NM_004559.5	2979	1	0	1	13	0.3356831151393085	0.0	0.3356831151393085	4.36388049681101	2	0	0	2
YWHAB	2.19349381534522	0.3411364142298037	0.6661300062390723	raw__HeLa_TE_SRA099816	YWHAB	NM_139323.4	3020	0	1	4	3	0.0	0.33112582781456956	1.3245033112582782	0.9933774834437086	0	0	0	0
YWHAE	1.85447547401591	0.2682210940302327	0.4538372673941463	raw__HeLa_TE_SRA099816	YWHAE	NM_006761.5	2052	0	0	3	0	0.0	0.0	1.4619883040935673	0.0	1	0	0	1
YWHAG	5.38923564887765	0.731527173904009	1.8027515470092648	raw__HeLa_TE_SRA099816	YWHAG	NM_012479.4	3705	0	0	2	2	0.0	0.0	0.5398110661268556	0.5398110661268556	0	0	0	0
YWHAH	1.83713972224907	0.264142187494814	0.44196154309469243	raw__HeLa_TE_SRA099816	YWHAH	NM_003405.4	1751	0	0	0	2	0.0	0.0	0.0	1.1422044545973729	0	0	0	0
YWHAQ	4.66244773971122	0.6686139769385159	1.6195799603421681	raw__HeLa_TE_SRA099816	YWHAQ	NM_006826.4	2196	1	2	3	8	0.4553734061930783	0.9107468123861566	1.366120218579235	3.6429872495446265	0	0	0	0
YWHAZ	3.63724552195233	0.5607726178625655	1.3056001627313045	raw__HeLa_TE_SRA099816	YWHAZ	NM_145690.3	5011	0	0	3	3	0.0	0.0	0.5986828976252245	0.5986828976252245	0	0	0	0
ZNF207	2.63545987259603	0.42085640805134095	0.8982345321844208	raw__HeLa_TE_SRA099816	ZNF207	NM_001098507.2	13740	0	0	2	3	0.0	0.0	0.14556040756914118	0.2183406113537118	0	0	0	0
