praise_chr_site	gene	src_chrom	src_start	src_end	source_interval_flag	coordinate_parser_mode	coordinate_usable
chr14_73219165-73219168	PSEN1	chr14	73219165.0	73219168.0	1.0	tail_pattern_1	True
chr21_43774291-43774290	CSTB	chr21	43774290.0	43774291.0	1.0	tail_pattern_1	True
chr15_76285712	ETFA	chr15	76285712.0	76285712.0	0.0	tail_pattern_1	True
chr8_118110620-118110619	EXT1	chr8	118110619.0	118110620.0	1.0	tail_pattern_1	True
chr15_48411282-48411281	FBN1	chr15	48411281.0	48411282.0	1.0	tail_pattern_1	True
chr17_80104560	GAA	chr17	80104560.0	80104560.0	0.0	tail_pattern_1	True
chr17_80117650	GAA	chr17	80117650.0	80117650.0	0.0	tail_pattern_1	True
chr3_81670949-81670948	GBE1	chr3	81670948.0	81670949.0	1.0	tail_pattern_1	True
chr7_41962277-41962276	GLI3	chr7	41962276.0	41962277.0	1.0	tail_pattern_1	True
chrX_134498641	HPRT1	chrX	134498641.0	134498641.0	0.0	tail_pattern_1	True
chrX_134498670-134498671	HPRT1	chrX	134498670.0	134498671.0	1.0	tail_pattern_1	True
chrX_134500228	HPRT1	chrX	134500228.0	134500228.0	0.0	tail_pattern_1	True
chr22_42063009-42063007	NAGA	chr22	42063007.0	42063009.0	1.0	tail_pattern_1	True
chr22_42060128-42060127	NAGA	chr22	42060127.0	42060128.0	1.0	tail_pattern_1	True
chr19_33500945	PEPD	chr19	33500945.0	33500945.0	0.0	tail_pattern_1	True
chr19_33463016	PEPD	chr19	33463016.0	33463016.0	0.0	tail_pattern_1	True
chr4_17490665-17490664	QDPR	chr4	17490664.0	17490665.0	1.0	tail_pattern_1	True
chr17_30289387-30289381	BLMH	chr17	30289381.0	30289387.0	1.0	tail_pattern_1	True
chr11_6617081	TPP1	chr11	6617081.0	6617081.0	0.0	tail_pattern_1	True
chr11_6615500-6615499	TPP1	chr11	6615499.0	6615500.0	1.0	tail_pattern_1	True
chr11_6614958-6614957	TPP1	chr11	6614957.0	6614958.0	1.0	tail_pattern_1	True
chr19_45361633	ERCC2	chr19	45361633.0	45361633.0	0.0	tail_pattern_1	True
chrX_154534084-154534082	G6PD	chrX	154534082.0	154534084.0	1.0	tail_pattern_1	True
chrX_154533054	G6PD	chrX	154533054.0	154533054.0	0.0	tail_pattern_1	True
chr5_151268560-151268561	GM2A	chr5	151268560.0	151268561.0	1.0	tail_pattern_1	True
chr19_15160440-15160439	NOTCH3	chr19	15160439.0	15160440.0	1.0	tail_pattern_1	True
chr21_31666472-31666474	SOD1	chr21	31666472.0	31666474.0	1.0	tail_pattern_1	True
chr21_31668703-31668704	SOD1	chr21	31668703.0	31668704.0	1.0	tail_pattern_1	True
chr19_1227681	STK11	chr19	1227681.0	1227681.0	0.0	tail_pattern_1	True
chr21_26000090-26000087	APP	chr21	26000087.0	26000090.0	1.0	tail_pattern_1	True
chr21_25881387	APP	chr21	25881387.0	25881387.0	0.0	tail_pattern_1	True
chr11_17385488-17385487	KCNJ11	chr11	17385487.0	17385488.0	1.0	tail_pattern_1	True
chr16_2053377	TSC2	chr16	2053377.0	2053377.0	0.0	tail_pattern_1	True
chr16_2075831-2075833	TSC2	chr16	2075831.0	2075833.0	1.0	tail_pattern_1	True
chr16_2076158-2076160	TSC2	chr16	2076158.0	2076160.0	1.0	tail_pattern_1	True
chr19_41348392	TGFB1	chr19	41348392.0	41348392.0	0.0	tail_pattern_1	True
chr12_111792702-111792704	ALDH2	chr12	111792702.0	111792704.0	1.0	tail_pattern_1	True
chr9_38396951	ALDH1B1	chr9	38396951.0	38396951.0	0.0	tail_pattern_1	True
chr4_71023638	DCK	chr4	71023638.0	71023638.0	0.0	tail_pattern_1	True
chr4_71025896	DCK	chr4	71025896.0	71025896.0	0.0	tail_pattern_1	True
chr1_109740281	GSTM3	chr1	109740281.0	109740281.0	0.0	tail_pattern_1	True
chr15_98891521	IGF1R	chr15	98891521.0	98891521.0	0.0	tail_pattern_1	True
chr6_160047178-160047179	IGF2R	chr6	160047178.0	160047179.0	1.0	tail_pattern_1	True
chr8_42182873-42182871	PLAT	chr8	42182871.0	42182873.0	1.0	tail_pattern_1	True
chr17_KV575245v1_fix_128856-128858	POLR2A	chr17_KV575245v1_fix	128856.0	128858.0	1.0	tail_pattern_1	True
chr17_KV575245v1_fix_131745	POLR2A	chr17_KV575245v1_fix	131745.0	131745.0	0.0	tail_pattern_1	True
chr5_123036591	PPIC	chr5	123036591.0	123036591.0	0.0	tail_pattern_1	True
chr22_39313255-39313254	RPL3	chr22	39313254.0	39313255.0	1.0	tail_pattern_1	True
chr15_66503464-66503462	RPL4	chr15	66503462.0	66503464.0	1.0	tail_pattern_1	True
chr9_KN196479v1_fix_174313-174315	RPL7A	chr9_KN196479v1_fix	174313.0	174315.0	1.0	tail_pattern_1	True
chr9_KN196479v1_fix_175702	RPL7A	chr9_KN196479v1_fix	175702.0	175702.0	0.0	tail_pattern_1	True
chr9_127449691	RPL12	chr9	127449691.0	127449691.0	0.0	tail_pattern_1	True
chr19_48615358	RPL18	chr19	48615358.0	48615358.0	0.0	tail_pattern_1	True
chr19_17862095	RPL18A	chr19	17862095.0	17862095.0	0.0	tail_pattern_1	True
chr1_6186815	RPL22	chr1	6186815.0	6186815.0	0.0	tail_pattern_1	True
chr1_6186768	RPL22	chr1	6186768.0	6186768.0	0.0	tail_pattern_1	True
chr1_6185970	RPL22	chr1	6185970.0	6185970.0	0.0	tail_pattern_1	True
chr3_101686717-101686715	RPL24	chr3	101686715.0	101686717.0	1.0	tail_pattern_1	True
chr11_8684731-8684733	RPL27A	chr11	8684731.0	8684733.0	1.0	tail_pattern_1	True
chr5_40827632	RPL37	chr5	40827632.0	40827632.0	0.0	tail_pattern_1	True
chr2_216499392	RPL37A	chr2	216499392.0	216499392.0	0.0	tail_pattern_1	True
chr2_216502039	RPL37A	chr2	216502039.0	216502039.0	0.0	tail_pattern_1	True
chr21_33837093	ITSN1	chr21	33837093.0	33837093.0	0.0	tail_pattern_1	True
chr16_1351576	TSR3	chr16	1351576.0	1351576.0	0.0	tail_pattern_1	True
chr20_58677108-58677109	STX16	chr20	58677108.0	58677109.0	1.0	tail_pattern_1	True
chr8_73793738-73793737	UBE2W	chr8	73793737.0	73793738.0	1.0	tail_pattern_1	True
chr19_39485790-39485791	TIMM50	chr19	39485790.0	39485791.0	1.0	tail_pattern_1	True
chr8_41510774	GOLGA7	chr8	41510774.0	41510774.0	0.0	tail_pattern_1	True
chr10_72334148	DNAJB12	chr10	72334148.0	72334148.0	0.0	tail_pattern_1	True
chr22_44119087	PARVB	chr22	44119087.0	44119087.0	0.0	tail_pattern_1	True
chr16_KI270853v1_alt_1909997-1909998	NOMO3	chr16_KI270853v1_alt	1909997.0	1909998.0	1.0	tail_pattern_1	True
chr16_KI270853v1_alt_1935480-1935481	NOMO3	chr16_KI270853v1_alt	1935480.0	1935481.0	1.0	tail_pattern_1	True
chr17_17818289	SREBF1	chr17	17818289.0	17818289.0	0.0	tail_pattern_1	True
chr19_10831450-10831451	DNM2	chr19	10831450.0	10831451.0	1.0	tail_pattern_1	True
chr19_10831526	DNM2	chr19	10831526.0	10831526.0	0.0	tail_pattern_1	True
chr1_GL383519v1_alt_39709	GBA	chr1_GL383519v1_alt	39709.0	39709.0	0.0	tail_pattern_1	True
chr3_184242889-184242888	ALG3	chr3	184242888.0	184242889.0	1.0	tail_pattern_1	True
chr11_67398984-67398983	PPP1CA	chr11	67398983.0	67398984.0	1.0	tail_pattern_1	True
chr11_46783282-46783278	CKAP5	chr11	46783278.0	46783282.0	1.0	tail_pattern_1	True
chr11_46743829	CKAP5	chr11	46743829.0	46743829.0	0.0	tail_pattern_1	True
chrX_154411935	DNASE1L1	chrX	154411935.0	154411935.0	0.0	tail_pattern_1	True
chrX_72208378-72208377	ERCC6L	chrX	72208377.0	72208378.0	1.0	tail_pattern_1	True
chr1_KZ208906v1_fix_86047	RNF187	chr1_KZ208906v1_fix	86047.0	86047.0	0.0	tail_pattern_1	True
chr1_228178936	IBA57	chr1	228178936.0	228178936.0	0.0	tail_pattern_1	True
chr2_3580113	RPS7	chr2	3580113.0	3580113.0	0.0	tail_pattern_1	True
chr1_44776731	RPS8	chr1	44776731.0	44776731.0	0.0	tail_pattern_1	True
chr17_78224666	BIRC5	chr17	78224666.0	78224666.0	0.0	tail_pattern_1	True
chr19_44812269	BCAM	chr19	44812269.0	44812269.0	0.0	tail_pattern_1	True
chr3_180970341-180970342	FXR1	chr3	180970341.0	180970342.0	1.0	tail_pattern_1	True
chr3_180976795	FXR1	chr3	180976795.0	180976795.0	0.0	tail_pattern_1	True
chr2_85608584-85608583	C2orf68	chr2	85608583.0	85608584.0	1.0	tail_pattern_1	True
chr11_6609581	ILK	chr11	6609581.0	6609581.0	0.0	tail_pattern_1	True
chr19_49499676-49499679	RPS11	chr19	49499676.0	49499679.0	1.0	tail_pattern_1	True
chr14_102085887-102085886	HSP90AA1	chr14	102085886.0	102085887.0	1.0	tail_pattern_1	True
chr14_102085861-102085859	HSP90AA1	chr14	102085859.0	102085861.0	1.0	tail_pattern_1	True
chr14_102085369-102085368	HSP90AA1	chr14	102085368.0	102085369.0	1.0	tail_pattern_1	True
chr14_102083608-102083606	HSP90AA1	chr14	102083606.0	102083608.0	1.0	tail_pattern_1	True
chrX_155064009	CMC4	chrX	155064009.0	155064009.0	0.0	tail_pattern_1	True
chr16_66826753-66826751	NAE1	chr16	66826751.0	66826753.0	1.0	tail_pattern_1	True
chr4_39456449-39456447	RPL9	chr4	39456447.0	39456449.0	1.0	tail_pattern_1	True
chr4_39454599-39454595	RPL9	chr4	39454595.0	39454599.0	1.0	tail_pattern_1	True
chr4_55877931-55877932	EXOC1	chr4	55877931.0	55877932.0	1.0	tail_pattern_1	True
chr5_82275435-82275434	RPS23	chr5	82275434.0	82275435.0	1.0	tail_pattern_1	True
chr5_82275304-82275303	RPS23	chr5	82275303.0	82275304.0	1.0	tail_pattern_1	True
chr5_149496845-149496844	CSNK1A1	chr5	149496844.0	149496845.0	1.0	tail_pattern_1	True
chr5_149496667-149496666	CSNK1A1	chr5	149496666.0	149496667.0	1.0	tail_pattern_1	True
chr11_KN196481v1_fix_37443	RPS25	chr11_KN196481v1_fix	37443.0	37443.0	0.0	tail_pattern_1	True
chr14_49586040-49586039	RPS29	chr14	49586039.0	49586040.0	1.0	tail_pattern_1	True
chr17_19663387-19663391	ALDH3A2	chr17	19663387.0	19663391.0	1.0	tail_pattern_1	True
chr16_47502996-47502997	PHKB	chr16	47502996.0	47502997.0	1.0	tail_pattern_1	True
chr6_10410280	TFAP2A	chr6	10410280.0	10410280.0	0.0	tail_pattern_1	True
chr13_98452607-98452606	STK24	chr13	98452606.0	98452607.0	1.0	tail_pattern_1	True
chr11_4121710-4121713	RRM1	chr11	4121710.0	4121713.0	1.0	tail_pattern_1	True
chr11_4127108	RRM1	chr11	4127108.0	4127108.0	0.0	tail_pattern_1	True
chr19_18571889-18571890	UBA52	chr19	18571889.0	18571890.0	1.0	tail_pattern_1	True
chr3_40457969	RPL14	chr3	40457969.0	40457969.0	0.0	tail_pattern_1	True
chr18_49482396	C18orf32	chr18	49482396.0	49482396.0	0.0	tail_pattern_1	True
chrX_23730893-23730892	ACOT9	chrX	23730892.0	23730893.0	1.0	tail_pattern_1	True
chr5_171391345-171391346	NPM1	chr5	171391345.0	171391346.0	1.0	tail_pattern_1	True
chr16_30192990	BOLA2B	chr16	30192990.0	30192990.0	0.0	tail_pattern_1	True
chr16_69120319-69120318	CHTF8	chr16	69120318.0	69120319.0	1.0	tail_pattern_1	True
chr1_22091888-22091889	CDC42	chr1	22091888.0	22091889.0	1.0	tail_pattern_1	True
chr1_22092496	CDC42	chr1	22092496.0	22092496.0	0.0	tail_pattern_1	True
chr11_72699505-72699503	ARAP1	chr11	72699503.0	72699505.0	1.0	tail_pattern_1	True
chr11_117190700-117190701	SIDT2	chr11	117190700.0	117190701.0	1.0	tail_pattern_1	True
chr10_71819612	PSAP	chr10	71819612.0	71819612.0	0.0	tail_pattern_1	True
chr10_71817049-71817048	PSAP	chr10	71817048.0	71817049.0	1.0	tail_pattern_1	True
chr10_71816664	PSAP	chr10	71816664.0	71816664.0	0.0	tail_pattern_1	True
chr10_71816375-71816374	PSAP	chr10	71816374.0	71816375.0	1.0	tail_pattern_1	True
chr19_40629729	LTBP4	chr19	40629729.0	40629729.0	0.0	tail_pattern_1	True
chr1_212787635-212787632	NSL1	chr1	212787632.0	212787635.0	1.0	tail_pattern_1	True
chr1_212807781	TATDN3	chr1	212807781.0	212807781.0	0.0	tail_pattern_1	True
chr4_88521729-88521728	PIGY	chr4	88521728.0	88521729.0	1.0	tail_pattern_1	True
chr11_32933294-32933295	QSER1	chr11	32933294.0	32933295.0	1.0	tail_pattern_1	True
chrX_132628015-132628011	HS6ST2	chrX	132628011.0	132628015.0	1.0	tail_pattern_1	True
chr19_2337531	SPPL2B	chr19	2337531.0	2337531.0	0.0	tail_pattern_1	True
chr17_58004507-58004501	SRSF1	chr17	58004501.0	58004507.0	1.0	tail_pattern_1	True
chr6_44230594-44230595	SLC29A1	chr6	44230594.0	44230595.0	1.0	tail_pattern_1	True
chr6_44231400-44231402	SLC29A1	chr6	44231400.0	44231402.0	1.0	tail_pattern_1	True
chr1_KQ458384v1_alt_74359-74362	TBCE	chr1_KQ458384v1_alt	74359.0	74362.0	1.0	tail_pattern_1	True
chr11_62723710-62723707	HNRNPUL2	chr11	62723707.0	62723710.0	1.0	tail_pattern_1	True
chr11_62722634-62722631	HNRNPUL2	chr11	62722631.0	62722634.0	1.0	tail_pattern_1	True
chrX_120560184	CUL4B	chrX	120560184.0	120560184.0	0.0	tail_pattern_1	True
chr11_103160987-103160989	DYNC2H1	chr11	103160987.0	103160989.0	1.0	tail_pattern_1	True
chr11_103176265	DYNC2H1	chr11	103176265.0	103176265.0	0.0	tail_pattern_1	True
chr12_121774663-121774664	TMEM120B	chr12	121774663.0	121774664.0	1.0	tail_pattern_1	True
chr11_62391604	ASRGL1	chr11	62391604.0	62391604.0	0.0	tail_pattern_1	True
chr17_29583526	GIT1	chr17	29583526.0	29583526.0	0.0	tail_pattern_1	True
chr16_2328463-2328462	ABCA3	chr16	2328462.0	2328463.0	1.0	tail_pattern_1	True
chr5_65665108-65665109	TRAPPC13	chr5	65665108.0	65665109.0	1.0	tail_pattern_1	True
chr1_160290611-160290609	COPA	chr1	160290609.0	160290611.0	1.0	tail_pattern_1	True
chr17_63837201	SMARCD2	chr17	63837201.0	63837201.0	0.0	tail_pattern_1	True
chr17_32360701-32360702	ZNF207	chr17	32360701.0	32360702.0	1.0	tail_pattern_1	True
chr11_20367210	HTATIP2	chr11	20367210.0	20367210.0	0.0	tail_pattern_1	True
chr3_42784878-42784877	HIGD1A	chr3	42784877.0	42784878.0	1.0	tail_pattern_1	True
chr10_79513511-79513512	EIF5AL1	chr10	79513511.0	79513512.0	1.0	tail_pattern_1	True
chr2_101006335-101006336	RPL31	chr2	101006335.0	101006336.0	1.0	tail_pattern_1	True
chr4_39922674-39922673	PDS5A	chr4	39922673.0	39922674.0	1.0	tail_pattern_1	True
chr9_122845671-122845669	RC3H2	chr9	122845669.0	122845671.0	1.0	tail_pattern_1	True
chr18_23136258-23136259	CABLES1	chr18	23136258.0	23136259.0	1.0	tail_pattern_1	True
chr7_5529216	ACTB	chr7	5529216.0	5529216.0	0.0	tail_pattern_1	True
chr8_118580880-118580878	SAMD12	chr8	118580878.0	118580880.0	1.0	tail_pattern_1	True
chrX_154367696-154367695	FLNA	chrX	154367695.0	154367696.0	1.0	tail_pattern_1	True
chrX_154365209-154365208	FLNA	chrX	154365208.0	154365209.0	1.0	tail_pattern_1	True
chrX_154358203	FLNA	chrX	154358203.0	154358203.0	0.0	tail_pattern_1	True
chrX_154355045-154355044	FLNA	chrX	154355044.0	154355045.0	1.0	tail_pattern_1	True
chr1_68475184-68475182	DEPDC1	chr1	68475182.0	68475184.0	1.0	tail_pattern_1	True
chr4_2932661	MFSD10	chr4	2932661.0	2932661.0	0.0	tail_pattern_1	True
chr4_2932087-2932086	MFSD10	chr4	2932086.0	2932087.0	1.0	tail_pattern_1	True
chr7_44060994-44060995	DBNL	chr7	44060994.0	44060995.0	1.0	tail_pattern_1	True
chr16_31108435-31108436	BCKDK	chr16	31108435.0	31108436.0	1.0	tail_pattern_1	True
chr22_29356453	AP1B1	chr22	29356453.0	29356453.0	0.0	tail_pattern_1	True
chr22_29351771	AP1B1	chr22	29351771.0	29351771.0	0.0	tail_pattern_1	True
chr3_129169880-129169879	CNBP	chr3	129169879.0	129169880.0	1.0	tail_pattern_1	True
chr14_103912631	ATP5MJ	chr14	103912631.0	103912631.0	0.0	tail_pattern_1	True
chr14_103912536	ATP5MJ	chr14	103912536.0	103912536.0	0.0	tail_pattern_1	True
NONE	LUZP6					unparsed	False
chr22_42630961-42630960	CYB5R3	chr22	42630960.0	42630961.0	1.0	tail_pattern_1	True
chr16_11872934-11872933	GSPT1	chr16	11872933.0	11872934.0	1.0	tail_pattern_1	True
chr16_2027045-2027046	SLC9A3R2	chr16	2027045.0	2027046.0	1.0	tail_pattern_1	True
chr1_154962987	SHC1	chr1	154962987.0	154962987.0	0.0	tail_pattern_1	True
chr16_75641654	KARS1	chr16	75641654.0	75641654.0	0.0	tail_pattern_1	True
chr16_75636466	KARS1	chr16	75636466.0	75636466.0	0.0	tail_pattern_1	True
chr16_75629517	KARS1	chr16	75629517.0	75629517.0	0.0	tail_pattern_1	True
chr3_186554665-186554664	TBCCD1	chr3	186554664.0	186554665.0	1.0	tail_pattern_1	True
chr22_49927414	CRELD2	chr22	49927414.0	49927414.0	0.0	tail_pattern_1	True
chr6_122399778	HSF2	chr6	122399778.0	122399778.0	0.0	tail_pattern_1	True
chr2_55235538-55235539	RPS27A	chr2	55235538.0	55235539.0	1.0	tail_pattern_1	True
chr5_150753645-150753642	DCTN4	chr5	150753642.0	150753645.0	1.0	tail_pattern_1	True
chr1_39569914-39569912	PABPC4	chr1	39569912.0	39569914.0	1.0	tail_pattern_1	True
chr1_39565150-39565149	PABPC4	chr1	39565149.0	39565150.0	1.0	tail_pattern_1	True
chr1_39561080-39561078	PABPC4	chr1	39561078.0	39561080.0	1.0	tail_pattern_1	True
chr1_205771497	RAB29	chr1	205771497.0	205771497.0	0.0	tail_pattern_1	True
chr19_55391254-55391255	RPL28	chr19	55391254.0	55391255.0	1.0	tail_pattern_1	True
chr9_130101120	GPR107	chr9	130101120.0	130101120.0	0.0	tail_pattern_1	True
chr9_130107508-130107510	GPR107	chr9	130107508.0	130107510.0	1.0	tail_pattern_1	True
chr10_78035401-78035402	RPS24	chr10	78035401.0	78035402.0	1.0	tail_pattern_1	True
chr1_109668470	GSTM2	chr1	109668470.0	109668470.0	0.0	tail_pattern_1	True
chr1_109669559	GSTM2	chr1	109669559.0	109669559.0	0.0	tail_pattern_1	True
chr16_46929282-46929284	GPT2	chr16	46929282.0	46929284.0	1.0	tail_pattern_1	True
chr16_46929606	GPT2	chr16	46929606.0	46929606.0	0.0	tail_pattern_1	True
chr6_152975605-152975604	FBXO5	chr6	152975604.0	152975605.0	1.0	tail_pattern_1	True
chr5_163473417-163473418	HMMR	chr5	163473417.0	163473418.0	1.0	tail_pattern_1	True
chr17_42192504-42192501	GHDC	chr17	42192501.0	42192504.0	1.0	tail_pattern_1	True
chr7_143265147-143265148	GSTK1	chr7	143265147.0	143265148.0	1.0	tail_pattern_1	True
chr17_ML143374v1_fix_70271	EIF5A	chr17_ML143374v1_fix	70271.0	70271.0	0.0	tail_pattern_1	True
chr17_ML143374v1_fix_70577-70578	EIF5A	chr17_ML143374v1_fix	70577.0	70578.0	1.0	tail_pattern_1	True
chrX_16589469-16589467	CTPS2	chrX	16589467.0	16589469.0	1.0	tail_pattern_1	True
chr14_23033604	PSMB5	chr14	23033604.0	23033604.0	0.0	tail_pattern_1	True
chr14_23026063-23026061	PSMB5	chr14	23026061.0	23026063.0	1.0	tail_pattern_1	True
chr11_63762387	ZFTA	chr11	63762387.0	63762387.0	0.0	tail_pattern_1	True
chr11_63760977-63760976	ZFTA	chr11	63760976.0	63760977.0	1.0	tail_pattern_1	True
chr9_124312596	NEK6	chr9	124312596.0	124312596.0	0.0	tail_pattern_1	True
chr9_124350897	NEK6	chr9	124350897.0	124350897.0	0.0	tail_pattern_1	True
chr12_44776094-44776093	NELL2	chr12	44776093.0	44776094.0	1.0	tail_pattern_1	True
chr12_44522124-44522123	NELL2	chr12	44522123.0	44522124.0	1.0	tail_pattern_1	True
chr12_105370692-105370694	C12orf75	chr12	105370692.0	105370694.0	1.0	tail_pattern_1	True
chr20_36752723	DSN1	chr20	36752723.0	36752723.0	0.0	tail_pattern_1	True
chr12_68840907	MDM2	chr12	68840907.0	68840907.0	0.0	tail_pattern_1	True
chr1_212802715-212802717	TATDN3	chr1	212802715.0	212802717.0	1.0	tail_pattern_1	True
chr4_185145851-185145853	SLC25A4	chr4	185145851.0	185145853.0	1.0	tail_pattern_1	True
chrX_119469814-119469815	SLC25A5	chrX	119469814.0	119469815.0	1.0	tail_pattern_1	True
chrX_119469886-119469888	SLC25A5	chrX	119469886.0	119469888.0	1.0	tail_pattern_1	True
chrX_119471173-119471174	SLC25A5	chrX	119471173.0	119471174.0	1.0	tail_pattern_1	True
chr4_121677925-121677924	ANXA5	chr4	121677924.0	121677925.0	1.0	tail_pattern_1	True
chr6_85618912-85618911	SYNCRIP	chr6	85618911.0	85618912.0	1.0	tail_pattern_1	True
chrX_136210696	FHL1	chrX	136210696.0	136210696.0	0.0	tail_pattern_1	True
chr11_61349042	CYB561A3	chr11	61349042.0	61349042.0	0.0	tail_pattern_1	True
chr5_168397734-168397735	WWC1	chr5	168397734.0	168397735.0	1.0	tail_pattern_1	True
chr1_88983617	RBMXL1	chr1	88983617.0	88983617.0	0.0	tail_pattern_1	True
chr14_KZ208920v1_fix_415854	DCAF11	chr14_KZ208920v1_fix	415854.0	415854.0	0.0	tail_pattern_1	True
chr11_6402723-6402721	APBB1	chr11	6402721.0	6402723.0	1.0	tail_pattern_1	True
chr12_6727941-6727943	COPS7A	chr12	6727941.0	6727943.0	1.0	tail_pattern_1	True
chr12_6727971-6727973	COPS7A	chr12	6727971.0	6727973.0	1.0	tail_pattern_1	True
chr12_110453847-110453843	GPN3	chr12	110453843.0	110453847.0	1.0	tail_pattern_1	True
chr12_110453058-110453055	GPN3	chr12	110453055.0	110453058.0	1.0	tail_pattern_1	True
chrX_133535954	GPC3	chrX	133535954.0	133535954.0	0.0	tail_pattern_1	True
chr6_KZ208911v1_fix_241772-241773	TMEM14C	chr6_KZ208911v1_fix	241772.0	241773.0	1.0	tail_pattern_1	True
chr11_ML143360v1_fix_150989	LDHA	chr11_ML143360v1_fix	150989.0	150989.0	0.0	tail_pattern_1	True
chr11_ML143360v1_fix_158702-158704	LDHA	chr11_ML143360v1_fix	158702.0	158704.0	1.0	tail_pattern_1	True
chr12_57233271-57233273	SHMT2	chr12	57233271.0	57233273.0	1.0	tail_pattern_1	True
chr12_57234601	SHMT2	chr12	57234601.0	57234601.0	0.0	tail_pattern_1	True
chr12_57234733-57234735	SHMT2	chr12	57234733.0	57234735.0	1.0	tail_pattern_1	True
chr4_48848427-48848428	OCIAD1	chr4	48848427.0	48848428.0	1.0	tail_pattern_1	True
chrX_119544380	STEEP1	chrX	119544380.0	119544380.0	0.0	tail_pattern_1	True
chrX_119538849	STEEP1	chrX	119538849.0	119538849.0	0.0	tail_pattern_1	True
chr14_21428217	CHD8	chr14	21428217.0	21428217.0	0.0	tail_pattern_1	True
chr14_21394432	CHD8	chr14	21394432.0	21394432.0	0.0	tail_pattern_1	True
chr16_31192321-31192322	FUS	chr16	31192321.0	31192322.0	1.0	tail_pattern_1	True
chr2_27213180	ATRAID	chr2	27213180.0	27213180.0	0.0	tail_pattern_1	True
chr11_64286106	GPR137	chr11	64286106.0	64286106.0	0.0	tail_pattern_1	True
chrX_71239829-71239828	ZMYM3	chrX	71239828.0	71239829.0	1.0	tail_pattern_1	True
chr2_46903492-46903491	MCFD2	chr2	46903491.0	46903492.0	1.0	tail_pattern_1	True
chr2_135133876-135133877	RAB3GAP1	chr2	135133876.0	135133877.0	1.0	tail_pattern_1	True
chr11_10799032	EIF4G2	chr11	10799032.0	10799032.0	0.0	tail_pattern_1	True
chrX_136218318-136218317	MAP7D3	chrX	136218317.0	136218318.0	1.0	tail_pattern_1	True
chr12_101394856-101394855	ARL1	chr12	101394855.0	101394856.0	1.0	tail_pattern_1	True
chr2_55232723-55232724	RPS27A	chr2	55232723.0	55232724.0	1.0	tail_pattern_1	True
chr3_136327691	PCCB	chr3	136327691.0	136327691.0	0.0	tail_pattern_1	True
chr3_136328787	PCCB	chr3	136328787.0	136328787.0	0.0	tail_pattern_1	True
chr5_126593403-126593402	ALDH7A1	chr5	126593402.0	126593403.0	1.0	tail_pattern_1	True
chr12_56144160	ESYT1	chr12	56144160.0	56144160.0	0.0	tail_pattern_1	True
chr20_59946042-59946043	FAM217B	chr20	59946042.0	59946043.0	1.0	tail_pattern_1	True
chr17_40093198-40093199	THRA	chr17	40093198.0	40093199.0	1.0	tail_pattern_1	True
chr1_154596962-154596961	ADAR	chr1	154596961.0	154596962.0	1.0	tail_pattern_1	True
chr5_151138764-151138763	ANXA6	chr5	151138763.0	151138764.0	1.0	tail_pattern_1	True
chr5_139329855-139329858	MATR3	chr5	139329855.0	139329858.0	1.0	tail_pattern_1	True
chr16_87303054-87303053	C16orf95	chr16	87303053.0	87303054.0	1.0	tail_pattern_1	True
chrX_16857630-16857628	RBBP7	chrX	16857628.0	16857630.0	1.0	tail_pattern_1	True
chr2_159771030	LY75-CD302	chr2	159771030.0	159771030.0	0.0	tail_pattern_1	True
chr2_159769915-159769914	LY75-CD302	chr2	159769914.0	159769915.0	1.0	tail_pattern_1	True
chr12_69598339	CCT2	chr12	69598339.0	69598339.0	0.0	tail_pattern_1	True
chr2_86504704	RNF103-CHMP3	chr2	86504704.0	86504704.0	0.0	tail_pattern_1	True
chr2_86504634	RNF103-CHMP3	chr2	86504634.0	86504634.0	0.0	tail_pattern_1	True
chr2_63599257-63599258	MDH1	chr2	63599257.0	63599258.0	1.0	tail_pattern_1	True
chr16_28724962	EIF3C	chr16	28724962.0	28724962.0	0.0	tail_pattern_1	True
chr22_KI270879v1_alt_0	CABIN1	chr22_KI270879v1_alt	0.0	0.0	0.0	tail_pattern_1	True
chr12_56155511-56155512	MYL6B	chr12	56155511.0	56155512.0	1.0	tail_pattern_1	True
chr1_156239650	PMF1	chr1	156239650.0	156239650.0	0.0	tail_pattern_1	True
chr7_30500671-30500670	GGCT	chr7	30500670.0	30500671.0	1.0	tail_pattern_1	True
chr14_23307820	BCL2L2	chr14	23307820.0	23307820.0	0.0	tail_pattern_1	True
chr17_81510402	ACTG1	chr17	81510402.0	81510402.0	0.0	tail_pattern_1	True
chr17_81510126	ACTG1	chr17	81510126.0	81510126.0	0.0	tail_pattern_1	True
chrX_101395366-101395367	RPL36A-HNRNPH2	chrX	101395366.0	101395367.0	1.0	tail_pattern_1	True
chr19_5641841	SAFB	chr19	5641841.0	5641841.0	0.0	tail_pattern_1	True
chr6_79201302-79201301	HMGN3	chr6	79201301.0	79201302.0	1.0	tail_pattern_1	True
chr2_178331554-178331560	OSBPL6	chr2	178331554.0	178331560.0	1.0	tail_pattern_1	True
chr1_8866414-8866413	ENO1	chr1	8866413.0	8866414.0	1.0	tail_pattern_1	True
chr18_9281517-9281518	ANKRD12	chr18	9281517.0	9281518.0	1.0	tail_pattern_1	True
chr1_169961207-169961206	KIFAP3	chr1	169961206.0	169961207.0	1.0	tail_pattern_1	True
chr4_39320530-39320529	RFC1	chr4	39320529.0	39320530.0	1.0	tail_pattern_1	True
chr8_94458380-94458378	RAD54B	chr8	94458378.0	94458380.0	1.0	tail_pattern_1	True
chr2_201478363-201478364	STRADB	chr2	201478363.0	201478364.0	1.0	tail_pattern_1	True
chr2_201480244	STRADB	chr2	201480244.0	201480244.0	0.0	tail_pattern_1	True
chr15_57954712-57954711	ALDH1A2	chr15	57954711.0	57954712.0	1.0	tail_pattern_1	True
chr15_57954320	ALDH1A2	chr15	57954320.0	57954320.0	0.0	tail_pattern_1	True
chr3_47577234-47577232	CSPG5	chr3	47577232.0	47577234.0	1.0	tail_pattern_1	True
chr16_30767987-30767988	RNF40	chr16	30767987.0	30767988.0	1.0	tail_pattern_1	True
chr15_40213357-40213358	BUB1B	chr15	40213357.0	40213358.0	1.0	tail_pattern_1	True
chr4_109694581-109694580	CASP6	chr4	109694580.0	109694581.0	1.0	tail_pattern_1	True
chr11_KI270927v1_alt_77545-77546	AP2A2	chr11_KI270927v1_alt	77545.0	77546.0	1.0	tail_pattern_1	True
chr18_36178148	ELP2	chr18	36178148.0	36178148.0	0.0	tail_pattern_1	True
chr6_GL000251v2_alt_2749746-2749745	HLA-C	chr6_GL000251v2_alt	2749745.0	2749746.0	1.0	tail_pattern_1	True
chr11_130109486-130109489	APLP2	chr11	130109486.0	130109489.0	1.0	tail_pattern_1	True
chr1_46197074	POMGNT1	chr1	46197074.0	46197074.0	0.0	tail_pattern_1	True
chr1_10431371-10431372	CENPS-CORT	chr1	10431371.0	10431372.0	1.0	tail_pattern_1	True
chr15_50950134-50950135	AP4E1	chr15	50950134.0	50950135.0	1.0	tail_pattern_1	True
chr3_23919567	RPL15	chr3	23919567.0	23919567.0	0.0	tail_pattern_1	True
chr3_23917851	RPL15	chr3	23917851.0	23917851.0	0.0	tail_pattern_1	True
chr3_23918458-23918459	RPL15	chr3	23918458.0	23918459.0	1.0	tail_pattern_1	True
chr17_40295390-40295391	CDC6	chr17	40295390.0	40295391.0	1.0	tail_pattern_1	True
chr2_168561244-168561245	CERS6	chr2	168561244.0	168561245.0	1.0	tail_pattern_1	True
chr17_KV766198v1_alt_9757-9756	FLII	chr17_KV766198v1_alt	9756.0	9757.0	1.0	tail_pattern_1	True
chr10_27538845-27538848	RAB18	chr10	27538845.0	27538848.0	1.0	tail_pattern_1	True
chr22_43159338	TSPO	chr22	43159338.0	43159338.0	0.0	tail_pattern_1	True
chr22_43162967	TSPO	chr22	43162967.0	43162967.0	0.0	tail_pattern_1	True
chr22_19177965-19177964	SLC25A1	chr22	19177964.0	19177965.0	1.0	tail_pattern_1	True
chr12_50120312-50120313	COX14	chr12	50120312.0	50120313.0	1.0	tail_pattern_1	True
chr12_50120389-50120392	COX14	chr12	50120389.0	50120392.0	1.0	tail_pattern_1	True
chr18_46086442-46086441	ATP5F1A	chr18	46086441.0	46086442.0	1.0	tail_pattern_1	True
chr18_46084206-46084205	ATP5F1A	chr18	46084205.0	46084206.0	1.0	tail_pattern_1	True
chr17_44854930-44854929	EFTUD2	chr17	44854929.0	44854930.0	1.0	tail_pattern_1	True
chr5_33448541-33448542	TARS1	chr5	33448541.0	33448542.0	1.0	tail_pattern_1	True
chr11_75405649-75405650	RPS3	chr11	75405649.0	75405650.0	1.0	tail_pattern_1	True
chr12_104348936	TXNRD1	chr12	104348936.0	104348936.0	0.0	tail_pattern_1	True
chr15_78897360-78897361	MORF4L1	chr15	78897360.0	78897361.0	1.0	tail_pattern_1	True
chr17_42842496-42842497	PSME3	chr17	42842496.0	42842497.0	1.0	tail_pattern_1	True
chr17_17512527-17512526	PEMT	chr17	17512526.0	17512527.0	1.0	tail_pattern_1	True
chr4_151102981	RPS3A	chr4	151102981.0	151102981.0	0.0	tail_pattern_1	True
chr12_49185646-49185645	TUBA1A	chr12	49185645.0	49185646.0	1.0	tail_pattern_1	True
chr17_7224016-7224018	ACADVL	chr17	7224016.0	7224018.0	1.0	tail_pattern_1	True
chr11_46383492	MDK	chr11	46383492.0	46383492.0	0.0	tail_pattern_1	True
chr5_78216088	AP3B1	chr5	78216088.0	78216088.0	0.0	tail_pattern_1	True
chr5_78100954-78089498	AP3B1	chr5	78089498.0	78100954.0	1.0	tail_pattern_1	True
chr7_102449624-102449625	ORAI2	chr7	102449624.0	102449625.0	1.0	tail_pattern_1	True
chr15_67202721-67202720	AAGAB	chr15	67202720.0	67202721.0	1.0	tail_pattern_1	True
chr19_42370219-42370221	MEGF8	chr19	42370219.0	42370221.0	1.0	tail_pattern_1	True
chr1_153959729	SLC39A1	chr1	153959729.0	153959729.0	0.0	tail_pattern_1	True
chr6_44249712-44249713	HSP90AB1	chr6	44249712.0	44249713.0	1.0	tail_pattern_1	True
chr6_44253773	HSP90AB1	chr6	44253773.0	44253773.0	0.0	tail_pattern_1	True
chr2_241499333-241499332	STK25	chr2	241499332.0	241499333.0	1.0	tail_pattern_1	True
chr16_31034248-31034249	STX4	chr16	31034248.0	31034249.0	1.0	tail_pattern_1	True
chr1_27307027	WDTC1	chr1	27307027.0	27307027.0	0.0	tail_pattern_1	True
chr1_27307127	WDTC1	chr1	27307127.0	27307127.0	0.0	tail_pattern_1	True
chr12_108648778-108648777	CORO1C	chr12	108648777.0	108648778.0	1.0	tail_pattern_1	True
chr11_133907763-133907762	IGSF9B	chr11	133907762.0	133907763.0	1.0	tail_pattern_1	True
chr11_4092507	STIM1	chr11	4092507.0	4092507.0	0.0	tail_pattern_1	True
chr19_49876077-49876076	AKT1S1	chr19	49876076.0	49876077.0	1.0	tail_pattern_1	True
chr9_113407736-113407735	POLE3	chr9	113407735.0	113407736.0	1.0	tail_pattern_1	True
chr7_5231336	WIPI2	chr7	5231336.0	5231336.0	0.0	tail_pattern_1	True
chr9_32450060-32450062	ACO1	chr9	32450060.0	32450062.0	1.0	tail_pattern_1	True
chr9_32451473-32451474	ACO1	chr9	32451473.0	32451474.0	1.0	tail_pattern_1	True
chr12_32720703-32720704	DNM1L	chr12	32720703.0	32720704.0	1.0	tail_pattern_1	True
chr13_113233924-113233928	CUL4A	chr13	113233924.0	113233928.0	1.0	tail_pattern_1	True
chr13_113243158	CUL4A	chr13	113243158.0	113243158.0	0.0	tail_pattern_1	True
chrX_100635230-100635224	TSPAN6	chrX	100635224.0	100635230.0	1.0	tail_pattern_1	True
chr9_KN196479v1_fix_187910-187908	SURF4	chr9_KN196479v1_fix	187908.0	187910.0	1.0	tail_pattern_1	True
chr13_52414099-52414098	VPS36	chr13	52414098.0	52414099.0	1.0	tail_pattern_1	True
chr19_44991352	CLPTM1	chr19	44991352.0	44991352.0	0.0	tail_pattern_1	True
chr9_34635332-34635331	SIGMAR1	chr9	34635331.0	34635332.0	1.0	tail_pattern_1	True
chr9_34634931-34634929	SIGMAR1	chr9	34634929.0	34634931.0	1.0	tail_pattern_1	True
chr9_37501714-37501715	POLR1E	chr9	37501714.0	37501715.0	1.0	tail_pattern_1	True
chr21_29063500-29063499	CCT8	chr21	29063499.0	29063500.0	1.0	tail_pattern_1	True
chr22_24541687	GUCD1	chr22	24541687.0	24541687.0	0.0	tail_pattern_1	True
chr10_89709243-89709244	KIF20B	chr10	89709243.0	89709244.0	1.0	tail_pattern_1	True
chr5_KI270793v1_alt_0	SLC9A3	chr5_KI270793v1_alt	0.0	0.0	0.0	tail_pattern_1	True
chr1_75745877	ACADM	chr1	75745877.0	75745877.0	0.0	tail_pattern_1	True
chr1_27891922-27891921	RPA2	chr1	27891921.0	27891922.0	1.0	tail_pattern_1	True
chr16_89792030-89792028	FANCA	chr16	89792028.0	89792030.0	1.0	tail_pattern_1	True
chr13_45336919-45336918	TPT1	chr13	45336918.0	45336919.0	1.0	tail_pattern_1	True
chr6_44256715	SLC35B2	chr6	44256715.0	44256715.0	0.0	tail_pattern_1	True
chr21_36072656-36072657	CBR1	chr21	36072656.0	36072657.0	1.0	tail_pattern_1	True
chr9_129632857-129632861	NTMT1	chr9	129632857.0	129632861.0	1.0	tail_pattern_1	True
chr2_10442150-10442149	ODC1	chr2	10442149.0	10442150.0	1.0	tail_pattern_1	True
chr17_75135679	JPT1	chr17	75135679.0	75135679.0	0.0	tail_pattern_1	True
chr17_59674726-59674727	CLTC	chr17	59674726.0	59674727.0	1.0	tail_pattern_1	True
chr11_62620526	B3GAT3	chr11	62620526.0	62620526.0	0.0	tail_pattern_1	True
chr22_41628151-41628157	XRCC6	chr22	41628151.0	41628157.0	1.0	tail_pattern_1	True
chr22_41636571-41636573	XRCC6	chr22	41636571.0	41636573.0	1.0	tail_pattern_1	True
chr6_GL000256v2_alt_4716000-4715999	VPS52	chr6_GL000256v2_alt	4715999.0	4716000.0	1.0	tail_pattern_1	True
chr19_KI270866v1_alt_17885-17887	GPI	chr19_KI270866v1_alt	17885.0	17887.0	1.0	tail_pattern_1	True
chr6_GL000255v2_alt_4021882-4021881	TAP2	chr6_GL000255v2_alt	4021881.0	4021882.0	1.0	tail_pattern_1	True
chr4_75800703	USO1	chr4	75800703.0	75800703.0	0.0	tail_pattern_1	True
chr19_4961364-4961365	UHRF1	chr19	4961364.0	4961365.0	1.0	tail_pattern_1	True
chr17_KI270857v1_alt_1853031-1853029	DDX52	chr17_KI270857v1_alt	1853029.0	1853031.0	1.0	tail_pattern_1	True
chr17_KI270857v1_alt_1850265	DDX52	chr17_KI270857v1_alt	1850265.0	1850265.0	0.0	tail_pattern_1	True
chr1_230236037	GALNT2	chr1	230236037.0	230236037.0	0.0	tail_pattern_1	True
chr1_230279799	GALNT2	chr1	230279799.0	230279799.0	0.0	tail_pattern_1	True
chr3_185644930	IGF2BP2	chr3	185644930.0	185644930.0	0.0	tail_pattern_1	True
chr1_111704439	RAP1A	chr1	111704439.0	111704439.0	0.0	tail_pattern_1	True
chr11_86808510-86808512	PRSS23	chr11	86808510.0	86808512.0	1.0	tail_pattern_1	True
chr6_GL000256v2_alt_2025978	TUBB	chr6_GL000256v2_alt	2025978.0	2025978.0	0.0	tail_pattern_1	True
chr2_135979306	DARS1	chr2	135979306.0	135979306.0	0.0	tail_pattern_1	True
chr14_96565262-96565263	PAPOLA	chr14	96565262.0	96565263.0	1.0	tail_pattern_1	True
chr16_88631776-88631777	ZC3H18	chr16	88631776.0	88631777.0	1.0	tail_pattern_1	True
chr1_46316626	UQCRH	chr1	46316626.0	46316626.0	0.0	tail_pattern_1	True
chr1_46316692	UQCRH	chr1	46316692.0	46316692.0	0.0	tail_pattern_1	True
chr12_53037566-53037567	EIF4B	chr12	53037566.0	53037567.0	1.0	tail_pattern_1	True
chr1_32367173	BSDC1	chr1	32367173.0	32367173.0	0.0	tail_pattern_1	True
chr19_36143121	CAPNS1	chr19	36143121.0	36143121.0	0.0	tail_pattern_1	True
chr19_36145830-36145832	CAPNS1	chr19	36145830.0	36145832.0	1.0	tail_pattern_1	True
chr19_36145991-36145992	CAPNS1	chr19	36145991.0	36145992.0	1.0	tail_pattern_1	True
chr6_3140444	BPHL	chr6	3140444.0	3140444.0	0.0	tail_pattern_1	True
chr18_3256188-3256189	MYL12A	chr18	3256188.0	3256189.0	1.0	tail_pattern_1	True
chr12_49272597-49272598	TUBA1C	chr12	49272597.0	49272598.0	1.0	tail_pattern_1	True
chr6_159768529-159768530	ACAT2	chr6	159768529.0	159768530.0	1.0	tail_pattern_1	True
chr4_56986394-56986396	POLR2B	chr4	56986394.0	56986396.0	1.0	tail_pattern_1	True
chr16_30085116	PPP4C	chr16	30085116.0	30085116.0	0.0	tail_pattern_1	True
chrX_155239516	VBP1	chrX	155239516.0	155239516.0	0.0	tail_pattern_1	True
chrX_154399389	RPL10	chrX	154399389.0	154399389.0	0.0	tail_pattern_1	True
chrX_154400750-154400752	RPL10	chrX	154400750.0	154400752.0	1.0	tail_pattern_1	True
chr3_39408704	RPSA	chr3	39408704.0	39408704.0	0.0	tail_pattern_1	True
chr3_39411897-39411898	RPSA	chr3	39411897.0	39411898.0	1.0	tail_pattern_1	True
chr19_ML143376v1_fix_305345-305343	PRKACA	chr19_ML143376v1_fix	305343.0	305345.0	1.0	tail_pattern_1	True
chr1_10403085	PGD	chr1	10403085.0	10403085.0	0.0	tail_pattern_1	True
chr1_10413090	PGD	chr1	10413090.0	10413090.0	0.0	tail_pattern_1	True
chr1_10413123-10413124	PGD	chr1	10413123.0	10413124.0	1.0	tail_pattern_1	True
chr1_10417451	PGD	chr1	10417451.0	10417451.0	0.0	tail_pattern_1	True
chr13_75636472-75636473	LMO7	chr13	75636472.0	75636473.0	1.0	tail_pattern_1	True
chr4_77034723	SEPTIN11	chr4	77034723.0	77034723.0	0.0	tail_pattern_1	True
chr11_64230919	DNAJC4	chr11	64230919.0	64230919.0	0.0	tail_pattern_1	True
chr18_35337466-35337465	ZNF24	chr18	35337465.0	35337466.0	1.0	tail_pattern_1	True
chr3_156541191	SSR3	chr3	156541191.0	156541191.0	0.0	tail_pattern_1	True
chr3_184181757-184181759	AP2M1	chr3	184181757.0	184181759.0	1.0	tail_pattern_1	True
chr16_31093348-31093347	VKORC1	chr16	31093347.0	31093348.0	1.0	tail_pattern_1	True
chr1_244843050	COX20	chr1	244843050.0	244843050.0	0.0	tail_pattern_1	True
chr3_93874326	PROS1	chr3	93874326.0	93874326.0	0.0	tail_pattern_1	True
chr3_197950967	RPL35A	chr3	197950967.0	197950967.0	0.0	tail_pattern_1	True
chr3_197955804-197955806	RPL35A	chr3	197955804.0	197955806.0	1.0	tail_pattern_1	True
chr3_195514800-195514799	PPP1R2	chr3	195514799.0	195514800.0	1.0	tail_pattern_1	True
chr1_35920586-35920587	AGO1	chr1	35920586.0	35920587.0	1.0	tail_pattern_1	True
chr11_KZ559109v1_fix_54922-54921	MTCH2	chr11_KZ559109v1_fix	54921.0	54922.0	1.0	tail_pattern_1	True
chr1_1482573-1482574	ATAD3B	chr1	1482573.0	1482574.0	1.0	tail_pattern_1	True
chr8_144791786-144791785	RPL8	chr8	144791785.0	144791786.0	1.0	tail_pattern_1	True
chr16_28390341	EIF3CL	chr16	28390341.0	28390341.0	0.0	tail_pattern_1	True
chr10_1044100-1044099	IDI1	chr10	1044099.0	1044100.0	1.0	tail_pattern_1	True
chr16_88857158	TRAPPC2L	chr16	88857158.0	88857158.0	0.0	tail_pattern_1	True
chr11_103066548-103066547	DCUN1D5	chr11	103066547.0	103066548.0	1.0	tail_pattern_1	True
chrX_129592365-129592366	OCRL	chrX	129592365.0	129592366.0	1.0	tail_pattern_1	True
chr15_72344047	HEXA	chr15	72344047.0	72344047.0	0.0	tail_pattern_1	True
chr3_KZ559103v1_alt_0-0	RUVBL1	chr3_KZ559103v1_alt	0.0	0.0	0.0	tail_pattern_1	True
chr1_33014554-33014553	AK2	chr1	33014553.0	33014554.0	1.0	tail_pattern_1	True
chr1_215608090-215608091	KCTD3	chr1	215608090.0	215608091.0	1.0	tail_pattern_1	True
chr5_103007507-103007508	PAM	chr5	103007507.0	103007508.0	1.0	tail_pattern_1	True
chr3_KN196475v1_fix_274931	KIAA1143	chr3_KN196475v1_fix	274931.0	274931.0	0.0	tail_pattern_1	True
chr17_61074947-61074948	BCAS3	chr17	61074947.0	61074948.0	1.0	tail_pattern_1	True
chr16_29453648	BOLA2	chr16	29453648.0	29453648.0	0.0	tail_pattern_1	True
chr17_68042194-68042196	KPNA2	chr17	68042194.0	68042196.0	1.0	tail_pattern_1	True
chr2_127063629	BIN1	chr2	127063629.0	127063629.0	0.0	tail_pattern_1	True
chr21_29006325-29006324	RWDD2B	chr21	29006324.0	29006325.0	1.0	tail_pattern_1	True
chr19_41431931-41431930	DMAC2	chr19	41431930.0	41431931.0	1.0	tail_pattern_1	True
chr19_41431527	DMAC2	chr19	41431527.0	41431527.0	0.0	tail_pattern_1	True
chr15_59652248-59652246	GTF2A2	chr15	59652246.0	59652248.0	1.0	tail_pattern_1	True
chr2_241255426-241255425	HDLBP	chr2	241255425.0	241255426.0	1.0	tail_pattern_1	True
chr17_75491120-75491121	TMEM94	chr17	75491120.0	75491121.0	1.0	tail_pattern_1	True
chr19_49015885-49015886	RUVBL2	chr19	49015885.0	49015886.0	1.0	tail_pattern_1	True
chrX_48823353	HDAC6	chrX	48823353.0	48823353.0	0.0	tail_pattern_1	True
chr2_109564501	SEPTIN10	chr2	109564501.0	109564501.0	0.0	tail_pattern_1	True
chr1_224190101-224190105	DEGS1	chr1	224190101.0	224190105.0	1.0	tail_pattern_1	True
chr5_177515820	DDX41	chr5	177515820.0	177515820.0	0.0	tail_pattern_1	True
chr1_64869463-64869461	JAK1	chr1	64869461.0	64869463.0	1.0	tail_pattern_1	True
chr1_64841257	JAK1	chr1	64841257.0	64841257.0	0.0	tail_pattern_1	True
chr2_95090429	MRPS5	chr2	95090429.0	95090429.0	0.0	tail_pattern_1	True
chr7_5971345	PMS2	chr7	5971345.0	5971345.0	0.0	tail_pattern_1	True
chr14_92130995-92130996	CPSF2	chr14	92130995.0	92130996.0	1.0	tail_pattern_1	True
chr14_92155202-92155203	CPSF2	chr14	92155202.0	92155203.0	1.0	tail_pattern_1	True
chr13_72761972	DIS3	chr13	72761972.0	72761972.0	0.0	tail_pattern_1	True
chr1_248824868	SH3BP5L	chr1	248824868.0	248824868.0	0.0	tail_pattern_1	True
chr10_98423829-98423827	HPS1	chr10	98423827.0	98423829.0	1.0	tail_pattern_1	True
chr20_34935614-34935613	GSS	chr20	34935613.0	34935614.0	1.0	tail_pattern_1	True
chr10_92534728-92534722	IDE	chr10	92534722.0	92534728.0	1.0	tail_pattern_1	True
chr10_3112271-3112272	PFKP	chr10	3112271.0	3112272.0	1.0	tail_pattern_1	True
chr10_95653350-95653349	ALDH18A1	chr10	95653349.0	95653350.0	1.0	tail_pattern_1	True
chr10_95637330	ALDH18A1	chr10	95637330.0	95637330.0	0.0	tail_pattern_1	True
chr10_95621139	ALDH18A1	chr10	95621139.0	95621139.0	0.0	tail_pattern_1	True
chr10_95611409	ALDH18A1	chr10	95611409.0	95611409.0	0.0	tail_pattern_1	True
chr16_56425095	AMFR	chr16	56425095.0	56425095.0	0.0	tail_pattern_1	True
chr16_56362361-56362360	AMFR	chr16	56362360.0	56362361.0	1.0	tail_pattern_1	True
chr20_6031323-6031324	CRLS1	chr20	6031323.0	6031324.0	1.0	tail_pattern_1	True
chr1_156278042	SMG5	chr1	156278042.0	156278042.0	0.0	tail_pattern_1	True
chr20_410578-410579	RBCK1	chr20	410578.0	410579.0	1.0	tail_pattern_1	True
chr5_138783178-138783179	CTNNA1	chr5	138783178.0	138783179.0	1.0	tail_pattern_1	True
chr5_138810042-138810044	CTNNA1	chr5	138810042.0	138810044.0	1.0	tail_pattern_1	True
chr5_138824794-138824796	CTNNA1	chr5	138824794.0	138824796.0	1.0	tail_pattern_1	True
chr15_ML143371v1_fix_3804884-3804881	CYFIP1	chr15_ML143371v1_fix	3804881.0	3804884.0	1.0	tail_pattern_1	True
chr20_34412580-34412583	ITCH	chr20	34412580.0	34412583.0	1.0	tail_pattern_1	True
chr3_132516755-132516756	DNAJC13	chr3	132516755.0	132516756.0	1.0	tail_pattern_1	True
chr11_62625828-62625827	GANAB	chr11	62625827.0	62625828.0	1.0	tail_pattern_1	True
chr14_75087067-75087063	NEK9	chr14	75087063.0	75087067.0	1.0	tail_pattern_1	True
chr11_KI270832v1_alt_0-0	PTDSS2	chr11_KI270832v1_alt	0.0	0.0	0.0	tail_pattern_1	True
chr11_KI270832v1_alt_20937-20939	PTDSS2	chr11_KI270832v1_alt	20937.0	20939.0	1.0	tail_pattern_1	True
chr5_169604366-169604367	SPDL1	chr5	169604366.0	169604367.0	1.0	tail_pattern_1	True
chr12_67305881-67305882	CAND1	chr12	67305881.0	67305882.0	1.0	tail_pattern_1	True
chr5_151028603	GPX3	chr5	151028603.0	151028603.0	0.0	tail_pattern_1	True
chr17_31852061	COPRS	chr17	31852061.0	31852061.0	0.0	tail_pattern_1	True
chr17_39201277-39201278	RPL19	chr17	39201277.0	39201278.0	1.0	tail_pattern_1	True
chr17_39202990	RPL19	chr17	39202990.0	39202990.0	0.0	tail_pattern_1	True
chr17_40032069-40032068	MED24	chr17	40032068.0	40032069.0	1.0	tail_pattern_1	True
chr15_41578519-41578520	TYRO3	chr15	41578519.0	41578520.0	1.0	tail_pattern_1	True
chr15_41579053	TYRO3	chr15	41579053.0	41579053.0	0.0	tail_pattern_1	True
chr1_1082419-1082418	C1orf159	chr1	1082418.0	1082419.0	1.0	tail_pattern_1	True
chrX_24996254-24996255	POLA1	chrX	24996254.0	24996255.0	1.0	tail_pattern_1	True
chr8_90044931	DECR1	chr8	90044931.0	90044931.0	0.0	tail_pattern_1	True
chr8_90044956-90044958	DECR1	chr8	90044956.0	90044958.0	1.0	tail_pattern_1	True
chr3_25626605-25626604	TOP2B	chr3	25626604.0	25626605.0	1.0	tail_pattern_1	True
chr3_25618463-25618462	TOP2B	chr3	25618462.0	25618463.0	1.0	tail_pattern_1	True
chr1_202587327	PPP1R12B	chr1	202587327.0	202587327.0	0.0	tail_pattern_1	True
chr10_3145713-3145712	PITRM1	chr10	3145712.0	3145713.0	1.0	tail_pattern_1	True
chrX_10448699-10448698	MID1	chrX	10448698.0	10448699.0	1.0	tail_pattern_1	True
chr12_57532803	DCTN2	chr12	57532803.0	57532803.0	0.0	tail_pattern_1	True
chr20_49221508-49221510	DDX27	chr20	49221508.0	49221510.0	1.0	tail_pattern_1	True
chr2_229797811-229797810	TRIP12	chr2	229797810.0	229797811.0	1.0	tail_pattern_1	True
chr2_229793081-229793080	TRIP12	chr2	229793080.0	229793081.0	1.0	tail_pattern_1	True
chr3_149520717	WWTR1	chr3	149520717.0	149520717.0	0.0	tail_pattern_1	True
chr20_18569474-18569477	SMIM26	chr20	18569474.0	18569477.0	1.0	tail_pattern_1	True
chr3_101821674	NXPE3	chr3	101821674.0	101821674.0	0.0	tail_pattern_1	True
chr1_153991195-153991196	RPS27	chr1	153991195.0	153991196.0	1.0	tail_pattern_1	True
chr11_126345520	DCPS	chr11	126345520.0	126345520.0	0.0	tail_pattern_1	True
chr11_85634144-85634145	TMEM126B	chr11	85634144.0	85634145.0	1.0	tail_pattern_1	True
chr10_102737663	SFXN2	chr10	102737663.0	102737663.0	0.0	tail_pattern_1	True
chr12_56615552-56615551	BAZ2A	chr12	56615551.0	56615552.0	1.0	tail_pattern_1	True
chr12_56597049-56597048	BAZ2A	chr12	56597048.0	56597049.0	1.0	tail_pattern_1	True
chr10_810246	LARP4B	chr10	810246.0	810246.0	0.0	tail_pattern_1	True
chr4_182915517	DCTD	chr4	182915517.0	182915517.0	0.0	tail_pattern_1	True
chr14_101909671-101909672	PPP2R5C	chr14	101909671.0	101909672.0	1.0	tail_pattern_1	True
chr3_127573631-127573630	TPRA1	chr3	127573630.0	127573631.0	1.0	tail_pattern_1	True
chr8_129846863	CYRIB	chr8	129846863.0	129846863.0	0.0	tail_pattern_1	True
chrX_19607970-19607969	SH3KBP1	chrX	19607969.0	19607970.0	1.0	tail_pattern_1	True
chr15_40420327-40420328	IVD	chr15	40420327.0	40420328.0	1.0	tail_pattern_1	True
chr8_127736351	MYC	chr8	127736351.0	127736351.0	0.0	tail_pattern_1	True
chr22_KI270879v1_alt_210247	DDT	chr22_KI270879v1_alt	210247.0	210247.0	0.0	tail_pattern_1	True
chr5_171410624-171410625	NPM1	chr5	171410624.0	171410625.0	1.0	tail_pattern_1	True
chr19_23827393	RPSAP58	chr19	23827393.0	23827393.0	0.0	tail_pattern_1	True
chr19_23827790-23827791	RPSAP58	chr19	23827790.0	23827791.0	1.0	tail_pattern_1	True
chr14_103521268	CKB	chr14	103521268.0	103521268.0	0.0	tail_pattern_1	True
chr20_49077005-49077006	CSE1L	chr20	49077005.0	49077006.0	1.0	tail_pattern_1	True
chr22_19465252-19465250	UFD1	chr22	19465250.0	19465252.0	1.0	tail_pattern_1	True
chr8_38238133-38238134	DDHD2	chr8	38238133.0	38238134.0	1.0	tail_pattern_1	True
chr8_38245839	DDHD2	chr8	38245839.0	38245839.0	0.0	tail_pattern_1	True
chr5_KI270897v1_alt_0-0	MCCC2	chr5_KI270897v1_alt	0.0	0.0	0.0	tail_pattern_1	True
chr4_26431533-26431534	RBPJ	chr4	26431533.0	26431534.0	1.0	tail_pattern_1	True
chr19_1395330	NDUFS7	chr19	1395330.0	1395330.0	0.0	tail_pattern_1	True
chr1_184054755	TSEN15	chr1	184054755.0	184054755.0	0.0	tail_pattern_1	True
chr1_184054785-184054786	TSEN15	chr1	184054785.0	184054786.0	1.0	tail_pattern_1	True
chr19_52220238-52220239	PPP2R1A	chr19	52220238.0	52220239.0	1.0	tail_pattern_1	True
chr13_19772419-19772418	PSPC1	chr13	19772418.0	19772419.0	1.0	tail_pattern_1	True
chr6_134986169-134986166	HBS1L	chr6	134986166.0	134986169.0	1.0	tail_pattern_1	True
chr14_74480185-74480184	NPC2	chr14	74480184.0	74480185.0	1.0	tail_pattern_1	True
chr1_40073868-40073867	PPT1	chr1	40073867.0	40073868.0	1.0	tail_pattern_1	True
chr7_35905058-35905062	SEPTIN7	chr7	35905058.0	35905062.0	1.0	tail_pattern_1	True
chr20_36941064-36941063	SAMHD1	chr20	36941063.0	36941064.0	1.0	tail_pattern_1	True
chr20_36890636	SAMHD1	chr20	36890636.0	36890636.0	0.0	tail_pattern_1	True
chr8_73291590-73291589	RPL7	chr8	73291589.0	73291590.0	1.0	tail_pattern_1	True
chr21_5124870-5124867	LOC102724023	chr21	5124867.0	5124870.0	1.0	tail_pattern_1	True
chrX_151403702-151403703	VMA21	chrX	151403702.0	151403703.0	1.0	tail_pattern_1	True
chr17_28640655	KIAA0100	chr17	28640655.0	28640655.0	0.0	tail_pattern_1	True
chr17_28634551	KIAA0100	chr17	28634551.0	28634551.0	0.0	tail_pattern_1	True
chr17_28619663	KIAA0100	chr17	28619663.0	28619663.0	0.0	tail_pattern_1	True
chr19_39433234-39433230	RPS16	chr19	39433230.0	39433234.0	1.0	tail_pattern_1	True
chr5_43295822-43295821	HMGCS1	chr5	43295821.0	43295822.0	1.0	tail_pattern_1	True
chr5_41850160	OXCT1	chr5	41850160.0	41850160.0	0.0	tail_pattern_1	True
chr5_88722895-88722894	MEF2C	chr5	88722894.0	88722895.0	1.0	tail_pattern_1	True
chr1_154156735-154156733	TPM3	chr1	154156733.0	154156735.0	1.0	tail_pattern_1	True
chr1_1051519-1051521	AGRN	chr1	1051519.0	1051521.0	1.0	tail_pattern_1	True
chr9_111383223-111383222	ECPAS	chr9	111383222.0	111383223.0	1.0	tail_pattern_1	True
chr11_3723354-3723353	NUP98	chr11	3723353.0	3723354.0	1.0	tail_pattern_1	True
chr11_3706563	NUP98	chr11	3706563.0	3706563.0	0.0	tail_pattern_1	True
chr16_19575104-19575106	VPS35L	chr16	19575104.0	19575106.0	1.0	tail_pattern_1	True
chr2_55419385-55419384	CCDC88A	chr2	55419384.0	55419385.0	1.0	tail_pattern_1	True
chr11_61517060-61517059	SYT7	chr11	61517059.0	61517060.0	1.0	tail_pattern_1	True
chr22_50456672	SBF1	chr22	50456672.0	50456672.0	0.0	tail_pattern_1	True
chr1_167423658-167423660	POU2F1	chr1	167423658.0	167423660.0	1.0	tail_pattern_1	True
chr12_56713561-56713560	NACA	chr12	56713560.0	56713561.0	1.0	tail_pattern_1	True
chr1_43450939-43450940	SZT2	chr1	43450939.0	43450940.0	1.0	tail_pattern_1	True
chr19_6417086	KHSRP	chr19	6417086.0	6417086.0	0.0	tail_pattern_1	True
chr13_76996058-76996063	CLN5	chr13	76996058.0	76996063.0	1.0	tail_pattern_1	True
chr12_123396384-123396386	KMT5A	chr12	123396384.0	123396386.0	1.0	tail_pattern_1	True
chr12_123409030	KMT5A	chr12	123409030.0	123409030.0	0.0	tail_pattern_1	True
chr4_150905953-150905951	LRBA	chr4	150905951.0	150905953.0	1.0	tail_pattern_1	True
chrX_41569709-41569708	CASK	chrX	41569708.0	41569709.0	1.0	tail_pattern_1	True
chr7_149880246	ATP6V0E2	chr7	149880246.0	149880246.0	0.0	tail_pattern_1	True
chr19_16102621-16102622	TPM4	chr19	16102621.0	16102622.0	1.0	tail_pattern_1	True
chr6_75866938-75866940	MYO6	chr6	75866938.0	75866940.0	1.0	tail_pattern_1	True
chr16_785652-785651	RPUSD1	chr16	785651.0	785652.0	1.0	tail_pattern_1	True
chr19_9412827-9412826	ZNF266	chr19	9412826.0	9412827.0	1.0	tail_pattern_1	True
chr17_57118426	AKAP1	chr17	57118426.0	57118426.0	0.0	tail_pattern_1	True
chr9_35313970-35313971	UNC13B	chr9	35313970.0	35313971.0	1.0	tail_pattern_1	True
chr9_35405143-35405144	UNC13B	chr9	35405143.0	35405144.0	1.0	tail_pattern_1	True
chr19_15427120-15427119	WIZ	chr19	15427119.0	15427120.0	1.0	tail_pattern_1	True
chr2_112552664-112552665	POLR1B	chr2	112552664.0	112552665.0	1.0	tail_pattern_1	True
chr11_134202822	NCAPD3	chr11	134202822.0	134202822.0	0.0	tail_pattern_1	True
chr19_990305	WDR18	chr19	990305.0	990305.0	0.0	tail_pattern_1	True
chr19_994499	WDR18	chr19	994499.0	994499.0	0.0	tail_pattern_1	True
chr11_11956575	USP47	chr11	11956575.0	11956575.0	0.0	tail_pattern_1	True
chr2_219502034	GMPPA	chr2	219502034.0	219502034.0	0.0	tail_pattern_1	True
chr19_12875754-12875753	DNASE2	chr19	12875753.0	12875754.0	1.0	tail_pattern_1	True
chr9_128575245	SPTAN1	chr9	128575245.0	128575245.0	0.0	tail_pattern_1	True
chr9_128577155-128577156	SPTAN1	chr9	128577155.0	128577156.0	1.0	tail_pattern_1	True
chr17_4942655	RNF167	chr17	4942655.0	4942655.0	0.0	tail_pattern_1	True
chr17_4944899-4944900	RNF167	chr17	4944899.0	4944900.0	1.0	tail_pattern_1	True
chr1_19244941	EMC1	chr1	19244941.0	19244941.0	0.0	tail_pattern_1	True
chr14_101983414-101983415	DYNC1H1	chr14	101983414.0	101983415.0	1.0	tail_pattern_1	True
chr14_102012104	DYNC1H1	chr14	102012104.0	102012104.0	0.0	tail_pattern_1	True
chr14_102012434-102012436	DYNC1H1	chr14	102012434.0	102012436.0	1.0	tail_pattern_1	True
chr14_102034336	DYNC1H1	chr14	102034336.0	102034336.0	0.0	tail_pattern_1	True
chr2_74493631-74493633	TTC31	chr2	74493631.0	74493633.0	1.0	tail_pattern_1	True
chr11_47282497	MADD	chr11	47282497.0	47282497.0	0.0	tail_pattern_1	True
chr5_175961349-175961347	THOC3	chr5	175961347.0	175961349.0	1.0	tail_pattern_1	True
chr1_161214191	NDUFS2	chr1	161214191.0	161214191.0	0.0	tail_pattern_1	True
chr1_47251117-47251114	STIL	chr1	47251114.0	47251117.0	1.0	tail_pattern_1	True
chr2_135651958	R3HDM1	chr2	135651958.0	135651958.0	0.0	tail_pattern_1	True
chr3_130969371-130969372	ATP2C1	chr3	130969371.0	130969372.0	1.0	tail_pattern_1	True
chr12_50990886	SLC11A2	chr12	50990886.0	50990886.0	0.0	tail_pattern_1	True
chr2_240788158-240788156	KIF1A	chr2	240788156.0	240788158.0	1.0	tail_pattern_1	True
chr15_52327893-52327892	MYO5A	chr15	52327892.0	52327893.0	1.0	tail_pattern_1	True
chr5_31437254-31437253	DROSHA	chr5	31437253.0	31437254.0	1.0	tail_pattern_1	True
chr19_GL383574v1_alt_42219-42220	LSM14A	chr19_GL383574v1_alt	42219.0	42220.0	1.0	tail_pattern_1	True
chr19_KQ458386v1_fix_255355-255352	HNRNPL	chr19_KQ458386v1_fix	255352.0	255355.0	1.0	tail_pattern_1	True
chr19_KQ458386v1_fix_247278-247277	HNRNPL	chr19_KQ458386v1_fix	247277.0	247278.0	1.0	tail_pattern_1	True
chr17_76680662	MXRA7	chr17	76680662.0	76680662.0	0.0	tail_pattern_1	True
chr14_24440208-24440206	SDR39U1	chr14	24440206.0	24440208.0	1.0	tail_pattern_1	True
chr8_79918938-79918937	TPD52-MRPS28	chr8	79918937.0	79918938.0	1.0	tail_pattern_1	True
chr6_GL000256v2_alt_2940493-2940492	BAG6	chr6_GL000256v2_alt	2940492.0	2940493.0	1.0	tail_pattern_1	True
chr6_GL000256v2_alt_2940489-2940488	BAG6	chr6_GL000256v2_alt	2940488.0	2940489.0	1.0	tail_pattern_1	True
chr4_3187879-3187882	HTT	chr4	3187879.0	3187882.0	1.0	tail_pattern_1	True
chr4_3209903	HTT	chr4	3209903.0	3209903.0	0.0	tail_pattern_1	True
chr4_3214103	HTT	chr4	3214103.0	3214103.0	0.0	tail_pattern_1	True
chr10_102362518	GBF1	chr10	102362518.0	102362518.0	0.0	tail_pattern_1	True
chr20_18159113	KAT14	chr20	18159113.0	18159113.0	0.0	tail_pattern_1	True
chr11_60200514-60200513	MS4A4E	chr11	60200513.0	60200514.0	1.0	tail_pattern_1	True
chr11_72109697-72109696	ANAPC15	chr11	72109696.0	72109697.0	1.0	tail_pattern_1	True
chr10_103595620-103595619	SH3PXD2A	chr10	103595619.0	103595620.0	1.0	tail_pattern_1	True
chr1_39388333	MACF1	chr1	39388333.0	39388333.0	0.0	tail_pattern_1	True
chr1_32226227-32226229	EIF3I	chr1	32226227.0	32226229.0	1.0	tail_pattern_1	True
chr2_27341954-27341953	GTF3C2	chr2	27341953.0	27341954.0	1.0	tail_pattern_1	True
chr2_27326829-27326828	GTF3C2	chr2	27326828.0	27326829.0	1.0	tail_pattern_1	True
chr17_78674360	CYTH1	chr17	78674360.0	78674360.0	0.0	tail_pattern_1	True
chr12_55827531-55827530	DNAJC14	chr12	55827530.0	55827531.0	1.0	tail_pattern_1	True
chr15_65610962	INTS14	chr15	65610962.0	65610962.0	0.0	tail_pattern_1	True
chr19_10685577-10685579	ILF3	chr19	10685577.0	10685579.0	1.0	tail_pattern_1	True
chr14_103685740	KLC1	chr14	103685740.0	103685740.0	0.0	tail_pattern_1	True
chr6_73519098-73519097	EEF1A1	chr6	73519097.0	73519098.0	1.0	tail_pattern_1	True
chr6_73517922-73517921	EEF1A1	chr6	73517921.0	73517922.0	1.0	tail_pattern_1	True
chrX_20127422-20127421	EIF1AX	chrX	20127421.0	20127422.0	1.0	tail_pattern_1	True
chr12_123626493	EIF2B1	chr12	123626493.0	123626493.0	0.0	tail_pattern_1	True
chr6_130870124-130870123	EPB41L2	chr6	130870123.0	130870124.0	1.0	tail_pattern_1	True
chrX_154440472	GDI1	chrX	154440472.0	154440472.0	0.0	tail_pattern_1	True
chr16_27528678	GTF3C1	chr16	27528678.0	27528678.0	0.0	tail_pattern_1	True
chr16_27495466-27495464	GTF3C1	chr16	27495464.0	27495466.0	1.0	tail_pattern_1	True
chr16_83809305-83809306	HSBP1	chr16	83809305.0	83809306.0	1.0	tail_pattern_1	True
chr9_33039672	DNAJA1	chr9	33039672.0	33039672.0	0.0	tail_pattern_1	True
chr1_226360813-226360812	PARP1	chr1	226360812.0	226360813.0	1.0	tail_pattern_1	True
chr12_48938164	ARF3	chr12	48938164.0	48938164.0	0.0	tail_pattern_1	True
chr12_48938154-48938153	ARF3	chr12	48938153.0	48938154.0	1.0	tail_pattern_1	True
chr3_141903644-141903649	ATP1B3	chr3	141903644.0	141903649.0	1.0	tail_pattern_1	True
chr1_111459486-111459487	ATP5PB	chr1	111459486.0	111459487.0	1.0	tail_pattern_1	True
chr1_39757540	BMP8B	chr1	39757540.0	39757540.0	0.0	tail_pattern_1	True
chr5_134741127-134741128	CAMLG	chr5	134741127.0	134741128.0	1.0	tail_pattern_1	True
chr12_4299865	CCND2	chr12	4299865.0	4299865.0	0.0	tail_pattern_1	True
chr12_6235512-6235514	CD9	chr12	6235512.0	6235514.0	1.0	tail_pattern_1	True
chr13_110480358-110480359	COL4A2	chr13	110480358.0	110480359.0	1.0	tail_pattern_1	True
chr13_110484959	COL4A2	chr13	110484959.0	110484959.0	0.0	tail_pattern_1	True
chr13_110506570-110506571	COL4A2	chr13	110506570.0	110506571.0	1.0	tail_pattern_1	True
chr2_97646103-97646104	COX5B	chr2	97646103.0	97646104.0	1.0	tail_pattern_1	True
chr5_86620770-86620771	COX7C	chr5	86620770.0	86620771.0	1.0	tail_pattern_1	True
chr4_165484600	CPE	chr4	165484600.0	165484600.0	0.0	tail_pattern_1	True
chr1_100193158-100193157	DBT	chr1	100193157.0	100193158.0	1.0	tail_pattern_1	True
chr11_61316345-61316343	DDB1	chr11	61316343.0	61316345.0	1.0	tail_pattern_1	True
chr11_61303127	DDB1	chr11	61303127.0	61303127.0	0.0	tail_pattern_1	True
chr8_85202204-85202205	E2F5	chr8	85202204.0	85202205.0	1.0	tail_pattern_1	True
chr5_128537359	FBN2	chr5	128537359.0	128537359.0	0.0	tail_pattern_1	True
chr5_128527939	FBN2	chr5	128527939.0	128527939.0	0.0	tail_pattern_1	True
chr12_2803908-2803909	FKBP4	chr12	2803908.0	2803909.0	1.0	tail_pattern_1	True
chrX_147925593	FMR1	chrX	147925593.0	147925593.0	0.0	tail_pattern_1	True
chr11_61965476-61965474	FTH1	chr11	61965474.0	61965476.0	1.0	tail_pattern_1	True
chr19_3122603	GNA11	chr19	3122603.0	3122603.0	0.0	tail_pattern_1	True
chr12_64737047	GNS	chr12	64737047.0	64737047.0	0.0	tail_pattern_1	True
chr12_64715560-64715559	GNS	chr12	64715559.0	64715560.0	1.0	tail_pattern_1	True
chr10_99406832-99406830	GOT1	chr10	99406830.0	99406832.0	1.0	tail_pattern_1	True
chr16_58723841-58723839	GOT2	chr16	58723839.0	58723841.0	1.0	tail_pattern_1	True
chr17_75321754-75321753	GRB2	chr17	75321753.0	75321754.0	1.0	tail_pattern_1	True
chr17_75318362-75318361	GRB2	chr17	75318361.0	75318362.0	1.0	tail_pattern_1	True
chr19_48968732-48968731	GYS1	chr19	48968731.0	48968732.0	1.0	tail_pattern_1	True
chr6_GL000256v2_alt_2570774-2570773	HLA-C	chr6_GL000256v2_alt	2570773.0	2570774.0	1.0	tail_pattern_1	True
chr9_83972108-83972106	HNRNPK	chr9	83972106.0	83972108.0	1.0	tail_pattern_1	True
chr19_17974223-17974226	KCNN1	chr19	17974223.0	17974226.0	1.0	tail_pattern_1	True
chr17_47665127-47665128	KPNB1	chr17	47665127.0	47665128.0	1.0	tail_pattern_1	True
chr3_160501991-160501990	KPNA4	chr3	160501990.0	160501991.0	1.0	tail_pattern_1	True
chr1_183103609-183103611	LAMC1	chr1	183103609.0	183103611.0	1.0	tail_pattern_1	True
chr12_57185613	LRP1	chr12	57185613.0	57185613.0	0.0	tail_pattern_1	True
chr12_57197377-57197378	LRP1	chr12	57197377.0	57197378.0	1.0	tail_pattern_1	True
chr12_57211259-57211261	LRP1	chr12	57211259.0	57211261.0	1.0	tail_pattern_1	True
chr19_33207551	LRP3	chr19	33207551.0	33207551.0	0.0	tail_pattern_1	True
chr4_3524963-3524962	LRPAP1	chr4	3524962.0	3524963.0	1.0	tail_pattern_1	True
chr12_8941820	M6PR	chr12	8941820.0	8941820.0	0.0	tail_pattern_1	True
chr12_8941307-8941306	M6PR	chr12	8941306.0	8941307.0	1.0	tail_pattern_1	True
chr6_83407868-83407867	ME1	chr6	83407867.0	83407868.0	1.0	tail_pattern_1	True
chr6_83398382	ME1	chr6	83398382.0	83398382.0	0.0	tail_pattern_1	True
chr6_83216550-83216548	ME1	chr6	83216548.0	83216550.0	1.0	tail_pattern_1	True
chr5_80768937-80768939	MSH3	chr5	80768937.0	80768939.0	1.0	tail_pattern_1	True
chr3_179615044-179615049	NDUFB5	chr3	179615044.0	179615049.0	1.0	tail_pattern_1	True
chr9_32571025-32571023	NDUFB6	chr9	32571023.0	32571025.0	1.0	tail_pattern_1	True
chr1_51825296-51825290	NRDC	chr1	51825290.0	51825296.0	1.0	tail_pattern_1	True
chr1_51814770-51814768	NRDC	chr1	51814768.0	51814770.0	1.0	tail_pattern_1	True
chr1_51794560	NRDC	chr1	51794560.0	51794560.0	0.0	tail_pattern_1	True
chr1_51791640	NRDC	chr1	51791640.0	51791640.0	0.0	tail_pattern_1	True
chr12_118144937-118144938	PEBP1	chr12	118144937.0	118144938.0	1.0	tail_pattern_1	True
chr12_79589064	PAWR	chr12	79589064.0	79589064.0	0.0	tail_pattern_1	True
chr6_170583716-170583712	PDCD2	chr6	170583712.0	170583716.0	1.0	tail_pattern_1	True
chr5_140245176-140245173	PFDN1	chr5	140245173.0	140245176.0	1.0	tail_pattern_1	True
chr10_97431121	PGAM1	chr10	97431121.0	97431121.0	0.0	tail_pattern_1	True
chr10_97433373	PGAM1	chr10	97433373.0	97433373.0	0.0	tail_pattern_1	True
chr4_154548843-154548841	PLRG1	chr4	154548841.0	154548843.0	1.0	tail_pattern_1	True
chr19_1089957	POLR2E	chr19	1089957.0	1089957.0	0.0	tail_pattern_1	True
chr19_1089904-1089902	POLR2E	chr19	1089902.0	1089904.0	1.0	tail_pattern_1	True
chr6_105333473-105333471	PREP	chr6	105333471.0	105333473.0	1.0	tail_pattern_1	True
chr11_14520298	PSMA1	chr11	14520298.0	14520298.0	0.0	tail_pattern_1	True
chr15_78545684	PSMA4	chr15	78545684.0	78545684.0	0.0	tail_pattern_1	True
chr1_35603334-35603333	PSMB2	chr1	35603333.0	35603334.0	1.0	tail_pattern_1	True
chr2_231172629	PSMD1	chr2	231172629.0	231172629.0	0.0	tail_pattern_1	True
chr3_184303322-184303324	PSMD2	chr3	184303322.0	184303324.0	1.0	tail_pattern_1	True
chr3_184307395-184307397	PSMD2	chr3	184307395.0	184307397.0	1.0	tail_pattern_1	True
chr17_39984350-39984351	PSMD3	chr17	39984350.0	39984351.0	1.0	tail_pattern_1	True
chr1_151265180	PSMD4	chr1	151265180.0	151265180.0	0.0	tail_pattern_1	True
chr19_38383622	PSMD8	chr19	38383622.0	38383622.0	0.0	tail_pattern_1	True
chr11_239043	PSMD13	chr11	239043.0	239043.0	0.0	tail_pattern_1	True
chr14_KZ208920v1_fix_445176-445174	PSME2	chr14_KZ208920v1_fix	445174.0	445176.0	1.0	tail_pattern_1	True
chr14_KZ208920v1_fix_444954	PSME2	chr14_KZ208920v1_fix	444954.0	444954.0	0.0	tail_pattern_1	True
chr6_43160865	PTK7	chr6	43160865.0	43160865.0	0.0	tail_pattern_1	True
chr20_3021373	PTPRA	chr20	3021373.0	3021373.0	0.0	tail_pattern_1	True
chr5_34914788-34914786	RAD1	chr5	34914786.0	34914788.0	1.0	tail_pattern_1	True
chr1_160282085	PEX19	chr1	160282085.0	160282085.0	0.0	tail_pattern_1	True
chr20_25278322-25278324	PYGB	chr20	25278322.0	25278324.0	1.0	tail_pattern_1	True
chr6_GL000256v2_alt_3255322	NELFE	chr6_GL000256v2_alt	3255322.0	3255322.0	0.0	tail_pattern_1	True
chr12_21501357	RECQL	chr12	21501357.0	21501357.0	0.0	tail_pattern_1	True
chr4_145104441-145104442	ABCE1	chr4	145104441.0	145104442.0	1.0	tail_pattern_1	True
chr3_128622242	RPN1	chr3	128622242.0	128622242.0	0.0	tail_pattern_1	True
chr16_1963253	RPS2	chr16	1963253.0	1963253.0	0.0	tail_pattern_1	True
chr22_50466388	SBF1	chr22	50466388.0	50466388.0	0.0	tail_pattern_1	True
chr22_50455045	SBF1	chr22	50455045.0	50455045.0	0.0	tail_pattern_1	True
chr22_50447239	SBF1	chr22	50447239.0	50447239.0	0.0	tail_pattern_1	True
chr1_53027998-53027999	SCP2	chr1	53027998.0	53027999.0	1.0	tail_pattern_1	True
chr11_112094819-112094820	SDHD	chr11	112094819.0	112094820.0	1.0	tail_pattern_1	True
chr4_2836505-2836506	SH3BP2	chr4	2836505.0	2836506.0	1.0	tail_pattern_1	True
chr3_47710766	SMARCC1	chr3	47710766.0	47710766.0	0.0	tail_pattern_1	True
chr3_47586342-47586341	SMARCC1	chr3	47586341.0	47586342.0	1.0	tail_pattern_1	True
chr12_50090273	SMARCD1	chr12	50090273.0	50090273.0	0.0	tail_pattern_1	True
chr7_5606011-5606017	FSCN1	chr7	5606011.0	5606017.0	1.0	tail_pattern_1	True
chr7_5606283	FSCN1	chr7	5606283.0	5606283.0	0.0	tail_pattern_1	True
chr15_101281662	SNRPA1	chr15	101281662.0	101281662.0	0.0	tail_pattern_1	True
chr15_45043372-45043373	SORD	chr15	45043372.0	45043373.0	1.0	tail_pattern_1	True
chr1_156009266	SSR2	chr1	156009266.0	156009266.0	0.0	tail_pattern_1	True
chr3_196050005	TFRC	chr3	196050005.0	196050005.0	0.0	tail_pattern_1	True
chr21_44037839-44037840	TRAPPC10	chr21	44037839.0	44037840.0	1.0	tail_pattern_1	True
chr12_98534200	TMPO	chr12	98534200.0	98534200.0	0.0	tail_pattern_1	True
chr20_41098265-41098268	TOP1	chr20	41098265.0	41098268.0	1.0	tail_pattern_1	True
chr1_186373383-186373382	TPR	chr1	186373382.0	186373383.0	1.0	tail_pattern_1	True
chr7_100868736	TRIP6	chr7	100868736.0	100868736.0	0.0	tail_pattern_1	True
chr7_100868770	TRIP6	chr7	100868770.0	100868770.0	0.0	tail_pattern_1	True
chr7_100873195	TRIP6	chr7	100873195.0	100873195.0	0.0	tail_pattern_1	True
chr21_37096639-37096641	TTC3	chr21	37096639.0	37096641.0	1.0	tail_pattern_1	True
chr21_37166197	TTC3	chr21	37166197.0	37166197.0	0.0	tail_pattern_1	True
chr21_37195727	TTC3	chr21	37195727.0	37195727.0	0.0	tail_pattern_1	True
chr22_19405844	HIRA	chr22	19405844.0	19405844.0	0.0	tail_pattern_1	True
chr22_19353385	HIRA	chr22	19353385.0	19353385.0	0.0	tail_pattern_1	True
chr9_110250835	TXN	chr9	110250835.0	110250835.0	0.0	tail_pattern_1	True
chrX_119583858-119583859	UBE2A	chrX	119583858.0	119583859.0	1.0	tail_pattern_1	True
chr10_58368878-58368882	UBE2D1	chr10	58368878.0	58368882.0	1.0	tail_pattern_1	True
chr16_KV880768v1_fix_1124365-1124364	UQCRC2	chr16_KV880768v1_fix	1124364.0	1124365.0	1.0	tail_pattern_1	True
chr10_74118379-74118380	VCL	chr10	74118379.0	74118380.0	1.0	tail_pattern_1	True
chr11_64236323	VEGFB	chr11	64236323.0	64236323.0	0.0	tail_pattern_1	True
chr10_17235211-17235213	VIM	chr10	17235211.0	17235213.0	1.0	tail_pattern_1	True
chr14_100281630	YY1	chr14	100281630.0	100281630.0	0.0	tail_pattern_1	True
chr11_108104658-108104660	CUL5	chr11	108104658.0	108104660.0	1.0	tail_pattern_1	True
chr12_65964464	HMGA2	chr12	65964464.0	65964464.0	0.0	tail_pattern_1	True
chr12_65964467-65964470	HMGA2	chr12	65964467.0	65964470.0	1.0	tail_pattern_1	True
chr1_46277918	RAD54L	chr1	46277918.0	46277918.0	0.0	tail_pattern_1	True
chr21_39178607-39178606	PSMG1	chr21	39178606.0	39178607.0	1.0	tail_pattern_1	True
chr8_KZ208915v1_fix_3616124-3616122	TNKS	chr8_KZ208915v1_fix	3616122.0	3616124.0	1.0	tail_pattern_1	True
chr8_KZ208915v1_fix_3567209-3567208	TNKS	chr8_KZ208915v1_fix	3567208.0	3567209.0	1.0	tail_pattern_1	True
chr10_119072982-119072981	EIF3A	chr10	119072981.0	119072982.0	1.0	tail_pattern_1	True
chr11_7987668	EIF3F	chr11	7987668.0	7987668.0	0.0	tail_pattern_1	True
chr11_7996052	EIF3F	chr11	7996052.0	7996052.0	0.0	tail_pattern_1	True
chr8_116726168	EIF3H	chr8	116726168.0	116726168.0	0.0	tail_pattern_1	True
chr8_116657229-116657225	EIF3H	chr8	116657225.0	116657229.0	1.0	tail_pattern_1	True
chr6_108223032-108223029	SNX3	chr6	108223029.0	108223032.0	1.0	tail_pattern_1	True
chr6_108211913	SNX3	chr6	108211913.0	108211913.0	0.0	tail_pattern_1	True
chr8_144084000	GPAA1	chr8	144084000.0	144084000.0	0.0	tail_pattern_1	True
chr8_KI270822v1_alt_10926-10927	ADAM9	chr8_KI270822v1_alt	10926.0	10927.0	1.0	tail_pattern_1	True
chr8_KI270822v1_alt_10929-10931	ADAM9	chr8_KI270822v1_alt	10929.0	10931.0	1.0	tail_pattern_1	True
chr19_47492025	NAPA	chr19	47492025.0	47492025.0	0.0	tail_pattern_1	True
chr13_47943169-47943168	SUCLA2	chr13	47943168.0	47943169.0	1.0	tail_pattern_1	True
chr1_167546104-167546103	CREG1	chr1	167546103.0	167546104.0	1.0	tail_pattern_1	True
chr15_90433720-90433725	IQGAP1	chr15	90433720.0	90433725.0	1.0	tail_pattern_1	True
chr11_116782230-116782228	ZPR1	chr11	116782228.0	116782230.0	1.0	tail_pattern_1	True
chr12_56434113-56434112	TIMELESS	chr12	56434112.0	56434113.0	1.0	tail_pattern_1	True
chr6_110179558-110179557	WASF1	chr6	110179557.0	110179558.0	1.0	tail_pattern_1	True
chr22_40824901-40824900	ST13	chr22	40824900.0	40824901.0	1.0	tail_pattern_1	True
chr15_90981763-90981761	PRC1	chr15	90981761.0	90981763.0	1.0	tail_pattern_1	True
chr15_KI270849v1_alt_41070-41071	B2M	chr15_KI270849v1_alt	41070.0	41071.0	1.0	tail_pattern_1	True
chr12_56282467-56282465	CS	chr12	56282465.0	56282467.0	1.0	tail_pattern_1	True
chr12_56276195-56276194	CS	chr12	56276194.0	56276195.0	1.0	tail_pattern_1	True
chr2_74378181	DCTN1	chr2	74378181.0	74378181.0	0.0	tail_pattern_1	True
chr2_74369480	DCTN1	chr2	74369480.0	74369480.0	0.0	tail_pattern_1	True
chr10_70422027-70422028	EIF4EBP2	chr10	70422027.0	70422028.0	1.0	tail_pattern_1	True
chr14_54477271-54477270	GMFB	chr14	54477270.0	54477271.0	1.0	tail_pattern_1	True
chr3_149009377	GYG1	chr3	149009377.0	149009377.0	0.0	tail_pattern_1	True
chr3_149027118-149027119	GYG1	chr3	149027118.0	149027119.0	1.0	tail_pattern_1	True
chr5_138574124	HSPA9	chr5	138574124.0	138574124.0	0.0	tail_pattern_1	True
chr22_31420277	DRG1	chr22	31420277.0	31420277.0	0.0	tail_pattern_1	True
chr19_2271393	OAZ1	chr19	2271393.0	2271393.0	0.0	tail_pattern_1	True
chr19_2273370-2273372	OAZ1	chr19	2273370.0	2273372.0	1.0	tail_pattern_1	True
chr17_KV766198v1_alt_88789	SHMT1	chr17_KV766198v1_alt	88789.0	88789.0	0.0	tail_pattern_1	True
chr17_KV766198v1_alt_88551	SHMT1	chr17_KV766198v1_alt	88551.0	88551.0	0.0	tail_pattern_1	True
chr4_41261738-41261740	UCHL1	chr4	41261738.0	41261740.0	1.0	tail_pattern_1	True
chr4_41268226-41268227	UCHL1	chr4	41268226.0	41268227.0	1.0	tail_pattern_1	True
chr15_74926773-74926772	COX5A	chr15	74926772.0	74926773.0	1.0	tail_pattern_1	True
chr5_37289655-37289654	NUP155	chr5	37289654.0	37289655.0	1.0	tail_pattern_1	True
chrX_75065146	ABCB7	chrX	75065146.0	75065146.0	0.0	tail_pattern_1	True
chr8_18071323-18071322	ASAH1	chr8	18071322.0	18071323.0	1.0	tail_pattern_1	True
chr11_64270107	BAD	chr11	64270107.0	64270107.0	0.0	tail_pattern_1	True
chr19_48961014-48961015	BAX	chr19	48961014.0	48961015.0	1.0	tail_pattern_1	True
chr2_110650571-110650570	BUB1	chr2	110650570.0	110650571.0	1.0	tail_pattern_1	True
chr2_110639839-110639837	BUB1	chr2	110639837.0	110639839.0	1.0	tail_pattern_1	True
chr2_27223618-27223620	CAD	chr2	27223618.0	27223620.0	1.0	tail_pattern_1	True
chr2_27224361	CAD	chr2	27224361.0	27224361.0	0.0	tail_pattern_1	True
chr2_27232039-27232040	CAD	chr2	27232039.0	27232040.0	1.0	tail_pattern_1	True
chr2_27232648-27232649	CAD	chr2	27232648.0	27232649.0	1.0	tail_pattern_1	True
chr19_12940843	CALR	chr19	12940843.0	12940843.0	0.0	tail_pattern_1	True
chr12_120440583-120440585	COX6A1	chr12	120440583.0	120440585.0	1.0	tail_pattern_1	True
chr8_99878179-99878178	COX6C	chr8	99878178.0	99878179.0	1.0	tail_pattern_1	True
chr5_83580061-83580062	VCAN	chr5	83580061.0	83580062.0	1.0	tail_pattern_1	True
chr14_69380271-69380270	ERH	chr14	69380270.0	69380271.0	1.0	tail_pattern_1	True
chr10_92630271-92630273	KIF11	chr10	92630271.0	92630273.0	1.0	tail_pattern_1	True
chr5_53101492-53101490	MOCS2	chr5	53101490.0	53101492.0	1.0	tail_pattern_1	True
chrX_119873321-119873324	NDUFA1	chrX	119873321.0	119873324.0	1.0	tail_pattern_1	True
chr11_KZ559109v1_fix_8751-8752	NDUFS3	chr11_KZ559109v1_fix	8751.0	8752.0	1.0	tail_pattern_1	True
chr11_KZ559109v1_fix_10244-10245	NDUFS3	chr11_KZ559109v1_fix	10244.0	10245.0	1.0	tail_pattern_1	True
chr5_1814351-1814353	NDUFS6	chr5	1814351.0	1814353.0	1.0	tail_pattern_1	True
chrX_20154531-20154530	RPS6KA3	chrX	20154530.0	20154531.0	1.0	tail_pattern_1	True
chr15_65877356-65877357	RAB11A	chr15	65877356.0	65877357.0	1.0	tail_pattern_1	True
chr17_5380439-5380440	RABEP1	chr17	5380439.0	5380440.0	1.0	tail_pattern_1	True
chr10_KI270825v1_alt_74568-74567	DLG5	chr10_KI270825v1_alt	74567.0	74568.0	1.0	tail_pattern_1	True
chr7_45104580	TBRG4	chr7	45104580.0	45104580.0	0.0	tail_pattern_1	True
chr17_39440445-39440444	MED1	chr17	39440444.0	39440445.0	1.0	tail_pattern_1	True
chr17_39407907-39407906	MED1	chr17	39407906.0	39407907.0	1.0	tail_pattern_1	True
chr22_20870466-20870467	SNAP29	chr22	20870466.0	20870467.0	1.0	tail_pattern_1	True
chr11_118397258	UBE4A	chr11	118397258.0	118397258.0	0.0	tail_pattern_1	True
chr1_31291974	SNRNP40	chr1	31291974.0	31291974.0	0.0	tail_pattern_1	True
chr1_31261631-31261629	SNRNP40	chr1	31261629.0	31261631.0	1.0	tail_pattern_1	True
chr3_15269757-15269756	SH3BP5	chr3	15269756.0	15269757.0	1.0	tail_pattern_1	True
chr3_15255825	SH3BP5	chr3	15255825.0	15255825.0	0.0	tail_pattern_1	True
chr9_114598016	ATP6V1G1	chr9	114598016.0	114598016.0	0.0	tail_pattern_1	True
chr14_22771624-22771625	OXA1L	chr14	22771624.0	22771625.0	1.0	tail_pattern_1	True
chr12_53479844-53479847	PCBP2	chr12	53479844.0	53479847.0	1.0	tail_pattern_1	True
chr16_23689282	PLK1	chr16	23689282.0	23689282.0	0.0	tail_pattern_1	True
chrX_3607418-3607416	PRKX	chrX	3607416.0	3607418.0	1.0	tail_pattern_1	True
chr3_49099848	QARS1	chr3	49099848.0	49099848.0	0.0	tail_pattern_1	True
chr10_100362656-100362657	SCD	chr10	100362656.0	100362657.0	1.0	tail_pattern_1	True
chr1_145925222-145925221	RBM8A	chr1	145925221.0	145925222.0	1.0	tail_pattern_1	True
chrX_71122871	MED12	chrX	71122871.0	71122871.0	0.0	tail_pattern_1	True
chr1_112710786-112710785	PPM1J	chr1	112710785.0	112710786.0	1.0	tail_pattern_1	True
chr22_20917950-20917951	CRKL	chr22	20917950.0	20917951.0	1.0	tail_pattern_1	True
chr11_ML143359v1_fix_176958	CTTN	chr11_ML143359v1_fix	176958.0	176958.0	0.0	tail_pattern_1	True
chr19_17245472	NR2F6	chr19	17245472.0	17245472.0	0.0	tail_pattern_1	True
chr15_40767599	GCHFR	chr15	40767599.0	40767599.0	0.0	tail_pattern_1	True
chr7_100676559	GNB2	chr7	100676559.0	100676559.0	0.0	tail_pattern_1	True
chr17_75777973-75777972	H3-3B	chr17	75777972.0	75777973.0	1.0	tail_pattern_1	True
chr4_39778868	UBE2K	chr4	39778868.0	39778868.0	0.0	tail_pattern_1	True
chr8_24914311	NEFM	chr8	24914311.0	24914311.0	0.0	tail_pattern_1	True
chr1_3734956-3734957	TP73	chr1	3734956.0	3734957.0	1.0	tail_pattern_1	True
chr10_59789543-59789542	CCDC6	chr10	59789542.0	59789543.0	1.0	tail_pattern_1	True
chr17_43028576	RND2	chr17	43028576.0	43028576.0	0.0	tail_pattern_1	True
chr19_KI270868v1_alt_48101-48100	MED16	chr19_KI270868v1_alt	48100.0	48101.0	1.0	tail_pattern_1	True
chr1_77090169	PIGK	chr1	77090169.0	77090169.0	0.0	tail_pattern_1	True
chr11_65855434-65855433	CFL1	chr11	65855433.0	65855434.0	1.0	tail_pattern_1	True
chr1_26475467	HMGN2	chr1	26475467.0	26475467.0	0.0	tail_pattern_1	True
chr1_26475870-26475871	HMGN2	chr1	26475870.0	26475871.0	1.0	tail_pattern_1	True
chr15_78166220	IDH3A	chr15	78166220.0	78166220.0	0.0	tail_pattern_1	True
chr14_74071478	ALDH6A1	chr14	74071478.0	74071478.0	0.0	tail_pattern_1	True
chr11_94417979	MRE11	chr11	94417979.0	94417979.0	0.0	tail_pattern_1	True
chr1_32669237	RBBP4	chr1	32669237.0	32669237.0	0.0	tail_pattern_1	True
chr16_53470747	RBL2	chr16	53470747.0	53470747.0	0.0	tail_pattern_1	True
chrX_153693266	SLC6A8	chrX	153693266.0	153693266.0	0.0	tail_pattern_1	True
chrX_153693270	SLC6A8	chrX	153693270.0	153693270.0	0.0	tail_pattern_1	True
chr5_93594461-93594462	NR2F1	chr5	93594461.0	93594462.0	1.0	tail_pattern_1	True
chr5_112876654-112876652	REEP5	chr5	112876652.0	112876654.0	1.0	tail_pattern_1	True
chr1_29303871	PTPRU	chr1	29303871.0	29303871.0	0.0	tail_pattern_1	True
chr1_29323458-29323459	PTPRU	chr1	29323458.0	29323459.0	1.0	tail_pattern_1	True
chr19_14478487-14478485	GIPC1	chr19	14478485.0	14478487.0	1.0	tail_pattern_1	True
chr2_113957529	ACTR3	chr2	113957529.0	113957529.0	0.0	tail_pattern_1	True
chr2_218254284-218254285	ARPC2	chr2	218254284.0	218254285.0	1.0	tail_pattern_1	True
chr7_106274994-106274992	NAMPT	chr7	106274992.0	106274994.0	1.0	tail_pattern_1	True
chrX_40599657-40599659	ATP6AP2	chrX	40599657.0	40599659.0	1.0	tail_pattern_1	True
chrX_40600805	ATP6AP2	chrX	40600805.0	40600805.0	0.0	tail_pattern_1	True
chr17_63589825	DCAF7	chr17	63589825.0	63589825.0	0.0	tail_pattern_1	True
chr16_57753168	KATNB1	chr16	57753168.0	57753168.0	0.0	tail_pattern_1	True
chr11_34100992-34100993	CAPRIN1	chr11	34100992.0	34100993.0	1.0	tail_pattern_1	True
chr6_119290700	MAN1A1	chr6	119290700.0	119290700.0	0.0	tail_pattern_1	True
chr7_76060404-76060407	MDH2	chr7	76060404.0	76060407.0	1.0	tail_pattern_1	True
chr7_76066289	MDH2	chr7	76066289.0	76066289.0	0.0	tail_pattern_1	True
chr1_156787165-156787166	PRCC	chr1	156787165.0	156787166.0	1.0	tail_pattern_1	True
chr17_KI270860v1_alt_174382	TBCD	chr17_KI270860v1_alt	174382.0	174382.0	0.0	tail_pattern_1	True
chr17_KI270860v1_alt_161974	TBCD	chr17_KI270860v1_alt	161974.0	161974.0	0.0	tail_pattern_1	True
chr19_6364500	CLPP	chr19	6364500.0	6364500.0	0.0	tail_pattern_1	True
chr19_6368667	CLPP	chr19	6368667.0	6368667.0	0.0	tail_pattern_1	True
chr14_102943892	CDC42BPB	chr14	102943892.0	102943892.0	0.0	tail_pattern_1	True
chr14_102938152	CDC42BPB	chr14	102938152.0	102938152.0	0.0	tail_pattern_1	True
chr2_73227115	SMYD5	chr2	73227115.0	73227115.0	0.0	tail_pattern_1	True
chr1_45551081	AKR1A1	chr1	45551081.0	45551081.0	0.0	tail_pattern_1	True
chr12_49128594-49128593	TUBA1B	chr12	49128593.0	49128594.0	1.0	tail_pattern_1	True
chr12_49128048	TUBA1B	chr12	49128048.0	49128048.0	0.0	tail_pattern_1	True
chr5_181243861-181243859	RACK1	chr5	181243859.0	181243861.0	1.0	tail_pattern_1	True
chr1_39749068	PPIE	chr1	39749068.0	39749068.0	0.0	tail_pattern_1	True
chr14_KZ208920v1_fix_517957-517956	NEDD8	chr14_KZ208920v1_fix	517956.0	517957.0	1.0	tail_pattern_1	True
chr6_131868047	ENPP1	chr6	131868047.0	131868047.0	0.0	tail_pattern_1	True
chr20_45909552	PLTP	chr20	45909552.0	45909552.0	0.0	tail_pattern_1	True
chr20_45905033	PLTP	chr20	45905033.0	45905033.0	0.0	tail_pattern_1	True
chr8_116863213-116863212	RAD21	chr8	116863212.0	116863213.0	1.0	tail_pattern_1	True
chr8_116847474-116847472	RAD21	chr8	116847472.0	116847474.0	1.0	tail_pattern_1	True
chr9_35719772-35719770	TLN1	chr9	35719770.0	35719772.0	1.0	tail_pattern_1	True
chr9_35710623-35710621	TLN1	chr9	35710621.0	35710623.0	1.0	tail_pattern_1	True
chr9_35698912-35698910	TLN1	chr9	35698910.0	35698912.0	1.0	tail_pattern_1	True
chr6_GL000256v2_alt_3081608	VARS1	chr6_GL000256v2_alt	3081608.0	3081608.0	0.0	tail_pattern_1	True
chr6_GL000256v2_alt_3078944	VARS1	chr6_GL000256v2_alt	3078944.0	3078944.0	0.0	tail_pattern_1	True
chr6_GL000256v2_alt_3078933-3078932	VARS1	chr6_GL000256v2_alt	3078932.0	3078933.0	1.0	tail_pattern_1	True
chr16_29858697-29858695	CDIPT	chr16	29858695.0	29858697.0	1.0	tail_pattern_1	True
chr4_128270304-128270301	PGRMC2	chr4	128270301.0	128270304.0	1.0	tail_pattern_1	True
chr12_6974430	EMG1	chr12	6974430.0	6974430.0	0.0	tail_pattern_1	True
chr4_42087115	SLC30A9	chr4	42087115.0	42087115.0	0.0	tail_pattern_1	True
chr4_42087184-42087185	SLC30A9	chr4	42087184.0	42087185.0	1.0	tail_pattern_1	True
chr11_32587092-32587094	EIF3M	chr11	32587092.0	32587094.0	1.0	tail_pattern_1	True
chr11_32600732-32600735	EIF3M	chr11	32600732.0	32600735.0	1.0	tail_pattern_1	True
chr14_67656436-67656435	VTI1B	chr14	67656435.0	67656436.0	1.0	tail_pattern_1	True
chr3_33143329-33143330	CRTAP	chr3	33143329.0	33143330.0	1.0	tail_pattern_1	True
chr11_KN196481v1_fix_76865	HYOU1	chr11_KN196481v1_fix	76865.0	76865.0	0.0	tail_pattern_1	True
chr11_KN196481v1_fix_70092-70091	HYOU1	chr11_KN196481v1_fix	70091.0	70092.0	1.0	tail_pattern_1	True
chr11_KN196481v1_fix_69631-69626	HYOU1	chr11_KN196481v1_fix	69626.0	69631.0	1.0	tail_pattern_1	True
chr11_9428573-9428574	IPO7	chr11	9428573.0	9428574.0	1.0	tail_pattern_1	True
chr11_9445686	IPO7	chr11	9445686.0	9445686.0	0.0	tail_pattern_1	True
chrX_23679225-23679227	PRDX4	chrX	23679225.0	23679227.0	1.0	tail_pattern_1	True
chr7_99344423-99344426	ARPC1A	chr7	99344423.0	99344426.0	1.0	tail_pattern_1	True
chr17_KI270861v1_alt_108624	PRPF8	chr17_KI270861v1_alt	108624.0	108624.0	0.0	tail_pattern_1	True
chr17_KI270861v1_alt_106705	PRPF8	chr17_KI270861v1_alt	106705.0	106705.0	0.0	tail_pattern_1	True
chr17_KI270861v1_alt_104612-104611	PRPF8	chr17_KI270861v1_alt	104611.0	104612.0	1.0	tail_pattern_1	True
chr17_KI270861v1_alt_92136-92134	PRPF8	chr17_KI270861v1_alt	92134.0	92136.0	1.0	tail_pattern_1	True
chr4_56460159-56460160	PAICS	chr4	56460159.0	56460160.0	1.0	tail_pattern_1	True
chr17_28592955	SPAG5	chr17	28592955.0	28592955.0	0.0	tail_pattern_1	True
chr17_28577719-28577718	SPAG5	chr17	28577718.0	28577719.0	1.0	tail_pattern_1	True
chr1_109574017-109574019	GNAI3	chr1	109574017.0	109574019.0	1.0	tail_pattern_1	True
chr6_GL000256v2_alt_212857-212856	TRIM27	chr6_GL000256v2_alt	212856.0	212857.0	1.0	tail_pattern_1	True
chr1_42926728-42926727	SLC2A1	chr1	42926727.0	42926728.0	1.0	tail_pattern_1	True
chr14_57244345-57244343	EXOC5	chr14	57244343.0	57244345.0	1.0	tail_pattern_1	True
chr17_49043468	IGF2BP1	chr17	49043468.0	49043468.0	0.0	tail_pattern_1	True
chr17_49053635-49053636	IGF2BP1	chr17	49053635.0	49053636.0	1.0	tail_pattern_1	True
chr8_135457782	KHDRBS3	chr8	135457782.0	135457782.0	0.0	tail_pattern_1	True
chr6_42935606-42935608	CNPY3	chr6	42935606.0	42935608.0	1.0	tail_pattern_1	True
chr11_123060134-123060133	HSPA8	chr11	123060133.0	123060134.0	1.0	tail_pattern_1	True
chr13_31138811	HSPH1	chr13	31138811.0	31138811.0	0.0	tail_pattern_1	True
chr4_786031	CPLX1	chr4	786031.0	786031.0	0.0	tail_pattern_1	True
chrX_119243975	PGRMC1	chrX	119243975.0	119243975.0	0.0	tail_pattern_1	True
chr6_GL000256v2_alt_3181437	EHMT2	chr6_GL000256v2_alt	3181437.0	3181437.0	0.0	tail_pattern_1	True
chr6_GL000256v2_alt_0-0	EHMT2	chr6_GL000256v2_alt	0.0	0.0	0.0	tail_pattern_1	True
chr22_35424407	MCM5	chr22	35424407.0	35424407.0	0.0	tail_pattern_1	True
chrX_48580153-48580154	RBM3	chrX	48580153.0	48580154.0	1.0	tail_pattern_1	True
chr22_20990461-20990462	LZTR1	chr22	20990461.0	20990462.0	1.0	tail_pattern_1	True
chr10_119168413-119168410	PRDX3	chr10	119168410.0	119168413.0	1.0	tail_pattern_1	True
chr10_119168303-119168302	PRDX3	chr10	119168302.0	119168303.0	1.0	tail_pattern_1	True
chr5_177338569-177338568	LMAN2	chr5	177338568.0	177338569.0	1.0	tail_pattern_1	True
chr5_177337169-177337168	LMAN2	chr5	177337168.0	177337169.0	1.0	tail_pattern_1	True
chr12_112022846	ERP29	chr12	112022846.0	112022846.0	0.0	tail_pattern_1	True
chr12_112022858-112022859	ERP29	chr12	112022858.0	112022859.0	1.0	tail_pattern_1	True
chr2_9584979-9584978	YWHAQ	chr2	9584978.0	9584979.0	1.0	tail_pattern_1	True
chr2_9584365-9584364	YWHAQ	chr2	9584364.0	9584365.0	1.0	tail_pattern_1	True
chr12_120144646	GCN1	chr12	120144646.0	120144646.0	0.0	tail_pattern_1	True
chr12_120140907	GCN1	chr12	120140907.0	120140907.0	0.0	tail_pattern_1	True
chr20_59028814-59028812	ATP5F1E	chr20	59028812.0	59028814.0	1.0	tail_pattern_1	True
chr20_2660769	IDH3B	chr20	2660769.0	2660769.0	0.0	tail_pattern_1	True
chr8_47954446-47954445	PRKDC	chr8	47954445.0	47954446.0	1.0	tail_pattern_1	True
chr8_47929859-47929857	PRKDC	chr8	47929857.0	47929859.0	1.0	tail_pattern_1	True
chr8_47849298	PRKDC	chr8	47849298.0	47849298.0	0.0	tail_pattern_1	True
chr8_47789220	PRKDC	chr8	47789220.0	47789220.0	0.0	tail_pattern_1	True
chr1_155911290-155911289	RIT1	chr1	155911289.0	155911290.0	1.0	tail_pattern_1	True
chr6_GL000256v2_alt_3496258-3496260	RNF5	chr6_GL000256v2_alt	3496258.0	3496260.0	1.0	tail_pattern_1	True
chr10_45003653-45003654	ZNF22	chr10	45003653.0	45003654.0	1.0	tail_pattern_1	True
chr3_133643345-133643343	TOPBP1	chr3	133643343.0	133643345.0	1.0	tail_pattern_1	True
chrX_49075653	WDR45	chrX	49075653.0	49075653.0	0.0	tail_pattern_1	True
chr11_67611078-67611080	NDUFV1	chr11	67611078.0	67611080.0	1.0	tail_pattern_1	True
chr19_2244590	SF3A2	chr19	2244590.0	2244590.0	0.0	tail_pattern_1	True
chr12_15889959-15889960	STRAP	chr12	15889959.0	15889960.0	1.0	tail_pattern_1	True
chr3_131498207	MRPL3	chr3	131498207.0	131498207.0	0.0	tail_pattern_1	True
chr1_156232351-156232352	PMF1	chr1	156232351.0	156232352.0	1.0	tail_pattern_1	True
chr12_64431750	XPOT	chr12	64431750.0	64431750.0	0.0	tail_pattern_1	True
chr12_64450844-64450845	XPOT	chr12	64450844.0	64450845.0	1.0	tail_pattern_1	True
chr15_41280156	CHP1	chr15	41280156.0	41280156.0	0.0	tail_pattern_1	True
chr10_73148281-73148279	ECD	chr10	73148279.0	73148281.0	1.0	tail_pattern_1	True
chr2_151801825-151801824	ARL5A	chr2	151801824.0	151801825.0	1.0	tail_pattern_1	True
chr21_41226299-41226301	BACE2	chr21	41226299.0	41226301.0	1.0	tail_pattern_1	True
chr21_41257193-41257194	BACE2	chr21	41257193.0	41257194.0	1.0	tail_pattern_1	True
chr14_77462655-77462656	AHSA1	chr14	77462655.0	77462656.0	1.0	tail_pattern_1	True
chr14_77464632	AHSA1	chr14	77464632.0	77464632.0	0.0	tail_pattern_1	True
chr14_77469202-77469204	AHSA1	chr14	77469202.0	77469204.0	1.0	tail_pattern_1	True
chr11_KZ559110v1_alt_108645	CHORDC1	chr11_KZ559110v1_alt	108645.0	108645.0	0.0	tail_pattern_1	True
chr7_130549322-130549319	COPG2	chr7	130549319.0	130549322.0	1.0	tail_pattern_1	True
chr15_43194802	CCNDBP1	chr15	43194802.0	43194802.0	0.0	tail_pattern_1	True
chr15_43194926-43194927	CCNDBP1	chr15	43194926.0	43194927.0	1.0	tail_pattern_1	True
chr19_18539437	FKBP8	chr19	18539437.0	18539437.0	0.0	tail_pattern_1	True
chr19_40366654	PLD3	chr19	40366654.0	40366654.0	0.0	tail_pattern_1	True
chr19_40377821	PLD3	chr19	40377821.0	40377821.0	0.0	tail_pattern_1	True
chr19_40377866	PLD3	chr19	40377866.0	40377866.0	0.0	tail_pattern_1	True
chr19_40378040	PLD3	chr19	40378040.0	40378040.0	0.0	tail_pattern_1	True
chr5_177041857	ZNF346	chr5	177041857.0	177041857.0	0.0	tail_pattern_1	True
chr2_171160421	TLK1	chr2	171160421.0	171160421.0	0.0	tail_pattern_1	True
chrX_70301974	KIF4A	chrX	70301974.0	70301974.0	0.0	tail_pattern_1	True
chr18_36124631-36124630	SLC39A6	chr18	36124630.0	36124631.0	1.0	tail_pattern_1	True
chr10_1010457	GTPBP4	chr10	1010457.0	1010457.0	0.0	tail_pattern_1	True
chr5_43628219-43628220	NNT	chr5	43628219.0	43628220.0	1.0	tail_pattern_1	True
chr5_43655927-43655928	NNT	chr5	43655927.0	43655928.0	1.0	tail_pattern_1	True
chr9_75117510-75117511	OSTF1	chr9	75117510.0	75117511.0	1.0	tail_pattern_1	True
chr9_75127584-75127586	OSTF1	chr9	75127584.0	75127586.0	1.0	tail_pattern_1	True
chr9_75134363-75134365	OSTF1	chr9	75134363.0	75134365.0	1.0	tail_pattern_1	True
chr1_6222866-6222865	ICMT	chr1	6222865.0	6222866.0	1.0	tail_pattern_1	True
chr19_49489914	RPL13A	chr19	49489914.0	49489914.0	0.0	tail_pattern_1	True
chr19_49491456-49491457	RPL13A	chr19	49491456.0	49491457.0	1.0	tail_pattern_1	True
chr2_74459644-74459645	WBP1	chr2	74459644.0	74459645.0	1.0	tail_pattern_1	True
chr19_KQ458386v1_fix_42111-42113	EIF3K	chr19_KQ458386v1_fix	42111.0	42113.0	1.0	tail_pattern_1	True
chr19_KQ458386v1_fix_44646	EIF3K	chr19_KQ458386v1_fix	44646.0	44646.0	0.0	tail_pattern_1	True
chr22_45729539	ATXN10	chr22	45729539.0	45729539.0	0.0	tail_pattern_1	True
chr5_177305904	PRELID1	chr5	177305904.0	177305904.0	0.0	tail_pattern_1	True
chr5_177306148-177306151	PRELID1	chr5	177306148.0	177306151.0	1.0	tail_pattern_1	True
chrX_48831451-48831450	PCSK1N	chrX	48831450.0	48831451.0	1.0	tail_pattern_1	True
chr3_51392762-51392764	RBM15B	chr3	51392762.0	51392764.0	1.0	tail_pattern_1	True
chr8_KZ208914v1_fix_131834-131832	CPSF1	chr8_KZ208914v1_fix	131832.0	131834.0	1.0	tail_pattern_1	True
chr8_KZ208914v1_fix_130996-130994	CPSF1	chr8_KZ208914v1_fix	130994.0	130996.0	1.0	tail_pattern_1	True
chr8_KZ208914v1_fix_127227-127226	CPSF1	chr8_KZ208914v1_fix	127226.0	127227.0	1.0	tail_pattern_1	True
chr3_128064896	SEC61A1	chr3	128064896.0	128064896.0	0.0	tail_pattern_1	True
chr9_35101952	STOML2	chr9	35101952.0	35101952.0	0.0	tail_pattern_1	True
chr14_34753385-34753384	BAZ1A	chr14	34753384.0	34753385.0	1.0	tail_pattern_1	True
chrX_49249706-49249707	CCDC22	chrX	49249706.0	49249707.0	1.0	tail_pattern_1	True
chr2_96305485-96305484	SNRNP200	chr2	96305484.0	96305485.0	1.0	tail_pattern_1	True
chr2_96305463	SNRNP200	chr2	96305463.0	96305463.0	0.0	tail_pattern_1	True
chr2_96297496-96297492	SNRNP200	chr2	96297492.0	96297496.0	1.0	tail_pattern_1	True
chr2_96289953	SNRNP200	chr2	96289953.0	96289953.0	0.0	tail_pattern_1	True
chr2_96274949	SNRNP200	chr2	96274949.0	96274949.0	0.0	tail_pattern_1	True
chr3_87245880	CHMP2B	chr3	87245880.0	87245880.0	0.0	tail_pattern_1	True
chr17_76061145-76061143	SRP68	chr17	76061143.0	76061145.0	1.0	tail_pattern_1	True
chr22_40953600	RBX1	chr22	40953600.0	40953600.0	0.0	tail_pattern_1	True
chr12_56311251	CNPY2	chr12	56311251.0	56311251.0	0.0	tail_pattern_1	True
chr16_KI270853v1_alt_933337-933336	NOMO1	chr16_KI270853v1_alt	933336.0	933337.0	1.0	tail_pattern_1	True
chr16_KI270853v1_alt_908088-908087	NOMO1	chr16_KI270853v1_alt	908087.0	908088.0	1.0	tail_pattern_1	True
chr16_67877829	EDC4	chr16	67877829.0	67877829.0	0.0	tail_pattern_1	True
chr6_43369415	ZNF318	chr6	43369415.0	43369415.0	0.0	tail_pattern_1	True
chr7_128085741	SND1	chr7	128085741.0	128085741.0	0.0	tail_pattern_1	True
chr10_84141542	GHITM	chr10	84141542.0	84141542.0	0.0	tail_pattern_1	True
chr10_84144041	GHITM	chr10	84144041.0	84144041.0	0.0	tail_pattern_1	True
chr7_6024269-6024267	EIF2AK1	chr7	6024267.0	6024269.0	1.0	tail_pattern_1	True
chr5_132887524-132887522	AFF4	chr5	132887522.0	132887524.0	1.0	tail_pattern_1	True
chr6_108994587-108994586	SESN1	chr6	108994586.0	108994587.0	1.0	tail_pattern_1	True
chr12_101286357-101286359	UTP20	chr12	101286357.0	101286359.0	1.0	tail_pattern_1	True
chr22_39018870	APOBEC3C	chr22	39018870.0	39018870.0	0.0	tail_pattern_1	True
chr17_4549404	MYBBP1A	chr17	4549404.0	4549404.0	0.0	tail_pattern_1	True
chr2_135755648	UBXN4	chr2	135755648.0	135755648.0	0.0	tail_pattern_1	True
chr6_KV766194v1_fix_0	MDN1	chr6_KV766194v1_fix	0.0	0.0	0.0	tail_pattern_1	True
chr5_95467898-95467897	TTC37	chr5	95467897.0	95467898.0	1.0	tail_pattern_1	True
chr7_11051710-11051711	PHF14	chr7	11051710.0	11051711.0	1.0	tail_pattern_1	True
chr16_56836641-56836642	NUP93	chr16	56836641.0	56836642.0	1.0	tail_pattern_1	True
chr7_157231101	UBE3C	chr7	157231101.0	157231101.0	0.0	tail_pattern_1	True
chr14_35123536-35123537	PRORP	chr14	35123536.0	35123537.0	1.0	tail_pattern_1	True
chr3_5195209-5195210	EDEM1	chr3	5195209.0	5195210.0	1.0	tail_pattern_1	True
chr1_3829843-3829839	CEP104	chr1	3829839.0	3829843.0	1.0	tail_pattern_1	True
chr12_122601536-122601537	KNTC1	chr12	122601536.0	122601537.0	1.0	tail_pattern_1	True
chr2_20037565-20037564	LAPTM4A	chr2	20037564.0	20037565.0	1.0	tail_pattern_1	True
chr7_KZ208912v1_fix_395956-395955	TCAF1	chr7_KZ208912v1_fix	395955.0	395956.0	1.0	tail_pattern_1	True
chr6_136260235	BCLAF1	chr6	136260235.0	136260235.0	0.0	tail_pattern_1	True
chr2_7040806-7040807	RNF144A	chr2	7040806.0	7040807.0	1.0	tail_pattern_1	True
chr1_40622675	RIMS3	chr1	40622675.0	40622675.0	0.0	tail_pattern_1	True
chr10_42785491-42785493	BMS1	chr10	42785491.0	42785493.0	1.0	tail_pattern_1	True
chr1_54875984	DHCR24	chr1	54875984.0	54875984.0	0.0	tail_pattern_1	True
chr1_54852306	DHCR24	chr1	54852306.0	54852306.0	0.0	tail_pattern_1	True
chr1_54851248	DHCR24	chr1	54851248.0	54851248.0	0.0	tail_pattern_1	True
chr1_46718501	EFCAB14	chr1	46718501.0	46718501.0	0.0	tail_pattern_1	True
chr21_32320633-32320632	URB1	chr21	32320632.0	32320633.0	1.0	tail_pattern_1	True
chr12_57002276-57002275	ZBTB39	chr12	57002275.0	57002276.0	1.0	tail_pattern_1	True
chr1_179054636	FAM20B	chr1	179054636.0	179054636.0	0.0	tail_pattern_1	True
chr12_6495089	NCAPD2	chr12	6495089.0	6495089.0	0.0	tail_pattern_1	True
chr12_6526537	NCAPD2	chr12	6526537.0	6526537.0	0.0	tail_pattern_1	True
chr12_6529907-6529912	NCAPD2	chr12	6529907.0	6529912.0	1.0	tail_pattern_1	True
chr19_55239451-55239450	PPP6R1	chr19	55239450.0	55239451.0	1.0	tail_pattern_1	True
chr19_55230124	PPP6R1	chr19	55230124.0	55230124.0	0.0	tail_pattern_1	True
chr1_9729405-9729404	CLSTN1	chr1	9729404.0	9729405.0	1.0	tail_pattern_1	True
chr15_KN538374v1_fix_3078477-3078478	FAN1	chr15_KN538374v1_fix	3078477.0	3078478.0	1.0	tail_pattern_1	True
chr7_130129493-130129494	KLHDC10	chr7	130129493.0	130129494.0	1.0	tail_pattern_1	True
chr7_130132453	KLHDC10	chr7	130132453.0	130132453.0	0.0	tail_pattern_1	True
chr16_KI270853v1_alt_632392	PDXDC1	chr16_KI270853v1_alt	632392.0	632392.0	0.0	tail_pattern_1	True
chr3_171211158-171211155	TNIK	chr3	171211155.0	171211158.0	1.0	tail_pattern_1	True
chr11_9750258-9750259	SWAP70	chr11	9750258.0	9750259.0	1.0	tail_pattern_1	True
chr13_41887338-41887337	VWA8	chr13	41887337.0	41887338.0	1.0	tail_pattern_1	True
chr2_28946836	WDR43	chr2	28946836.0	28946836.0	0.0	tail_pattern_1	True
chr16_87415357-87415356	ZCCHC14	chr16	87415356.0	87415357.0	1.0	tail_pattern_1	True
chr17_32493075-32493073	MYO1D	chr17	32493073.0	32493075.0	1.0	tail_pattern_1	True
chr8_KZ208914v1_fix_0	BOP1	chr8_KZ208914v1_fix	0.0	0.0	0.0	tail_pattern_1	True
chr10_51698425-51698424	CSTF2T	chr10	51698424.0	51698425.0	1.0	tail_pattern_1	True
chr17_21001944-21001942	USP22	chr17	21001942.0	21001944.0	1.0	tail_pattern_1	True
chr11_120485114-120485116	ARHGEF12	chr11	120485114.0	120485116.0	1.0	tail_pattern_1	True
chr12_115963449-115963448	MED13L	chr12	115963448.0	115963449.0	1.0	tail_pattern_1	True
chr3_45488700-45488701	LARS2	chr3	45488700.0	45488701.0	1.0	tail_pattern_1	True
chr3_45488773-45488775	LARS2	chr3	45488773.0	45488775.0	1.0	tail_pattern_1	True
chr3_45491517-45491518	LARS2	chr3	45491517.0	45491518.0	1.0	tail_pattern_1	True
chr3_45500445-45500448	LARS2	chr3	45500445.0	45500448.0	1.0	tail_pattern_1	True
chr14_31101240-31101239	HECTD1	chr14	31101239.0	31101240.0	1.0	tail_pattern_1	True
chr12_132032038	EP400	chr12	132032038.0	132032038.0	0.0	tail_pattern_1	True
chr8_103421059-103421062	DCAF13	chr8	103421059.0	103421062.0	1.0	tail_pattern_1	True
chr11_106090564-106090565	AASDHPPT	chr11	106090564.0	106090565.0	1.0	tail_pattern_1	True
chr2_86025120-86025119	POLR1A	chr2	86025119.0	86025120.0	1.0	tail_pattern_1	True
chr9_104751109	NIPSNAP3A	chr9	104751109.0	104751109.0	0.0	tail_pattern_1	True
chr18_36818910-36818908	TPGS2	chr18	36818908.0	36818910.0	1.0	tail_pattern_1	True
chr18_36796847-36796846	TPGS2	chr18	36796846.0	36796847.0	1.0	tail_pattern_1	True
chr16_28872294-28872295	SH2B1	chr16	28872294.0	28872295.0	1.0	tail_pattern_1	True
chr16_28872588-28872589	SH2B1	chr16	28872588.0	28872589.0	1.0	tail_pattern_1	True
chr6_132323972-132323971	MOXD1	chr6	132323971.0	132323972.0	1.0	tail_pattern_1	True
chr2_170951347-170951348	GORASP2	chr2	170951347.0	170951348.0	1.0	tail_pattern_1	True
chr1_951190	NOC2L	chr1	951190.0	951190.0	0.0	tail_pattern_1	True
chr2_149579509-149579507	MMADHC	chr2	149579507.0	149579509.0	1.0	tail_pattern_1	True
chr22_41598953-41598951	DESI1	chr22	41598951.0	41598953.0	1.0	tail_pattern_1	True
chrX_21839736	MBTPS2	chrX	21839736.0	21839736.0	0.0	tail_pattern_1	True
chr4_17607509	LAP3	chr4	17607509.0	17607509.0	0.0	tail_pattern_1	True
chr2_15356386-15356385	NBAS	chr2	15356385.0	15356386.0	1.0	tail_pattern_1	True
chr2_202291139	NOP58	chr2	202291139.0	202291139.0	0.0	tail_pattern_1	True
chr7_896191-896194	GET4	chr7	896191.0	896194.0	1.0	tail_pattern_1	True
chrX_78129970-78129969	TAF9B	chrX	78129969.0	78129970.0	1.0	tail_pattern_1	True
chr1_246735977	SCCPDH	chr1	246735977.0	246735977.0	0.0	tail_pattern_1	True
chr20_59036488	PRELID3B	chr20	59036488.0	59036488.0	0.0	tail_pattern_1	True
chr6_36856640	PPIL1	chr6	36856640.0	36856640.0	0.0	tail_pattern_1	True
chr7_101245032	FIS1	chr7	101245032.0	101245032.0	0.0	tail_pattern_1	True
chr22_37862993-37862995	EIF3L	chr22	37862993.0	37862995.0	1.0	tail_pattern_1	True
chr22_37874468-37874469	EIF3L	chr22	37874468.0	37874469.0	1.0	tail_pattern_1	True
chr22_37875890-37875891	EIF3L	chr22	37875890.0	37875891.0	1.0	tail_pattern_1	True
chr22_37875895-37875897	EIF3L	chr22	37875895.0	37875897.0	1.0	tail_pattern_1	True
chr22_37878111	EIF3L	chr22	37878111.0	37878111.0	0.0	tail_pattern_1	True
chr16_69340285-69340287	NIP7	chr16	69340285.0	69340287.0	1.0	tail_pattern_1	True
chr16_69342143-69342144	NIP7	chr16	69342143.0	69342144.0	1.0	tail_pattern_1	True
chr3_129267071-129267072	COPG1	chr3	129267071.0	129267072.0	1.0	tail_pattern_1	True
chr12_121330595-121330592	ANAPC5	chr12	121330592.0	121330595.0	1.0	tail_pattern_1	True
chr2_70277980	PCYOX1	chr2	70277980.0	70277980.0	0.0	tail_pattern_1	True
chr10_14852442	HSPA14	chr10	14852442.0	14852442.0	0.0	tail_pattern_1	True
chr1_214642756-214642757	CENPF	chr1	214642756.0	214642757.0	1.0	tail_pattern_1	True
chr12_120444053	TRIAP1	chr12	120444053.0	120444053.0	0.0	tail_pattern_1	True
chr22_29603684	NF2	chr22	29603684.0	29603684.0	0.0	tail_pattern_1	True
chr9_86040857	GOLM1	chr9	86040857.0	86040857.0	0.0	tail_pattern_1	True
chr18_51175501-51175500	MEX3C	chr18	51175500.0	51175501.0	1.0	tail_pattern_1	True
chr2_70662601-70662600	ADD2	chr2	70662600.0	70662601.0	1.0	tail_pattern_1	True
chr2_70661003-70661002	ADD2	chr2	70661002.0	70661003.0	1.0	tail_pattern_1	True
chr2_101269287-101269289	CNOT11	chr2	101269287.0	101269289.0	1.0	tail_pattern_1	True
chr19_55112788-55112787	PPP1R12C	chr19	55112787.0	55112788.0	1.0	tail_pattern_1	True
chr9_19060140-19060139	HAUS6	chr9	19060139.0	19060140.0	1.0	tail_pattern_1	True
chrX_107123856	NUP62CL	chrX	107123856.0	107123856.0	0.0	tail_pattern_1	True
chr2_85343648	RETSAT	chr2	85343648.0	85343648.0	0.0	tail_pattern_1	True
chr2_85342809-85342808	RETSAT	chr2	85342808.0	85342809.0	1.0	tail_pattern_1	True
chr5_6625668	NSUN2	chr5	6625668.0	6625668.0	0.0	tail_pattern_1	True
chr19_2015373-2015372	BTBD2	chr19	2015372.0	2015373.0	1.0	tail_pattern_1	True
chr19_1993175-1993173	BTBD2	chr19	1993173.0	1993175.0	1.0	tail_pattern_1	True
chr3_32483073-32483072	CMTM6	chr3	32483072.0	32483073.0	1.0	tail_pattern_1	True
chr7_780060	DNAAF5	chr7	780060.0	780060.0	0.0	tail_pattern_1	True
chr5_178149556	NHP2	chr5	178149556.0	178149556.0	0.0	tail_pattern_1	True
chr20_62945233	GID8	chr20	62945233.0	62945233.0	0.0	tail_pattern_1	True
chr10_100552574-100552575	HIF1AN	chr10	100552574.0	100552575.0	1.0	tail_pattern_1	True
chr11_72097746	LAMTOR1	chr11	72097746.0	72097746.0	0.0	tail_pattern_1	True
chr6_78938743-78938742	PHIP	chr6	78938742.0	78938743.0	1.0	tail_pattern_1	True
chr2_86118988-86118989	PTCD3	chr2	86118988.0	86118989.0	1.0	tail_pattern_1	True
chr18_24239367-24239366	OSBPL1A	chr18	24239366.0	24239367.0	1.0	tail_pattern_1	True
chr14_96328436-96328435	ATG2B	chr14	96328435.0	96328436.0	1.0	tail_pattern_1	True
chr1_220139049-220139051	IARS2	chr1	220139049.0	220139051.0	1.0	tail_pattern_1	True
chr19_7519307	ZNF358	chr19	7519307.0	7519307.0	0.0	tail_pattern_1	True
chr1_201858509-201858511	IPO9	chr1	201858509.0	201858511.0	1.0	tail_pattern_1	True
chr9_105721675-105721676	TMEM38B	chr9	105721675.0	105721676.0	1.0	tail_pattern_1	True
chr1_173838226-173838227	DARS2	chr1	173838226.0	173838227.0	1.0	tail_pattern_1	True
chr4_41959134	TMEM33	chr4	41959134.0	41959134.0	0.0	tail_pattern_1	True
chr3_72824525-72824524	SHQ1	chr3	72824524.0	72824525.0	1.0	tail_pattern_1	True
chr1_1520576-1520577	ATAD3A	chr1	1520576.0	1520577.0	1.0	tail_pattern_1	True
chr1_6644612-6644609	DNAJC11	chr1	6644609.0	6644612.0	1.0	tail_pattern_1	True
chr16_46676663-46676661	VPS35	chr16	46676661.0	46676663.0	1.0	tail_pattern_1	True
chr16_46658118-46658117	VPS35	chr16	46658117.0	46658118.0	1.0	tail_pattern_1	True
chr9_33048179	SMU1	chr9	33048179.0	33048179.0	0.0	tail_pattern_1	True
chr1_229487552	NUP133	chr1	229487552.0	229487552.0	0.0	tail_pattern_1	True
chr1_229486449-229486448	NUP133	chr1	229486448.0	229486449.0	1.0	tail_pattern_1	True
chr1_229466641-229466640	NUP133	chr1	229466640.0	229466641.0	1.0	tail_pattern_1	True
chr1_229441542-229441541	NUP133	chr1	229441541.0	229441542.0	1.0	tail_pattern_1	True
chr17_19577810	SLC47A1	chr17	19577810.0	19577810.0	0.0	tail_pattern_1	True
chr2_KI270769v1_alt_108176	ADI1	chr2_KI270769v1_alt	108176.0	108176.0	0.0	tail_pattern_1	True
chr2_KI270769v1_alt_108036-108034	ADI1	chr2_KI270769v1_alt	108034.0	108036.0	1.0	tail_pattern_1	True
chr2_KI270769v1_alt_107608	ADI1	chr2_KI270769v1_alt	107608.0	107608.0	0.0	tail_pattern_1	True
chr17_59204893	PRR11	chr17	59204893.0	59204893.0	0.0	tail_pattern_1	True
chr17_50485207-50485208	RSAD1	chr17	50485207.0	50485208.0	1.0	tail_pattern_1	True
chr17_50485494	RSAD1	chr17	50485494.0	50485494.0	0.0	tail_pattern_1	True
chr8_KZ208915v1_fix_153516-153517	AGPAT5	chr8_KZ208915v1_fix	153516.0	153517.0	1.0	tail_pattern_1	True
chr8_97776037-97776038	LAPTM4B	chr8	97776037.0	97776038.0	1.0	tail_pattern_1	True
chr8_97816121-97816122	LAPTM4B	chr8	97816121.0	97816122.0	1.0	tail_pattern_1	True
chr8_97851571-97851572	LAPTM4B	chr8	97851571.0	97851572.0	1.0	tail_pattern_1	True
chr5_KI270897v1_alt_1095685-1095686	BDP1	chr5_KI270897v1_alt	1095685.0	1095686.0	1.0	tail_pattern_1	True
chr5_179955637-179955635	RNF130	chr5	179955635.0	179955637.0	1.0	tail_pattern_1	True
chr12_53443440-53443441	PRR13	chr12	53443440.0	53443441.0	1.0	tail_pattern_1	True
chr20_45410529	DBNDD2	chr20	45410529.0	45410529.0	0.0	tail_pattern_1	True
chr8_27811022-27811020	PBK	chr8	27811020.0	27811022.0	1.0	tail_pattern_1	True
chr20_49952783-49952787	RNF114	chr20	49952783.0	49952787.0	1.0	tail_pattern_1	True
chr1_KN538361v1_fix_258393-258389	RCC2	chr1_KN538361v1_fix	258389.0	258393.0	1.0	tail_pattern_1	True
chr1_KN538361v1_fix_253173	RCC2	chr1_KN538361v1_fix	253173.0	253173.0	0.0	tail_pattern_1	True
chr7_98362417-98362416	BAIAP2L1	chr7	98362416.0	98362417.0	1.0	tail_pattern_1	True
chr7_98304342-98304341	BAIAP2L1	chr7	98304341.0	98304342.0	1.0	tail_pattern_1	True
chr1_150294195	MRPS21	chr1	150294195.0	150294195.0	0.0	tail_pattern_1	True
chr1_150308284-150308287	MRPS21	chr1	150308284.0	150308287.0	1.0	tail_pattern_1	True
chr7_22813180-22813178	TOMM7	chr7	22813178.0	22813180.0	1.0	tail_pattern_1	True
chr7_22813148-22813146	TOMM7	chr7	22813146.0	22813148.0	1.0	tail_pattern_1	True
chr19_43732995-43732994	SMG9	chr19	43732994.0	43732995.0	1.0	tail_pattern_1	True
chr16_5084754-5084757	ALG1	chr16	5084754.0	5084757.0	1.0	tail_pattern_1	True
chr2_74959347-74959349	POLE4	chr2	74959347.0	74959349.0	1.0	tail_pattern_1	True
chr2_74969463-74969464	POLE4	chr2	74969463.0	74969464.0	1.0	tail_pattern_1	True
chr20_63742413	SLC2A4RG	chr20	63742413.0	63742413.0	0.0	tail_pattern_1	True
chr5_146171969-146171968	LARS1	chr5	146171968.0	146171969.0	1.0	tail_pattern_1	True
chr5_146168227	LARS1	chr5	146168227.0	146168227.0	0.0	tail_pattern_1	True
chr1_156035986	UBQLN4	chr1	156035986.0	156035986.0	0.0	tail_pattern_1	True
chrX_48999440-48999439	GRIPAP1	chrX	48999439.0	48999440.0	1.0	tail_pattern_1	True
chr19_47419411-47419410	MEIS3	chr19	47419410.0	47419411.0	1.0	tail_pattern_1	True
chr19_3193341-3193343	NCLN	chr19	3193341.0	3193343.0	1.0	tail_pattern_1	True
chr3_100348869-100348870	NIT2	chr3	100348869.0	100348870.0	1.0	tail_pattern_1	True
chr1_201988905-201988907	RNPEP	chr1	201988905.0	201988907.0	1.0	tail_pattern_1	True
chr1_202003294	RNPEP	chr1	202003294.0	202003294.0	0.0	tail_pattern_1	True
chr22_37658948-37658950	PDXP	chr22	37658948.0	37658950.0	1.0	tail_pattern_1	True
chr14_74286532	ABCD4	chr14	74286532.0	74286532.0	0.0	tail_pattern_1	True
chr12_4352458-4352459	TIGAR	chr12	4352458.0	4352459.0	1.0	tail_pattern_1	True
chr11_821834-821835	PNPLA2	chr11	821834.0	821835.0	1.0	tail_pattern_1	True
chr9_KN196479v1_fix_233904-233903	REXO4	chr9_KN196479v1_fix	233903.0	233904.0	1.0	tail_pattern_1	True
chr19_19654662	ATP13A1	chr19	19654662.0	19654662.0	0.0	tail_pattern_1	True
chr19_19654558	ATP13A1	chr19	19654558.0	19654558.0	0.0	tail_pattern_1	True
chr14_KI270847v1_alt_1165748	DDX24	chr14_KI270847v1_alt	1165748.0	1165748.0	0.0	tail_pattern_1	True
chr1_25817843	SELENON	chr1	25817843.0	25817843.0	0.0	tail_pattern_1	True
chr20_24970205	APMAP	chr20	24970205.0	24970205.0	0.0	tail_pattern_1	True
chr18_9401339-9401340	TWSG1	chr18	9401339.0	9401340.0	1.0	tail_pattern_1	True
chr6_43547632	XPO5	chr6	43547632.0	43547632.0	0.0	tail_pattern_1	True
chr17_29261470-29261466	NUFIP2	chr17	29261466.0	29261470.0	1.0	tail_pattern_1	True
chr2_223899063-223899061	WDFY1	chr2	223899061.0	223899063.0	1.0	tail_pattern_1	True
chr2_218453332	USP37	chr2	218453332.0	218453332.0	0.0	tail_pattern_1	True
chr19_40396319-40396318	PRX	chr19	40396318.0	40396319.0	1.0	tail_pattern_1	True
chr10_95271652-95271651	PDLIM1	chr10	95271651.0	95271652.0	1.0	tail_pattern_1	True
chr14_KZ208920v1_fix_260901	DHRS4	chr14_KZ208920v1_fix	260901.0	260901.0	0.0	tail_pattern_1	True
chr17_45081647-45081649	NMT1	chr17	45081647.0	45081649.0	1.0	tail_pattern_1	True
chr22_30007316-30007317	MTMR3	chr22	30007316.0	30007317.0	1.0	tail_pattern_1	True
chr8_22606661-22606663	CCAR2	chr8	22606661.0	22606663.0	1.0	tail_pattern_1	True
chr8_22615906-22615909	CCAR2	chr8	22615906.0	22615909.0	1.0	tail_pattern_1	True
chr1_151008502-151008503	PRUNE1	chr1	151008502.0	151008503.0	1.0	tail_pattern_1	True
chr14_34605682-34605681	SNX6	chr14	34605681.0	34605682.0	1.0	tail_pattern_1	True
chr14_34603348-34597644	SNX6	chr14	34597644.0	34603348.0	1.0	tail_pattern_1	True
chr20_36593664	TGIF2	chr20	36593664.0	36593664.0	0.0	tail_pattern_1	True
chr12_27756133-27756134	MRPS35	chr12	27756133.0	27756134.0	1.0	tail_pattern_1	True
chr11_83273967-83273966	CCDC90B	chr11	83273966.0	83273967.0	1.0	tail_pattern_1	True
chr11_83261960	CCDC90B	chr11	83261960.0	83261960.0	0.0	tail_pattern_1	True
chr20_3803163	CDC25B	chr20	3803163.0	3803163.0	0.0	tail_pattern_1	True
chr22_23742865-23742864	ZNF70	chr22	23742864.0	23742865.0	1.0	tail_pattern_1	True
chr4_44680493-44680494	GUF1	chr4	44680493.0	44680494.0	1.0	tail_pattern_1	True
chr4_44691732-44691734	GUF1	chr4	44691732.0	44691734.0	1.0	tail_pattern_1	True
chr4_176320129	SPCS3	chr4	176320129.0	176320129.0	0.0	tail_pattern_1	True
chr4_176328690	SPCS3	chr4	176328690.0	176328690.0	0.0	tail_pattern_1	True
chr3_49723084	GMPPB	chr3	49723084.0	49723084.0	0.0	tail_pattern_1	True
chr10_101612402-101612400	FBXW4	chr10	101612400.0	101612402.0	1.0	tail_pattern_1	True
chr1_150969078-150969077	CERS2	chr1	150969077.0	150969078.0	1.0	tail_pattern_1	True
chr22_40929581-40929582	XPNPEP3	chr22	40929581.0	40929582.0	1.0	tail_pattern_1	True
chr1_205716852-205716851	NUCKS1	chr1	205716851.0	205716852.0	1.0	tail_pattern_1	True
chr1_205713494	NUCKS1	chr1	205713494.0	205713494.0	0.0	tail_pattern_1	True
chr11_111882568	C11orf1	chr11	111882568.0	111882568.0	0.0	tail_pattern_1	True
chr10_124988507	CTBP2	chr10	124988507.0	124988507.0	0.0	tail_pattern_1	True
chr5_113553626-113553627	YTHDC2	chr5	113553626.0	113553627.0	1.0	tail_pattern_1	True
chr5_69116096-69116100	SLC30A5	chr5	69116096.0	69116100.0	1.0	tail_pattern_1	True
chr5_69123367-69123368	SLC30A5	chr5	69123367.0	69123368.0	1.0	tail_pattern_1	True
chr3_52525238-52525237	NT5DC2	chr3	52525237.0	52525238.0	1.0	tail_pattern_1	True
chr1_GL383518v1_alt_69009	INTS3	chr1_GL383518v1_alt	69009.0	69009.0	0.0	tail_pattern_1	True
chr8_38275432-38275431	NSD3	chr8	38275431.0	38275432.0	1.0	tail_pattern_1	True
chr1_28496623-28496625	PHACTR4	chr1	28496623.0	28496625.0	1.0	tail_pattern_1	True
chrX_155033408-155033410	FUNDC2	chrX	155033408.0	155033410.0	1.0	tail_pattern_1	True
chr17_48622367-48622366	HOXB9	chr17	48622366.0	48622367.0	1.0	tail_pattern_1	True
chr11_60923252	TMEM109	chr11	60923252.0	60923252.0	0.0	tail_pattern_1	True
chr8_119834575-119834574	DSCC1	chr8	119834574.0	119834575.0	1.0	tail_pattern_1	True
chr19_6456440	SLC25A23	chr19	6456440.0	6456440.0	0.0	tail_pattern_1	True
chr2_120222597	TMEM185B	chr2	120222597.0	120222597.0	0.0	tail_pattern_1	True
chr6_34590068-34590066	ILRUN	chr6	34590066.0	34590068.0	1.0	tail_pattern_1	True
chr6_34589459	ILRUN	chr6	34589459.0	34589459.0	0.0	tail_pattern_1	True
chr19_4306237-4306238	FSD1	chr19	4306237.0	4306238.0	1.0	tail_pattern_1	True
chr1_120005340	NOTCH2	chr1	120005340.0	120005340.0	0.0	tail_pattern_1	True
chr6_150063245-150063244	ULBP3	chr6	150063244.0	150063245.0	1.0	tail_pattern_1	True
chr13_50953970-50953972	RNASEH2B	chr13	50953970.0	50953972.0	1.0	tail_pattern_1	True
chr4_55369903-55369904	SRD5A3	chr4	55369903.0	55369904.0	1.0	tail_pattern_1	True
chr5_168557278	PANK3	chr5	168557278.0	168557278.0	0.0	tail_pattern_1	True
chr1_45008636-45008635	HECTD3	chr1	45008635.0	45008636.0	1.0	tail_pattern_1	True
chr1_52824964-52824965	ZYG11B	chr1	52824964.0	52824965.0	1.0	tail_pattern_1	True
chr1_6525368-6525367	NOL9	chr1	6525367.0	6525368.0	1.0	tail_pattern_1	True
chr1_220698446-220698449	C1orf115	chr1	220698446.0	220698449.0	1.0	tail_pattern_1	True
chr1_92304029-92304030	RPAP2	chr1	92304029.0	92304030.0	1.0	tail_pattern_1	True
chr14_50267806-50267805	L2HGDH	chr14	50267805.0	50267806.0	1.0	tail_pattern_1	True
chr1_68150241-68150240	WLS	chr1	68150240.0	68150241.0	1.0	tail_pattern_1	True
chr4_183285990-183285991	WWC2	chr4	183285990.0	183285991.0	1.0	tail_pattern_1	True
chr22_36504572	FOXRED2	chr22	36504572.0	36504572.0	0.0	tail_pattern_1	True
chr4_56024555-56024556	CEP135	chr4	56024555.0	56024556.0	1.0	tail_pattern_1	True
chr15_44622255-44622253	SPG11	chr15	44622253.0	44622255.0	1.0	tail_pattern_1	True
chr13_39014436-39014435	PROSER1	chr13	39014435.0	39014436.0	1.0	tail_pattern_1	True
chr13_39013236-39013235	PROSER1	chr13	39013235.0	39013236.0	1.0	tail_pattern_1	True
chr1_150504393-150504394	TARS2	chr1	150504393.0	150504394.0	1.0	tail_pattern_1	True
chr14_KZ208920v1_fix_419403-419405	DCAF11	chr14_KZ208920v1_fix	419403.0	419405.0	1.0	tail_pattern_1	True
chr7_2663888-2663889	TTYH3	chr7	2663888.0	2663889.0	1.0	tail_pattern_1	True
chr16_69463546	CYB5B	chr16	69463546.0	69463546.0	0.0	tail_pattern_1	True
chr4_139508484	SETD7	chr4	139508484.0	139508484.0	0.0	tail_pattern_1	True
chr4_139507990	SETD7	chr4	139507990.0	139507990.0	0.0	tail_pattern_1	True
chr6_159779136-159779135	TCP1	chr6	159779135.0	159779136.0	1.0	tail_pattern_1	True
chr14_51247101	TMX1	chr14	51247101.0	51247101.0	0.0	tail_pattern_1	True
chr5_KI270791v1_alt_195704-195706	CLPTM1L	chr5_KI270791v1_alt	195704.0	195706.0	1.0	tail_pattern_1	True
chr16_47311408-47311407	ITFG1	chr16	47311407.0	47311408.0	1.0	tail_pattern_1	True
chr4_109714491	PLA2G12A	chr4	109714491.0	109714491.0	0.0	tail_pattern_1	True
chr16_88806664-88806666	CDT1	chr16	88806664.0	88806666.0	1.0	tail_pattern_1	True
chr7_101090572	TRIM56	chr7	101090572.0	101090572.0	0.0	tail_pattern_1	True
chr6_10756806-10756807	TMEM14B	chr6	10756806.0	10756807.0	1.0	tail_pattern_1	True
chr7_26196924-26196922	HNRNPA2B1	chr7	26196922.0	26196924.0	1.0	tail_pattern_1	True
chr7_26191987-26191983	HNRNPA2B1	chr7	26191983.0	26191987.0	1.0	tail_pattern_1	True
chr19_3491009-3491008	DOHH	chr19	3491008.0	3491009.0	1.0	tail_pattern_1	True
chr8_140300582	TRAPPC9	chr8	140300582.0	140300582.0	0.0	tail_pattern_1	True
chr8_140287710-140287709	TRAPPC9	chr8	140287709.0	140287710.0	1.0	tail_pattern_1	True
chr19_48451226-48451227	GRWD1	chr19	48451226.0	48451227.0	1.0	tail_pattern_1	True
chr22_44493825-44493824	RTL6	chr22	44493824.0	44493825.0	1.0	tail_pattern_1	True
chr4_56963592-56963589	NOA1	chr4	56963589.0	56963592.0	1.0	tail_pattern_1	True
chr12_66129012-66129011	LLPH	chr12	66129011.0	66129012.0	1.0	tail_pattern_1	True
chr19_49869644-49869643	AKT1S1	chr19	49869643.0	49869644.0	1.0	tail_pattern_1	True
chr3_149129860	HPS3	chr3	149129860.0	149129860.0	0.0	tail_pattern_1	True
chr1_20649196-20649197	PINK1	chr1	20649196.0	20649197.0	1.0	tail_pattern_1	True
chr1_20637846-20637850	PINK1	chr1	20637846.0	20637850.0	1.0	tail_pattern_1	True
chr21_34142500-34142501	MRPS6	chr21	34142500.0	34142501.0	1.0	tail_pattern_1	True
chr4_140382074-140382076	SCOC	chr4	140382074.0	140382076.0	1.0	tail_pattern_1	True
chr16_28964095	NFATC2IP	chr16	28964095.0	28964095.0	0.0	tail_pattern_1	True
chr16_28964827	NFATC2IP	chr16	28964827.0	28964827.0	0.0	tail_pattern_1	True
chr7_134296419-134296418	SLC35B4	chr7	134296418.0	134296419.0	1.0	tail_pattern_1	True
chr10_97222939	ARHGAP19	chr10	97222939.0	97222939.0	0.0	tail_pattern_1	True
chr4_133149647-133149648	PCDH10	chr4	133149647.0	133149648.0	1.0	tail_pattern_1	True
chr7_74730293	GTF2I	chr7	74730293.0	74730293.0	0.0	tail_pattern_1	True
chr7_90383052-90383053	GTPBP10	chr7	90383052.0	90383053.0	1.0	tail_pattern_1	True
chr17_28560097-28560095	PIGS	chr17	28560095.0	28560097.0	1.0	tail_pattern_1	True
chr16_89562980-89562981	RPL13	chr16	89562980.0	89562981.0	1.0	tail_pattern_1	True
chr1_KZ208906v1_fix_48673	H2AW	chr1_KZ208906v1_fix	48673.0	48673.0	0.0	tail_pattern_1	True
chr5_154799698-154799700	LARP1	chr5	154799698.0	154799700.0	1.0	tail_pattern_1	True
chr5_154802373-154802375	LARP1	chr5	154802373.0	154802375.0	1.0	tail_pattern_1	True
chr5_154816059-154816060	LARP1	chr5	154816059.0	154816060.0	1.0	tail_pattern_1	True
chr4_108622197-108622198	RPL34	chr4	108622197.0	108622198.0	1.0	tail_pattern_1	True
chr21_39186966-39186965	BRWD1	chr21	39186965.0	39186966.0	1.0	tail_pattern_1	True
chr9_128640848	DYNC2I2	chr9	128640848.0	128640848.0	0.0	tail_pattern_1	True
chr9_128636327	DYNC2I2	chr9	128636327.0	128636327.0	0.0	tail_pattern_1	True
chr3_126642127	TXNRD3	chr3	126642127.0	126642127.0	0.0	tail_pattern_1	True
chr3_149966065-149966062	PFN2	chr3	149966062.0	149966065.0	1.0	tail_pattern_1	True
chr12_120199451	RPLP0	chr12	120199451.0	120199451.0	0.0	tail_pattern_1	True
chr12_120198594-120198593	RPLP0	chr12	120198593.0	120198594.0	1.0	tail_pattern_1	True
chr5_KV575244v1_fix_565173	MGAT4B	chr5_KV575244v1_fix	565173.0	565173.0	0.0	tail_pattern_1	True
chr5_KV575244v1_fix_563236	MGAT4B	chr5_KV575244v1_fix	563236.0	563236.0	0.0	tail_pattern_1	True
chr22_20799106-20799105	PI4KA	chr22	20799105.0	20799106.0	1.0	tail_pattern_1	True
chr22_20761337-20761335	PI4KA	chr22	20761335.0	20761337.0	1.0	tail_pattern_1	True
chr9_105383347	SLC44A1	chr9	105383347.0	105383347.0	0.0	tail_pattern_1	True
chr12_125025556	BRI3BP	chr12	125025556.0	125025556.0	0.0	tail_pattern_1	True
chr17_28396507-28396506	SLC46A1	chr17	28396506.0	28396507.0	1.0	tail_pattern_1	True
chr20_56367843-56367844	FAM210B	chr20	56367843.0	56367844.0	1.0	tail_pattern_1	True
chr11_66495640-66495642	DPP3	chr11	66495640.0	66495642.0	1.0	tail_pattern_1	True
chr21_45486990-45486992	COL18A1	chr21	45486990.0	45486992.0	1.0	tail_pattern_1	True
chr11_64806344	MEN1	chr11	64806344.0	64806344.0	0.0	tail_pattern_1	True
chr4_1979156-1979157	NSD2	chr4	1979156.0	1979157.0	1.0	tail_pattern_1	True
chr4_1979462-1979463	NSD2	chr4	1979462.0	1979463.0	1.0	tail_pattern_1	True
chr4_1980984-1980985	NSD2	chr4	1980984.0	1980985.0	1.0	tail_pattern_1	True
chr19_10329024	RAVER1	chr19	10329024.0	10329024.0	0.0	tail_pattern_1	True
chr2_197706294-197706295	MARS2	chr2	197706294.0	197706295.0	1.0	tail_pattern_1	True
chr6_110967667-110967668	GTF3C6	chr6	110967667.0	110967668.0	1.0	tail_pattern_1	True
chr11_18083619-18083617	SAAL1	chr11	18083617.0	18083619.0	1.0	tail_pattern_1	True
chr7_44835565-44835564	H2AZ2	chr7	44835564.0	44835565.0	1.0	tail_pattern_1	True
chr5_10280551-10280550	CMBL	chr5	10280550.0	10280551.0	1.0	tail_pattern_1	True
chr12_120764052-120764051	SPPL3	chr12	120764051.0	120764052.0	1.0	tail_pattern_1	True
chr15_65029572	MTFMT	chr15	65029572.0	65029572.0	0.0	tail_pattern_1	True
chr16_66609921-66609923	CMTM3	chr16	66609921.0	66609923.0	1.0	tail_pattern_1	True
chr1_160025302-160025301	PIGM	chr1	160025301.0	160025302.0	1.0	tail_pattern_1	True
chr14_KI270847v1_alt_1217175-1217177	IFI27L1	chr14_KI270847v1_alt	1217175.0	1217177.0	1.0	tail_pattern_1	True
chr10_133309011	ZNF511	chr10	133309011.0	133309011.0	0.0	tail_pattern_1	True
chr7_135929354-135929353	MTPN	chr7	135929353.0	135929354.0	1.0	tail_pattern_1	True
chr6_34245631-34245632	HMGA1	chr6	34245631.0	34245632.0	1.0	tail_pattern_1	True
chr6_34246157-34246159	HMGA1	chr6	34246157.0	34246159.0	1.0	tail_pattern_1	True
chr19_10259085	MRPL4	chr19	10259085.0	10259085.0	0.0	tail_pattern_1	True
chr9_34610868-34610867	RPP25L	chr9	34610867.0	34610868.0	1.0	tail_pattern_1	True
chr11_14517896-14517893	PSMA1	chr11	14517893.0	14517896.0	1.0	tail_pattern_1	True
chr15_89625111-89625112	TICRR	chr15	89625111.0	89625112.0	1.0	tail_pattern_1	True
chr16_2971280	PAQR4	chr16	2971280.0	2971280.0	0.0	tail_pattern_1	True
chr12_124012693-124012694	ZNF664	chr12	124012693.0	124012694.0	1.0	tail_pattern_1	True
chr1_178886092-178886093	RALGPS2	chr1	178886092.0	178886093.0	1.0	tail_pattern_1	True
chrX_47657621-47657620	UXT	chrX	47657620.0	47657621.0	1.0	tail_pattern_1	True
chrX_47657238-47657237	UXT	chrX	47657237.0	47657238.0	1.0	tail_pattern_1	True
chr1_6623606-6623607	PHF13	chr1	6623606.0	6623607.0	1.0	tail_pattern_1	True
chr12_110292043	ATP2A2	chr12	110292043.0	110292043.0	0.0	tail_pattern_1	True
chr12_110339600	ATP2A2	chr12	110339600.0	110339600.0	0.0	tail_pattern_1	True
chr12_110343335-110343336	ATP2A2	chr12	110343335.0	110343336.0	1.0	tail_pattern_1	True
chr5_134157660-134157659	SKP1	chr5	134157659.0	134157660.0	1.0	tail_pattern_1	True
chr11_57741586	SELENOH	chr11	57741586.0	57741586.0	0.0	tail_pattern_1	True
chr19_3762805	MRPL54	chr19	3762805.0	3762805.0	0.0	tail_pattern_1	True
chr2_46612274-46612273	PIGF	chr2	46612273.0	46612274.0	1.0	tail_pattern_1	True
chr12_113384874	PLBD2	chr12	113384874.0	113384874.0	0.0	tail_pattern_1	True
chr10_70146136-70146135	TYSND1	chr10	70146135.0	70146136.0	1.0	tail_pattern_1	True
chr16_18542695-18542694	NOMO2	chr16	18542694.0	18542695.0	1.0	tail_pattern_1	True
chr16_18517200-18517199	NOMO2	chr16	18517199.0	18517200.0	1.0	tail_pattern_1	True
chr5_176378680-176378683	ARL10	chr5	176378680.0	176378683.0	1.0	tail_pattern_1	True
chr8_143261206-143261208	ZFP41	chr8	143261206.0	143261208.0	1.0	tail_pattern_1	True
chr17_82405376-82405375	OGFOD3	chr17	82405375.0	82405376.0	1.0	tail_pattern_1	True
chr18_62157204-62157202	PIGN	chr18	62157202.0	62157204.0	1.0	tail_pattern_1	True
chr20_33853900-33853901	CHMP4B	chr20	33853900.0	33853901.0	1.0	tail_pattern_1	True
chr4_105456739	PPA2	chr4	105456739.0	105456739.0	0.0	tail_pattern_1	True
chr3_57559695-57559698	PDE12	chr3	57559695.0	57559698.0	1.0	tail_pattern_1	True
chr3_179587991	ACTL6A	chr3	179587991.0	179587991.0	0.0	tail_pattern_1	True
chr20_31514487	HM13	chr20	31514487.0	31514487.0	0.0	tail_pattern_1	True
chr20_31538361-31538363	HM13	chr20	31538361.0	31538363.0	1.0	tail_pattern_1	True
chr14_22834507-22834508	MRPL52	chr14	22834507.0	22834508.0	1.0	tail_pattern_1	True
chr20_35284418	EIF6	chr20	35284418.0	35284418.0	0.0	tail_pattern_1	True
chr3_44447265-44447264	ZNF445	chr3	44447264.0	44447265.0	1.0	tail_pattern_1	True
chr17_16348677-16348675	CENPV	chr17	16348675.0	16348677.0	1.0	tail_pattern_1	True
chr5_115615872-115615871	TMED7	chr5	115615871.0	115615872.0	1.0	tail_pattern_1	True
chr5_139623411	UBE2D2	chr5	139623411.0	139623411.0	0.0	tail_pattern_1	True
chr11_67628214	NUDT8	chr11	67628214.0	67628214.0	0.0	tail_pattern_1	True
chr17_7029010	BCL6B	chr17	7029010.0	7029010.0	0.0	tail_pattern_1	True
chr8_KI270816v1_alt_285678	SCRIB	chr8_KI270816v1_alt	285678.0	285678.0	0.0	tail_pattern_1	True
chr7_100098186	MCM7	chr7	100098186.0	100098186.0	0.0	tail_pattern_1	True
chr14_20311733-20311731	CCNB1IP1	chr14	20311731.0	20311733.0	1.0	tail_pattern_1	True
chr8_124371870	TMEM65	chr8	124371870.0	124371870.0	0.0	tail_pattern_1	True
chr15_100650040-100650042	ASB7	chr15	100650040.0	100650042.0	1.0	tail_pattern_1	True
chr20_35542868	ERGIC3	chr20	35542868.0	35542868.0	0.0	tail_pattern_1	True
chr20_35557429	ERGIC3	chr20	35557429.0	35557429.0	0.0	tail_pattern_1	True
chr1_231019682-231019680	FAM89A	chr1	231019680.0	231019682.0	1.0	tail_pattern_1	True
chr17_KI270857v1_alt_1493725-1493722	ACACA	chr17_KI270857v1_alt	1493722.0	1493725.0	1.0	tail_pattern_1	True
chr17_KI270857v1_alt_1484112	ACACA	chr17_KI270857v1_alt	1484112.0	1484112.0	0.0	tail_pattern_1	True
chr17_KI270857v1_alt_1484033-1484032	ACACA	chr17_KI270857v1_alt	1484032.0	1484033.0	1.0	tail_pattern_1	True
chr17_KI270857v1_alt_1357348	ACACA	chr17_KI270857v1_alt	1357348.0	1357348.0	0.0	tail_pattern_1	True
chr17_KI270857v1_alt_1321281	ACACA	chr17_KI270857v1_alt	1321281.0	1321281.0	0.0	tail_pattern_1	True
chr11_65886340	FIBP	chr11	65886340.0	65886340.0	0.0	tail_pattern_1	True
chr11_65885581-65885579	FIBP	chr11	65885579.0	65885581.0	1.0	tail_pattern_1	True
chr19_10919948-10919949	CARM1	chr19	10919948.0	10919949.0	1.0	tail_pattern_1	True
chr6_43225786-43225785	DNPH1	chr6	43225785.0	43225786.0	1.0	tail_pattern_1	True
chr6_43225704-43225703	DNPH1	chr6	43225703.0	43225704.0	1.0	tail_pattern_1	True
chr2_197486727-197486726	HSPD1	chr2	197486726.0	197486727.0	1.0	tail_pattern_1	True
chr3_49357687-49357686	GPX1	chr3	49357686.0	49357687.0	1.0	tail_pattern_1	True
chr10_73782390	CHCHD1	chr10	73782390.0	73782390.0	0.0	tail_pattern_1	True
chr17_ML143374v1_fix_7873-7874	ELP5	chr17_ML143374v1_fix	7873.0	7874.0	1.0	tail_pattern_1	True
chr2_182957596-182957595	NCKAP1	chr2	182957595.0	182957596.0	1.0	tail_pattern_1	True
chr22_KI270875v1_alt_185641	PRAME	chr22_KI270875v1_alt	185641.0	185641.0	0.0	tail_pattern_1	True
chr1_150622412	ENSA	chr1	150622412.0	150622412.0	0.0	tail_pattern_1	True
chr1_150625493	ENSA	chr1	150625493.0	150625493.0	0.0	tail_pattern_1	True
chr6_158192253-158192256	GTF2H5	chr6	158192253.0	158192256.0	1.0	tail_pattern_1	True
chrX_104194374-104194375	FAM199X	chrX	104194374.0	104194375.0	1.0	tail_pattern_1	True
chr17_75517058-75517059	TSEN54	chr17	75517058.0	75517059.0	1.0	tail_pattern_1	True
chr1_145103018	FAM72D	chr1	145103018.0	145103018.0	0.0	tail_pattern_1	True
chr2_215422096-215422095	FN1	chr2	215422095.0	215422096.0	1.0	tail_pattern_1	True
chr2_215414865-215414863	FN1	chr2	215414863.0	215414865.0	1.0	tail_pattern_1	True
chr2_215380859-215380858	FN1	chr2	215380858.0	215380859.0	1.0	tail_pattern_1	True
chr2_215379156	FN1	chr2	215379156.0	215379156.0	0.0	tail_pattern_1	True
chr2_215361622-215361621	FN1	chr2	215361621.0	215361622.0	1.0	tail_pattern_1	True
chr12_98598656-98598658	SLC25A3	chr12	98598656.0	98598658.0	1.0	tail_pattern_1	True
chr12_98601224-98601225	SLC25A3	chr12	98601224.0	98601225.0	1.0	tail_pattern_1	True
chr1_92837327-92837328	SNORD21	chr1	92837327.0	92837328.0	1.0	tail_pattern_1	True
chr6_52995865-52995867	RN7SK	chr6	52995865.0	52995867.0	1.0	tail_pattern_1	True
chr6_52995869	RN7SK	chr6	52995869.0	52995869.0	0.0	tail_pattern_1	True
chrX_73846489	XIST	chrX	73846489.0	73846489.0	0.0	tail_pattern_1	True
chr3_169764900	TERC	chr3	169764900.0	169764900.0	0.0	tail_pattern_1	True
chr3_169764882	TERC	chr3	169764882.0	169764882.0	0.0	tail_pattern_1	True
chr3_169764755-169764754	TERC	chr3	169764754.0	169764755.0	1.0	tail_pattern_1	True
chr1_GL383519v1_alt_19089	GBAP1	chr1_GL383519v1_alt	19089.0	19089.0	0.0	tail_pattern_1	True
chr7_75215757	GTF2IP1	chr7	75215757.0	75215757.0	0.0	tail_pattern_1	True
chr11_93721582-93721584	SCARNA9	chr11	93721582.0	93721584.0	1.0	tail_pattern_1	True
chr11_93721658	SCARNA9	chr11	93721658.0	93721658.0	0.0	tail_pattern_1	True
chr11_93721660	SCARNA9	chr11	93721660.0	93721660.0	0.0	tail_pattern_1	True
chr11_93721667	SCARNA9	chr11	93721667.0	93721667.0	0.0	tail_pattern_1	True
chr11_65502921-65502922	MALAT1	chr11	65502921.0	65502922.0	1.0	tail_pattern_1	True
chr11_65503351	MALAT1	chr11	65503351.0	65503351.0	0.0	tail_pattern_1	True
chr11_65506155-65506156	MALAT1	chr11	65506155.0	65506156.0	1.0	tail_pattern_1	True
chr11_93733516-93733514	SNORA18	chr11	93733514.0	93733516.0	1.0	tail_pattern_1	True
chr4_1974671	SCARNA22	chr4	1974671.0	1974671.0	0.0	tail_pattern_1	True
chr17_19061922-19061924	SNORD3B-1	chr17	19061922.0	19061924.0	1.0	tail_pattern_1	True
chr17_19061959-19061961	SNORD3B-1	chr17	19061959.0	19061961.0	1.0	tail_pattern_1	True
chr7_73176921	GTF2IP4	chr7	73176921.0	73176921.0	0.0	tail_pattern_1	True
chr5_KI270898v1_alt_16990-16992	LOC728554	chr5_KI270898v1_alt	16990.0	16992.0	1.0	tail_pattern_1	True
chr17_19064126-19064124	SNORD3B-2	chr17	19064124.0	19064126.0	1.0	tail_pattern_1	True
chr17_19064089-19064087	SNORD3B-2	chr17	19064087.0	19064089.0	1.0	tail_pattern_1	True
chr12_12875932-12875933	RPL13AP20	chr12	12875932.0	12875933.0	1.0	tail_pattern_1	True
chr15_67840015-67840014	RNU6-1	chr15	67840014.0	67840015.0	1.0	tail_pattern_1	True
chr15_67840006	RNU6-1	chr15	67840006.0	67840006.0	0.0	tail_pattern_1	True
chr15_67839961-67839960	RNU6-1	chr15	67839960.0	67839961.0	1.0	tail_pattern_1	True
chr17_19188026-19188028	SNORD3A	chr17	19188026.0	19188028.0	1.0	tail_pattern_1	True
chr17_19188063-19188065	SNORD3A	chr17	19188063.0	19188065.0	1.0	tail_pattern_1	True
chr17_19190235-19190233	SNORD3C	chr17	19190233.0	19190235.0	1.0	tail_pattern_1	True
chr17_19190198-19190196	SNORD3C	chr17	19190196.0	19190198.0	1.0	tail_pattern_1	True
chrX_20136345-20136343	SCARNA9L	chrX	20136343.0	20136345.0	1.0	tail_pattern_1	True
chrX_20136269	SCARNA9L	chrX	20136269.0	20136269.0	0.0	tail_pattern_1	True
chrX_20136260	SCARNA9L	chrX	20136260.0	20136260.0	0.0	tail_pattern_1	True
chr17_KI270862v1_alt_303178-303177	YWHAE	chr17_KI270862v1_alt	303177.0	303178.0	1.0	tail_pattern_1	True
chr1_155750067	MSTO2P	chr1	155750067.0	155750067.0	0.0	tail_pattern_1	True
chr7_KI270806v1_alt_103035	RPL19P12	chr7_KI270806v1_alt	103035.0	103035.0	0.0	tail_pattern_1	True
chr10_96750721-96750722	RPL13AP5	chr10	96750721.0	96750722.0	1.0	tail_pattern_1	True
chr9_76398930	RPSAP9	chr9	76398930.0	76398930.0	0.0	tail_pattern_1	True
chrX_130495446-130495449	DENND10P1	chrX	130495446.0	130495449.0	1.0	tail_pattern_1	True
chr17_16439247	SNHG29	chr17	16439247.0	16439247.0	0.0	tail_pattern_1	True
chr17_16441567-16441573	SNHG29	chr17	16441567.0	16441573.0	1.0	tail_pattern_1	True
chr17_16441869-16441870	SNHG29	chr17	16441869.0	16441870.0	1.0	tail_pattern_1	True
chr16_74463413-74463412	GLG1	chr16	74463412.0	74463413.0	1.0	tail_pattern_1	True
chr2_74207794	MTHFD2	chr2	74207794.0	74207794.0	0.0	tail_pattern_1	True
chr20_36049257-36049255	NORAD	chr20	36049255.0	36049257.0	1.0	tail_pattern_1	True
chr3_197782881-197782882	FYTTD1	chr3	197782881.0	197782882.0	1.0	tail_pattern_1	True
chr2_27203338	SLC5A6	chr2	27203338.0	27203338.0	0.0	tail_pattern_1	True
chr2_27201434-27201433	SLC5A6	chr2	27201433.0	27201434.0	1.0	tail_pattern_1	True
chrX_136879023	RBMX	chrX	136879023.0	136879023.0	0.0	tail_pattern_1	True
chrX_136873847-136873843	RBMX	chrX	136873843.0	136873847.0	1.0	tail_pattern_1	True
chr1_93153423	TMED5	chr1	93153423.0	93153423.0	0.0	tail_pattern_1	True
chr1_93180184	TMED5	chr1	93180184.0	93180184.0	0.0	tail_pattern_1	True
chr8_81714007	ZFAND1	chr8	81714007.0	81714007.0	0.0	tail_pattern_1	True
chr3_131384729-131384731	NUDT16	chr3	131384729.0	131384731.0	1.0	tail_pattern_1	True
chr1_182859079-182859080	DHX9	chr1	182859079.0	182859080.0	1.0	tail_pattern_1	True
chr1_182876870	DHX9	chr1	182876870.0	182876870.0	0.0	tail_pattern_1	True
chr3_58430218-58430217	PDHB	chr3	58430217.0	58430218.0	1.0	tail_pattern_1	True
chr6_113944404-113944402	HDAC2	chr6	113944402.0	113944404.0	1.0	tail_pattern_1	True
chr11_118407093-118407094	ATP5MG	chr11	118407093.0	118407094.0	1.0	tail_pattern_1	True
chr11_118409636	ATP5MG	chr11	118409636.0	118409636.0	0.0	tail_pattern_1	True
chr15_KI270850v1_alt_261120-261117	GOLGA2P10	chr15_KI270850v1_alt	261117.0	261120.0	1.0	tail_pattern_1	True
chr6_35833234	SRPK1	chr6	35833234.0	35833234.0	0.0	tail_pattern_1	True
chr16_89712087	VPS9D1-AS1	chr16	89712087.0	89712087.0	0.0	tail_pattern_1	True
chr1_91716695-91716694	TGFBR3	chr1	91716694.0	91716695.0	1.0	tail_pattern_1	True
chr20_35669511-35669510	NFS1	chr20	35669510.0	35669511.0	1.0	tail_pattern_1	True
chr1_27335748	TMEM222	chr1	27335748.0	27335748.0	0.0	tail_pattern_1	True
chr16_30197287-30197289	SLX1A-SULT1A3	chr16	30197287.0	30197289.0	1.0	tail_pattern_1	True
chr16_29457945-29457947	SLX1B-SULT1A4	chr16	29457945.0	29457947.0	1.0	tail_pattern_1	True
chr6_7882824-7882823	BLOC1S5-TXNDC5	chr6	7882823.0	7882824.0	1.0	tail_pattern_1	True
chr10_102874649	BORCS7-ASMT	chr10	102874649.0	102874649.0	0.0	tail_pattern_1	True
chr10_102456105-102456107	C10orf95-AS1	chr10	102456105.0	102456107.0	1.0	tail_pattern_1	True
chr17_64501273-64501270	MIR5047	chr17	64501270.0	64501273.0	1.0	tail_pattern_1	True
chr7_67302830	STAG3L4	chr7	67302830.0	67302830.0	0.0	tail_pattern_1	True
chr8_96230746-96230745	UQCRB	chr8	96230745.0	96230746.0	1.0	tail_pattern_1	True
chr22_21622183-21622184	UBE2L3	chr22	21622183.0	21622184.0	1.0	tail_pattern_1	True
chr3_15257475-15257476	SH3BP5-AS1	chr3	15257475.0	15257476.0	1.0	tail_pattern_1	True
chr18_35141260	MAPRE2	chr18	35141260.0	35141260.0	0.0	tail_pattern_1	True
chr3_14944276-14944274	FGD5-AS1	chr3	14944274.0	14944276.0	1.0	tail_pattern_1	True
chr22_20405560	ZNF74	chr22	20405560.0	20405560.0	0.0	tail_pattern_1	True
chr10_133292551-133292550	TUBGCP2	chr10	133292550.0	133292551.0	1.0	tail_pattern_1	True
chr6_37381201	RNF8	chr6	37381201.0	37381201.0	0.0	tail_pattern_1	True
chr20_45416569-45416570	PIGT	chr20	45416569.0	45416570.0	1.0	tail_pattern_1	True
chr1_155057908-155057909	ADAM15	chr1	155057908.0	155057909.0	1.0	tail_pattern_1	True
chr1_155058711	ADAM15	chr1	155058711.0	155058711.0	0.0	tail_pattern_1	True
chr2_27374122-27374123	SNX17	chr2	27374122.0	27374123.0	1.0	tail_pattern_1	True
chr9_135504308	MRPS2	chr9	135504308.0	135504308.0	0.0	tail_pattern_1	True
chr14_KZ208920v1_fix_487867-487866	IPO4	chr14_KZ208920v1_fix	487866.0	487867.0	1.0	tail_pattern_1	True
chr14_KZ208920v1_fix_486229	IPO4	chr14_KZ208920v1_fix	486229.0	486229.0	0.0	tail_pattern_1	True
chr14_KZ208920v1_fix_486177-486174	IPO4	chr14_KZ208920v1_fix	486174.0	486177.0	1.0	tail_pattern_1	True
chr14_KZ208920v1_fix_485303	IPO4	chr14_KZ208920v1_fix	485303.0	485303.0	0.0	tail_pattern_1	True
chr12_123261687-123261686	CDK2AP1	chr12	123261686.0	123261687.0	1.0	tail_pattern_1	True
chr1_37513503-37513500	MEAF6	chr1	37513500.0	37513503.0	1.0	tail_pattern_1	True
chr2_223991899-223991898	SERPINE2	chr2	223991898.0	223991899.0	1.0	tail_pattern_1	True
chr2_182762729	DNAJC10	chr2	182762729.0	182762729.0	0.0	tail_pattern_1	True
chr12_43795731-43795730	TWF1	chr12	43795730.0	43795731.0	1.0	tail_pattern_1	True
chr5_115831644	ATG12	chr5	115831644.0	115831644.0	0.0	tail_pattern_1	True
chr19_9161019-9161020	ZNF317	chr19	9161019.0	9161020.0	1.0	tail_pattern_1	True
chr5_181264202-181264204	TRIM52-AS1	chr5	181264202.0	181264204.0	1.0	tail_pattern_1	True
chr1_161362698-161362699	SDHC	chr1	161362698.0	161362699.0	1.0	tail_pattern_1	True
chr13_49660860-49660859	EBPL	chr13	49660859.0	49660860.0	1.0	tail_pattern_1	True
chr22_41878000	SREBF2	chr22	41878000.0	41878000.0	0.0	tail_pattern_1	True
chr22_41906158	SREBF2	chr22	41906158.0	41906158.0	0.0	tail_pattern_1	True
chr19_893492-893493	RNU6-9	chr19	893492.0	893493.0	1.0	tail_pattern_1	True
chr19_893514-893515	RNU6-9	chr19	893514.0	893515.0	1.0	tail_pattern_1	True
chr19_893523	RNU6-9	chr19	893523.0	893523.0	0.0	tail_pattern_1	True
chr19_893568-893569	RNU6-9	chr19	893568.0	893569.0	1.0	tail_pattern_1	True
chr14_32202075-32202076	RNU6-7	chr14	32202075.0	32202076.0	1.0	tail_pattern_1	True
chr14_32202084	RNU6-7	chr14	32202084.0	32202084.0	0.0	tail_pattern_1	True
chr14_32202129-32202130	RNU6-7	chr14	32202129.0	32202130.0	1.0	tail_pattern_1	True
chr14_32203239-32203238	RNU6-8	chr14	32203238.0	32203239.0	1.0	tail_pattern_1	True
chr14_32203230	RNU6-8	chr14	32203230.0	32203230.0	0.0	tail_pattern_1	True
chr14_32203185-32203184	RNU6-8	chr14	32203184.0	32203185.0	1.0	tail_pattern_1	True
chr22_40770901-40770900	SLC25A17	chr22	40770900.0	40770901.0	1.0	tail_pattern_1	True
chr9_79725534-79725540	TLE4	chr9	79725534.0	79725540.0	1.0	tail_pattern_1	True
chr15_75339022-75339024	COMMD4	chr15	75339022.0	75339024.0	1.0	tail_pattern_1	True
chr15_75339706	COMMD4	chr15	75339706.0	75339706.0	0.0	tail_pattern_1	True
chr6_104785262-104785261	HACE1	chr6	104785261.0	104785262.0	1.0	tail_pattern_1	True
chr9_65681784-65681787	CBWD5	chr9	65681784.0	65681787.0	1.0	tail_pattern_1	True
chrX_154765960-154765961	DKC1	chrX	154765960.0	154765961.0	1.0	tail_pattern_1	True
chr14_19106902	DUXAP9	chr14	19106902.0	19106902.0	0.0	tail_pattern_1	True
chr19_1021530-1021531	RNU6-2	chr19	1021530.0	1021531.0	1.0	tail_pattern_1	True
chr19_1021552-1021553	RNU6-2	chr19	1021552.0	1021553.0	1.0	tail_pattern_1	True
chr19_1021561	RNU6-2	chr19	1021561.0	1021561.0	0.0	tail_pattern_1	True
chr19_1021606-1021607	RNU6-2	chr19	1021606.0	1021607.0	1.0	tail_pattern_1	True
chr11_67604098-67604097	NDUFV1-DT	chr11	67604097.0	67604098.0	1.0	tail_pattern_1	True
chr11_67603791	NDUFV1-DT	chr11	67603791.0	67603791.0	0.0	tail_pattern_1	True
chr17_48936232-48936230	SNF8	chr17	48936230.0	48936232.0	1.0	tail_pattern_1	True
chr22_40358945	ADSL	chr22	40358945.0	40358945.0	0.0	tail_pattern_1	True
chr22_40359015-40359017	ADSL	chr22	40359015.0	40359017.0	1.0	tail_pattern_1	True
chr22_40364896	ADSL	chr22	40364896.0	40364896.0	0.0	tail_pattern_1	True
chr22_40366437	ADSL	chr22	40366437.0	40366437.0	0.0	tail_pattern_1	True
chr16_30423988	DCTPP1	chr16	30423988.0	30423988.0	0.0	tail_pattern_1	True
chr5_126804820-126804821	LMNB1	chr5	126804820.0	126804821.0	1.0	tail_pattern_1	True
chr11_KZ559109v1_fix_254491-254489	NUP160	chr11_KZ559109v1_fix	254489.0	254491.0	1.0	tail_pattern_1	True
chr11_KZ559109v1_fix_230180-230177	NUP160	chr11_KZ559109v1_fix	230177.0	230180.0	1.0	tail_pattern_1	True
chr11_73844904	MRPL48	chr11	73844904.0	73844904.0	0.0	tail_pattern_1	True
chr6_159790948-159790949	MRPL18	chr6	159790948.0	159790949.0	1.0	tail_pattern_1	True
chr10_43184001-43184002	CSGALNACT2	chr10	43184001.0	43184002.0	1.0	tail_pattern_1	True
chr3_149741479-149741478	COMMD2	chr3	149741478.0	149741479.0	1.0	tail_pattern_1	True
chr1_61701016-61701015	TM2D1	chr1	61701015.0	61701016.0	1.0	tail_pattern_1	True
chr3_49698504	RNF123	chr3	49698504.0	49698504.0	0.0	tail_pattern_1	True
chr2_8853539	MBOAT2	chr2	8853539.0	8853539.0	0.0	tail_pattern_1	True
chr15_43595980-43595981	CKMT1B	chr15	43595980.0	43595981.0	1.0	tail_pattern_1	True
chr19_KI270938v1_alt_176224-176225	RPS9	chr19_KI270938v1_alt	176224.0	176225.0	1.0	tail_pattern_1	True
chr15_43695812-43695813	CKMT1A	chr15	43695812.0	43695813.0	1.0	tail_pattern_1	True
chr16_4811266-4811264	GLYR1	chr16	4811264.0	4811266.0	1.0	tail_pattern_1	True
chr16_4805258	GLYR1	chr16	4805258.0	4805258.0	0.0	tail_pattern_1	True
chr2_27053917-27053918	AGBL5	chr2	27053917.0	27053918.0	1.0	tail_pattern_1	True
chr17_68251125-68251127	AMZ2	chr17	68251125.0	68251127.0	1.0	tail_pattern_1	True
chr4_25234066-25234067	PI4K2B	chr4	25234066.0	25234067.0	1.0	tail_pattern_1	True
chr4_25263763-25263764	PI4K2B	chr4	25263763.0	25263764.0	1.0	tail_pattern_1	True
chr4_25277630	PI4K2B	chr4	25277630.0	25277630.0	0.0	tail_pattern_1	True
chr11_93733394-93733393	TAF1D	chr11	93733393.0	93733394.0	1.0	tail_pattern_1	True
chr4_78926669	PAQR3	chr4	78926669.0	78926669.0	0.0	tail_pattern_1	True
chrX_102906316-102906317	ARMCX5-GPRASP2	chrX	102906316.0	102906317.0	1.0	tail_pattern_1	True
chr17_76744379-76744380	MFSD11	chr17	76744379.0	76744380.0	1.0	tail_pattern_1	True
chr3_160381592-160381590	TRIM59-IFT80	chr3	160381590.0	160381592.0	1.0	tail_pattern_1	True
chr17_81241043	NDUFAF8	chr17	81241043.0	81241043.0	0.0	tail_pattern_1	True
chr8_19851849	INTS10	chr8	19851849.0	19851849.0	0.0	tail_pattern_1	True
chr22_36511725-36511724	EIF3D	chr22	36511724.0	36511725.0	1.0	tail_pattern_1	True
chr1_45013736-45013737	UROD	chr1	45013736.0	45013737.0	1.0	tail_pattern_1	True
chr1_45015459	UROD	chr1	45015459.0	45015459.0	0.0	tail_pattern_1	True
chr5_40832451	RPL37	chr5	40832451.0	40832451.0	0.0	tail_pattern_1	True
chr7_2250988	NUDT1	chr7	2250988.0	2250988.0	0.0	tail_pattern_1	True
chr17_21551478	LINC02693	chr17	21551478.0	21551478.0	0.0	tail_pattern_1	True
chr6_GL000255v2_alt_3091253-3091254	SNHG32	chr6_GL000255v2_alt	3091253.0	3091254.0	1.0	tail_pattern_1	True
chr2_210668206	CPS1	chr2	210668206.0	210668206.0	0.0	tail_pattern_1	True
chr16_29971528	TMEM219	chr16	29971528.0	29971528.0	0.0	tail_pattern_1	True
chr11_6477214-6477212	ARFIP2	chr11	6477212.0	6477214.0	1.0	tail_pattern_1	True
chr11_KI270831v1_alt_249703-249702	CARS1	chr11_KI270831v1_alt	249702.0	249703.0	1.0	tail_pattern_1	True
chr11_130141946-130141947	APLP2	chr11	130141946.0	130141947.0	1.0	tail_pattern_1	True
chr12_6862528-6862529	USP5	chr12	6862528.0	6862529.0	1.0	tail_pattern_1	True
chr22_31088892-31088893	SMTN	chr22	31088892.0	31088893.0	1.0	tail_pattern_1	True
chr1_151424066	POGZ	chr1	151424066.0	151424066.0	0.0	tail_pattern_1	True
chr1_171517708	PRRC2C	chr1	171517708.0	171517708.0	0.0	tail_pattern_1	True
chr7_6608328-6608329	C7orf26	chr7	6608328.0	6608329.0	1.0	tail_pattern_1	True
chr7_152249950-152249949	KMT2C	chr7	152249949.0	152249950.0	1.0	tail_pattern_1	True
chr7_102273391	CUX1	chr7	102273391.0	102273391.0	0.0	tail_pattern_1	True
chr7_133305894-133305896	EXOC4	chr7	133305894.0	133305896.0	1.0	tail_pattern_1	True
chr15_44717722-44717723	B2M	chr15	44717722.0	44717723.0	1.0	tail_pattern_1	True
chr16_15037297	PDXDC1	chr16	15037297.0	15037297.0	0.0	tail_pattern_1	True
chr16_18829331	SMG1	chr16	18829331.0	18829331.0	0.0	tail_pattern_1	True
chr16_16251999-16252000	NOMO3	chr16	16251999.0	16252000.0	1.0	tail_pattern_1	True
chr17_7901287-7901288	CHD3	chr17	7901287.0	7901288.0	1.0	tail_pattern_1	True
chr17_18328415	SHMT1	chr17	18328415.0	18328415.0	0.0	tail_pattern_1	True
chr17_42024691-42024692	NKIRAS2	chr17	42024691.0	42024692.0	1.0	tail_pattern_1	True
chr17_41892335-41892333	ACLY	chr17	41892333.0	41892335.0	1.0	tail_pattern_1	True
chr19_34194478-34194479	LSM14A	chr19	34194478.0	34194479.0	1.0	tail_pattern_1	True
chr19_49654780-49654781	SCAF1	chr19	49654780.0	49654781.0	1.0	tail_pattern_1	True
chr19_35279516	USF2	chr19	35279516.0	35279516.0	0.0	tail_pattern_1	True
chr19_1980907-1980908	CSNK1G2	chr19	1980907.0	1980908.0	1.0	tail_pattern_1	True
chr19_811804	PTBP1	chr19	811804.0	811804.0	0.0	tail_pattern_1	True
chr19_1020866	TMEM259	chr19	1020866.0	1020866.0	0.0	tail_pattern_1	True
chr19_12665513	MAN2B1	chr19	12665513.0	12665513.0	0.0	tail_pattern_1	True
chr21_46280057-46280055	MCM3AP	chr21	46280055.0	46280057.0	1.0	tail_pattern_1	True
chr21_46270550-46270549	MCM3AP	chr21	46270549.0	46270550.0	1.0	tail_pattern_1	True
chr22_42692835-42692834	A4GALT	chr22	42692834.0	42692835.0	1.0	tail_pattern_1	True
chrX_119675631	SEPTIN6	chrX	119675631.0	119675631.0	0.0	tail_pattern_1	True
chrX_119617924-119617923	SEPTIN6	chrX	119617923.0	119617924.0	1.0	tail_pattern_1	True
chr4_186600224-186600223	FAT1	chr4	186600223.0	186600224.0	1.0	tail_pattern_1	True
chr1_10130795-10130796	UBE4B	chr1	10130795.0	10130796.0	1.0	tail_pattern_1	True
chr2_101272998-101272996	RNF149	chr2	101272996.0	101272998.0	1.0	tail_pattern_1	True
chr2_108782746-108782749	RANBP2	chr2	108782746.0	108782749.0	1.0	tail_pattern_1	True
chr9_136412152-136412153	PMPCA	chr9	136412152.0	136412153.0	1.0	tail_pattern_1	True
chr9_136419045-136419046	PMPCA	chr9	136419045.0	136419046.0	1.0	tail_pattern_1	True
chr13_20973441-20973440	LATS2	chr13	20973440.0	20973441.0	1.0	tail_pattern_1	True
chr18_80137375-80137376	ADNP2	chr18	80137375.0	80137376.0	1.0	tail_pattern_1	True
chr14_39091576-39091573	SEC23A	chr14	39091573.0	39091576.0	1.0	tail_pattern_1	True
chr14_94102613-94102615	IFI27L1	chr14	94102613.0	94102615.0	1.0	tail_pattern_1	True
chr14_70969076-70969077	PCNX1	chr14	70969076.0	70969077.0	1.0	tail_pattern_1	True
chr14_32092595-32092596	ARHGAP5	chr14	32092595.0	32092596.0	1.0	tail_pattern_1	True
chr14_20401478-20401477	TEP1	chr14	20401477.0	20401478.0	1.0	tail_pattern_1	True
chr12_57820227	CTDSP2	chr12	57820227.0	57820227.0	0.0	tail_pattern_1	True
chr10_103425426	PDCD11	chr10	103425426.0	103425426.0	0.0	tail_pattern_1	True
chr10_120889165-120889166	WDR11	chr10	120889165.0	120889166.0	1.0	tail_pattern_1	True
chr10_120903227-120903229	WDR11	chr10	120903227.0	120903229.0	1.0	tail_pattern_1	True
chr1_45607981	NASP	chr1	45607981.0	45607981.0	0.0	tail_pattern_1	True
chr1_45616357-45616359	NASP	chr1	45616357.0	45616359.0	1.0	tail_pattern_1	True
chr1_43597926	PTPRF	chr1	43597926.0	43597926.0	0.0	tail_pattern_1	True
chr1_43604905-43604907	PTPRF	chr1	43604905.0	43604907.0	1.0	tail_pattern_1	True
chr1_43605210	PTPRF	chr1	43605210.0	43605210.0	0.0	tail_pattern_1	True
chr1_43606354-43606355	PTPRF	chr1	43606354.0	43606355.0	1.0	tail_pattern_1	True
chr1_109342074-109342073	SORT1	chr1	109342073.0	109342074.0	1.0	tail_pattern_1	True
chr19_8489038	HNRNPM	chr19	8489038.0	8489038.0	0.0	tail_pattern_1	True
chr1_220062825-220062824	BPNT1	chr1	220062824.0	220062825.0	1.0	tail_pattern_1	True
chr11_94874363-94874364	AMOTL1	chr11	94874363.0	94874364.0	1.0	tail_pattern_1	True
chrX_1425586	ASMTL	chrX	1425586.0	1425586.0	0.0	tail_pattern_1	True
chrX_154018103-154018102	IRAK1	chrX	154018102.0	154018103.0	1.0	tail_pattern_1	True
chrX_155122201	BRCC3	chrX	155122201.0	155122201.0	0.0	tail_pattern_1	True
chrY_1425586	ASMTL	chrY	1425586.0	1425586.0	0.0	tail_pattern_1	True
chr1_23057563-23057564	KDM1A	chr1	23057563.0	23057564.0	1.0	tail_pattern_1	True
chr1_19259212-19259213	MRTO4	chr1	19259212.0	19259213.0	1.0	tail_pattern_1	True
chr1_32101509-32101510	TMEM39B	chr1	32101509.0	32101510.0	1.0	tail_pattern_1	True
chr2_42329888	EML4	chr2	42329888.0	42329888.0	0.0	tail_pattern_1	True
chr8_9781854-9781855	TNKS	chr8	9781854.0	9781855.0	1.0	tail_pattern_1	True
chr8_42416916-42416915	SLC20A2	chr8	42416915.0	42416916.0	1.0	tail_pattern_1	True
chr10_68414550-68414549	DNA2	chr10	68414549.0	68414550.0	1.0	tail_pattern_1	True
chr11_66693304-66693303	SPTBN2	chr11	66693303.0	66693304.0	1.0	tail_pattern_1	True
chr11_57312681	TNKS1BP1	chr11	57312681.0	57312681.0	0.0	tail_pattern_1	True
chr13_77045317	MYCBP2	chr13	77045317.0	77045317.0	0.0	tail_pattern_1	True
chr14_20996794	METTL17	chr14	20996794.0	20996794.0	0.0	tail_pattern_1	True
chr16_18434665-18434664	LOC102723728	chr16	18434664.0	18434665.0	1.0	tail_pattern_1	True
chr17_4960086	SPAG7	chr17	4960086.0	4960086.0	0.0	tail_pattern_1	True
chr17_75889753	TRIM65	chr17	75889753.0	75889753.0	0.0	tail_pattern_1	True
chr19_3547357	MFSD12	chr19	3547357.0	3547357.0	0.0	tail_pattern_1	True
chr19_3055698-3055696	TLE5	chr19	3055696.0	3055698.0	1.0	tail_pattern_1	True
chr20_62316025	LAMA5	chr20	62316025.0	62316025.0	0.0	tail_pattern_1	True
chr20_37204812-37204814	RPN2	chr20	37204812.0	37204814.0	1.0	tail_pattern_1	True
chr20_37213828-37213829	RPN2	chr20	37213828.0	37213829.0	1.0	tail_pattern_1	True
chr22_36467619	TXN2	chr22	36467619.0	36467619.0	0.0	tail_pattern_1	True
chrX_111727383-111727387	ALG13	chrX	111727383.0	111727387.0	1.0	tail_pattern_1	True
chr1_206599021-206599020	EIF2D	chr1	206599020.0	206599021.0	1.0	tail_pattern_1	True
chr1_209843580-209843583	UTP25	chr1	209843580.0	209843583.0	1.0	tail_pattern_1	True
chr1_155015802-155015803	ZBTB7B	chr1	155015802.0	155015803.0	1.0	tail_pattern_1	True
chr1_202925001	KLHL12	chr1	202925001.0	202925001.0	0.0	tail_pattern_1	True
chr2_119247995	STEAP3	chr2	119247995.0	119247995.0	0.0	tail_pattern_1	True
chr2_203190908	NBEAL1	chr2	203190908.0	203190908.0	0.0	tail_pattern_1	True
chr2_177499627-177499629	AGPS	chr2	177499627.0	177499629.0	1.0	tail_pattern_1	True
chr3_101325582-101325581	SENP7	chr3	101325581.0	101325582.0	1.0	tail_pattern_1	True
chr4_851813	GAK	chr4	851813.0	851813.0	0.0	tail_pattern_1	True
chr6_42210543-42210541	MRPS10	chr6	42210541.0	42210543.0	1.0	tail_pattern_1	True
chr6_34880004	TAF11	chr6	34880004.0	34880004.0	0.0	tail_pattern_1	True
chr7_44694001-44694003	OGDH	chr7	44694001.0	44694003.0	1.0	tail_pattern_1	True
chr7_44694515	OGDH	chr7	44694515.0	44694515.0	0.0	tail_pattern_1	True
chr7_44696110	OGDH	chr7	44696110.0	44696110.0	0.0	tail_pattern_1	True
chr7_2369496	EIF3B	chr7	2369496.0	2369496.0	0.0	tail_pattern_1	True
chr7_135187060-135187059	WDR91	chr7	135187059.0	135187060.0	1.0	tail_pattern_1	True
chr8_140527676-140527675	AGO2	chr8	140527675.0	140527676.0	1.0	tail_pattern_1	True
chr9_4586826-4586827	SLC1A1	chr9	4586826.0	4586827.0	1.0	tail_pattern_1	True
chr9_129874600-129874602	USP20	chr9	129874600.0	129874602.0	1.0	tail_pattern_1	True
chr9_85585544	AGTPBP1	chr9	85585544.0	85585544.0	0.0	tail_pattern_1	True
chr9_128541939-128541940	GLE1	chr9	128541939.0	128541940.0	1.0	tail_pattern_1	True
chr9_128434143	CERCAM	chr9	128434143.0	128434143.0	0.0	tail_pattern_1	True
chr9_129129031-129129032	PTPA	chr9	129129031.0	129129032.0	1.0	tail_pattern_1	True
chr9_101557579-101557580	RNF20	chr9	101557579.0	101557580.0	1.0	tail_pattern_1	True
chr9_127506478	NIBAN2	chr9	127506478.0	127506478.0	0.0	tail_pattern_1	True
chr9_133361816-133361814	SURF4	chr9	133361814.0	133361816.0	1.0	tail_pattern_1	True
chr9_136440653-136440652	SEC16A	chr9	136440652.0	136440653.0	1.0	tail_pattern_1	True
chr10_15214124-15214123	FAM171A1	chr10	15214123.0	15214124.0	1.0	tail_pattern_1	True
chr11_295501-295502	PGGHG	chr11	295501.0	295502.0	1.0	tail_pattern_1	True
chr13_98019786-98019787	IPO5	chr13	98019786.0	98019787.0	1.0	tail_pattern_1	True
chr13_98023519-98023520	IPO5	chr13	98023519.0	98023520.0	1.0	tail_pattern_1	True
chr15_89274212	FANCI	chr15	89274212.0	89274212.0	0.0	tail_pattern_1	True
chr15_89316503-89316507	FANCI	chr15	89316503.0	89316507.0	1.0	tail_pattern_1	True
chr16_1448419	CLCN7	chr16	1448419.0	1448419.0	0.0	tail_pattern_1	True
chr16_11765066-11765064	ZC3H7A	chr16	11765064.0	11765066.0	1.0	tail_pattern_1	True
chr16_2171583	TRAF7	chr16	2171583.0	2171583.0	0.0	tail_pattern_1	True
chr16_11556548-11556547	LITAF	chr16	11556547.0	11556548.0	1.0	tail_pattern_1	True
chr16_67230505-67230504	FHOD1	chr16	67230504.0	67230505.0	1.0	tail_pattern_1	True
chr17_82083401	FASN	chr17	82083401.0	82083401.0	0.0	tail_pattern_1	True
chr17_82078631	FASN	chr17	82078631.0	82078631.0	0.0	tail_pattern_1	True
chr17_17185372	MPRIP	chr17	17185372.0	17185372.0	0.0	tail_pattern_1	True
chr17_2375624-2375625	SGSM2	chr17	2375624.0	2375625.0	1.0	tail_pattern_1	True
chr17_2375779-2375781	SGSM2	chr17	2375779.0	2375781.0	1.0	tail_pattern_1	True
chr17_35724705	AP2B1	chr17	35724705.0	35724705.0	0.0	tail_pattern_1	True
chr17_61907495	INTS2	chr17	61907495.0	61907495.0	0.0	tail_pattern_1	True
chr17_41817138	FKBP10	chr17	41817138.0	41817138.0	0.0	tail_pattern_1	True
chr17_67145824-67145822	HELZ	chr17	67145822.0	67145824.0	1.0	tail_pattern_1	True
chr18_79307018-79307019	ATP9B	chr18	79307018.0	79307019.0	1.0	tail_pattern_1	True
chr19_46838230-46838229	AP2S1	chr19	46838229.0	46838230.0	1.0	tail_pattern_1	True
chr19_46838224	AP2S1	chr19	46838224.0	46838224.0	0.0	tail_pattern_1	True
chr19_45682657-45682658	GIPR	chr19	45682657.0	45682658.0	1.0	tail_pattern_1	True
chr19_40742702-40742701	C19orf54	chr19	40742701.0	40742702.0	1.0	tail_pattern_1	True
chr19_46470415-46470414	PNMA8A	chr19	46470414.0	46470415.0	1.0	tail_pattern_1	True
chr19_40588681-40588683	SHKBP1	chr19	40588681.0	40588683.0	1.0	tail_pattern_1	True
chr19_10391186	CDC37	chr19	10391186.0	10391186.0	0.0	tail_pattern_1	True
chr19_1425894-1425896	DAZAP1	chr19	1425894.0	1425896.0	1.0	tail_pattern_1	True
chr19_1434892-1434893	DAZAP1	chr19	1434892.0	1434893.0	1.0	tail_pattern_1	True
chr19_1435641-1435643	DAZAP1	chr19	1435641.0	1435643.0	1.0	tail_pattern_1	True
chr19_11436069	PRKCSH	chr19	11436069.0	11436069.0	0.0	tail_pattern_1	True
chr19_11447112-11447114	PRKCSH	chr19	11447112.0	11447114.0	1.0	tail_pattern_1	True
chr19_1881594	ABHD17A	chr19	1881594.0	1881594.0	0.0	tail_pattern_1	True
chr20_33438996-33438994	SNTA1	chr20	33438994.0	33438996.0	1.0	tail_pattern_1	True
chr20_49113647	STAU1	chr20	49113647.0	49113647.0	0.0	tail_pattern_1	True
chr20_5190553-5190554	CDS2	chr20	5190553.0	5190554.0	1.0	tail_pattern_1	True
chr21_36748432-36748434	SIM2	chr21	36748432.0	36748434.0	1.0	tail_pattern_1	True
chr22_19508566-19508569	CDC45	chr22	19508566.0	19508569.0	1.0	tail_pattern_1	True
chrX_154436177-154436178	ATP6AP1	chrX	154436177.0	154436178.0	1.0	tail_pattern_1	True
chrX_118792476	IL13RA1	chrX	118792476.0	118792476.0	0.0	tail_pattern_1	True
chr4_88506057-88506058	HERC5	chr4	88506057.0	88506058.0	1.0	tail_pattern_1	True
chr4_86775214-86775215	PTPN13	chr4	86775214.0	86775215.0	1.0	tail_pattern_1	True
chr2_73247800-73247802	CCT7	chr2	73247800.0	73247802.0	1.0	tail_pattern_1	True
chr2_73252776	CCT7	chr2	73252776.0	73252776.0	0.0	tail_pattern_1	True
chr2_26277136	HADHB	chr2	26277136.0	26277136.0	0.0	tail_pattern_1	True
chr2_70215493-70215492	TIA1	chr2	70215492.0	70215493.0	1.0	tail_pattern_1	True
chr3_33842021-33842022	PDCD6IP	chr3	33842021.0	33842022.0	1.0	tail_pattern_1	True
chr3_33845483-33845484	PDCD6IP	chr3	33845483.0	33845484.0	1.0	tail_pattern_1	True
chr3_47846614	DHX30	chr3	47846614.0	47846614.0	0.0	tail_pattern_1	True
chr3_47419568	SCAP	chr3	47419568.0	47419568.0	0.0	tail_pattern_1	True
chr3_49681952-49681954	APEH	chr3	49681952.0	49681954.0	1.0	tail_pattern_1	True
chr8_6758246-6758247	AGPAT5	chr8	6758246.0	6758247.0	1.0	tail_pattern_1	True
chr13_24435316-24435314	PARP4	chr13	24435314.0	24435316.0	1.0	tail_pattern_1	True
chr13_24426506-24426505	PARP4	chr13	24426505.0	24426506.0	1.0	tail_pattern_1	True
chr6_100767251-100767249	ASCC3	chr6	100767249.0	100767251.0	1.0	tail_pattern_1	True
chr6_89163381	PM20D2	chr6	89163381.0	89163381.0	0.0	tail_pattern_1	True
chr6_169659185	WDR27	chr6	169659185.0	169659185.0	0.0	tail_pattern_1	True
chr6_158632485-158632486	TMEM181	chr6	158632485.0	158632486.0	1.0	tail_pattern_1	True
chr14_104759507-104759508	SIVA1	chr14	104759507.0	104759508.0	1.0	tail_pattern_1	True
chr14_21370467-21370465	SUPT16H	chr14	21370465.0	21370467.0	1.0	tail_pattern_1	True
chr14_64025137-64025139	SYNE2	chr14	64025137.0	64025139.0	1.0	tail_pattern_1	True
chr14_99459173-99459169	SETD3	chr14	99459169.0	99459173.0	1.0	tail_pattern_1	True
chr5_149852473-149852474	PPARGC1B	chr5	149852473.0	149852474.0	1.0	tail_pattern_1	True
chr12_119857629	CIT	chr12	119857629.0	119857629.0	0.0	tail_pattern_1	True
chr12_112446320	PTPN11	chr12	112446320.0	112446320.0	0.0	tail_pattern_1	True
chr12_120696971-120696972	MLEC	chr12	120696971.0	120696972.0	1.0	tail_pattern_1	True
chr10_70539652-70539653	PALD1	chr10	70539652.0	70539653.0	1.0	tail_pattern_1	True
chr10_80432038-80432040	PRXL2A	chr10	80432038.0	80432040.0	1.0	tail_pattern_1	True
chr10_77835876-77835875	DLG5	chr10	77835875.0	77835876.0	1.0	tail_pattern_1	True
chr10_73770749-73770750	SEC24C	chr10	73770749.0	73770750.0	1.0	tail_pattern_1	True
chr1_40072561-40072563	CAP1	chr1	40072561.0	40072563.0	1.0	tail_pattern_1	True
chr1_44759302	KIF2C	chr1	44759302.0	44759302.0	0.0	tail_pattern_1	True
chr1_19168146-19168145	UBR4	chr1	19168145.0	19168146.0	1.0	tail_pattern_1	True
chr1_53807774-53807773	NDC1	chr1	53807773.0	53807774.0	1.0	tail_pattern_1	True
chr1_53796991	NDC1	chr1	53796991.0	53796991.0	0.0	tail_pattern_1	True
chr1_241500439	FH	chr1	241500439.0	241500439.0	0.0	tail_pattern_1	True
chr1_244708364	DESI2	chr1	244708364.0	244708364.0	0.0	tail_pattern_1	True
chr1_226982046-226982047	COQ8A	chr1	226982046.0	226982047.0	1.0	tail_pattern_1	True
chr1_227732245	JMJD4	chr1	227732245.0	227732245.0	0.0	tail_pattern_1	True
chr11_63759781	RTN3	chr11	63759781.0	63759781.0	0.0	tail_pattern_1	True
chr11_71439037-71439035	DHCR7	chr11	71439035.0	71439037.0	1.0	tail_pattern_1	True
chr11_72003911	NUMA1	chr11	72003911.0	72003911.0	0.0	tail_pattern_1	True
chr11_65182892	CAPN1	chr11	65182892.0	65182892.0	0.0	tail_pattern_1	True
chr11_65186045	CAPN1	chr11	65186045.0	65186045.0	0.0	tail_pattern_1	True
chr11_65210447	CAPN1	chr11	65210447.0	65210447.0	0.0	tail_pattern_1	True
chr1_227733881-227733882	SNAP47	chr1	227733881.0	227733882.0	1.0	tail_pattern_1	True
chr1_1254957	UBE2J2	chr1	1254957.0	1254957.0	0.0	tail_pattern_1	True
chr1_24156521-24156520	IFNLR1	chr1	24156520.0	24156521.0	1.0	tail_pattern_1	True
chr1_29118914	EPB41	chr1	29118914.0	29118914.0	0.0	tail_pattern_1	True
chr1_55110203-55110202	USP24	chr1	55110202.0	55110203.0	1.0	tail_pattern_1	True
chr1_17004788	ATP13A2	chr1	17004788.0	17004788.0	0.0	tail_pattern_1	True
chr1_16989915	ATP13A2	chr1	16989915.0	16989915.0	0.0	tail_pattern_1	True
chr1_23854425-23854422	FUCA1	chr1	23854422.0	23854425.0	1.0	tail_pattern_1	True
chr1_229593682-229593680	TAF5L	chr1	229593680.0	229593682.0	1.0	tail_pattern_1	True
chr1_98701872-98701875	SNX7	chr1	98701872.0	98701875.0	1.0	tail_pattern_1	True
chr1_15784939-15784940	FBLIM1	chr1	15784939.0	15784940.0	1.0	tail_pattern_1	True
chr1_166854176-166854177	POGK	chr1	166854176.0	166854177.0	1.0	tail_pattern_1	True
chr1_112670062-112670063	CAPZA1	chr1	112670062.0	112670063.0	1.0	tail_pattern_1	True
chr1_32779387-32779386	YARS1	chr1	32779386.0	32779387.0	1.0	tail_pattern_1	True
chr1_20853590	EIF4G3	chr1	20853590.0	20853590.0	0.0	tail_pattern_1	True
chr2_37204343	CEBPZOS	chr2	37204343.0	37204343.0	0.0	tail_pattern_1	True
chr2_86179518	NONE	chr2	86179518.0	86179518.0	0.0	tail_pattern_1	True
chr2_131055694-131055693	FAM168B	chr2	131055693.0	131055694.0	1.0	tail_pattern_1	True
chr2_131049504	FAM168B	chr2	131049504.0	131049504.0	0.0	tail_pattern_1	True
chr2_159248455-159248454	WDSUB1	chr2	159248454.0	159248455.0	1.0	tail_pattern_1	True
chr2_24063441	FKBP1B	chr2	24063441.0	24063441.0	0.0	tail_pattern_1	True
chr2_219571108	OBSL1	chr2	219571108.0	219571108.0	0.0	tail_pattern_1	True
chr2_201085563	NDUFB3	chr2	201085563.0	201085563.0	0.0	tail_pattern_1	True
chr2_215326117	ATIC	chr2	215326117.0	215326117.0	0.0	tail_pattern_1	True
chr2_215336046	ATIC	chr2	215336046.0	215336046.0	0.0	tail_pattern_1	True
chr2_241335180	SEPTIN2	chr2	241335180.0	241335180.0	0.0	tail_pattern_1	True
chr2_241337481-241337482	SEPTIN2	chr2	241337481.0	241337482.0	1.0	tail_pattern_1	True
chr2_131492227	MZT2A	chr2	131492227.0	131492227.0	0.0	tail_pattern_1	True
chr2_218756982-218756984	TTLL4	chr2	218756982.0	218756984.0	1.0	tail_pattern_1	True
chr3_160402049-160402050	SMC4	chr3	160402049.0	160402050.0	1.0	tail_pattern_1	True
chr3_31622153-31622154	STT3B	chr3	31622153.0	31622154.0	1.0	tail_pattern_1	True
chr3_45011328-45011329	EXOSC7	chr3	45011328.0	45011329.0	1.0	tail_pattern_1	True
chr3_37326444-37326445	GOLGA4	chr3	37326444.0	37326445.0	1.0	tail_pattern_1	True
chr3_67375411-67375409	SUCLG2	chr3	67375409.0	67375411.0	1.0	tail_pattern_1	True
chr3_38488175-38488177	ACVR2B	chr3	38488175.0	38488177.0	1.0	tail_pattern_1	True
chr3_38493029	ACVR2B	chr3	38493029.0	38493029.0	0.0	tail_pattern_1	True
chr4_47460211	COMMD8	chr4	47460211.0	47460211.0	0.0	tail_pattern_1	True
chr4_102262315-102262314	SLC39A8	chr4	102262314.0	102262315.0	1.0	tail_pattern_1	True
chr4_106327464-106327466	AIMP1	chr4	106327464.0	106327466.0	1.0	tail_pattern_1	True
chr4_10097749-10097747	WDR1	chr4	10097747.0	10097749.0	1.0	tail_pattern_1	True
chr5_95886832-95886831	ELL2	chr5	95886831.0	95886832.0	1.0	tail_pattern_1	True
chr5_77438327	WDR41	chr5	77438327.0	77438327.0	0.0	tail_pattern_1	True
chr5_109379253-109379252	PJA2	chr5	109379252.0	109379253.0	1.0	tail_pattern_1	True
chr6_18197104	KDM1B	chr6	18197104.0	18197104.0	0.0	tail_pattern_1	True
chr6_151092540-151092541	MTHFD1L	chr6	151092540.0	151092541.0	1.0	tail_pattern_1	True
chr6_3298175-3298173	SLC22A23	chr6	3298173.0	3298175.0	1.0	tail_pattern_1	True
chr6_31641208-31641207	BAG6	chr6	31641207.0	31641208.0	1.0	tail_pattern_1	True
chr6_71308078-71308079	OGFRL1	chr6	71308078.0	71308079.0	1.0	tail_pattern_1	True
chr7_1503057-1503056	INTS1	chr7	1503056.0	1503057.0	1.0	tail_pattern_1	True
chr7_1499581	INTS1	chr7	1499581.0	1499581.0	0.0	tail_pattern_1	True
chr7_1476656-1476655	INTS1	chr7	1476655.0	1476656.0	1.0	tail_pattern_1	True
chr7_127887946	SND1	chr7	127887946.0	127887946.0	0.0	tail_pattern_1	True
chr7_128394298	IMPDH1	chr7	128394298.0	128394298.0	0.0	tail_pattern_1	True
chr7_56051175	PSPH	chr7	56051175.0	56051175.0	0.0	tail_pattern_1	True
chr8_54063339	LYPLA1	chr8	54063339.0	54063339.0	0.0	tail_pattern_1	True
chr8_54051073	LYPLA1	chr8	54051073.0	54051073.0	0.0	tail_pattern_1	True
chr8_99893526	COX6C	chr8	99893526.0	99893526.0	0.0	tail_pattern_1	True
chr8_144097068	CYC1	chr8	144097068.0	144097068.0	0.0	tail_pattern_1	True
chr8_15662157-15662158	TUSC3	chr8	15662157.0	15662158.0	1.0	tail_pattern_1	True
chr8_69690350-69690348	SLCO5A1	chr8	69690348.0	69690350.0	1.0	tail_pattern_1	True
chr8_69690328	SLCO5A1	chr8	69690328.0	69690328.0	0.0	tail_pattern_1	True
chr8_69690281	SLCO5A1	chr8	69690281.0	69690281.0	0.0	tail_pattern_1	True
chr8_69690279	SLCO5A1	chr8	69690279.0	69690279.0	0.0	tail_pattern_1	True
chr8_69690275	SLCO5A1	chr8	69690275.0	69690275.0	0.0	tail_pattern_1	True
chr8_69690273	SLCO5A1	chr8	69690273.0	69690273.0	0.0	tail_pattern_1	True
chr8_69690225	SLCO5A1	chr8	69690225.0	69690225.0	0.0	tail_pattern_1	True
chr8_69690221	SLCO5A1	chr8	69690221.0	69690221.0	0.0	tail_pattern_1	True
chr8_69690199	SLCO5A1	chr8	69690199.0	69690199.0	0.0	tail_pattern_1	True
chr8_69690192	SLCO5A1	chr8	69690192.0	69690192.0	0.0	tail_pattern_1	True
chr8_69690190	SLCO5A1	chr8	69690190.0	69690190.0	0.0	tail_pattern_1	True
chr8_69690160-69690159	SLCO5A1	chr8	69690159.0	69690160.0	1.0	tail_pattern_1	True
chr8_69690123-69690122	SLCO5A1	chr8	69690122.0	69690123.0	1.0	tail_pattern_1	True
chr8_144511982-144511980	RECQL4	chr8	144511980.0	144511982.0	1.0	tail_pattern_1	True
chr9_123104146	RABGAP1	chr9	123104146.0	123104146.0	0.0	tail_pattern_1	True
chr9_128692662	SET	chr9	128692662.0	128692662.0	0.0	tail_pattern_1	True
chr10_130174869-130174870	GLRX3	chr10	130174869.0	130174870.0	1.0	tail_pattern_1	True
chr10_101784908-101784907	OGA	chr10	101784907.0	101784908.0	1.0	tail_pattern_1	True
chr10_74224541-74224542	ADK	chr10	74224541.0	74224542.0	1.0	tail_pattern_1	True
chr10_119111884-119111887	DENND10	chr10	119111884.0	119111887.0	1.0	tail_pattern_1	True
chr11_16756617	C11orf58	chr11	16756617.0	16756617.0	0.0	tail_pattern_1	True
chr11_94183579-94183580	PANX1	chr11	94183579.0	94183580.0	1.0	tail_pattern_1	True
chr11_119311595-119311594	MCAM	chr11	119311594.0	119311595.0	1.0	tail_pattern_1	True
chr11_117167797	PAFAH1B2	chr11	117167797.0	117167797.0	0.0	tail_pattern_1	True
chr11_126273378-126273379	FOXRED1	chr11	126273378.0	126273379.0	1.0	tail_pattern_1	True
chr11_13388421-13388420	BTBD10	chr11	13388420.0	13388421.0	1.0	tail_pattern_1	True
chr11_57491357-57491356	SLC43A1	chr11	57491356.0	57491357.0	1.0	tail_pattern_1	True
chr11_113736795-113736794	ZW10	chr11	113736794.0	113736795.0	1.0	tail_pattern_1	True
chr12_30674673	IPO8	chr12	30674673.0	30674673.0	0.0	tail_pattern_1	True
chr12_30662340	IPO8	chr12	30662340.0	30662340.0	0.0	tail_pattern_1	True
chr12_119686966-119686965	CIT	chr12	119686965.0	119686966.0	1.0	tail_pattern_1	True
chr12_47994045	COL2A1	chr12	47994045.0	47994045.0	0.0	tail_pattern_1	True
chr12_100098541	UHRF1BP1L	chr12	100098541.0	100098541.0	0.0	tail_pattern_1	True
chr12_57624273-57624272	B4GALNT1	chr12	57624272.0	57624273.0	1.0	tail_pattern_1	True
chr12_26725731-26725730	ITPR2	chr12	26725730.0	26725731.0	1.0	tail_pattern_1	True
chr12_26681967-26681966	ITPR2	chr12	26681966.0	26681967.0	1.0	tail_pattern_1	True
chr12_26487095-26487094	ITPR2	chr12	26487094.0	26487095.0	1.0	tail_pattern_1	True
chr12_26972280-26972279	TM7SF3	chr12	26972279.0	26972280.0	1.0	tail_pattern_1	True
chr12_49003215-49003213	PRKAG1	chr12	49003213.0	49003215.0	1.0	tail_pattern_1	True
chr12_24816782-24816780	BCAT1	chr12	24816780.0	24816782.0	1.0	tail_pattern_1	True
chr12_57595929	PIP4K2C	chr12	57595929.0	57595929.0	0.0	tail_pattern_1	True
chr12_53270012-53270013	ESPL1	chr12	53270012.0	53270013.0	1.0	tail_pattern_1	True
chr12_53270426-53270428	ESPL1	chr12	53270426.0	53270428.0	1.0	tail_pattern_1	True
chr13_95020838-95020837	ABCC4	chr13	95020837.0	95020838.0	1.0	tail_pattern_1	True
chr13_46791380-46791378	ESD	chr13	46791378.0	46791380.0	1.0	tail_pattern_1	True
chr13_100340242-100340245	PCCA	chr13	100340242.0	100340245.0	1.0	tail_pattern_1	True
chr13_75566848-75566850	UCHL3	chr13	75566848.0	75566850.0	1.0	tail_pattern_1	True
chr14_67794223-67794222	ZFYVE26	chr14	67794222.0	67794223.0	1.0	tail_pattern_1	True
chr14_104895759	CEP170B	chr14	104895759.0	104895759.0	0.0	tail_pattern_1	True
chr14_96881417-96881418	VRK1	chr14	96881417.0	96881418.0	1.0	tail_pattern_1	True
chr15_67580814-67580816	MAP2K5	chr15	67580814.0	67580816.0	1.0	tail_pattern_1	True
chr15_78290039	WDR61	chr15	78290039.0	78290039.0	0.0	tail_pattern_1	True
chr16_89887656-89887657	TCF25	chr16	89887656.0	89887657.0	1.0	tail_pattern_1	True
chr16_84779231-84779232	USP10	chr16	84779231.0	84779232.0	1.0	tail_pattern_1	True
chr17_63806579-63806582	DDX42	chr17	63806579.0	63806582.0	1.0	tail_pattern_1	True
chr17_81715487	SLC25A10	chr17	81715487.0	81715487.0	0.0	tail_pattern_1	True
chr17_1508213-1508211	INPP5K	chr17	1508211.0	1508213.0	1.0	tail_pattern_1	True
chr17_49413192	PHB1	chr17	49413192.0	49413192.0	0.0	tail_pattern_1	True
chr17_28344969	TNFAIP1	chr17	28344969.0	28344969.0	0.0	tail_pattern_1	True
chr18_2738535-2738537	SMCHD1	chr18	2738535.0	2738537.0	1.0	tail_pattern_1	True
chr18_2762112-2762113	SMCHD1	chr18	2762112.0	2762113.0	1.0	tail_pattern_1	True
chr19_881574-881573	MED16	chr19	881573.0	881574.0	1.0	tail_pattern_1	True
chr19_2514817	GNG7	chr19	2514817.0	2514817.0	0.0	tail_pattern_1	True
chr19_49855039	PTOV1	chr19	49855039.0	49855039.0	0.0	tail_pattern_1	True
chr19_14093186-14093184	PRKACA	chr19	14093184.0	14093186.0	1.0	tail_pattern_1	True
chr19_18856296	UPF1	chr19	18856296.0	18856296.0	0.0	tail_pattern_1	True
chr19_18867744-18867747	UPF1	chr19	18867744.0	18867747.0	1.0	tail_pattern_1	True
chr21_6445474	LOC102724560	chr21	6445474.0	6445474.0	0.0	tail_pattern_1	True
chr21_43981040-43981042	AGPAT3	chr21	43981040.0	43981042.0	1.0	tail_pattern_1	True
chr22_39521800	ATF4	chr22	39521800.0	39521800.0	0.0	tail_pattern_1	True
chr22_41251084	RANGAP1	chr22	41251084.0	41251084.0	0.0	tail_pattern_1	True
chr22_29804735	ASCC2	chr22	29804735.0	29804735.0	0.0	tail_pattern_1	True
chrX_53647486	HUWE1	chrX	53647486.0	53647486.0	0.0	tail_pattern_1	True
chrX_53585135-53585134	HUWE1	chrX	53585134.0	53585135.0	1.0	tail_pattern_1	True
chrX_53549306-53549305	HUWE1	chrX	53549305.0	53549306.0	1.0	tail_pattern_1	True
chrX_53534150	HUWE1	chrX	53534150.0	53534150.0	0.0	tail_pattern_1	True
chrX_118741039-118741041	IL13RA1	chrX	118741039.0	118741041.0	1.0	tail_pattern_1	True
chrX_65740648	MSN	chrX	65740648.0	65740648.0	0.0	tail_pattern_1	True
chrX_65740878-65740881	MSN	chrX	65740878.0	65740881.0	1.0	tail_pattern_1	True
chrX_65741092	MSN	chrX	65741092.0	65741092.0	0.0	tail_pattern_1	True
chrX_70287756-70287754	PDZD11	chrX	70287754.0	70287756.0	1.0	tail_pattern_1	True
chrX_24843572	POLA1	chrX	24843572.0	24843572.0	0.0	tail_pattern_1	True
chrX_47202251-47202253	UBA1	chrX	47202251.0	47202253.0	1.0	tail_pattern_1	True
chrX_47203580-47203582	UBA1	chrX	47203580.0	47203582.0	1.0	tail_pattern_1	True
chrX_47213099-47213100	UBA1	chrX	47213099.0	47213100.0	1.0	tail_pattern_1	True
chrX_101035674-101035673	TRMT2B	chrX	101035673.0	101035674.0	1.0	tail_pattern_1	True
chrX_49272348-49272349	PPP1R3F	chrX	49272348.0	49272349.0	1.0	tail_pattern_1	True
chrX_51895388-51895392	MAGED1	chrX	51895388.0	51895392.0	1.0	tail_pattern_1	True
chrX_51897844-51897845	MAGED1	chrX	51897844.0	51897845.0	1.0	tail_pattern_1	True
chr5_136179805	SMAD5	chr5	136179805.0	136179805.0	0.0	tail_pattern_1	True
chr1_11253911	MTOR	chr1	11253911.0	11253911.0	0.0	tail_pattern_1	True
chr1_11127725-11127723	MTOR	chr1	11127723.0	11127725.0	1.0	tail_pattern_1	True
chr7_128397005-128397004	IMPDH1	chr7	128397004.0	128397005.0	1.0	tail_pattern_1	True
chr7_100887339-100887342	SRRT	chr7	100887339.0	100887342.0	1.0	tail_pattern_1	True
chr7_75888787	RHBDD2	chr7	75888787.0	75888787.0	0.0	tail_pattern_1	True
chr7_105547044-105547045	RINT1	chr7	105547044.0	105547045.0	1.0	tail_pattern_1	True
chr7_152120858-152120859	GALNT11	chr7	152120858.0	152120859.0	1.0	tail_pattern_1	True
chr8_92884248	TRIQK	chr8	92884248.0	92884248.0	0.0	tail_pattern_1	True
chr8_17960067-17960069	PCM1	chr8	17960067.0	17960069.0	1.0	tail_pattern_1	True
chr8_58575994-58575995	SDCBP	chr8	58575994.0	58575995.0	1.0	tail_pattern_1	True
chr8_73046775	TERF1	chr8	73046775.0	73046775.0	0.0	tail_pattern_1	True
chr8_124508609-124508605	TATDN1	chr8	124508605.0	124508609.0	1.0	tail_pattern_1	True
chr8_86560017	CPNE3	chr8	86560017.0	86560017.0	0.0	tail_pattern_1	True
chr1_20744168	HP1BP3	chr1	20744168.0	20744168.0	0.0	tail_pattern_1	True
chr9_131523256-131523257	POMT1	chr9	131523256.0	131523257.0	1.0	tail_pattern_1	True
chr9_98076969	NANS	chr9	98076969.0	98076969.0	0.0	tail_pattern_1	True
chr1_207074360-207074361	PFKFB2	chr1	207074360.0	207074361.0	1.0	tail_pattern_1	True
chr10_97401304	RRP12	chr10	97401304.0	97401304.0	0.0	tail_pattern_1	True
chr10_97358605	RRP12	chr10	97358605.0	97358605.0	0.0	tail_pattern_1	True
chr10_50127744	WASHC2A	chr10	50127744.0	50127744.0	0.0	tail_pattern_1	True
chr10_114431496-114431495	ABLIM1	chr10	114431495.0	114431496.0	1.0	tail_pattern_1	True
chr10_97459724-97459723	MMS19	chr10	97459723.0	97459724.0	1.0	tail_pattern_1	True
chr1_225496271	ENAH	chr1	225496271.0	225496271.0	0.0	tail_pattern_1	True
chr1_225554924-225554923	ENAH	chr1	225554923.0	225554924.0	1.0	tail_pattern_1	True
chr11_134253624-134253626	ACAD8	chr11	134253624.0	134253626.0	1.0	tail_pattern_1	True
chr11_3823905	PGAP2	chr11	3823905.0	3823905.0	0.0	tail_pattern_1	True
chr11_43855271-43855272	HSD17B12	chr11	43855271.0	43855272.0	1.0	tail_pattern_1	True
chr11_65536037-65536039	SCYL1	chr11	65536037.0	65536039.0	1.0	tail_pattern_1	True
chr11_57330369-57330368	SSRP1	chr11	57330368.0	57330369.0	1.0	tail_pattern_1	True
chr11_57326335-57326333	SSRP1	chr11	57326333.0	57326335.0	1.0	tail_pattern_1	True
chr12_6981615-6981613	LPCAT3	chr12	6981613.0	6981615.0	1.0	tail_pattern_1	True
chr12_107093480	CRY1	chr12	107093480.0	107093480.0	0.0	tail_pattern_1	True
chr12_106999837-106999835	CRY1	chr12	106999835.0	106999837.0	1.0	tail_pattern_1	True
chr12_106998011	CRY1	chr12	106998011.0	106998011.0	0.0	tail_pattern_1	True
chr12_26934589-26934588	INTS13	chr12	26934588.0	26934589.0	1.0	tail_pattern_1	True
chr13_23338991-23338990	SACS	chr13	23338990.0	23338991.0	1.0	tail_pattern_1	True
chr14_21210231	HNRNPC	chr14	21210231.0	21210231.0	0.0	tail_pattern_1	True
chr14_103462418-103462419	MARK3	chr14	103462418.0	103462419.0	1.0	tail_pattern_1	True
chr14_35091137-35091134	PPP2R3C	chr14	35091134.0	35091137.0	1.0	tail_pattern_1	True
chr14_100334345-100334344	WARS1	chr14	100334344.0	100334345.0	1.0	tail_pattern_1	True
chr15_90948236-90948238	UNC45A	chr15	90948236.0	90948238.0	1.0	tail_pattern_1	True
chr15_90953029-90953030	UNC45A	chr15	90953029.0	90953030.0	1.0	tail_pattern_1	True
chr1_11674734-11674732	MAD2L2	chr1	11674732.0	11674734.0	1.0	tail_pattern_1	True
chr1_46572095-46572094	MKNK1	chr1	46572094.0	46572095.0	1.0	tail_pattern_1	True
chr17_1676677	PRPF8	chr17	1676677.0	1676677.0	0.0	tail_pattern_1	True
chr17_54968410-54968408	COX11	chr17	54968408.0	54968410.0	1.0	tail_pattern_1	True
chr17_2692790	CLUH	chr17	2692790.0	2692790.0	0.0	tail_pattern_1	True
chr17_2690398	CLUH	chr17	2690398.0	2690398.0	0.0	tail_pattern_1	True
chr17_776873-776871	GLOD4	chr17	776871.0	776873.0	1.0	tail_pattern_1	True
chr17_4164198-4164197	ANKFY1	chr17	4164197.0	4164198.0	1.0	tail_pattern_1	True
chr17_66806985-66806986	PRKCA	chr17	66806985.0	66806986.0	1.0	tail_pattern_1	True
chr17_82061699-82061697	DUS1L	chr17	82061697.0	82061699.0	1.0	tail_pattern_1	True
chr17_29572477-29572478	TP53I13	chr17	29572477.0	29572478.0	1.0	tail_pattern_1	True
chr17_47605358	NPEPPS	chr17	47605358.0	47605358.0	0.0	tail_pattern_1	True
chr18_736888	YES1	chr18	736888.0	736888.0	0.0	tail_pattern_1	True
chr18_724546-724545	YES1	chr18	724545.0	724546.0	1.0	tail_pattern_1	True
chr19_19004477-19004475	SUGP2	chr19	19004475.0	19004477.0	1.0	tail_pattern_1	True
chr19_55262614	HSPBP1	chr19	55262614.0	55262614.0	0.0	tail_pattern_1	True
chr19_1611406-1611405	TCF3	chr19	1611405.0	1611406.0	1.0	tail_pattern_1	True
chr20_35949042	PHF20	chr20	35949042.0	35949042.0	0.0	tail_pattern_1	True
chr20_62387123	RPS21	chr20	62387123.0	62387123.0	0.0	tail_pattern_1	True
chr21_39345900-39345899	HMGN1	chr21	39345899.0	39345900.0	1.0	tail_pattern_1	True
chr21_39345897	HMGN1	chr21	39345897.0	39345897.0	0.0	tail_pattern_1	True
chr21_44316470	PFKL	chr21	44316470.0	44316470.0	0.0	tail_pattern_1	True
chr21_44320107-44320109	PFKL	chr21	44320107.0	44320109.0	1.0	tail_pattern_1	True
chr21_44137182-44137185	GATD3	chr21	44137182.0	44137185.0	1.0	tail_pattern_1	True
chr22_26452839-26452838	HPS4	chr22	26452838.0	26452839.0	1.0	tail_pattern_1	True
chrX_56732099	NBDY	chrX	56732099.0	56732099.0	0.0	tail_pattern_1	True
chrX_13746378-13746379	OFD1	chrX	13746378.0	13746379.0	1.0	tail_pattern_1	True
chrX_13760268	OFD1	chrX	13760268.0	13760268.0	0.0	tail_pattern_1	True
chr2_113443977-113443980	CBWD2	chr2	113443977.0	113443980.0	1.0	tail_pattern_1	True
chr2_47799525	MSH6	chr2	47799525.0	47799525.0	0.0	tail_pattern_1	True
chr2_74154600-74154599	MOB1A	chr2	74154599.0	74154600.0	1.0	tail_pattern_1	True
chr3_48967192	ARIH2	chr3	48967192.0	48967192.0	0.0	tail_pattern_1	True
chr3_13371849-13371848	NUP210	chr3	13371848.0	13371849.0	1.0	tail_pattern_1	True
chr3_13335582-13335580	NUP210	chr3	13335580.0	13335582.0	1.0	tail_pattern_1	True
chr3_13330571	NUP210	chr3	13330571.0	13330571.0	0.0	tail_pattern_1	True
chr3_184894847-184894849	VPS8	chr3	184894847.0	184894849.0	1.0	tail_pattern_1	True
chr3_128906244-128906245	ACAD9	chr3	128906244.0	128906245.0	1.0	tail_pattern_1	True
chr3_127622046-127622047	MCM2	chr3	127622046.0	127622047.0	1.0	tail_pattern_1	True
chr3_51993896	RPL29	chr3	51993896.0	51993896.0	0.0	tail_pattern_1	True
chr3_9761493-9761492	CAMK1	chr3	9761492.0	9761493.0	1.0	tail_pattern_1	True
chr3_9759508-9759506	CAMK1	chr3	9759506.0	9759508.0	1.0	tail_pattern_1	True
chr3_38376954-38376955	XYLB	chr3	38376954.0	38376955.0	1.0	tail_pattern_1	True
chr4_1026275	FGFRL1	chr4	1026275.0	1026275.0	0.0	tail_pattern_1	True
chr4_183668106-183668107	TRAPPC11	chr4	183668106.0	183668107.0	1.0	tail_pattern_1	True
chr4_128861930-128861931	JADE1	chr4	128861930.0	128861931.0	1.0	tail_pattern_1	True
chr5_179799600	MGAT4B	chr5	179799600.0	179799600.0	0.0	tail_pattern_1	True
chr5_141584190-141584188	DIAPH1	chr5	141584188.0	141584190.0	1.0	tail_pattern_1	True
chr5_141578576-141578575	DIAPH1	chr5	141578575.0	141578576.0	1.0	tail_pattern_1	True
chr5_141529173	DIAPH1	chr5	141529173.0	141529173.0	0.0	tail_pattern_1	True
chr1_19327927-19327928	SLC66A1	chr1	19327927.0	19327928.0	1.0	tail_pattern_1	True
chr1_226881928	PSEN2	chr1	226881928.0	226881928.0	0.0	tail_pattern_1	True
chr1_45628361-45628360	GPBP1L1	chr1	45628360.0	45628361.0	1.0	tail_pattern_1	True
chr1_21748198-21748197	USP48	chr1	21748197.0	21748198.0	1.0	tail_pattern_1	True
chr1_21728564	USP48	chr1	21728564.0	21728564.0	0.0	tail_pattern_1	True
chr2_69880765-69880766	GMCL1	chr2	69880765.0	69880766.0	1.0	tail_pattern_1	True
chr2_191009975-191009974	STAT1	chr2	191009974.0	191009975.0	1.0	tail_pattern_1	True
chr2_75672011	GCFC2	chr2	75672011.0	75672011.0	0.0	tail_pattern_1	True
chr3_97943547-97943548	CRYBG3	chr3	97943547.0	97943548.0	1.0	tail_pattern_1	True
chr3_193617222-193617223	OPA1	chr3	193617222.0	193617223.0	1.0	tail_pattern_1	True
chr3_15044759	MRPS25	chr3	15044759.0	15044759.0	0.0	tail_pattern_1	True
chr4_22388002-22388001	ADGRA3	chr4	22388001.0	22388002.0	1.0	tail_pattern_1	True
chr5_172909723	ERGIC1	chr5	172909723.0	172909723.0	0.0	tail_pattern_1	True
chr5_71657630-71657631	MCCC2	chr5	71657630.0	71657631.0	1.0	tail_pattern_1	True
chr6_37480412	CMTR1	chr6	37480412.0	37480412.0	0.0	tail_pattern_1	True
chr6_135465841-135465840	AHI1	chr6	135465840.0	135465841.0	1.0	tail_pattern_1	True
chr6_80167720-80167721	BCKDHB	chr6	80167720.0	80167721.0	1.0	tail_pattern_1	True
chr6_80167728-80167730	BCKDHB	chr6	80167728.0	80167730.0	1.0	tail_pattern_1	True
chr7_107975808	LAMB1	chr7	107975808.0	107975808.0	0.0	tail_pattern_1	True
chr7_156684135-156684134	LMBR1	chr7	156684134.0	156684135.0	1.0	tail_pattern_1	True
chr8_47713636-47713637	SPIDR	chr8	47713636.0	47713637.0	1.0	tail_pattern_1	True
chr9_130701148-130701151	EXOSC2	chr9	130701148.0	130701151.0	1.0	tail_pattern_1	True
chr9_128333952-128333954	COQ4	chr9	128333952.0	128333954.0	1.0	tail_pattern_1	True
chr9_123158350	STRBP	chr9	123158350.0	123158350.0	0.0	tail_pattern_1	True
chr9_123158348-123158347	STRBP	chr9	123158347.0	123158348.0	1.0	tail_pattern_1	True
chr9_35089069-35089068	PIGO	chr9	35089068.0	35089069.0	1.0	tail_pattern_1	True
chr9_26715955-26715954	LOC105376000	chr9	26715954.0	26715955.0	1.0	tail_pattern_1	True
chr10_62194185-62194184	RTKN2	chr10	62194184.0	62194185.0	1.0	tail_pattern_1	True
chr10_119596637-119596636	TIAL1	chr10	119596636.0	119596637.0	1.0	tail_pattern_1	True
chr11_20462023	PRMT3	chr11	20462023.0	20462023.0	0.0	tail_pattern_1	True
chr11_20464510-20464513	PRMT3	chr11	20464510.0	20464513.0	1.0	tail_pattern_1	True
chr11_20510186-20510187	PRMT3	chr11	20510186.0	20510187.0	1.0	tail_pattern_1	True
chr11_44077549-44077550	ACCS	chr11	44077549.0	44077550.0	1.0	tail_pattern_1	True
chr12_111449160-111449161	SH2B3	chr12	111449160.0	111449161.0	1.0	tail_pattern_1	True
chr12_113276967-113276968	TPCN1	chr12	113276967.0	113276968.0	1.0	tail_pattern_1	True
chr12_101714574-101714577	CHPT1	chr12	101714574.0	101714577.0	1.0	tail_pattern_1	True
chr12_101723767-101723771	CHPT1	chr12	101723767.0	101723771.0	1.0	tail_pattern_1	True
chr13_21510054-21510052	MICU2	chr13	21510052.0	21510054.0	1.0	tail_pattern_1	True
chr14_101766097-101766098	LOC107984658	chr14	101766097.0	101766098.0	1.0	tail_pattern_1	True
chr15_30905197-30905198	FAN1	chr15	30905197.0	30905198.0	1.0	tail_pattern_1	True
chr15_72199475	PKM	chr15	72199475.0	72199475.0	0.0	tail_pattern_1	True
chr16_89524234	SPG7	chr16	89524234.0	89524234.0	0.0	tail_pattern_1	True
chr16_89529576-89529579	SPG7	chr16	89529576.0	89529579.0	1.0	tail_pattern_1	True
chr16_29974330-29974331	TAOK2	chr16	29974330.0	29974331.0	1.0	tail_pattern_1	True
chr17_28347348-28347347	POLDIP2	chr17	28347347.0	28347348.0	1.0	tail_pattern_1	True
chr17_81597315-81597314	NPLOC4	chr17	81597314.0	81597315.0	1.0	tail_pattern_1	True
chr17_56985414-56985416	SCPEP1	chr17	56985414.0	56985416.0	1.0	tail_pattern_1	True
chr17_18018369-18018367	ATPAF2	chr17	18018367.0	18018369.0	1.0	tail_pattern_1	True
chr18_9593843-9593842	PPP4R1	chr18	9593842.0	9593843.0	1.0	tail_pattern_1	True
chr18_9570515-9570513	PPP4R1	chr18	9570513.0	9570515.0	1.0	tail_pattern_1	True
chr19_16646983	SMIM7	chr19	16646983.0	16646983.0	0.0	tail_pattern_1	True
chr20_34588519	PIGU	chr20	34588519.0	34588519.0	0.0	tail_pattern_1	True
chr20_34850498-34850496	GGT7	chr20	34850496.0	34850498.0	1.0	tail_pattern_1	True
chr20_32332278	KIF3B	chr20	32332278.0	32332278.0	0.0	tail_pattern_1	True
chr20_32333997	KIF3B	chr20	32333997.0	32333997.0	0.0	tail_pattern_1	True
chr22_50516510-50516511	NCAPH2	chr22	50516510.0	50516511.0	1.0	tail_pattern_1	True
chr22_41677031-41677030	LOC107985567	chr22	41677030.0	41677031.0	1.0	tail_pattern_1	True
chrX_65518397-65518395	LAS1L	chrX	65518395.0	65518397.0	1.0	tail_pattern_1	True
chrX_150736710	MTMR1	chrX	150736710.0	150736710.0	0.0	tail_pattern_1	True
chr5_141933512-141933513	DELE1	chr5	141933512.0	141933513.0	1.0	tail_pattern_1	True
chr7_96121708-96121706	SLC25A13	chr7	96121706.0	96121708.0	1.0	tail_pattern_1	True
chr7_73686665	BUD23	chr7	73686665.0	73686665.0	0.0	tail_pattern_1	True
chr7_44117624-44117623	POLD2	chr7	44117623.0	44117624.0	1.0	tail_pattern_1	True
chr7_103364237-103364238	PSMC2	chr7	103364237.0	103364238.0	1.0	tail_pattern_1	True
chr7_103368009-103368010	PSMC2	chr7	103368009.0	103368010.0	1.0	tail_pattern_1	True
chr7_158734468-158734467	ESYT2	chr7	158734467.0	158734468.0	1.0	tail_pattern_1	True
chr1_116388188	ATP1A1	chr1	116388188.0	116388188.0	0.0	tail_pattern_1	True
chr1_116389662	ATP1A1	chr1	116389662.0	116389662.0	0.0	tail_pattern_1	True
chr1_116389689-116389691	ATP1A1	chr1	116389689.0	116389691.0	1.0	tail_pattern_1	True
chr1_116395202-116395204	ATP1A1	chr1	116395202.0	116395204.0	1.0	tail_pattern_1	True
chr1_116398703-116398704	ATP1A1	chr1	116398703.0	116398704.0	1.0	tail_pattern_1	True
chr1_116398759-116398761	ATP1A1	chr1	116398759.0	116398761.0	1.0	tail_pattern_1	True
chr9_34616089-34616088	DCTN3	chr9	34616088.0	34616089.0	1.0	tail_pattern_1	True
chr9_37436848-37436849	GRHPR	chr9	37436848.0	37436849.0	1.0	tail_pattern_1	True
chr10_133362756-133362755	ECHS1	chr10	133362755.0	133362756.0	1.0	tail_pattern_1	True
chr10_45787196	WASHC2C	chr10	45787196.0	45787196.0	0.0	tail_pattern_1	True
chr11_119048493-119048492	HYOU1	chr11	119048492.0	119048493.0	1.0	tail_pattern_1	True
chr11_119055266	HYOU1	chr11	119055266.0	119055266.0	0.0	tail_pattern_1	True
chr11_77918978-77918977	INTS4	chr11	77918977.0	77918978.0	1.0	tail_pattern_1	True
chr12_96035551	LTA4H	chr12	96035551.0	96035551.0	0.0	tail_pattern_1	True
chr12_57500360-57500363	MARS1	chr12	57500360.0	57500363.0	1.0	tail_pattern_1	True
chr12_57511856-57511859	MARS1	chr12	57511856.0	57511859.0	1.0	tail_pattern_1	True
chr12_132643850	POLE	chr12	132643850.0	132643850.0	0.0	tail_pattern_1	True
chr12_6870079	TPI1	chr12	6870079.0	6870079.0	0.0	tail_pattern_1	True
chr13_110893158-110893156	ANKRD10	chr13	110893156.0	110893158.0	1.0	tail_pattern_1	True
chr13_110705933	CARS2	chr13	110705933.0	110705933.0	0.0	tail_pattern_1	True
chr14_104770044	AKT1	chr14	104770044.0	104770044.0	0.0	tail_pattern_1	True
chr15_65702386	DENND4A	chr15	65702386.0	65702386.0	0.0	tail_pattern_1	True
chr15_83017744-83017743	BTBD1	chr15	83017743.0	83017744.0	1.0	tail_pattern_1	True
chr1_223774860-223774861	CAPN2	chr1	223774860.0	223774861.0	1.0	tail_pattern_1	True
chr16_2767160-2767161	SRRM2	chr16	2767160.0	2767161.0	1.0	tail_pattern_1	True
chr16_29810736	MAZ	chr16	29810736.0	29810736.0	0.0	tail_pattern_1	True
chr16_70372779	DDX19A	chr16	70372779.0	70372779.0	0.0	tail_pattern_1	True
chr17_60479173-60479171	APPBP2	chr17	60479171.0	60479173.0	1.0	tail_pattern_1	True
chr1_161171614	B4GALT3	chr1	161171614.0	161171614.0	0.0	tail_pattern_1	True
chr17_18107480	DRG2	chr17	18107480.0	18107480.0	0.0	tail_pattern_1	True
chr17_7310885-7310886	EIF5A	chr17	7310885.0	7310886.0	1.0	tail_pattern_1	True
chr17_7311906	EIF5A	chr17	7311906.0	7311906.0	0.0	tail_pattern_1	True
chr17_7312212-7312213	EIF5A	chr17	7312212.0	7312213.0	1.0	tail_pattern_1	True
chr17_44322483	SLC25A39	chr17	44322483.0	44322483.0	0.0	tail_pattern_1	True
chr17_44321222	SLC25A39	chr17	44321222.0	44321222.0	0.0	tail_pattern_1	True
chr17_59946740-59946743	RPS6KB1	chr17	59946740.0	59946743.0	1.0	tail_pattern_1	True
chr17_59947115-59947116	RPS6KB1	chr17	59947115.0	59947116.0	1.0	tail_pattern_1	True
chr18_21702402	ABHD3	chr18	21702402.0	21702402.0	0.0	tail_pattern_1	True
chr18_34890998-34890999	DTNA	chr18	34890998.0	34890999.0	1.0	tail_pattern_1	True
chr20_25302252-25302250	ABHD12	chr20	25302250.0	25302252.0	1.0	tail_pattern_1	True
chr21_43053796	CBS	chr21	43053796.0	43053796.0	0.0	tail_pattern_1	True
chrX_153703029	BCAP31	chrX	153703029.0	153703029.0	0.0	tail_pattern_1	True
chrX_72490938-72490934	HDAC8	chrX	72490934.0	72490938.0	1.0	tail_pattern_1	True
chrX_153588033	CCNQ	chrX	153588033.0	153588033.0	0.0	tail_pattern_1	True
chr2_43918127	LRPPRC	chr2	43918127.0	43918127.0	0.0	tail_pattern_1	True
chr2_74425144	WDR54	chr2	74425144.0	74425144.0	0.0	tail_pattern_1	True
chr3_48605776-48605774	UQCRC1	chr3	48605774.0	48605776.0	1.0	tail_pattern_1	True
chr3_48599057-48599056	UQCRC1	chr3	48599056.0	48599057.0	1.0	tail_pattern_1	True
chr4_183641228	RWDD4	chr4	183641228.0	183641228.0	0.0	tail_pattern_1	True
chr4_108034768	HADH	chr4	108034768.0	108034768.0	0.0	tail_pattern_1	True
chr4_516036-516037	PIGG	chr4	516036.0	516037.0	1.0	tail_pattern_1	True
chr4_523636-523638	PIGG	chr4	523636.0	523638.0	1.0	tail_pattern_1	True
chr7_103311809-103311810	PMPCB	chr7	103311809.0	103311810.0	1.0	tail_pattern_1	True
chr15_84646103-84646102	WDR73	chr15	84646102.0	84646103.0	1.0	tail_pattern_1	True
chr20_45848594	ACOT8	chr20	45848594.0	45848594.0	0.0	tail_pattern_1	True
chr16_23572373-23572374	UBFD1	chr16	23572373.0	23572374.0	1.0	tail_pattern_1	True
chr16_23573342	UBFD1	chr16	23573342.0	23573342.0	0.0	tail_pattern_1	True
chr19_54201242-54201243	RPS9	chr19	54201242.0	54201243.0	1.0	tail_pattern_1	True
chr8_52657421-52657420	RB1CC1	chr8	52657420.0	52657421.0	1.0	tail_pattern_1	True
chr9_35659049-35659048	ARHGEF39	chr9	35659048.0	35659049.0	1.0	tail_pattern_1	True
chr15_78285309	WDR61	chr15	78285309.0	78285309.0	0.0	tail_pattern_1	True
chr17_82602791-82602792	FOXK2	chr17	82602791.0	82602792.0	1.0	tail_pattern_1	True
chr22_38728016-38728017	GTPBP1	chr22	38728016.0	38728017.0	1.0	tail_pattern_1	True
chr2_85639308	USP39	chr2	85639308.0	85639308.0	0.0	tail_pattern_1	True
chr13_21376616-21376614	ZDHHC20	chr13	21376614.0	21376616.0	1.0	tail_pattern_1	True
chr14_102730480	RCOR1	chr14	102730480.0	102730480.0	0.0	tail_pattern_1	True
chr12_53506158	TARBP2	chr12	53506158.0	53506158.0	0.0	tail_pattern_1	True
chr1_85041171-85041170	MCOLN3	chr1	85041170.0	85041171.0	1.0	tail_pattern_1	True
chr1_85024025-85024024	MCOLN3	chr1	85024024.0	85024025.0	1.0	tail_pattern_1	True
chr1_235127759-235127758	LOC105379283	chr1	235127758.0	235127759.0	1.0	tail_pattern_1	True
chr1_235127742-235127739	LOC105379283	chr1	235127739.0	235127742.0	1.0	tail_pattern_1	True
