cell_line	locus	class	motif	mane_gene	mane_gene_id	mane_transcript_id	mane_n_genes	mane_regions_all	mane_region	bid_signal	bid_signal_rank	elap_signal	elap_signal_rank
HEK293T	chr10:+:102162356	BID_exclusive_reported	GGUGA	NOLC1	NOLC1	NM_004741.5	1	EXON_OTHER	EXON_OTHER	13.7808062279222	0.2063953488372093		
HEK293T	chr10:+:103425426	BID_exclusive_reported	UCUAG	PDCD11	PDCD11	NM_014976.2	1	CDS|EXON_OTHER	CDS	26.8409798043232	0.5784883720930233		
HEK293T	chr10:+:133309011	ELAP_exclusive_reported	UGUAG	ZNF511	ZNF511	NM_145806.4	1	CDS|EXON_OTHER	CDS				
HEK293T	chr10:+:14852442	BID_exclusive_reported	UAUCG	HSPA14	HSPA14	NM_016299.4	1	CDS|EXON_OTHER	CDS	28.5851338281229	0.622093023255814		
HEK293T	chr10:+:21113560	ELAP_exclusive_reported	GAUGA				0		UNANNOTATED				
HEK293T	chr10:+:50127744	BID_exclusive_reported	GGUGU	WASHC2A	WASHC2A	NM_001005751.3	1	CDS|EXON_OTHER	CDS	62.0906075456218	0.9186046511627907		
HEK293T	chr10:+:74107259	ELAP_exclusive_reported	GAUAU	VCL	VCL	NM_014000.3	1	CDS|EXON_OTHER	CDS				
HEK293T	chr10:+:7799192	ELAP_exclusive_reported	UAUAG	ATP5F1C	ATP5F1C	NM_001001973.3	1	CDS|EXON_OTHER	CDS				
HEK293T	chr10:+:84141542	ELAP_exclusive_reported	UCUAG	GHITM	GHITM	NM_014394.3	1	CDS|EXON_OTHER	CDS				
HEK293T	chr10:+:84144075	ELAP_exclusive_reported	UGUCU	GHITM	GHITM	NM_014394.3	1	CDS|EXON_OTHER	CDS				
HEK293T	chr10:+:92216950	ELAP_exclusive_reported	GGUAA				0		UNANNOTATED				
HEK293T	chr10:+:96750310	ELAP_exclusive_reported	GGUGC				0		UNANNOTATED				
HEK293T	chr10:+:97431121	ELAP_exclusive_reported	UGUCA	PGAM1	PGAM1	NM_002629.4	1	CDS|EXON_OTHER	CDS				
HEK293T	chr10:+:97433041	ELAP_exclusive_reported	UCUAG	PGAM1	PGAM1	NM_002629.4	1	EXON_OTHER	EXON_OTHER				
HEK293T	chr10:+:97433373	BID_exclusive_reported	AGUGU	PGAM1	PGAM1	NM_002629.4	1	EXON_OTHER	EXON_OTHER	50.1815876914951	0.8691860465116279		
HEK293T	chr10:-:100526533	ELAP_exclusive_reported	UGUAC	NDUFB8	NDUFB8	NM_005004.4	1	CDS|EXON_OTHER	CDS				
HEK293T	chr10:-:110937154	ELAP_exclusive_reported	GGUAC				0		UNANNOTATED				
HEK293T	chr10:-:112548856	ELAP_exclusive_reported	GGUAA				0		UNANNOTATED				
HEK293T	chr10:-:45458042	BID_exclusive_reported	CCUCU	MARCHF8	MARCHF8	NM_001282866.2	1	EXON_OTHER	EXON_OTHER	66.5437884746107	0.9331395348837209		
HEK293T	chr10:-:48745707	ELAP_exclusive_reported	GCUGG				0		UNANNOTATED				
HEK293T	chr10:-:71816664	shared	GCUGU	PSAP	PSAP	NM_002778.4	1	EXON_OTHER	EXON_OTHER	65.2022582222519	0.9302325581395349		
HEK293T	chr10:-:71816735	ELAP_exclusive_reported	AAUGU	PSAP	PSAP	NM_002778.4	1	EXON_OTHER	EXON_OTHER				
HEK293T	chr10:-:73422256	ELAP_exclusive_reported	AGUAA				0		UNANNOTATED				
HEK293T	chr10:-:87062743	ELAP_exclusive_reported	CAUGG	GLUD1	GLUD1	NM_005271.5	1	CDS|EXON_OTHER	CDS				
HEK293T	chr10:-:95611409	BID_exclusive_reported	CCUAU	ALDH18A1	ALDH18A1	NM_002860.4	1	CDS|EXON_OTHER	CDS	30.8821178133652	0.6715116279069767		
HEK293T	chr10:-:95621139	ELAP_exclusive_reported	CGUGU	ALDH18A1	ALDH18A1	NM_002860.4	1	CDS|EXON_OTHER	CDS				
HEK293T	chr10:-:97334175	BID_exclusive_reported	GGUCG	FRAT2	FRAT2	NM_012083.3	1	CDS|EXON_OTHER	CDS	15.5549329330985	0.2703488372093023		
HEK293T	chr10:-:99727059	ELAP_exclusive_reported	CAUCC	COX15	COX15	NM_078470.6	1	CDS|EXON_OTHER	CDS				
HEK293T	chr11:+:1010601	ELAP_exclusive_reported	UGUGA	AP2A2	AP2A2	NM_012305.4	1	CDS|EXON_OTHER	CDS				
HEK293T	chr11:+:111882568	ELAP_exclusive_reported	AAUAU	CFAP68	CFAP68	NM_022761.3	1	CDS|EXON_OTHER	CDS				
HEK293T	chr11:+:118401618	ELAP_exclusive_reported	GGUGA	ATP5MG	ATP5MG	NM_006476.5	1	EXON_OTHER	EXON_OTHER				
HEK293T	chr11:+:118409636	ELAP_exclusive_reported	GGUAU	ATP5MG	ATP5MG	NM_006476.5	1	EXON_OTHER	EXON_OTHER				
HEK293T	chr11:+:16756617	BID_exclusive_reported	UGUAG	C11orf58	C11orf58	NM_014267.6	1	EXON_OTHER	EXON_OTHER	42.4935199610654	0.811046511627907		
HEK293T	chr11:+:17228679	ELAP_exclusive_reported	CGUCG				0		UNANNOTATED				
HEK293T	chr11:+:17229149	ELAP_exclusive_reported	CAUAG				0		UNANNOTATED				
HEK293T	chr11:+:20367210	ELAP_exclusive_reported	ACUAC	HTATIP2	HTATIP2	NM_001098522.2	1	CDS|EXON_OTHER	CDS				
HEK293T	chr11:+:239043	shared	GAUCC	PSMD13	PSMD13	NM_002817.4	1	CDS|EXON_OTHER	CDS	29.9498938215859	0.6569767441860465		
HEK293T	chr11:+:2394104	ELAP_exclusive_reported	CAUCC	CD81	CD81	NM_004356.4	1	CDS|EXON_OTHER	CDS				
HEK293T	chr11:+:27483976	ELAP_exclusive_reported	UGUGG				0		UNANNOTATED				
HEK293T	chr11:+:27582056	ELAP_exclusive_reported	AAUAG				0		UNANNOTATED				
HEK293T	chr11:+:29726038	ELAP_exclusive_reported	GCUAC				0		UNANNOTATED				
HEK293T	chr11:+:34101094	BID_exclusive_reported	GGUGG	CAPRIN1	CAPRIN1	NM_005898.5	1	EXON_OTHER	EXON_OTHER	11.5728167883828	0.08139534883720931		
HEK293T	chr11:+:4092507	BID_exclusive_reported	UGUAG	STIM1	STIM1	NM_001382567.1	1	EXON_OTHER	EXON_OTHER	67.7321186285905	0.9447674418604651		
HEK293T	chr11:+:4127108	BID_exclusive_reported	GAUGA	RRM1	RRM1	NM_001033.5	1	CDS|EXON_OTHER	CDS	22.6683539620098	0.47674418604651164		
HEK293T	chr11:+:46383492	shared	ACUAG	MDK	MDK	NM_002391.6	1	CDS|EXON_OTHER	CDS	23.5923691509668	0.5		
HEK293T	chr11:+:47052467	ELAP_exclusive_reported	UAUCA	CSTPP1	CSTPP1	NM_024113.5	1	CDS|EXON_OTHER	CDS				
HEK293T	chr11:+:47282497	shared	UCUAG	MADD	MADD	NM_001376571.1	1	CDS|EXON_OTHER	CDS	58.4946820240869	0.9069767441860465		
HEK293T	chr11:+:57741586	ELAP_exclusive_reported	GCUCU	SELENOH	SELENOH	NM_170746.4	1	EXON_OTHER	EXON_OTHER				
HEK293T	chr11:+:57802017	BID_exclusive_reported	GGUGG	CTNND1	CTNND1	NM_001085458.2	1	CDS|EXON_OTHER	CDS	10.1653710916868	0.011627906976744186		
HEK293T	chr11:+:60922735	BID_exclusive_reported	GGUCC	TMEM109	TMEM109	NM_024092.3	1	EXON_OTHER	EXON_OTHER	24.1807510914625	0.5087209302325582		
HEK293T	chr11:+:60923252	shared	UCUAG	TMEM109	TMEM109	NM_024092.3	1	EXON_OTHER	EXON_OTHER	17.3813548904569	0.3430232558139535		
HEK293T	chr11:+:61337979	ELAP_exclusive_reported	GCUGA	TKFC	TKFC	NM_015533.4	1	CDS|EXON_OTHER	CDS				
HEK293T	chr11:+:61637209	ELAP_exclusive_reported	CAUGC				0		UNANNOTATED				
HEK293T	chr11:+:62766646	ELAP_exclusive_reported	UGUAG	POLR2G	POLR2G	NM_002696.3	1	EXON_OTHER	EXON_OTHER				
HEK293T	chr11:+:63759781	shared	CGUGU	RTN3	RTN3	NM_001265589.2	1	EXON_OTHER	EXON_OTHER	13.4626348359954	0.19186046511627908		
HEK293T	chr11:+:64286106	BID_exclusive_reported	CCUCG	GPR137	GPR137	NM_001170880.2	1	EXON_OTHER	EXON_OTHER	68.0353874963861	0.9505813953488372		
HEK293T	chr11:+:64315746	BID_exclusive_reported	GCUGC	ESRRA	ESRRA	NM_004451.5	1	CDS|EXON_OTHER	CDS	18.6391916093318	0.3866279069767442		
HEK293T	chr11:+:65503351	ELAP_exclusive_reported	UGUAG	MALAT1	MALAT1	NR_002819.5	1	EXON_OTHER	EXON_OTHER				
HEK293T	chr11:+:66276485	ELAP_exclusive_reported	UCUAG	RAB1B	RAB1B	NM_030981.3	1	EXON_OTHER	EXON_OTHER				
HEK293T	chr11:+:66348152	ELAP_exclusive_reported	ACUGC				0		UNANNOTATED				
HEK293T	chr11:+:66348158	ELAP_exclusive_reported	AAUCC				0		UNANNOTATED				
HEK293T	chr11:+:67609598	ELAP_exclusive_reported	CAUCC	NDUFV1	NDUFV1	NM_007103.4	1	CDS|EXON_OTHER	CDS				
HEK293T	chr11:+:73844904	ELAP_exclusive_reported	UAUGA	MRPL48	MRPL48	NM_016055.6	1	CDS|EXON_OTHER	CDS				
HEK293T	chr11:+:75400720	ELAP_exclusive_reported	GCUGA	RPS3	RPS3	NM_001005.5	1	CDS|EXON_OTHER	CDS				
HEK293T	chr11:+:75404118	ELAP_exclusive_reported	CAUGA	RPS3	RPS3	NM_001005.5	1	CDS|EXON_OTHER	CDS				
HEK293T	chr11:+:75404778	ELAP_exclusive_reported	GAUGA	RPS3	RPS3	NM_001005.5	1	CDS|EXON_OTHER	CDS				
HEK293T	chr11:+:75404852	ELAP_exclusive_reported	AGUCC	RPS3	RPS3	NM_001005.5	1	CDS|EXON_OTHER	CDS				
HEK293T	chr11:+:7987369	ELAP_exclusive_reported	GGUAC	EIF3F	EIF3F	NM_003754.3	1	CDS|EXON_OTHER	CDS				
HEK293T	chr11:+:7987668	ELAP_exclusive_reported	GCUAC	EIF3F	EIF3F	NM_003754.3	1	CDS|EXON_OTHER	CDS				
HEK293T	chr11:+:7996052	ELAP_exclusive_reported	UCUAG	EIF3F	EIF3F	NM_003754.3	1	EXON_OTHER	EXON_OTHER				
HEK293T	chr11:+:811610	ELAP_exclusive_reported	GCUGA	RPLP2	RPLP2	NM_001004.4	1	CDS|EXON_OTHER	CDS				
HEK293T	chr11:+:8684037	ELAP_exclusive_reported	GGUAA	RPL27A	RPL27A	NM_000990.5	1	CDS|EXON_OTHER	CDS				
HEK293T	chr11:+:90282961	ELAP_exclusive_reported	ACUAU				0		UNANNOTATED				
HEK293T	chr11:+:93721658	ELAP_exclusive_reported	CAUAU				0		UNANNOTATED				
HEK293T	chr11:+:9445686	shared	GGUCA	IPO7	IPO7	NM_006391.3	1	EXON_OTHER	EXON_OTHER	10.8707096323952	0.040697674418604654		
HEK293T	chr11:-:10799032	ELAP_exclusive_reported	UAUAA	EIF4G2	EIF4G2	NM_001418.4	1	CDS|EXON_OTHER	CDS				
HEK293T	chr11:-:10804374	ELAP_exclusive_reported	UAUGC	EIF4G2	EIF4G2	NM_001418.4	1	CDS|EXON_OTHER	CDS				
HEK293T	chr11:-:111889352	ELAP_exclusive_reported	UGUGG				0		UNANNOTATED				
HEK293T	chr11:-:117315838	BID_exclusive_reported	CGUGG	BACE1	BACE1	NM_012104.6	1	EXON_OTHER	EXON_OTHER	13.4691391698527	0.19476744186046513		
HEK293T	chr11:-:118555082	ELAP_exclusive_reported	GGUAC	IFT46	IFT46	NM_001168618.2	1	CDS|EXON_OTHER	CDS				
HEK293T	chr11:-:119017397	ELAP_exclusive_reported	CCUGG	RPS25	RPS25	NM_001028.3	1	CDS|EXON_OTHER	CDS				
HEK293T	chr11:-:119055266	BID_exclusive_reported	UGUAG	HYOU1	HYOU1	NM_006389.5	1	CDS|EXON_OTHER	CDS	26.5840198813602	0.5668604651162791		
HEK293T	chr11:-:119309058	BID_exclusive_reported	GGUGG	MCAM	MCAM	NM_006500.3	1	EXON_OTHER	EXON_OTHER	35.7912473265889	0.7412790697674418		
HEK293T	chr11:-:126202949	BID_exclusive_reported	UGUGG	RPUSD4	RPUSD4	NM_032795.3	1	EXON_OTHER	EXON_OTHER	29.5779854076072	0.6424418604651163		
HEK293T	chr11:-:14520298	ELAP_exclusive_reported	CAUGG	PSMA1	PSMA1	NM_002786.4	1	CDS|EXON_OTHER	CDS				
HEK293T	chr11:-:16974867	ELAP_exclusive_reported	GGUGG				0		UNANNOTATED				
HEK293T	chr11:-:17075601	ELAP_exclusive_reported	CAUGG	RPS13	RPS13	NM_001017.3	1	CDS|EXON_OTHER	CDS				
HEK293T	chr11:-:2945362	ELAP_exclusive_reported	UGUAG	NAP1L4	NAP1L4	NM_005969.4	1	EXON_OTHER	EXON_OTHER				
HEK293T	chr11:-:46428818	ELAP_exclusive_reported	GGUGA				0		UNANNOTATED				
HEK293T	chr11:-:47177982	BID_exclusive_reported	AGUGG	PACSIN3	PACSIN3	NM_016223.5	1	CDS|EXON_OTHER	CDS	22.9646325390054	0.4883720930232558		
HEK293T	chr11:-:47422894	ELAP_exclusive_reported	GCUGA	PSMC3	PSMC3	NM_002804.5	1	CDS|EXON_OTHER	CDS				
HEK293T	chr11:-:47467164	BID_exclusive_reported	GGUGG	CELF1	CELF1	NM_001376376.1	1	EXON_OTHER	EXON_OTHER	12.0405209934131	0.11046511627906977		
HEK293T	chr11:-:47629026	ELAP_exclusive_reported	UCUAG	MTCH2	MTCH2	NM_014342.4	1	CDS|EXON_OTHER	CDS				
HEK293T	chr11:-:57312681	BID_exclusive_reported	UGUAG	TNKS1BP1	TNKS1BP1	NM_033396.3	1	CDS|EXON_OTHER	CDS	67.8232349348947	0.9476744186046512		
HEK293T	chr11:-:61300202	ELAP_exclusive_reported	GGUAU	DDB1	DDB1	NM_001923.5	1	CDS|EXON_OTHER	CDS				
HEK293T	chr11:-:62560387	ELAP_exclusive_reported	CAUAU	EEF1G	EEF1G	NM_001404.5	1	CDS|EXON_OTHER	CDS				
HEK293T	chr11:-:62600658	ELAP_exclusive_reported	AAUCC	MTA2	MTA2	NM_004739.4	1	CDS|EXON_OTHER	CDS				
HEK293T	chr11:-:62616705	BID_exclusive_reported	AGUGG	B3GAT3	B3GAT3	NM_012200.4	1	CDS|EXON_OTHER	CDS	11.9527490107288	0.10174418604651163		
HEK293T	chr11:-:62626112	ELAP_exclusive_reported	GGUGA	GANAB	GANAB	NM_198334.3	1	CDS|EXON_OTHER	CDS				
HEK293T	chr11:-:62634886	ELAP_exclusive_reported	AGUCU	GANAB	GANAB	NM_198334.3	1	CDS|EXON_OTHER	CDS				
HEK293T	chr11:-:62715277	BID_exclusive_reported	UGUCA	HNRNPUL2	HNRNPUL2	NM_001079559.3	1	EXON_OTHER	EXON_OTHER	10.0016667725224	0.0029069767441860465		
HEK293T	chr11:-:62841810	ELAP_exclusive_reported	GGUAU				0		UNANNOTATED				
HEK293T	chr11:-:63762387	BID_exclusive_reported	UGUAG	ZFTA	ZFTA	NM_001144936.2	1	EXON_OTHER	EXON_OTHER	31.6689397405194	0.6831395348837209		
HEK293T	chr11:-:63999678	ELAP_exclusive_reported	AGUCU	MACROD1	MACROD1	NM_014067.4	1	CDS|EXON_OTHER	CDS				
HEK293T	chr11:-:64270107	shared	GAUCC	BAD	BAD	NM_032989.3	1	EXON_OTHER	EXON_OTHER	33.621379868551	0.7093023255813954		
HEK293T	chr11:-:64284233	BID_exclusive_reported	UGUGG	BAD	BAD	NM_032989.3	1	CDS|EXON_OTHER	CDS	10.0041442918919	0.005813953488372093		
HEK293T	chr11:-:64767695	BID_exclusive_reported	GGUGG	SF1	SF1	NM_004630.4	1	CDS|EXON_OTHER	CDS	18.0142278991931	0.3633720930232558		
HEK293T	chr11:-:6611261	ELAP_exclusive_reported	GAUAU	TAF10	TAF10	NM_006284.4	1	CDS|EXON_OTHER	CDS				
HEK293T	chr11:-:67628214	ELAP_exclusive_reported	GCUGC	NUDT8	NUDT8	NM_001243750.2	1	CDS|EXON_OTHER	CDS				
HEK293T	chr11:-:72109865	BID_exclusive_reported	GGUGG	ANAPC15	ANAPC15	NM_014042.3	1	EXON_OTHER	EXON_OTHER	15.5782547053834	0.27325581395348836		
HEK293T	chr12:+:103930482	ELAP_exclusive_reported	GAUCG	HSP90B1	HSP90B1	NM_003299.3	1	EXON_OTHER	EXON_OTHER				
HEK293T	chr12:+:104031359	ELAP_exclusive_reported	UGUCA				0		UNANNOTATED				
HEK293T	chr12:+:104265508	ELAP_exclusive_reported	GGUGU				0		UNANNOTATED				
HEK293T	chr12:+:104265685	ELAP_exclusive_reported	GAUCA				0		UNANNOTATED				
HEK293T	chr12:+:112022846	ELAP_exclusive_reported	GAUAG	ERP29	ERP29	NM_006817.4	1	EXON_OTHER	EXON_OTHER				
HEK293T	chr12:+:118145311	ELAP_exclusive_reported	CAUCU	PEBP1	PEBP1	NM_002567.4	1	EXON_OTHER	EXON_OTHER				
HEK293T	chr12:+:118246354	ELAP_exclusive_reported	AAUCA				0		UNANNOTATED				
HEK293T	chr12:+:118246707	ELAP_exclusive_reported	CCUGU				0		UNANNOTATED				
HEK293T	chr12:+:118246963	ELAP_exclusive_reported	CAUAG				0		UNANNOTATED				
HEK293T	chr12:+:120696571	BID_exclusive_reported	GGUGG	MLEC	MLEC	NM_014730.4	1	EXON_OTHER	EXON_OTHER	14.1083037470532	0.2180232558139535		
HEK293T	chr12:+:120720651	ELAP_exclusive_reported	UGUCU	UNC119B	UNC119B	NM_001080533.3	1	EXON_OTHER	EXON_OTHER				
HEK293T	chr12:+:123409030	ELAP_exclusive_reported	CAUGA	KMT5A	KMT5A	NM_020382.7	1	EXON_OTHER	EXON_OTHER				
HEK293T	chr12:+:123662060	BID_exclusive_reported	GGUGG	GTF2H3	GTF2H3	NM_001516.5	1	EXON_OTHER	EXON_OTHER	18.8563288730534	0.39244186046511625		
HEK293T	chr12:+:12875578	ELAP_exclusive_reported	GGUAC				0		UNANNOTATED				
HEK293T	chr12:+:131929675	BID_exclusive_reported	GGUCA	PUS1	PUS1	NM_025215.6	1	EXON_OTHER	EXON_OTHER	36.475909954775	0.75		
HEK293T	chr12:+:132825724	ELAP_exclusive_reported	CGUGC				0		UNANNOTATED				
HEK293T	chr12:+:132825895	ELAP_exclusive_reported	GAUGU				0		UNANNOTATED				
HEK293T	chr12:+:48085204	ELAP_exclusive_reported	GAUCG				0		UNANNOTATED				
HEK293T	chr12:+:49265180	ELAP_exclusive_reported	AGUCA	TUBA1C	TUBA1C	NM_032704.5	1	EXON_OTHER	EXON_OTHER				
HEK293T	chr12:+:53028172	ELAP_exclusive_reported	UAUAG	EIF4B	EIF4B	NM_001417.7	1	CDS|EXON_OTHER	CDS				
HEK293T	chr12:+:53299330	ELAP_exclusive_reported	GCUAC	PFDN5	PFDN5	NM_002624.4	1	CDS|EXON_OTHER	CDS				
HEK293T	chr12:+:56190396	ELAP_exclusive_reported	ACUCG				0		UNANNOTATED				
HEK293T	chr12:+:57234601	shared	CAUGA	SHMT2	SHMT2	NM_005412.6	1	EXON_OTHER	EXON_OTHER	16.9737727672464	0.32558139534883723		
HEK293T	chr12:+:57720856	BID_exclusive_reported	UGUGG	OS9	OS9	NM_006812.4	1	CDS|EXON_OTHER	CDS	30.0459159804555	0.6598837209302325		
HEK293T	chr12:+:62965407	ELAP_exclusive_reported	UGUAG				0		UNANNOTATED				
HEK293T	chr12:+:64431750	shared	UAUGC	XPOT	XPOT	NM_007235.6	1	CDS|EXON_OTHER	CDS	99.9999999	0.997093023255814		
HEK293T	chr12:+:6526537	BID_exclusive_reported	UCUGU	NCAPD2	NCAPD2	NM_014865.4	1	CDS|EXON_OTHER	CDS	19.7883428509225	0.4186046511627907		
HEK293T	chr12:+:6534532	ELAP_exclusive_reported	CCUGU	GAPDH	GAPDH	NM_002046.7	1	EXON_OTHER	EXON_OTHER				
HEK293T	chr12:+:65964464	BID_exclusive_reported	GGUGC	HMGA2	HMGA2	NM_003483.6	1	EXON_OTHER	EXON_OTHER	20.6096104918904	0.436046511627907		
HEK293T	chr12:+:6834025	BID_exclusive_reported	UGUGG	P3H3	P3H3	NM_014262.5	1	CDS|EXON_OTHER	CDS	28.2583856412273	0.6133720930232558		
HEK293T	chr12:+:6869689	ELAP_exclusive_reported	GAUAA	TPI1	TPI1	NM_000365.6	1	CDS|EXON_OTHER	CDS				
HEK293T	chr12:+:69598339	ELAP_exclusive_reported	GCUGA	CCT2	CCT2	NM_006431.3	1	CDS|EXON_OTHER	CDS				
HEK293T	chr12:+:908657	BID_exclusive_reported	AGUGG	WNK1	WNK1	NM_018979.4|NM_213655.5	1	CDS|EXON_OTHER	CDS	17.195963189386	0.3372093023255814		
HEK293T	chr12:+:93501289	ELAP_exclusive_reported	GGUGU	MRPL42	MRPL42	NM_014050.4	1	EXON_OTHER	EXON_OTHER				
HEK293T	chr12:+:95125842	ELAP_exclusive_reported	CAUAG				0		UNANNOTATED				
HEK293T	chr12:+:98600056	ELAP_exclusive_reported	UGUGG	SLC25A3	SLC25A3	NM_002635.4|NM_005888.4	1	CDS|EXON_OTHER	CDS				
HEK293T	chr12:-:107093480	BID_exclusive_reported	UCUAG	CRY1	CRY1	NM_004075.5	1	EXON_OTHER	EXON_OTHER	41.2382238178602	0.7994186046511628		
HEK293T	chr12:-:110722177	ELAP_exclusive_reported	GGUGC	PPP1CC	PPP1CC	NM_002710.4	1	CDS|EXON_OTHER	CDS				
HEK293T	chr12:-:112406316	ELAP_exclusive_reported	GCUAG	RPL6	RPL6	NM_000970.6	1	CDS|EXON_OTHER	CDS				
HEK293T	chr12:-:112408488	ELAP_exclusive_reported	GGUAU	RPL6	RPL6	NM_000970.6	1	CDS|EXON_OTHER	CDS				
HEK293T	chr12:-:115991855	BID_exclusive_reported	AGUGG	MED13L	MED13L	NM_015335.5	1	CDS|EXON_OTHER	CDS	43.8588252339119	0.8168604651162791		
HEK293T	chr12:-:116755713	ELAP_exclusive_reported	CGUAA				0		UNANNOTATED				
HEK293T	chr12:-:120198675	ELAP_exclusive_reported	CAUGC	RPLP0	RPLP0	NM_001002.4	1	CDS|EXON_OTHER	CDS				
HEK293T	chr12:-:120199191	ELAP_exclusive_reported	UAUCC	RPLP0	RPLP0	NM_001002.4	1	CDS|EXON_OTHER	CDS				
HEK293T	chr12:-:120199451	BID_exclusive_reported	UGUGG	RPLP0	RPLP0	NM_001002.4	1	CDS|EXON_OTHER	CDS	12.5070129101162	0.12790697674418605		
HEK293T	chr12:-:120200871	ELAP_exclusive_reported	GGUGU				0		UNANNOTATED				
HEK293T	chr12:-:120503678	ELAP_exclusive_reported	GAUAC	COQ5	COQ5	NM_032314.4	1	EXON_OTHER	EXON_OTHER				
HEK293T	chr12:-:123627145	ELAP_exclusive_reported	ACUCA	EIF2B1	EIF2B1	NM_001414.4	1	CDS|EXON_OTHER	CDS				
HEK293T	chr12:-:132641746	BID_exclusive_reported	CGUGA	POLE	POLE	NM_006231.4	1	CDS|EXON_OTHER	CDS	13.2760795654202	0.18023255813953487		
HEK293T	chr12:-:21644078	ELAP_exclusive_reported	UGUAG	LDHB	LDHB	NM_002300.8	1	CDS|EXON_OTHER	CDS				
HEK293T	chr12:-:2859149	BID_exclusive_reported	AGUGG	FOXM1	FOXM1	NM_021953.4	1	CDS|EXON_OTHER	CDS	16.5516193814898	0.3168604651162791		
HEK293T	chr12:-:31252521	ELAP_exclusive_reported	GGUAC				0		UNANNOTATED				
HEK293T	chr12:-:31252577	ELAP_exclusive_reported	GGUGC				0		UNANNOTATED				
HEK293T	chr12:-:45554660	ELAP_exclusive_reported	CAUGU				0		UNANNOTATED				
HEK293T	chr12:-:48938164	BID_exclusive_reported	UCUAG	ARF3	ARF3	NM_001659.3	1	EXON_OTHER	EXON_OTHER	31.9434753317184	0.686046511627907		
HEK293T	chr12:-:49127896	ELAP_exclusive_reported	ACUGA	TUBA1B	TUBA1B	NM_006082.3	1	EXON_OTHER	EXON_OTHER				
HEK293T	chr12:-:49128048	ELAP_exclusive_reported	CGUGA	TUBA1B	TUBA1B	NM_006082.3	1	CDS|EXON_OTHER	CDS				
HEK293T	chr12:-:49186634	ELAP_exclusive_reported	UGUAG	TUBA1A	TUBA1A	NM_006009.4	1	CDS|EXON_OTHER	CDS				
HEK293T	chr12:-:49186827	ELAP_exclusive_reported	AGUGC	TUBA1A	TUBA1A	NM_006009.4	1	CDS|EXON_OTHER	CDS				
HEK293T	chr12:-:50990886	BID_exclusive_reported	UGUAG	SLC11A2	SLC11A2	NM_000617.3	1	CDS|EXON_OTHER	CDS	49.3722195928304	0.8575581395348837		
HEK293T	chr12:-:55726957	ELAP_exclusive_reported	CAUCU	CD63	CD63	NM_001780.6	1	CDS|EXON_OTHER	CDS				
HEK293T	chr12:-:56241925	BID_exclusive_reported	GGUCC	ANKRD52	ANKRD52	NM_173595.4	1	EXON_OTHER	EXON_OTHER	25.4506593434474	0.5523255813953488		
HEK293T	chr12:-:56311251	ELAP_exclusive_reported	CAUCC	CNPY2	CNPY2	NM_014255.7	1	CDS|EXON_OTHER	CDS				
HEK293T	chr12:-:56638353	ELAP_exclusive_reported	GCUGA	ATP5F1B	ATP5F1B	NM_001686.4	1	CDS|EXON_OTHER	CDS				
HEK293T	chr12:-:56673038	ELAP_exclusive_reported	GAUCG	PTGES3	PTGES3	NM_006601.7	1	CDS|EXON_OTHER	CDS				
HEK293T	chr12:-:93639969	ELAP_exclusive_reported	AGUGU				0		UNANNOTATED				
HEK293T	chr12:-:93641006	ELAP_exclusive_reported	UGUCA				0		UNANNOTATED				
HEK293T	chr12:-:96003878	ELAP_exclusive_reported	UGUAC	LTA4H	LTA4H	NM_000895.3	1	CDS|EXON_OTHER	CDS				
HEK293T	chr13:+:110512877	ELAP_exclusive_reported	GGUAC	COL4A2	COL4A2	NM_001846.4	1	EXON_OTHER	EXON_OTHER				
HEK293T	chr13:+:20961543	ELAP_exclusive_reported	UAUCC				0		UNANNOTATED				
HEK293T	chr13:+:26577348	ELAP_exclusive_reported	UAUGC				0		UNANNOTATED				
HEK293T	chr13:+:98002699	ELAP_exclusive_reported	GGUAU	IPO5	IPO5	NM_002271.6	1	CDS|EXON_OTHER	CDS				
HEK293T	chr13:+:99559460	ELAP_exclusive_reported	GAUCA	TM9SF2	TM9SF2	NM_004800.3	1	CDS|EXON_OTHER	CDS				
HEK293T	chr13:-:31138811	BID_exclusive_reported	UAUGC	HSPH1	HSPH1	NM_006644.4	1	CDS|EXON_OTHER	CDS	99.9999999	0.997093023255814		
HEK293T	chr13:-:45338742	ELAP_exclusive_reported	CAUGG	TPT1	TPT1	NM_003295.4	1	CDS|EXON_OTHER	CDS				
HEK293T	chr13:-:45341147	ELAP_exclusive_reported	GCUCC	TPT1	TPT1	NM_003295.4	1	EXON_OTHER	EXON_OTHER				
HEK293T	chr13:-:54441236	ELAP_exclusive_reported	GGUAC				0		UNANNOTATED				
HEK293T	chr13:-:72719048	ELAP_exclusive_reported	ACUCU	MZT1	MZT1	NM_001071775.3	1	CDS|EXON_OTHER	CDS				
HEK293T	chr13:-:94549684	ELAP_exclusive_reported	GAUCU				0		UNANNOTATED				
HEK293T	chr14:+:102009870	BID_exclusive_reported	GCUGA	DYNC1H1	DYNC1H1	NM_001376.5	1	CDS|EXON_OTHER	CDS	13.0251941476042	0.15988372093023256		
HEK293T	chr14:+:102034336	ELAP_exclusive_reported	GAUAU	DYNC1H1	DYNC1H1	NM_001376.5	1	CDS|EXON_OTHER	CDS				
HEK293T	chr14:+:104895759	BID_exclusive_reported	UGUAG	CEP170B	CEP170B	NM_001112726.3	1	EXON_OTHER	EXON_OTHER	58.8717316887303	0.9098837209302325		
HEK293T	chr14:+:20625398	ELAP_exclusive_reported	GCUGG				0		UNANNOTATED				
HEK293T	chr14:+:22767291	ELAP_exclusive_reported	GCUGA	OXA1L	OXA1L	NM_005015.5	1	CDS|EXON_OTHER	CDS				
HEK293T	chr14:+:23307820	BID_exclusive_reported	UGUAG	BCL2L2	BCL2L2	NM_004050.5	1	CDS|EXON_OTHER	CDS	76.9150023312122	0.9622093023255814		
HEK293T	chr14:+:24138476	ELAP_exclusive_reported	GGUGA	PSME1	PSME1	NM_006263.4	1	CDS|EXON_OTHER	CDS				
HEK293T	chr14:+:30821674	ELAP_exclusive_reported	AAUGC				0		UNANNOTATED				
HEK293T	chr14:+:49586790	ELAP_exclusive_reported	GGUCA				0		UNANNOTATED				
HEK293T	chr14:+:60968325	BID_exclusive_reported	AGUGG	MNAT1	MNAT1	NM_002431.4	1	CDS|EXON_OTHER	CDS	27.3871198463239	0.6017441860465116		
HEK293T	chr14:+:84172591	ELAP_exclusive_reported	UCUGA				0		UNANNOTATED				
HEK293T	chr14:+:90405199	BID_exclusive_reported	GAUGA	CALM1	CALM1	NM_006888.6	1	EXON_OTHER	EXON_OTHER	10.0078216680831	0.00872093023255814		
HEK293T	chr14:+:94726519	ELAP_exclusive_reported	UAUCC				0		UNANNOTATED				
HEK293T	chr14:-:100333975	BID_exclusive_reported	AGUCG	WARS1	WARS1	NM_004184.4	1	EXON_OTHER	EXON_OTHER	15.3793173197991	0.26453488372093026		
HEK293T	chr14:-:100369113	BID_exclusive_reported	GGUCC	WARS1	WARS1	NM_004184.4	1	CDS|EXON_OTHER	CDS	23.3527356846961	0.4941860465116279		
HEK293T	chr14:-:103519754	ELAP_exclusive_reported	UGUAG	CKB	CKB	NM_001823.5	1	EXON_OTHER	EXON_OTHER				
HEK293T	chr14:-:103521268	ELAP_exclusive_reported	GGUAU	CKB	CKB	NM_001823.5	1	CDS|EXON_OTHER	CDS				
HEK293T	chr14:-:103522021	BID_exclusive_reported	GGUGC				0		UNANNOTATED	77.595029345088	0.9651162790697675		
HEK293T	chr14:-:103912536	BID_exclusive_reported	AAUAA	ATP5MJ	ATP5MJ	NM_004894.3	1	EXON_OTHER	EXON_OTHER	41.8947862449271	0.8023255813953488		
HEK293T	chr14:-:103912631	shared	CGUCA	ATP5MJ	ATP5MJ	NM_004894.3	1	EXON_OTHER	EXON_OTHER	45.9400987009779	0.8313953488372093		
HEK293T	chr14:-:104770044	ELAP_exclusive_reported	GCUAU	AKT1	AKT1	NM_001382430.1	1	EXON_OTHER	EXON_OTHER				
HEK293T	chr14:-:21210231	ELAP_exclusive_reported	GCUAA	HNRNPC	HNRNPC	NM_004500.4	1	EXON_OTHER	EXON_OTHER				
HEK293T	chr14:-:23026296	ELAP_exclusive_reported	UAUGG	PSMB5	PSMB5	NM_002797.5	1	CDS|EXON_OTHER	CDS				
HEK293T	chr14:-:23033604	ELAP_exclusive_reported	GGUGA	PSMB5	PSMB5	NM_002797.5	1	CDS|EXON_OTHER	CDS				
HEK293T	chr14:-:24184325	ELAP_exclusive_reported	GGUAG	IPO4	IPO4	NM_024658.4	1	CDS|EXON_OTHER	CDS				
HEK293T	chr14:-:24442196	ELAP_exclusive_reported	CAUCC	SDR39U1	SDR39U1	NM_020195.3	1	CDS|EXON_OTHER	CDS				
HEK293T	chr14:-:32484411	ELAP_exclusive_reported	CCUCC				0		UNANNOTATED				
HEK293T	chr14:-:49583635	ELAP_exclusive_reported	CAUCU	RPS29	RPS29	NM_001032.5	1	EXON_OTHER	EXON_OTHER				
HEK293T	chr14:-:49586328	ELAP_exclusive_reported	UGUAC	RPS29	RPS29	NM_001032.5	1	CDS|EXON_OTHER	CDS				
HEK293T	chr14:-:66012872	ELAP_exclusive_reported	GCUGA				0		UNANNOTATED				
HEK293T	chr14:-:69885959	ELAP_exclusive_reported	UAUCA				0		UNANNOTATED				
HEK293T	chr14:-:73588859	ELAP_exclusive_reported	AAUCU				0		UNANNOTATED				
HEK293T	chr14:-:74480255	ELAP_exclusive_reported	GGUGC	NPC2	NPC2	NM_006432.5	1	EXON_OTHER	EXON_OTHER				
HEK293T	chr14:-:76886665	ELAP_exclusive_reported	UGUAG				0		UNANNOTATED				
HEK293T	chr14:-:79213756	ELAP_exclusive_reported	GCUAU				0		UNANNOTATED				
HEK293T	chr14:-:99398282	BID_exclusive_reported	GGUGG	SETD3	SETD3	NM_032233.3	1	EXON_OTHER	EXON_OTHER	31.0498375953098	0.6744186046511628		
HEK293T	chr14:-:99458527	ELAP_exclusive_reported	UAUAU	SETD3	SETD3	NM_032233.3	1	CDS|EXON_OTHER	CDS				
HEK293T	chr15:+:40767599	shared	UGUAG	GCHFR	GCHFR	NM_005258.3	1	EXON_OTHER	EXON_OTHER	78.2473488613246	0.9680232558139535		
HEK293T	chr15:+:42531816	BID_exclusive_reported	GCUGU	SNAP23	SNAP23	NM_003825.4	1	EXON_OTHER	EXON_OTHER	11.8796528013597	0.09883720930232558		
HEK293T	chr15:+:43793854	ELAP_exclusive_reported	UGUAG	SERF2	SERF2	NM_001018108.4	1	EXON_OTHER	EXON_OTHER				
HEK293T	chr15:+:59768816	ELAP_exclusive_reported	UAUGC				0		UNANNOTATED				
HEK293T	chr15:+:69453682	ELAP_exclusive_reported	GGUGU	RPLP1	RPLP1	NM_001003.3	1	CDS|EXON_OTHER	CDS				
HEK293T	chr15:+:75339706	ELAP_exclusive_reported	AAUAG	COMMD4	COMMD4	NM_017828.5	1	CDS|EXON_OTHER	CDS				
HEK293T	chr15:+:78166220	ELAP_exclusive_reported	CGUGA	IDH3A	IDH3A	NM_005530.3	1	CDS|EXON_OTHER	CDS				
HEK293T	chr15:-:101281662	ELAP_exclusive_reported	GGUAU	SNRPA1	SNRPA1	NM_003090.4	1	EXON_OTHER	EXON_OTHER				
HEK293T	chr15:-:43116029	ELAP_exclusive_reported	UAUGC				0		UNANNOTATED				
HEK293T	chr15:-:57954320	ELAP_exclusive_reported	GAUAA	ALDH1A2	ALDH1A2	NM_003888.4	1	EXON_OTHER	EXON_OTHER				
HEK293T	chr15:-:65029572	ELAP_exclusive_reported	GCUCA	MTFMT	MTFMT	NM_139242.4	1	CDS|EXON_OTHER	CDS				
HEK293T	chr15:-:65610962	shared	UCUGU				0		UNANNOTATED	34.6627295389052	0.7238372093023255		
HEK293T	chr15:-:66501047	ELAP_exclusive_reported	CAUGU	RPL4	RPL4	NM_000968.4	1	CDS|EXON_OTHER	CDS				
HEK293T	chr15:-:72210390	ELAP_exclusive_reported	UCUAG	PKM	PKM	NM_002654.6	1	CDS|EXON_OTHER	CDS				
HEK293T	chr15:-:72344047	BID_exclusive_reported	UGUAG	HEXA	HEXA	NM_000520.6	1	EXON_OTHER	EXON_OTHER	57.8590343120058	0.9040697674418605		
HEK293T	chr15:-:74632747	BID_exclusive_reported	CCUCU	EDC3	EDC3	NM_025083.5	1	CDS|EXON_OTHER	CDS	54.3388853416148	0.8808139534883721		
HEK293T	chr15:-:74920316	ELAP_exclusive_reported	GGUAA	COX5A	COX5A	NM_004255.4	1	EXON_OTHER	EXON_OTHER				
HEK293T	chr15:-:74929231	ELAP_exclusive_reported	GCUAU	COX5A	COX5A	NM_004255.4	1	CDS|EXON_OTHER	CDS				
HEK293T	chr15:-:74938016	ELAP_exclusive_reported	CGUCA	COX5A	COX5A	NM_004255.4	1	EXON_OTHER	EXON_OTHER				
HEK293T	chr15:-:76285712	shared	UAUCA	ETFA	ETFA	NM_000126.4	1	CDS|EXON_OTHER	CDS	27.3148024720841	0.5959302325581395		
HEK293T	chr15:-:77046311	ELAP_exclusive_reported	UGUAG	TSPAN3	TSPAN3	NM_005724.6	1	EXON_OTHER	EXON_OTHER				
HEK293T	chr16:+:15037297	BID_exclusive_reported	CGUAA	PDXDC1	PDXDC1	NM_015027.4	1	EXON_OTHER	EXON_OTHER	39.4534454195597	0.7877906976744186		
HEK293T	chr16:+:23573342	BID_exclusive_reported	UCUAG	UBFD1	UBFD1	NM_019116.3	1	EXON_OTHER	EXON_OTHER	32.2043595306525	0.6947674418604651		
HEK293T	chr16:+:23687533	BID_exclusive_reported	GGUGA	PLK1	PLK1	NM_005030.6	1	CDS|EXON_OTHER	CDS	20.0624158937606	0.4331395348837209		
HEK293T	chr16:+:23689282	ELAP_exclusive_reported	ACUCA	PLK1	PLK1	NM_005030.6	1	CDS|EXON_OTHER	CDS				
HEK293T	chr16:+:28724962	ELAP_exclusive_reported	AAUGG	EIF3C	EIF3C	NM_003752.5	1	CDS|EXON_OTHER	CDS				
HEK293T	chr16:+:2971280	BID_exclusive_reported	CGUGC	PAQR4	PAQR4	NM_152341.5	1	CDS|EXON_OTHER	CDS	12.7948678868529	0.14825581395348839		
HEK293T	chr16:+:29810736	ELAP_exclusive_reported	GGUGA	MAZ	MAZ	NM_002383.4	1	EXON_OTHER	EXON_OTHER				
HEK293T	chr16:+:29971528	shared	GGUCU	TMEM219	TMEM219	NM_001083613.2	1	CDS|EXON_OTHER	CDS	11.0196438743464	0.05813953488372093		
HEK293T	chr16:+:30067546	ELAP_exclusive_reported	CGUGA	ALDOA|LOC112694756	ALDOA|LOC112694756	NM_001243177.4|NM_001365304.2	2	CDS|EXON_OTHER	CDS				
HEK293T	chr16:+:30085116	ELAP_exclusive_reported	ACUCU	PPP4C	PPP4C	NM_002720.3	1	EXON_OTHER	EXON_OTHER				
HEK293T	chr16:+:30664781	BID_exclusive_reported	GGUGG	FBRS	FBRS	NM_001105079.3	1	CDS|EXON_OTHER	CDS	14.2394318301199	0.22674418604651161		
HEK293T	chr16:+:30965065	BID_exclusive_reported	GGUGG	SETD1A	SETD1A	NM_014712.3	1	CDS|EXON_OTHER	CDS	28.818695209533	0.6308139534883721		
HEK293T	chr16:+:34160892	ELAP_exclusive_reported	AAUAA				0		UNANNOTATED				
HEK293T	chr16:+:34161061	ELAP_exclusive_reported	AAUGA				0		UNANNOTATED				
HEK293T	chr16:+:4508017	BID_exclusive_reported	GGUGG	HMOX2	HMOX2	NM_002134.4	1	CDS|EXON_OTHER	CDS	12.1674768606478	0.11627906976744186		
HEK293T	chr16:+:46929606	shared	ACUGU	GPT2	GPT2	NM_133443.4	1	EXON_OTHER	EXON_OTHER	18.0075676827379	0.36046511627906974		
HEK293T	chr16:+:57753168	BID_exclusive_reported	UGUGC	KATNB1	KATNB1	NM_005886.3	1	CDS|EXON_OTHER	CDS	12.1315918462075	0.11337209302325581		
HEK293T	chr16:+:67842526	BID_exclusive_reported	GGUGG	THAP11	THAP11	NM_020457.3	1	EXON_OTHER	EXON_OTHER	12.7280585465364	0.14244186046511628		
HEK293T	chr16:+:69324865	ELAP_exclusive_reported	CAUCC	VPS4A	VPS4A	NM_013245.3	1	EXON_OTHER	EXON_OTHER				
HEK293T	chr16:+:69463546	shared	UGUAG	CYB5B	CYB5B	NM_030579.3	1	EXON_OTHER	EXON_OTHER	28.7798600487604	0.627906976744186		
HEK293T	chr16:+:85665	BID_exclusive_reported	GGUGG	MPG	MPG	NM_001015052.3	1	CDS|EXON_OTHER	CDS	13.3011753137977	0.18313953488372092		
HEK293T	chr16:+:85806879	ELAP_exclusive_reported	GAUGC	COX4I1	COX4I1	NM_001861.6	1	EXON_OTHER	EXON_OTHER				
HEK293T	chr16:+:89561298	ELAP_exclusive_reported	CGUGC	RPL13	RPL13	NM_000977.4	1	CDS|EXON_OTHER	CDS				
HEK293T	chr16:+:89563093	ELAP_exclusive_reported	CGUGG	RPL13	RPL13	NM_000977.4	1	EXON_OTHER	EXON_OTHER				
HEK293T	chr16:-:1350120	BID_exclusive_reported	GGUGC	TSR3	TSR3	NM_001001410.3	1	CDS|EXON_OTHER	CDS	37.6506336053561	0.7703488372093024		
HEK293T	chr16:-:1773137	ELAP_exclusive_reported	GCUGA				0		UNANNOTATED				
HEK293T	chr16:-:18784816	ELAP_exclusive_reported	GGUGA	RPS15A	RPS15A	NM_001019.5	1	CDS|EXON_OTHER	CDS				
HEK293T	chr16:-:1963253	ELAP_exclusive_reported	AAUCA	RPS2	RPS2	NM_002952.4	1	CDS|EXON_OTHER	CDS				
HEK293T	chr16:-:1998500	BID_exclusive_reported	GGUCC				0		UNANNOTATED	29.9144918598162	0.6540697674418605		
HEK293T	chr16:-:2043673	BID_exclusive_reported	GGUGG	NTHL1	NTHL1	NM_002528.7	1	CDS|EXON_OTHER	CDS	18.5914925142169	0.38372093023255816		
HEK293T	chr16:-:2046255	BID_exclusive_reported	GGUGC	NTHL1	NTHL1	NM_002528.7	1	CDS|EXON_OTHER	CDS	20.9629291400792	0.4476744186046512		
HEK293T	chr16:-:2276121	BID_exclusive_reported	GCUCU	ABCA3	ABCA3	NM_001089.3	1	EXON_OTHER	EXON_OTHER	63.994150351562	0.9273255813953488		
HEK293T	chr16:-:27465438	BID_exclusive_reported	UGUCC	GTF3C1	GTF3C1	NM_001520.4	1	CDS|EXON_OTHER	CDS	24.0445878517768	0.5058139534883721		
HEK293T	chr16:-:27528678	BID_exclusive_reported	GCUGA	GTF3C1	GTF3C1	NM_001520.4	1	CDS|EXON_OTHER	CDS	14.9090016655651	0.25		
HEK293T	chr16:-:2775471	BID_exclusive_reported	AGUGG	ELOB	ELOB	NM_007108.4	1	CDS|EXON_OTHER	CDS	12.7517827234556	0.14534883720930233		
HEK293T	chr16:-:28390341	ELAP_exclusive_reported	AAUGG	EIF3CL	EIF3CL	NM_001317857.2	1	CDS|EXON_OTHER	CDS				
HEK293T	chr16:-:28842983	ELAP_exclusive_reported	AAUGG	TUFM	TUFM	NM_003321.5	1	CDS|EXON_OTHER	CDS				
HEK293T	chr16:-:289587	BID_exclusive_reported	GGUGG	AXIN1	AXIN1	NM_003502.4	1	CDS|EXON_OTHER	CDS	12.6444759399867	0.13662790697674418		
HEK293T	chr16:-:30192990	BID_exclusive_reported	CGUGA	BOLA2B	BOLA2B	NM_001039182.4	1	CDS|EXON_OTHER	CDS	16.0145935976252	0.29069767441860467		
HEK293T	chr16:-:30350924	BID_exclusive_reported	GGUGG	CD2BP2	CD2BP2	NM_006110.3	1	EXON_OTHER	EXON_OTHER	24.2043074314047	0.5145348837209303		
HEK293T	chr16:-:30352962	BID_exclusive_reported	GGUGG	CD2BP2	CD2BP2	NM_006110.3	1	EXON_OTHER	EXON_OTHER	12.6420874358875	0.13372093023255813		
HEK293T	chr16:-:30423988	ELAP_exclusive_reported	GGUGA	DCTPP1	DCTPP1	NM_024096.2	1	EXON_OTHER	EXON_OTHER				
HEK293T	chr16:-:30783505	BID_exclusive_reported	GCUCG	ZNF629	ZNF629	NM_001080417.3	1	CDS|EXON_OTHER	CDS	10.5875493931354	0.03488372093023256		
HEK293T	chr16:-:75629517	ELAP_exclusive_reported	ACUGA	KARS1	KARS1	NM_005548.3	1	CDS|EXON_OTHER	CDS				
HEK293T	chr16:-:75641654	shared	AGUGA	KARS1	KARS1	NM_005548.3	1	CDS|EXON_OTHER	CDS	27.3816968315229	0.5988372093023255		
HEK293T	chr16:-:785793	BID_exclusive_reported	GGUGG	RPUSD1	RPUSD1	NM_058192.3	1	EXON_OTHER	EXON_OTHER	15.0302684159723	0.2558139534883721		
HEK293T	chr16:-:88696661	BID_exclusive_reported	GCUGC	RNF166	RNF166	NM_178841.4	1	EXON_OTHER	EXON_OTHER	11.5475242681209	0.07848837209302326		
HEK293T	chr17:+:16439247	ELAP_exclusive_reported	GGUAU				0		UNANNOTATED				
HEK293T	chr17:+:16441724	ELAP_exclusive_reported	GCUAA				0		UNANNOTATED				
HEK293T	chr17:+:17185257	BID_exclusive_reported	UGUGG	MPRIP	MPRIP	NM_001364716.4	1	EXON_OTHER	EXON_OTHER	13.5222175558868	0.2005813953488372		
HEK293T	chr17:+:17492484	BID_exclusive_reported	GGUGG	MED9	MED9	NM_018019.3	1	EXON_OTHER	EXON_OTHER	25.1630911942381	0.5465116279069767		
HEK293T	chr17:+:18677416	ELAP_exclusive_reported	CAUCC				0		UNANNOTATED				
HEK293T	chr17:+:22524496	ELAP_exclusive_reported	UCUGA				0		UNANNOTATED				
HEK293T	chr17:+:28468181	ELAP_exclusive_reported	CGUAC				0		UNANNOTATED				
HEK293T	chr17:+:28720861	ELAP_exclusive_reported	UAUCC	RPL23A	RPL23A	NM_000984.6	1	CDS|EXON_OTHER	CDS				
HEK293T	chr17:+:35724705	shared	UGUAG	AP2B1	AP2B1	NM_001030006.2	1	EXON_OTHER	EXON_OTHER	31.3362714671807	0.6802325581395349		
HEK293T	chr17:+:38855569	ELAP_exclusive_reported	AGUGA				0		UNANNOTATED				
HEK293T	chr17:+:39202990	ELAP_exclusive_reported	GGUAA	RPL19	RPL19	NM_000981.4	1	CDS|EXON_OTHER	CDS				
HEK293T	chr17:+:41690105	ELAP_exclusive_reported	GGUAC	EIF1	EIF1	NM_005801.4	1	CDS|EXON_OTHER	CDS				
HEK293T	chr17:+:43000093	ELAP_exclusive_reported	AAUGC	RPL27	RPL27	NM_000988.5	1	CDS|EXON_OTHER	CDS				
HEK293T	chr17:+:4572378	ELAP_exclusive_reported	GAUGU				0		UNANNOTATED				
HEK293T	chr17:+:49043468	BID_exclusive_reported	UGUAG	IGF2BP1	IGF2BP1	NM_006546.4	1	CDS|EXON_OTHER	CDS	38.0315844205203	0.7790697674418605		
HEK293T	chr17:+:49050551	BID_exclusive_reported	GGUGG	IGF2BP1	IGF2BP1	NM_006546.4	1	EXON_OTHER	EXON_OTHER	14.358622088868	0.23546511627906977		
HEK293T	chr17:+:61070050	ELAP_exclusive_reported	UAUCC				0		UNANNOTATED				
HEK293T	chr17:+:63629519	ELAP_exclusive_reported	GAUAA				0		UNANNOTATED				
HEK293T	chr17:+:7311906	ELAP_exclusive_reported	GCUGG	EIF5A	EIF5A	NM_001970.5	1	EXON_OTHER	EXON_OTHER				
HEK293T	chr17:+:75261937	BID_exclusive_reported	GGUCG	MRPS7	MRPS7	NM_015971.4	1	CDS|EXON_OTHER	CDS	15.5938826312637	0.2761627906976744		
HEK293T	chr17:+:7588024	BID_exclusive_reported	GGUGG	MPDU1	MPDU1	NM_004870.4	1	EXON_OTHER	EXON_OTHER	18.6505431749153	0.38953488372093026		
HEK293T	chr17:+:78224666	BID_exclusive_reported	GCUGU	BIRC5	BIRC5	NM_001168.3	1	EXON_OTHER	EXON_OTHER	16.4178919068224	0.313953488372093		
HEK293T	chr17:+:80104560	BID_exclusive_reported	UGUAG	GAA	GAA	NM_000152.5	1	EXON_OTHER	EXON_OTHER	34.5053257654946	0.7180232558139535		
HEK293T	chr17:+:80105825	ELAP_exclusive_reported	ACUCU	GAA	GAA	NM_000152.5	1	CDS|EXON_OTHER	CDS				
HEK293T	chr17:+:80999410	BID_exclusive_reported	UGUGG	CHMP6	CHMP6	NM_024591.5	1	EXON_OTHER	EXON_OTHER	19.2627270497943	0.4011627906976744		
HEK293T	chr17:+:81241043	ELAP_exclusive_reported	UCUGC	NDUFAF8	NDUFAF8	NM_001086521.2	1	EXON_OTHER	EXON_OTHER				
HEK293T	chr17:+:81702028	BID_exclusive_reported	GGUGG	HGS	HGS	NM_004712.5	1	EXON_OTHER	EXON_OTHER	14.8239120891606	0.24127906976744187		
HEK293T	chr17:-:1464899	BID_exclusive_reported	AGUGG	MYO1C	MYO1C	NM_001080779.2	1	EXON_OTHER	EXON_OTHER	34.4358241708716	0.7151162790697675		
HEK293T	chr17:-:1676677	shared	GAUCC	PRPF8	PRPF8	NM_006445.4	1	CDS|EXON_OTHER	CDS	19.9310973016002	0.42441860465116277		
HEK293T	chr17:-:17383817	ELAP_exclusive_reported	GGUAC				0		UNANNOTATED				
HEK293T	chr17:-:18328415	BID_exclusive_reported	UGUAG	SHMT1	SHMT1	NM_004169.5	1	EXON_OTHER	EXON_OTHER	88.6150355128384	0.9767441860465116		
HEK293T	chr17:-:19446228	ELAP_exclusive_reported	CCUGU				0		UNANNOTATED				
HEK293T	chr17:-:19446581	ELAP_exclusive_reported	AAUCA				0		UNANNOTATED				
HEK293T	chr17:-:21551478	ELAP_exclusive_reported	GCUGA				0		UNANNOTATED				
HEK293T	chr17:-:28347697	BID_exclusive_reported	GCUGC	POLDIP2	POLDIP2	NM_015584.5	1	EXON_OTHER	EXON_OTHER	26.7902861499972	0.5755813953488372		
HEK293T	chr17:-:31034507	ELAP_exclusive_reported	GGUAC				0		UNANNOTATED				
HEK293T	chr17:-:31852061	ELAP_exclusive_reported	CAUAU	COPRS	COPRS	NM_018405.4	1	EXON_OTHER	EXON_OTHER				
HEK293T	chr17:-:41869112	ELAP_exclusive_reported	UAUCC	ACLY	ACLY	NM_001096.3	1	CDS|EXON_OTHER	CDS				
HEK293T	chr17:-:42200802	BID_exclusive_reported	CGUGG	STAT5B	STAT5B	NM_012448.4	1	EXON_OTHER	EXON_OTHER	32.3842974981833	0.7005813953488372		
HEK293T	chr17:-:44321222	ELAP_exclusive_reported	CGUGA	SLC25A39	SLC25A39	NM_001143780.3	1	CDS|EXON_OTHER	CDS				
HEK293T	chr17:-:44322483	ELAP_exclusive_reported	CCUGU	SLC25A39	SLC25A39	NM_001143780.3	1	CDS|EXON_OTHER	CDS				
HEK293T	chr17:-:46721807	ELAP_exclusive_reported	CGUAC				0		UNANNOTATED				
HEK293T	chr17:-:4948322	ELAP_exclusive_reported	GCUAC	PFN1	PFN1	NM_005022.4	1	CDS|EXON_OTHER	CDS				
HEK293T	chr17:-:50150589	BID_exclusive_reported	GGUGG	PPP1R9B	PPP1R9B	NM_032595.5	1	EXON_OTHER	EXON_OTHER	16.1517087005576	0.29941860465116277		
HEK293T	chr17:-:7246858	ELAP_exclusive_reported	GGUAA	CTDNEP1	CTDNEP1	NM_001143775.2	1	CDS|EXON_OTHER	CDS				
HEK293T	chr17:-:78797541	BID_exclusive_reported	AGUGG	USP36	USP36	NM_001385174.1	1	EXON_OTHER	EXON_OTHER	14.2890372499345	0.22965116279069767		
HEK293T	chr17:-:81510126	ELAP_exclusive_reported	UGUAU	ACTG1	ACTG1	NM_001614.5	1	EXON_OTHER	EXON_OTHER				
HEK293T	chr17:-:81510174	ELAP_exclusive_reported	GCUGU	ACTG1	ACTG1	NM_001614.5	1	EXON_OTHER	EXON_OTHER				
HEK293T	chr17:-:81843621	ELAP_exclusive_reported	GGUAU	P4HB	P4HB	NM_000918.4	1	EXON_OTHER	EXON_OTHER				
HEK293T	chr17:-:82048333	BID_exclusive_reported	GGUCC	RFNG	RFNG	NM_002917.2	1	EXON_OTHER	EXON_OTHER	13.2349724475152	0.1686046511627907		
HEK293T	chr18:+:60150061	ELAP_exclusive_reported	AAUCC				0		UNANNOTATED				
HEK293T	chr18:+:74148937	BID_exclusive_reported	UGUGG	TIMM21	TIMM21	NM_014177.3	1	CDS|EXON_OTHER	CDS	44.2205296132941	0.8197674418604651		
HEK293T	chr18:-:46087075	ELAP_exclusive_reported	CAUAG	ATP5F1A	ATP5F1A	NM_004046.6	1	CDS|EXON_OTHER	CDS				
HEK293T	chr18:-:6462504	ELAP_exclusive_reported	GCUAG				0		UNANNOTATED				
HEK293T	chr19:+:1021561	ELAP_exclusive_reported	GAUAC	RNU6-2	RNU6-2	NR_125730.1	1	EXON_OTHER	EXON_OTHER				
HEK293T	chr19:+:1104084	ELAP_exclusive_reported	GCUGC	GPX4	GPX4	NM_002085.5	1	CDS|EXON_OTHER	CDS				
HEK293T	chr19:+:11436069	ELAP_exclusive_reported	UGUAG	PRKCSH	PRKCSH	NM_001289104.2	1	EXON_OTHER	EXON_OTHER				
HEK293T	chr19:+:1206924	BID_exclusive_reported	GGUGG	STK11	STK11	NM_000455.5	1	CDS|EXON_OTHER	CDS	16.0065100978251	0.2877906976744186		
HEK293T	chr19:+:1242478	BID_exclusive_reported	CGUCC	ATP5F1D	ATP5F1D	NM_001687.5	1	CDS|EXON_OTHER	CDS	28.4425546865975	0.6191860465116279		
HEK293T	chr19:+:12940843	ELAP_exclusive_reported	UCUAU	CALR	CALR	NM_004343.4	1	CDS|EXON_OTHER	CDS				
HEK293T	chr19:+:13140205	BID_exclusive_reported	AGUGG	NACC1	NACC1	NM_052876.4	1	EXON_OTHER	EXON_OTHER	41.0565921446961	0.7965116279069767		
HEK293T	chr19:+:13778330	BID_exclusive_reported	AGUGG	C19orf53	C19orf53	NM_014047.3	1	EXON_OTHER	EXON_OTHER	11.449447240846	0.06976744186046512		
HEK293T	chr19:+:16102763	BID_exclusive_reported	UGUGG	TPM4	TPM4	NM_003290.3	1	EXON_OTHER	EXON_OTHER	16.6188181575113	0.31976744186046513		
HEK293T	chr19:+:17862095	ELAP_exclusive_reported	GGUGU	RPL18A	RPL18A	NM_000980.4	1	CDS|EXON_OTHER	CDS				
HEK293T	chr19:+:17862966	ELAP_exclusive_reported	GAUCA	RPL18A	RPL18A	NM_000980.4	1	CDS|EXON_OTHER	CDS				
HEK293T	chr19:+:18169212	BID_exclusive_reported	GGUGC	PIK3R2	PIK3R2	NM_005027.4	1	CDS|EXON_OTHER	CDS	28.9552352713201	0.6337209302325582		
HEK293T	chr19:+:18574888	ELAP_exclusive_reported	GGUGU	UBA52	UBA52	NM_001033930.3	1	CDS|EXON_OTHER	CDS				
HEK293T	chr19:+:18856296	ELAP_exclusive_reported	GCUGA	UPF1	UPF1	NM_002911.4	1	CDS|EXON_OTHER	CDS				
HEK293T	chr19:+:19526200	ELAP_exclusive_reported	CAUAG	NDUFA13	NDUFA13	NM_015965.7	1	CDS|EXON_OTHER	CDS				
HEK293T	chr19:+:2271393	ELAP_exclusive_reported	GGUCU				0		UNANNOTATED				
HEK293T	chr19:+:2273438	ELAP_exclusive_reported	GGUAU				0		UNANNOTATED				
HEK293T	chr19:+:2337531	shared	GCUGG	SPPL2B	SPPL2B	NM_152988.3	1	CDS|EXON_OTHER	CDS	38.5177955062279	0.7819767441860465		
HEK293T	chr19:+:23827393	BID_exclusive_reported	UAUCC	RPSA2	RPSA2	NM_001355283.3	1	CDS|EXON_OTHER	CDS	50.1384809556762	0.8662790697674418		
HEK293T	chr19:+:23827881	ELAP_exclusive_reported	GCUAC	RPSA2	RPSA2	NM_001355283.3	1	CDS|EXON_OTHER	CDS				
HEK293T	chr19:+:34466878	ELAP_exclusive_reported	AGUGA	UBA2	UBA2	NM_005499.3	1	CDS|EXON_OTHER	CDS				
HEK293T	chr19:+:35279516	shared	UCUAG	USF2	USF2	NM_003367.4	1	EXON_OTHER	EXON_OTHER	56.761693189446	0.8982558139534884		
HEK293T	chr19:+:3535359	BID_exclusive_reported	GGUGG	FZR1	FZR1	NM_016263.4	1	EXON_OTHER	EXON_OTHER	14.8275866538316	0.2441860465116279		
HEK293T	chr19:+:35633805	BID_exclusive_reported	CGUGG	RBM42	RBM42	NM_024321.5	1	CDS|EXON_OTHER	CDS	12.3613716907446	0.11918604651162791		
HEK293T	chr19:+:36104871	BID_exclusive_reported	GGUGG	WDR62	WDR62	NM_001083961.2	1	CDS|EXON_OTHER	CDS	26.5905218841569	0.5697674418604651		
HEK293T	chr19:+:36901839	ELAP_exclusive_reported	CAUCC				0		UNANNOTATED				
HEK293T	chr19:+:38383622	shared	GGUCU	PSMD8	PSMD8	NM_002812.5	1	EXON_OTHER	EXON_OTHER	12.8306334541309	0.15406976744186046		
HEK293T	chr19:+:38620371	ELAP_exclusive_reported	GCUAU	EIF3K	EIF3K	NM_013234.4	1	CDS|EXON_OTHER	CDS				
HEK293T	chr19:+:40366654	ELAP_exclusive_reported	AAUGA	PLD3	PLD3	NM_012268.4	1	CDS|EXON_OTHER	CDS				
HEK293T	chr19:+:40377821	ELAP_exclusive_reported	GCUCG	PLD3	PLD3	NM_012268.4	1	CDS|EXON_OTHER	CDS				
HEK293T	chr19:+:40377866	ELAP_exclusive_reported	ACUGA	PLD3	PLD3	NM_012268.4	1	CDS|EXON_OTHER	CDS				
HEK293T	chr19:+:40378040	shared	GCUGG	PLD3	PLD3	NM_012268.4	1	CDS|EXON_OTHER	CDS	26.9685688836631	0.5813953488372093		
HEK293T	chr19:+:40629729	BID_exclusive_reported	ACUGA	LTBP4	LTBP4	NM_001042545.2	1	EXON_OTHER	EXON_OTHER	50.0247689966438	0.8633720930232558		
HEK293T	chr19:+:44900733	ELAP_exclusive_reported	AAUCC	TOMM40	TOMM40	NM_001128917.2	1	CDS|EXON_OTHER	CDS				
HEK293T	chr19:+:4724082	ELAP_exclusive_reported	UAUAG				0		UNANNOTATED				
HEK293T	chr19:+:4792585	BID_exclusive_reported	GGUCG	FEM1A	FEM1A	NM_018708.3	1	CDS|EXON_OTHER	CDS	22.8938863422323	0.48546511627906974		
HEK293T	chr19:+:48966704	ELAP_exclusive_reported	UCUCU	FTL	FTL	NM_000146.4	1	CDS|EXON_OTHER	CDS				
HEK293T	chr19:+:49489914	ELAP_exclusive_reported	GGUAC	RPL13A	RPL13A	NM_012423.4	1	CDS|EXON_OTHER	CDS				
HEK293T	chr19:+:49490780	ELAP_exclusive_reported	GGUAU	RPL13A	RPL13A	NM_012423.4	1	CDS|EXON_OTHER	CDS				
HEK293T	chr19:+:49497202	ELAP_exclusive_reported	CGUGC	RPS11	RPS11	NM_001015.5	1	CDS|EXON_OTHER	CDS				
HEK293T	chr19:+:49497297	ELAP_exclusive_reported	CAUCG	RPS11	RPS11	NM_001015.5	1	CDS|EXON_OTHER	CDS				
HEK293T	chr19:+:49497564	ELAP_exclusive_reported	GGUAA	RPS11	RPS11	NM_001015.5	1	CDS|EXON_OTHER	CDS				
HEK293T	chr19:+:49625507	BID_exclusive_reported	GGUGG	PRR12	PRR12	NM_020719.3	1	CDS|EXON_OTHER	CDS	17.5733598414817	0.35174418604651164		
HEK293T	chr19:+:49682212	ELAP_exclusive_reported	UAUCU	PRMT1	PRMT1	NM_001536.6	1	CDS|EXON_OTHER	CDS				
HEK293T	chr19:+:50482405	BID_exclusive_reported	UGUCC	EMC10	EMC10	NM_206538.4	1	EXON_OTHER	EXON_OTHER	18.2360448091152	0.37209302325581395		
HEK293T	chr19:+:54206459	ELAP_exclusive_reported	UAUCA	RPS9	RPS9	NM_001013.4	1	CDS|EXON_OTHER	CDS				
HEK293T	chr19:+:55654537	BID_exclusive_reported	GAUCC				0		UNANNOTATED	11.4808154800181	0.07267441860465117		
HEK293T	chr19:+:55669502	ELAP_exclusive_reported	GGUGC	U2AF2	U2AF2	NM_007279.3	1	CDS|EXON_OTHER	CDS				
HEK293T	chr19:+:55674649	ELAP_exclusive_reported	ACUCU	U2AF2	U2AF2	NM_007279.3	1	EXON_OTHER	EXON_OTHER				
HEK293T	chr19:+:583308	ELAP_exclusive_reported	UGUGC	BSG	BSG	NM_001728.4	1	EXON_OTHER	EXON_OTHER				
HEK293T	chr19:+:6364500	ELAP_exclusive_reported	CAUCC	CLPP	CLPP	NM_006012.4	1	CDS|EXON_OTHER	CDS				
HEK293T	chr19:+:6368667	shared	UGUAG	CLPP	CLPP	NM_006012.4	1	CDS|EXON_OTHER	CDS	19.5137906263762	0.40406976744186046		
HEK293T	chr19:+:808375	ELAP_exclusive_reported	CGUGC	PTBP1	PTBP1	NM_002819.5	1	CDS|EXON_OTHER	CDS				
HEK293T	chr19:+:811804	ELAP_exclusive_reported	AGUCG	PTBP1	PTBP1	NM_002819.5	1	EXON_OTHER	EXON_OTHER				
HEK293T	chr19:+:8322352	ELAP_exclusive_reported	CGUAA	RPS28	RPS28	NM_001031.5	1	EXON_OTHER	EXON_OTHER				
HEK293T	chr19:+:990305	shared	ACUGC	WDR18	WDR18	NM_024100.4	1	CDS|EXON_OTHER	CDS	11.9727060116038	0.10465116279069768		
HEK293T	chr19:-:10119122	ELAP_exclusive_reported	GGUGA	EIF3G	EIF3G	NM_003755.5	1	CDS|EXON_OTHER	CDS				
HEK293T	chr19:-:10140311	BID_exclusive_reported	UGUGG	DNMT1	DNMT1	NM_001130823.3	1	CDS|EXON_OTHER	CDS	15.0883612618448	0.25872093023255816		
HEK293T	chr19:-:10391186	shared	UGUGU	CDC37	CDC37	NM_007065.4	1	EXON_OTHER	EXON_OTHER	16.7972788557424	0.3226744186046512		
HEK293T	chr19:-:12643545	ELAP_exclusive_reported	ACUGU				0		UNANNOTATED				
HEK293T	chr19:-:12643690	ELAP_exclusive_reported	GGUAA				0		UNANNOTATED				
HEK293T	chr19:-:12643845	ELAP_exclusive_reported	GGUGU				0		UNANNOTATED				
HEK293T	chr19:-:1300282	ELAP_exclusive_reported	AAUAC				0		UNANNOTATED				
HEK293T	chr19:-:18539437	ELAP_exclusive_reported	ACUCA	FKBP8	FKBP8	NM_012181.5	1	CDS|EXON_OTHER	CDS				
HEK293T	chr19:-:1881594	shared	GGUGG	ABHD17A	ABHD17A	NM_001130111.2	1	EXON_OTHER	EXON_OTHER	19.9459691483229	0.4273255813953488		
HEK293T	chr19:-:19119830	BID_exclusive_reported	GGUGG	TMEM161A	TMEM161A	NM_017814.3	1	EXON_OTHER	EXON_OTHER	28.2611160204853	0.6162790697674418		
HEK293T	chr19:-:19654662	BID_exclusive_reported	UGUAG	ATP13A1	ATP13A1	NM_020410.3	1	CDS|EXON_OTHER	CDS	62.6159542759852	0.9215116279069767		
HEK293T	chr19:-:1986280	BID_exclusive_reported	GGUGG	BTBD2	BTBD2	NM_017797.4	1	EXON_OTHER	EXON_OTHER	13.0628174625448	0.16279069767441862		
HEK293T	chr19:-:2426910	ELAP_exclusive_reported	CAUAA	TIMM13	TIMM13	NM_012458.4	1	EXON_OTHER	EXON_OTHER				
HEK293T	chr19:-:34022744	ELAP_exclusive_reported	CAUGG				0		UNANNOTATED				
HEK293T	chr19:-:35505983	ELAP_exclusive_reported	ACUCU	DMKN	DMKN	NM_033317.5	1	CDS|EXON_OTHER	CDS				
HEK293T	chr19:-:3976556	ELAP_exclusive_reported	UGUAG	EEF2	EEF2	NM_001961.4	1	CDS|EXON_OTHER	CDS				
HEK293T	chr19:-:3976737	ELAP_exclusive_reported	GCUGA	EEF2	EEF2	NM_001961.4	1	CDS|EXON_OTHER	CDS				
HEK293T	chr19:-:3978081	ELAP_exclusive_reported	GCUGU	EEF2	EEF2	NM_001961.4	1	CDS|EXON_OTHER	CDS				
HEK293T	chr19:-:3982051	ELAP_exclusive_reported	GGUAC	EEF2	EEF2	NM_001961.4	1	CDS|EXON_OTHER	CDS				
HEK293T	chr19:-:3984349	ELAP_exclusive_reported	GGUGA	EEF2	EEF2	NM_001961.4	1	CDS|EXON_OTHER	CDS				
HEK293T	chr19:-:3985379	ELAP_exclusive_reported	CAUGG	EEF2	EEF2	NM_001961.4	1	CDS|EXON_OTHER	CDS				
HEK293T	chr19:-:41386403	BID_exclusive_reported	AAUGG	EXOSC5	EXOSC5	NM_020158.4	1	EXON_OTHER	EXON_OTHER	27.5354602070339	0.6046511627906976		
HEK293T	chr19:-:45162996	BID_exclusive_reported	GGUGG	TRAPPC6A	TRAPPC6A	NM_001270891.2	1	EXON_OTHER	EXON_OTHER	19.6477558217808	0.40988372093023256		
HEK293T	chr19:-:45687593	ELAP_exclusive_reported	AGUCA	SNRPD2	SNRPD2	NM_001384647.1	1	CDS|EXON_OTHER	CDS				
HEK293T	chr19:-:45688452	ELAP_exclusive_reported	AAUAC	SNRPD2	SNRPD2	NM_001384647.1	1	CDS|EXON_OTHER	CDS				
HEK293T	chr19:-:45885864	BID_exclusive_reported	UGUCC	IRF2BP1	IRF2BP1	NM_015649.3	1	EXON_OTHER	EXON_OTHER	11.5222174436386	0.0755813953488372		
HEK293T	chr19:-:46775236	BID_exclusive_reported	CGUCC	SLC1A5	SLC1A5	NM_005628.3	1	EXON_OTHER	EXON_OTHER	25.045117617742	0.5406976744186046		
HEK293T	chr19:-:48615358	ELAP_exclusive_reported	ACUCU	RPL18	RPL18	NM_000979.4	1	EXON_OTHER	EXON_OTHER				
HEK293T	chr19:-:55262614	BID_exclusive_reported	GAUCG	HSPBP1	HSPBP1	NM_012267.5	1	CDS|EXON_OTHER	CDS	13.5943633485197	0.20348837209302326		
HEK293T	chr19:-:55404304	ELAP_exclusive_reported	CAUCC	UBE2S	UBE2S	NM_014501.3	1	CDS|EXON_OTHER	CDS				
HEK293T	chr19:-:55579060	BID_exclusive_reported	AGUCG	ZNF579	ZNF579	NM_152600.3	1	CDS|EXON_OTHER	CDS	19.7337154406008	0.41569767441860467		
HEK293T	chr19:-:56217606	ELAP_exclusive_reported	CGUGC				0		UNANNOTATED				
HEK293T	chr19:-:5693365	ELAP_exclusive_reported	CAUGA	LONP1	LONP1	NM_004793.4	1	CDS|EXON_OTHER	CDS				
HEK293T	chr19:-:6211746	BID_exclusive_reported	GGUCC	MLLT1	MLLT1	NM_005934.4	1	EXON_OTHER	EXON_OTHER	19.9552778040896	0.43023255813953487		
HEK293T	chr19:-:6456440	BID_exclusive_reported	UGUAU	SLC25A23	SLC25A23	NM_024103.3	1	CDS|EXON_OTHER	CDS	22.6074341608718	0.4738372093023256		
HEK293T	chr1:+:10403085	ELAP_exclusive_reported	GAUAC	PGD	PGD	NM_002631.4	1	CDS|EXON_OTHER	CDS				
HEK293T	chr1:+:10413090	BID_exclusive_reported	GCUAG	PGD	PGD	NM_002631.4	1	CDS|EXON_OTHER	CDS	35.1250994662201	0.7325581395348837		
HEK293T	chr1:+:10417451	ELAP_exclusive_reported	GCUGG	PGD	PGD	NM_002631.4	1	CDS|EXON_OTHER	CDS				
HEK293T	chr1:+:1045781	BID_exclusive_reported	GAUGA	AGRN	AGRN	NM_198576.4	1	CDS|EXON_OTHER	CDS	12.3977585845139	0.125		
HEK293T	chr1:+:112670409	ELAP_exclusive_reported	GGUGA	CAPZA1	CAPZA1	NM_006135.3	1	EXON_OTHER	EXON_OTHER				
HEK293T	chr1:+:116388188	ELAP_exclusive_reported	ACUAU	ATP1A1	ATP1A1	NM_000701.8	1	CDS|EXON_OTHER	CDS				
HEK293T	chr1:+:116389662	ELAP_exclusive_reported	GGUAU	ATP1A1	ATP1A1	NM_000701.8	1	CDS|EXON_OTHER	CDS				
HEK293T	chr1:+:116390404	ELAP_exclusive_reported	AAUCA	ATP1A1	ATP1A1	NM_000701.8	1	CDS|EXON_OTHER	CDS				
HEK293T	chr1:+:116404439	ELAP_exclusive_reported	ACUAU	ATP1A1	ATP1A1	NM_000701.8	1	CDS|EXON_OTHER	CDS				
HEK293T	chr1:+:119712051	ELAP_exclusive_reported	GCUCA	PHGDH	PHGDH	NM_006623.4	1	CDS|EXON_OTHER	CDS				
HEK293T	chr1:+:119734638	ELAP_exclusive_reported	UAUAG	PHGDH	PHGDH	NM_006623.4	1	CDS|EXON_OTHER	CDS				
HEK293T	chr1:+:119737154	ELAP_exclusive_reported	UGUCA	PHGDH	PHGDH	NM_006623.4	1	CDS|EXON_OTHER	CDS				
HEK293T	chr1:+:119744132	ELAP_exclusive_reported	GCUGA	PHGDH	PHGDH	NM_006623.4	1	EXON_OTHER	EXON_OTHER				
HEK293T	chr1:+:12011566	BID_exclusive_reported	AGUGG	MFN2	MFN2	NM_014874.4	1	EXON_OTHER	EXON_OTHER	21.314648739256	0.4563953488372093		
HEK293T	chr1:+:12012122	BID_exclusive_reported	GGUGA	MFN2	MFN2	NM_014874.4	1	EXON_OTHER	EXON_OTHER	22.7638403198344	0.4796511627906977		
HEK293T	chr1:+:146035704	ELAP_exclusive_reported	UCUAG				0		UNANNOTATED				
HEK293T	chr1:+:146037073	ELAP_exclusive_reported	UAUAG				0		UNANNOTATED				
HEK293T	chr1:+:151265180	ELAP_exclusive_reported	GCUAA	PSMD4	PSMD4	NM_002810.4	1	CDS|EXON_OTHER	CDS				
HEK293T	chr1:+:153990774	ELAP_exclusive_reported	GGUGA	RPS27	RPS27	NM_001030.6	1	EXON_OTHER	EXON_OTHER				
HEK293T	chr1:+:155709773	ELAP_exclusive_reported	AGUGC	DAP3	DAP3	NM_004632.4	1	EXON_OTHER	EXON_OTHER				
HEK293T	chr1:+:15828371	ELAP_exclusive_reported	GCUAC				0		UNANNOTATED				
HEK293T	chr1:+:161214191	shared	GGUGA	NDUFS2	NDUFS2	NM_001377299.1	1	CDS|EXON_OTHER	CDS	17.2656627919973	0.34011627906976744		
HEK293T	chr1:+:161531125	ELAP_exclusive_reported	UAUAG				0		UNANNOTATED				
HEK293T	chr1:+:161612730	ELAP_exclusive_reported	UGUAG				0		UNANNOTATED				
HEK293T	chr1:+:167714783	ELAP_exclusive_reported	AAUCC				0		UNANNOTATED				
HEK293T	chr1:+:175921993	ELAP_exclusive_reported	UGUAC				0		UNANNOTATED				
HEK293T	chr1:+:182876870	ELAP_exclusive_reported	CAUAA	DHX9	DHX9	NM_001357.5	1	CDS|EXON_OTHER	CDS				
HEK293T	chr1:+:19608566	ELAP_exclusive_reported	UGUGA				0		UNANNOTATED				
HEK293T	chr1:+:206528988	ELAP_exclusive_reported	GGUGA				0		UNANNOTATED				
HEK293T	chr1:+:212444436	ELAP_exclusive_reported	CAUGA	NENF	NENF	NM_013349.5	1	CDS|EXON_OTHER	CDS				
HEK293T	chr1:+:22092496	shared	UGUAG	CDC42	CDC42	NM_001791.4	1	EXON_OTHER	EXON_OTHER	67.1977597506086	0.9418604651162791		
HEK293T	chr1:+:226881928	BID_exclusive_reported	UCUGA	PSEN2	PSEN2	NM_000447.3	1	CDS|EXON_OTHER	CDS	46.7556248678686	0.8401162790697675		
HEK293T	chr1:+:228148889	ELAP_exclusive_reported	CCUAU	GUK1	GUK1	NM_001159390.2	1	EXON_OTHER	EXON_OTHER				
HEK293T	chr1:+:228178936	BID_exclusive_reported	UGUAG	IBA57	IBA57	NM_001010867.4	1	EXON_OTHER	EXON_OTHER	89.9357147235583	0.9796511627906976		
HEK293T	chr1:+:228494848	ELAP_exclusive_reported	GGUGC	RNF187	RNF187	NM_001010858.3	1	EXON_OTHER	EXON_OTHER				
HEK293T	chr1:+:230236037	ELAP_exclusive_reported	GGUGG	GALNT2	GALNT2	NM_004481.5	1	CDS|EXON_OTHER	CDS				
HEK293T	chr1:+:237603113	ELAP_exclusive_reported	ACUAU				0		UNANNOTATED				
HEK293T	chr1:+:237603173	ELAP_exclusive_reported	GAUGA				0		UNANNOTATED				
HEK293T	chr1:+:2589933	BID_exclusive_reported	GGUGG	PRXL2B	PRXL2B	NM_152371.5	1	EXON_OTHER	EXON_OTHER	15.4396856970437	0.26744186046511625		
HEK293T	chr1:+:26980293	ELAP_exclusive_reported	GGUGA				0		UNANNOTATED				
HEK293T	chr1:+:28238008	ELAP_exclusive_reported	CAUGU	ATP5IF1	ATP5IF1	NM_016311.5	1	EXON_OTHER	EXON_OTHER				
HEK293T	chr1:+:28577563	ELAP_exclusive_reported	GCUGU	TRNAU1AP	TRNAU1AP	NM_017846.5	1	CDS|EXON_OTHER	CDS				
HEK293T	chr1:+:39034507	ELAP_exclusive_reported	GCUGC	NDUFS5	NDUFS5	NM_004552.3	1	EXON_OTHER	EXON_OTHER				
HEK293T	chr1:+:42700970	ELAP_exclusive_reported	GCUGA	YBX1	YBX1	NM_004559.5	1	CDS|EXON_OTHER	CDS				
HEK293T	chr1:+:43360868	ELAP_exclusive_reported	GGUAA	CDC20	CDC20	NM_001255.3	1	CDS|EXON_OTHER	CDS				
HEK293T	chr1:+:43597926	BID_exclusive_reported	CGUGA	PTPRF	PTPRF	NM_002840.5	1	CDS|EXON_OTHER	CDS	17.1860424367353	0.33430232558139533		
HEK293T	chr1:+:43606898	BID_exclusive_reported	UGUGG	PTPRF	PTPRF	NM_002840.5	1	CDS|EXON_OTHER	CDS	19.8510810743185	0.42151162790697677		
HEK293T	chr1:+:43976307	ELAP_exclusive_reported	CAUCU	ATP6V0B	ATP6V0B	NM_004047.5	1	CDS|EXON_OTHER	CDS				
HEK293T	chr1:+:43985003	BID_exclusive_reported	GCUGC	B4GALT2	B4GALT2	NM_003780.5	1	CDS|EXON_OTHER	CDS	11.0190441335527	0.055232558139534885		
HEK293T	chr1:+:44776716	ELAP_exclusive_reported	GGUAA	RPS8	RPS8	NM_001012.2	1	CDS|EXON_OTHER	CDS				
HEK293T	chr1:+:44776731	ELAP_exclusive_reported	CGUGC	RPS8	RPS8	NM_001012.2	1	CDS|EXON_OTHER	CDS				
HEK293T	chr1:+:44778620	ELAP_exclusive_reported	GCUAU	RPS8	RPS8	NM_001012.2	1	CDS|EXON_OTHER	CDS				
HEK293T	chr1:+:45015459	BID_exclusive_reported	GAUGC	UROD	UROD	NM_000374.5	1	CDS|EXON_OTHER	CDS	98.7688253529601	0.9854651162790697		
HEK293T	chr1:+:45551081	ELAP_exclusive_reported	GAUCG	AKR1A1	AKR1A1	NM_153326.3	1	EXON_OTHER	EXON_OTHER				
HEK293T	chr1:+:46316626	ELAP_exclusive_reported	CAUCA	UQCRH	UQCRH	NM_006004.4	1	EXON_OTHER	EXON_OTHER				
HEK293T	chr1:+:46316692	ELAP_exclusive_reported	CAUGA	UQCRH	UQCRH	NM_006004.4	1	EXON_OTHER	EXON_OTHER				
HEK293T	chr1:+:630836	ELAP_exclusive_reported	AAUGG				0		UNANNOTATED				
HEK293T	chr1:+:631831	ELAP_exclusive_reported	AAUAA				0		UNANNOTATED				
HEK293T	chr1:+:632828	ELAP_exclusive_reported	CAUGA				0		UNANNOTATED				
HEK293T	chr1:+:76700247	ELAP_exclusive_reported	GAUAA				0		UNANNOTATED				
HEK293T	chr1:+:76700362	ELAP_exclusive_reported	GAUGG				0		UNANNOTATED				
HEK293T	chr1:+:93361108	BID_exclusive_reported	AGUAU	DR1	DR1	NM_001938.3	1	EXON_OTHER	EXON_OTHER	27.2982749087092	0.5930232558139535		
HEK293T	chr1:-:101786504	ELAP_exclusive_reported	GCUAC				0		UNANNOTATED				
HEK293T	chr1:-:101786992	ELAP_exclusive_reported	UAUCC				0		UNANNOTATED				
HEK293T	chr1:-:109740281	ELAP_exclusive_reported	CGUGC	GSTM3	GSTM3	NM_000849.5	1	CDS|EXON_OTHER	CDS				
HEK293T	chr1:-:114780511	BID_exclusive_reported	AGUCG	SIKE1	SIKE1	NM_025073.3	1	CDS|EXON_OTHER	CDS	13.2375203358824	0.17151162790697674		
HEK293T	chr1:-:11676139	ELAP_exclusive_reported	GCUCA	MAD2L2	MAD2L2	NM_006341.4	1	CDS|EXON_OTHER	CDS				
HEK293T	chr1:-:1254957	shared	UGUAG	UBE2J2	UBE2J2	NM_058167.3	1	EXON_OTHER	EXON_OTHER	45.5412194424449	0.8284883720930233		
HEK293T	chr1:-:1336110	BID_exclusive_reported	GGUGG	DVL1	DVL1	NM_001330311.2	1	EXON_OTHER	EXON_OTHER	12.3911071118218	0.12209302325581395		
HEK293T	chr1:-:150622412	shared	UGUAG	ENSA	ENSA	NM_004436.4	1	EXON_OTHER	EXON_OTHER	51.3399095419429	0.875		
HEK293T	chr1:-:153662783	ELAP_exclusive_reported	GCUAU	ILF2	ILF2	NM_004515.4	1	CDS|EXON_OTHER	CDS				
HEK293T	chr1:-:153959729	shared	CAUAA	SLC39A1	SLC39A1	NM_001271958.2	1	EXON_OTHER	EXON_OTHER	55.9593296181263	0.8924418604651163		
HEK293T	chr1:-:154959440	BID_exclusive_reported	AGUGG	PYGO2	PYGO2	NM_138300.4	1	CDS|EXON_OTHER	CDS	14.0827970447474	0.21511627906976744		
HEK293T	chr1:-:156009266	ELAP_exclusive_reported	GGUGC	SSR2	SSR2	NM_003145.4	1	EXON_OTHER	EXON_OTHER				
HEK293T	chr1:-:156035986	shared	AGUAG	UBQLN4	UBQLN4	NM_020131.5	1	EXON_OTHER	EXON_OTHER	56.305256228821	0.8953488372093024		
HEK293T	chr1:-:156050509	BID_exclusive_reported	GCUCU	UBQLN4	UBQLN4	NM_020131.5	1	CDS|EXON_OTHER	CDS	59.3763273501847	0.9156976744186046		
HEK293T	chr1:-:156051168	BID_exclusive_reported	GGUGG	UBQLN4	UBQLN4	NM_020131.5	1	CDS|EXON_OTHER	CDS	20.927866255116	0.44476744186046513		
HEK293T	chr1:-:156311056	ELAP_exclusive_reported	UGUGG	CCT3	CCT3	NM_005998.5	1	CDS|EXON_OTHER	CDS				
HEK293T	chr1:-:156325071	ELAP_exclusive_reported	UGUAG	CCT3	CCT3	NM_005998.5	1	CDS|EXON_OTHER	CDS				
HEK293T	chr1:-:160266995	ELAP_exclusive_reported	UAUCC				0		UNANNOTATED				
HEK293T	chr1:-:161171595	ELAP_exclusive_reported	AAUCC	B4GALT3	B4GALT3	NM_003779.4	1	EXON_OTHER	EXON_OTHER				
HEK293T	chr1:-:161171614	shared	UGUAG	B4GALT3	B4GALT3	NM_003779.4	1	EXON_OTHER	EXON_OTHER	36.5013292788598	0.752906976744186		
HEK293T	chr1:-:17407950	BID_exclusive_reported	CGUGU	RCC2	RCC2	NM_018715.4	1	EXON_OTHER	EXON_OTHER	24.7284254308932	0.5319767441860465		
HEK293T	chr1:-:176207020	BID_exclusive_reported	GGUCC	COP1	COP1	NM_022457.7	1	EXON_OTHER	EXON_OTHER	27.1714454381047	0.5901162790697675		
HEK293T	chr1:-:180502431	BID_exclusive_reported	AGUGG	ACBD6	ACBD6	NM_032360.4	1	EXON_OTHER	EXON_OTHER	13.8745196712735	0.20930232558139536		
HEK293T	chr1:-:202925001	ELAP_exclusive_reported	UGUAG	KLHL12	KLHL12	NM_021633.4	1	CDS|EXON_OTHER	CDS				
HEK293T	chr1:-:205713494	ELAP_exclusive_reported	UGUAU	NUCKS1	NUCKS1	NM_022731.5	1	EXON_OTHER	EXON_OTHER				
HEK293T	chr1:-:205714404	ELAP_exclusive_reported	ACUGA	NUCKS1	NUCKS1	NM_022731.5	1	EXON_OTHER	EXON_OTHER				
HEK293T	chr1:-:20853590	BID_exclusive_reported	UGUAG	EIF4G3	EIF4G3	NM_001391906.1	1	CDS|EXON_OTHER	CDS	42.0443240036306	0.8081395348837209		
HEK293T	chr1:-:212791738	BID_exclusive_reported	GGUCC	NSL1	NSL1	NM_015471.4	1	CDS|EXON_OTHER	CDS	29.9099390296306	0.6511627906976745		
HEK293T	chr1:-:220317038	ELAP_exclusive_reported	GGUGU				0		UNANNOTATED				
HEK293T	chr1:-:224300618	BID_exclusive_reported	UGUCU	NVL	NVL	NM_002533.4	1	CDS|EXON_OTHER	CDS	15.7029523363779	0.27906976744186046		
HEK293T	chr1:-:235109959	ELAP_exclusive_reported	CAUCC	TOMM20	TOMM20	NM_014765.3	1	EXON_OTHER	EXON_OTHER				
HEK293T	chr1:-:235110415	ELAP_exclusive_reported	UGUAG	TOMM20	TOMM20	NM_014765.3	1	EXON_OTHER	EXON_OTHER				
HEK293T	chr1:-:236032592	BID_exclusive_reported	GGUCC	NID1	NID1	NM_002508.3	1	CDS|EXON_OTHER	CDS	30.334023376895	0.6686046511627907		
HEK293T	chr1:-:241519625	ELAP_exclusive_reported	CGUGC	FH	FH	NM_000143.4	1	CDS|EXON_OTHER	CDS				
HEK293T	chr1:-:244855992	ELAP_exclusive_reported	AAUAA	HNRNPU	HNRNPU	NM_031844.3	1	CDS|EXON_OTHER	CDS				
HEK293T	chr1:-:246507261	ELAP_exclusive_reported	GCUGC	SMYD3	SMYD3	NM_001167740.2	1	EXON_OTHER	EXON_OTHER				
HEK293T	chr1:-:32367173	shared	AGUGA				0		UNANNOTATED	98.5526933568345	0.9825581395348837		
HEK293T	chr1:-:39561726	BID_exclusive_reported	GGUGG	PABPC4	PABPC4	NM_001135653.2	1	CDS|EXON_OTHER	CDS	11.9802307911791	0.10755813953488372		
HEK293T	chr1:-:40622675	BID_exclusive_reported	UGUAG	RIMS3	RIMS3	NM_014747.3	1	EXON_OTHER	EXON_OTHER	99.9999999	0.997093023255814		
HEK293T	chr1:-:54851248	BID_exclusive_reported	UGUAG	DHCR24	DHCR24	NM_014762.4	1	EXON_OTHER	EXON_OTHER	36.597976695527	0.7558139534883721		
HEK293T	chr1:-:54852306	ELAP_exclusive_reported	GCUGC	DHCR24	DHCR24	NM_014762.4	1	CDS|EXON_OTHER	CDS				
HEK293T	chr1:-:56619411	ELAP_exclusive_reported	CAUAG				0		UNANNOTATED				
HEK293T	chr1:-:58782824	BID_exclusive_reported	AGUCC	JUN	JUN	NM_002228.4	1	CDS|EXON_OTHER	CDS	28.2537308612592	0.6104651162790697		
HEK293T	chr1:-:6185970	shared	UGUAG	RPL22	RPL22	NM_000983.4	1	EXON_OTHER	EXON_OTHER	59.0238373301067	0.9127906976744186		
HEK293T	chr1:-:6186768	shared	CGUGA	RPL22	RPL22	NM_000983.4	1	CDS|EXON_OTHER	CDS	21.2998188273601	0.45348837209302323		
HEK293T	chr1:-:6197683	ELAP_exclusive_reported	UGUAG	RPL22	RPL22	NM_000983.4	1	CDS|EXON_OTHER	CDS				
HEK293T	chr1:-:8057775	ELAP_exclusive_reported	GCUAC				0		UNANNOTATED				
HEK293T	chr1:-:85464927	BID_exclusive_reported	CGUCG	DDAH1	DDAH1	NM_012137.4	1	CDS|EXON_OTHER	CDS	21.7765846806891	0.4622093023255814		
HEK293T	chr1:-:86863511	ELAP_exclusive_reported	UGUAG	SELENOF	SELENOF	NM_004261.5	1	CDS|EXON_OTHER	CDS				
HEK293T	chr1:-:8865342	ELAP_exclusive_reported	GGUAC	ENO1	ENO1	NM_001428.5	1	CDS|EXON_OTHER	CDS				
HEK293T	chr1:-:8867195	ELAP_exclusive_reported	GGUGC	ENO1	ENO1	NM_001428.5	1	CDS|EXON_OTHER	CDS				
HEK293T	chr1:-:88983617	BID_exclusive_reported	AAUGG	RBMXL1	RBMXL1	NM_001162536.3	1	CDS|EXON_OTHER	CDS	26.6968565075498	0.5726744186046512		
HEK293T	chr1:-:93180184	BID_exclusive_reported	GGUGC	TMED5	TMED5	NM_016040.5	1	CDS|EXON_OTHER	CDS	32.3715120586695	0.6976744186046512		
HEK293T	chr1:-:999137	ELAP_exclusive_reported	GGUCU	HES4	HES4	NM_021170.4	1	CDS|EXON_OTHER	CDS				
HEK293T	chr20:+:31514487	ELAP_exclusive_reported	GGUGU	HM13	HM13	NM_178581.3	1	EXON_OTHER	EXON_OTHER				
HEK293T	chr20:+:3223583	ELAP_exclusive_reported	UGUCG	ITPA	ITPA	NM_033453.4	1	EXON_OTHER	EXON_OTHER				
HEK293T	chr20:+:35542868	shared	GAUGU	ERGIC3	ERGIC3	NM_015966.3	1	CDS|EXON_OTHER	CDS	24.2636223990262	0.5174418604651163		
HEK293T	chr20:+:37228670	ELAP_exclusive_reported	ACUCU	RPN2	RPN2	NM_002951.5	1	CDS|EXON_OTHER	CDS				
HEK293T	chr20:+:43473031	ELAP_exclusive_reported	CAUAU				0		UNANNOTATED				
HEK293T	chr20:+:43716152	ELAP_exclusive_reported	UGUGA	MYBL2	MYBL2	NM_002466.4	1	EXON_OTHER	EXON_OTHER				
HEK293T	chr20:+:45410529	shared	GGUAC	DBNDD2	DBNDD2	NM_001048225.4	1	EXON_OTHER	EXON_OTHER	35.2585523831391	0.7354651162790697		
HEK293T	chr20:+:46100091	ELAP_exclusive_reported	CAUGG				0		UNANNOTATED				
HEK293T	chr20:+:56365194	ELAP_exclusive_reported	ACUGU	FAM210B	FAM210B	NM_080821.3	1	CDS|EXON_OTHER	CDS				
HEK293T	chr20:+:56367567	BID_exclusive_reported	GGUGG	FAM210B	FAM210B	NM_080821.3	1	EXON_OTHER	EXON_OTHER	25.8468338235009	0.561046511627907		
HEK293T	chr20:+:58909565	ELAP_exclusive_reported	GAUCC	GNAS	GNAS	NM_000516.7|NM_016592.5|NM_080425.4	1	CDS|EXON_OTHER	CDS				
HEK293T	chr20:+:62387123	ELAP_exclusive_reported	GGUGU	RPS21	RPS21	NM_001024.4	1	EXON_OTHER	EXON_OTHER				
HEK293T	chr20:+:62388360	ELAP_exclusive_reported	UCUCA	RPS21	RPS21	NM_001024.4	1	CDS|EXON_OTHER	CDS				
HEK293T	chr20:+:63742413	shared	GCUGA	SLC2A4RG	SLC2A4RG	NM_020062.4	1	CDS|EXON_OTHER	CDS	50.6684906746931	0.872093023255814		
HEK293T	chr20:-:2463146	ELAP_exclusive_reported	AGUAC	SNRPB	SNRPB	NM_003091.4	1	CDS|EXON_OTHER	CDS				
HEK293T	chr20:-:29299580	ELAP_exclusive_reported	AAUCC				0		UNANNOTATED				
HEK293T	chr20:-:34291462	ELAP_exclusive_reported	GAUCC	AHCY	AHCY	NM_000687.4	1	CDS|EXON_OTHER	CDS				
HEK293T	chr20:-:34292507	ELAP_exclusive_reported	AGUGU	AHCY	AHCY	NM_000687.4	1	CDS|EXON_OTHER	CDS				
HEK293T	chr20:-:35284418	ELAP_exclusive_reported	ACUGU	EIF6	EIF6	NM_002212.4	1	CDS|EXON_OTHER	CDS				
HEK293T	chr20:-:44466717	ELAP_exclusive_reported	UGUGG				0		UNANNOTATED				
HEK293T	chr20:-:45640491	ELAP_exclusive_reported	CAUAG				0		UNANNOTATED				
HEK293T	chr20:-:49113647	BID_exclusive_reported	CGUAU	STAU1	STAU1	NM_017453.4	1	EXON_OTHER	EXON_OTHER	39.4841523281608	0.7906976744186046		
HEK293T	chr20:-:5119917	ELAP_exclusive_reported	UCUAG	PCNA	PCNA	NM_182649.2	1	EXON_OTHER	EXON_OTHER				
HEK293T	chr20:-:63959881	BID_exclusive_reported	GGUGC	ZNF512B	ZNF512B	NM_020713.3	1	EXON_OTHER	EXON_OTHER	31.9458807556625	0.688953488372093		
HEK293T	chr21:+:25362799	ELAP_exclusive_reported	GCUGU				0		UNANNOTATED				
HEK293T	chr21:+:31663833	ELAP_exclusive_reported	ACUGA	SOD1	SOD1	NM_000454.5	1	CDS|EXON_OTHER	CDS				
HEK293T	chr21:+:34388999	BID_exclusive_reported	GGUGG	SMIM11	SMIM11	NM_058182.5	1	EXON_OTHER	EXON_OTHER	25.8044097920994	0.5581395348837209		
HEK293T	chr21:+:37195727	shared	UGUGA	TTC3	TTC3	NM_001330683.2	1	CDS|EXON_OTHER	CDS	27.1608768860568	0.5872093023255814		
HEK293T	chr21:+:39397259	ELAP_exclusive_reported	CAUAU	GET1	GET1	NM_004627.6	1	EXON_OTHER	EXON_OTHER				
HEK293T	chr21:+:44312239	BID_exclusive_reported	GGUGC	PFKL	PFKL	NM_002626.6	1	CDS|EXON_OTHER	CDS	16.3366108811228	0.3081395348837209		
HEK293T	chr21:+:7758475	BID_exclusive_reported	GGUGG				0		UNANNOTATED	37.4168439168599	0.7645348837209303		
HEK293T	chr21:-:25881387	ELAP_exclusive_reported	AAUAG	APP	APP	NM_000484.4	1	EXON_OTHER	EXON_OTHER				
HEK293T	chr21:-:33903614	ELAP_exclusive_reported	AAUGA	ATP5PO	ATP5PO	NM_001697.3	1	CDS|EXON_OTHER	CDS				
HEK293T	chr22:+:11630407	ELAP_exclusive_reported	AAUAA				0		UNANNOTATED				
HEK293T	chr22:+:19792475	ELAP_exclusive_reported	UAUCA				0		UNANNOTATED				
HEK293T	chr22:+:20405560	BID_exclusive_reported	UGUAG	ZNF74	ZNF74	NM_003426.4	1	CDS|EXON_OTHER	CDS	63.5826037958086	0.9244186046511628		
HEK293T	chr22:+:23967446	ELAP_exclusive_reported	CCUGC	DDTL	DDTL	NM_001084393.2	1	CDS|EXON_OTHER	CDS				
HEK293T	chr22:+:24556010	ELAP_exclusive_reported	ACUCA	SNRPD3	SNRPD3	NM_004175.5	1	EXON_OTHER	EXON_OTHER				
HEK293T	chr22:+:24568039	ELAP_exclusive_reported	GGUAU	SNRPD3	SNRPD3	NM_004175.5	1	CDS|EXON_OTHER	CDS				
HEK293T	chr22:+:29298859	BID_exclusive_reported	CGUCC	EWSR1	EWSR1	NM_005243.4	1	CDS|EXON_OTHER	CDS	22.0730870805352	0.4680232558139535		
HEK293T	chr22:+:29769931	BID_exclusive_reported	UGUGA	UQCR10	UQCR10	NM_013387.4	1	EXON_OTHER	EXON_OTHER	11.1215943597125	0.06395348837209303		
HEK293T	chr22:+:31420277	shared	GAUCU	DRG1	DRG1	NM_004147.4	1	CDS|EXON_OTHER	CDS	11.0113253330987	0.04941860465116279		
HEK293T	chr22:+:32039692	ELAP_exclusive_reported	GGUAU				0		UNANNOTATED				
HEK293T	chr22:+:35424407	shared	UGUAG	MCM5	MCM5	NM_006739.4	1	EXON_OTHER	EXON_OTHER	40.6937921172063	0.7936046511627907		
HEK293T	chr22:+:37878111	ELAP_exclusive_reported	GGUAU	EIF3L	EIF3L	NM_016091.4	1	CDS|EXON_OTHER	CDS				
HEK293T	chr22:+:39521800	ELAP_exclusive_reported	GAUGU	ATF4	ATF4	NM_182810.3	1	CDS|EXON_OTHER	CDS				
HEK293T	chr22:+:39522228	BID_exclusive_reported	CCUAU	ATF4	ATF4	NM_182810.3	1	CDS|EXON_OTHER	CDS	16.0667163131894	0.29651162790697677		
HEK293T	chr22:+:40358945	ELAP_exclusive_reported	CGUGU	ADSL	ADSL	NM_000026.4	1	CDS|EXON_OTHER	CDS				
HEK293T	chr22:+:40364896	ELAP_exclusive_reported	AAUCA	ADSL	ADSL	NM_000026.4	1	CDS|EXON_OTHER	CDS				
HEK293T	chr22:+:40366437	ELAP_exclusive_reported	GGUGC	ADSL	ADSL	NM_000026.4	1	CDS|EXON_OTHER	CDS				
HEK293T	chr22:+:40953600	ELAP_exclusive_reported	ACUGU	RBX1	RBX1	NM_014248.4	1	CDS|EXON_OTHER	CDS				
HEK293T	chr22:+:41064174	ELAP_exclusive_reported	CGUGA				0		UNANNOTATED				
HEK293T	chr22:+:41906158	ELAP_exclusive_reported	UGUAG	SREBF2	SREBF2	NM_004599.4	1	EXON_OTHER	EXON_OTHER				
HEK293T	chr22:+:43159338	ELAP_exclusive_reported	GGUAC	TSPO	TSPO	NM_000714.6	1	CDS|EXON_OTHER	CDS				
HEK293T	chr22:+:45729539	BID_exclusive_reported	GAUCA	ATXN10	ATXN10	NM_013236.4	1	CDS|EXON_OTHER	CDS	15.9882386421808	0.28488372093023256		
HEK293T	chr22:-:21922624	BID_exclusive_reported	GGUGG	PPM1F	PPM1F	NM_014634.4	1	EXON_OTHER	EXON_OTHER	18.2808653871708	0.375		
HEK293T	chr22:-:21922817	BID_exclusive_reported	GGUGG	PPM1F	PPM1F	NM_014634.4	1	EXON_OTHER	EXON_OTHER	25.4094648069326	0.5494186046511628		
HEK293T	chr22:-:21934151	BID_exclusive_reported	GGUGC	PPM1F	PPM1F	NM_014634.4	1	CDS|EXON_OTHER	CDS	17.9823704474368	0.35755813953488375		
HEK293T	chr22:-:24541687	ELAP_exclusive_reported	GGUCU	GUCD1	GUCD1	NM_001284254.2	1	EXON_OTHER	EXON_OTHER				
HEK293T	chr22:-:26887501	ELAP_exclusive_reported	UCUGA				0		UNANNOTATED				
HEK293T	chr22:-:26887557	ELAP_exclusive_reported	GAUAA				0		UNANNOTATED				
HEK293T	chr22:-:28795526	ELAP_exclusive_reported	UAUAC	XBP1	XBP1	NM_001079539.2	1	CDS|EXON_OTHER	CDS				
HEK293T	chr22:-:29351771	BID_exclusive_reported	CCUAU	AP1B1	AP1B1	NM_001127.4	1	CDS|EXON_OTHER	CDS	20.7368972805985	0.438953488372093		
HEK293T	chr22:-:36510903	ELAP_exclusive_reported	GCUCU	EIF3D	EIF3D	NM_003753.4	1	EXON_OTHER	EXON_OTHER				
HEK293T	chr22:-:36512571	ELAP_exclusive_reported	GCUGG	EIF3D	EIF3D	NM_003753.4	1	CDS|EXON_OTHER	CDS				
HEK293T	chr22:-:38491087	ELAP_exclusive_reported	GAUCU				0		UNANNOTATED				
HEK293T	chr22:-:39317512	ELAP_exclusive_reported	UGUCU	RPL3	RPL3	NM_000967.4	1	CDS|EXON_OTHER	CDS				
HEK293T	chr22:-:40856484	ELAP_exclusive_reported	GAUCC	ST13	ST13	NM_003932.5	1	CDS|EXON_OTHER	CDS				
HEK293T	chr22:-:41675036	BID_exclusive_reported	GGUCU	SNU13	SNU13	NM_001003796.2	1	CDS|EXON_OTHER	CDS	24.6565803390768	0.5261627906976745		
HEK293T	chr22:-:42060203	BID_exclusive_reported	AGUGG	NAGA	NAGA	NM_000262.3	1	EXON_OTHER	EXON_OTHER	32.0061877298299	0.6918604651162791		
HEK293T	chr22:-:42777244	ELAP_exclusive_reported	AGUGA				0		UNANNOTATED				
HEK293T	chr22:-:50466388	BID_exclusive_reported	UGUAG	SBF1	SBF1	NM_002972.4	1	CDS|EXON_OTHER	CDS	33.1243087900692	0.7063953488372093		
HEK293T	chr22_KI270733v1_random:+:134731	ELAP_exclusive_reported	CGUGA				0		UNANNOTATED				
HEK293T	chr22_KI270733v1_random:+:176965	ELAP_exclusive_reported	GAUAG				0		UNANNOTATED				
HEK293T	chr2:+:101002310	ELAP_exclusive_reported	GCUGC	RPL31	RPL31	NM_000993.5	1	EXON_OTHER	EXON_OTHER				
HEK293T	chr2:+:110634189	ELAP_exclusive_reported	GGUAU				0		UNANNOTATED				
HEK293T	chr2:+:113658737	ELAP_exclusive_reported	GGUAU				0		UNANNOTATED				
HEK293T	chr2:+:128217790	ELAP_exclusive_reported	ACUCA				0		UNANNOTATED				
HEK293T	chr2:+:130182432	ELAP_exclusive_reported	GCUAU	MZT2B	MZT2B	NM_025029.5	1	CDS|EXON_OTHER	CDS				
HEK293T	chr2:+:152718657	ELAP_exclusive_reported	GCUCU	ARL6IP6	ARL6IP6	NM_152522.7	1	CDS|EXON_OTHER	CDS				
HEK293T	chr2:+:189661516	BID_exclusive_reported	GGUGG	ASDURF|ASNSD1	ASDURF|ASNSD1	NM_001353493.2|NM_019048.4	2	EXON_OTHER	EXON_OTHER	17.9099742456462	0.3546511627906977		
HEK293T	chr2:+:201085563	BID_exclusive_reported	UGUAG	NDUFB3	NDUFB3	NM_002491.3	1	CDS|EXON_OTHER	CDS	45.3957796365228	0.8226744186046512		
HEK293T	chr2:+:206160053	ELAP_exclusive_reported	CAUCG	EEF1B2	EEF1B2	NM_001959.4	1	CDS|EXON_OTHER	CDS				
HEK293T	chr2:+:215326117	ELAP_exclusive_reported	ACUAG	ATIC	ATIC	NM_004044.7	1	CDS|EXON_OTHER	CDS				
HEK293T	chr2:+:215336046	ELAP_exclusive_reported	GGUAU	ATIC	ATIC	NM_004044.7	1	CDS|EXON_OTHER	CDS				
HEK293T	chr2:+:216499392	shared	UGUGG	RPL37A	RPL37A	NM_000998.5	1	CDS|EXON_OTHER	CDS	39.3135820008244	0.7848837209302325		
HEK293T	chr2:+:216501361	ELAP_exclusive_reported	GGUAA	RPL37A	RPL37A	NM_000998.5	1	CDS|EXON_OTHER	CDS				
HEK293T	chr2:+:216660666	ELAP_exclusive_reported	GGUAU	IGFBP2	IGFBP2	NM_000597.3	1	CDS|EXON_OTHER	CDS				
HEK293T	chr2:+:236130360	BID_exclusive_reported	CGUGG	AGAP1	AGAP1	NM_001037131.3	1	EXON_OTHER	EXON_OTHER	13.9285688982289	0.21220930232558138		
HEK293T	chr2:+:240595225	BID_exclusive_reported	GGUGG	CAPN10	CAPN10	NM_023083.4	1	CDS|EXON_OTHER	CDS	11.7134252292478	0.09011627906976744		
HEK293T	chr2:+:241335180	shared	UCUGU	SEPTIN2	SEPTIN2	NM_004404.5	1	CDS|EXON_OTHER	CDS	21.0648875367864	0.45058139534883723		
HEK293T	chr2:+:241352066	ELAP_exclusive_reported	CCUGU	SEPTIN2	SEPTIN2	NM_004404.5	1	EXON_OTHER	EXON_OTHER				
HEK293T	chr2:+:241673484	BID_exclusive_reported	GGUCG	ATG4B	ATG4B	NM_013325.5	1	EXON_OTHER	EXON_OTHER	36.7487997633422	0.7587209302325582		
HEK293T	chr2:+:3580113	ELAP_exclusive_reported	CGUAC	RPS7	RPS7	NM_001011.4	1	CDS|EXON_OTHER	CDS				
HEK293T	chr2:+:38482177	ELAP_exclusive_reported	GCUGC				0		UNANNOTATED				
HEK293T	chr2:+:38482216	ELAP_exclusive_reported	ACUGU				0		UNANNOTATED				
HEK293T	chr2:+:38482380	ELAP_exclusive_reported	CAUGC				0		UNANNOTATED				
HEK293T	chr2:+:58251767	ELAP_exclusive_reported	GCUAC				0		UNANNOTATED				
HEK293T	chr2:+:58252555	ELAP_exclusive_reported	UCUAG				0		UNANNOTATED				
HEK293T	chr2:+:65239943	BID_exclusive_reported	AGUGG	ACTR2	ACTR2	NM_005722.4	1	CDS|EXON_OTHER	CDS	25.5714801624524	0.5552325581395349		
HEK293T	chr2:+:74207794	ELAP_exclusive_reported	UGUAG	MTHFD2	MTHFD2	NM_006636.4	1	CDS|EXON_OTHER	CDS				
HEK293T	chr2:+:84916437	ELAP_exclusive_reported	GGUAU				0		UNANNOTATED				
HEK293T	chr2:+:85597517	ELAP_exclusive_reported	GCUGA	RNF181	RNF181	NM_016494.4	1	EXON_OTHER	EXON_OTHER				
HEK293T	chr2:+:87825114	ELAP_exclusive_reported	AAUCU				0		UNANNOTATED				
HEK293T	chr2:-:108712870	ELAP_exclusive_reported	GGUAU				0		UNANNOTATED				
HEK293T	chr2:-:119993368	ELAP_exclusive_reported	ACUGC				0		UNANNOTATED				
HEK293T	chr2:-:127063629	ELAP_exclusive_reported	CGUCA	BIN1	BIN1	NM_139343.3	1	CDS|EXON_OTHER	CDS				
HEK293T	chr2:-:127863500	BID_exclusive_reported	AGUGG	AMMECR1L	AMMECR1L	NM_001199140.2	1	EXON_OTHER	EXON_OTHER	13.2691441444247	0.17732558139534885		
HEK293T	chr2:-:131049504	shared	UGUGA	FAM168B	FAM168B	NM_001009993.4	1	EXON_OTHER	EXON_OTHER	99.4878122698756	0.9912790697674418		
HEK293T	chr2:-:131492227	ELAP_exclusive_reported	GGUAU	MZT2A	MZT2A	NM_001085365.2	1	CDS|EXON_OTHER	CDS				
HEK293T	chr2:-:135868801	ELAP_exclusive_reported	GGUGC	MCM6	MCM6	NM_005915.6	1	CDS|EXON_OTHER	CDS				
HEK293T	chr2:-:149068737	ELAP_exclusive_reported	GAUGU				0		UNANNOTATED				
HEK293T	chr2:-:171517260	ELAP_exclusive_reported	GCUAA				0		UNANNOTATED				
HEK293T	chr2:-:174229358	ELAP_exclusive_reported	CCUGU	OLA1	OLA1	NM_013341.5	1	CDS|EXON_OTHER	CDS				
HEK293T	chr2:-:176201191	ELAP_exclusive_reported	GGUGA				0		UNANNOTATED				
HEK293T	chr2:-:197380324	ELAP_exclusive_reported	UCUGU				0		UNANNOTATED				
HEK293T	chr2:-:197498750	ELAP_exclusive_reported	GGUGC	HSPD1	HSPD1	NM_002156.5	1	CDS|EXON_OTHER	CDS				
HEK293T	chr2:-:223878602	ELAP_exclusive_reported	GCUCC	WDFY1	WDFY1	NM_020830.5	1	EXON_OTHER	EXON_OTHER				
HEK293T	chr2:-:231460280	ELAP_exclusive_reported	ACUAC	NCL	NCL	NM_005381.3	1	CDS|EXON_OTHER	CDS				
HEK293T	chr2:-:240716874	BID_exclusive_reported	GCUAG	KIF1A	KIF1A	NM_001244008.2	1	EXON_OTHER	EXON_OTHER	18.0197950282874	0.36627906976744184		
HEK293T	chr2:-:240723510	BID_exclusive_reported	UGUCC	KIF1A	KIF1A	NM_001244008.2	1	CDS|EXON_OTHER	CDS	14.8566377953909	0.24709302325581395		
HEK293T	chr2:-:240797736	BID_exclusive_reported	GGUGA	KIF1A	KIF1A	NM_001244008.2	1	CDS|EXON_OTHER	CDS	18.9840674819945	0.39825581395348836		
HEK293T	chr2:-:241248272	ELAP_exclusive_reported	GAUCC	HDLBP	HDLBP	NM_005336.6	1	CDS|EXON_OTHER	CDS				
HEK293T	chr2:-:42350721	ELAP_exclusive_reported	GGUAA	COX7A2L	COX7A2L	NM_004718.4	1	EXON_OTHER	EXON_OTHER				
HEK293T	chr2:-:42361171	ELAP_exclusive_reported	ACUCU	COX7A2L	COX7A2L	NM_004718.4	1	EXON_OTHER	EXON_OTHER				
HEK293T	chr2:-:47690870	ELAP_exclusive_reported	GAUCA				0		UNANNOTATED				
HEK293T	chr2:-:74529383	ELAP_exclusive_reported	GCUGC	AUP1	AUP1	NM_181575.5	1	CDS|EXON_OTHER	CDS				
HEK293T	chr2:-:85608600	ELAP_exclusive_reported	UAUGC	C2orf68	C2orf68	NM_001013649.4	1	EXON_OTHER	EXON_OTHER				
HEK293T	chr2:-:86179518	BID_exclusive_reported	UGUAG	IMMT	IMMT	NM_006839.3	1	CDS|EXON_OTHER	CDS	24.1991191560135	0.5116279069767442		
HEK293T	chr2:-:9585009	ELAP_exclusive_reported	AAUGU	YWHAQ	YWHAQ	NM_006826.4	1	EXON_OTHER	EXON_OTHER				
HEK293T	chr2:-:96283266	BID_exclusive_reported	GGUGG	SNRNP200	SNRNP200	NM_014014.5	1	CDS|EXON_OTHER	CDS	24.7391724118558	0.5348837209302325		
HEK293T	chr3:+:101821674	BID_exclusive_reported	AGUGG	NXPE3	NXPE3	NM_145037.4	1	CDS|EXON_OTHER	CDS	37.5577878963269	0.7674418604651163		
HEK293T	chr3:+:121494289	ELAP_exclusive_reported	UAUCA				0		UNANNOTATED				
HEK293T	chr3:+:128064896	ELAP_exclusive_reported	GCUAU	SEC61A1	SEC61A1	NM_013336.4	1	CDS|EXON_OTHER	CDS				
HEK293T	chr3:+:136297980	ELAP_exclusive_reported	GAUGU	PCCB	PCCB	NM_000532.5	1	CDS|EXON_OTHER	CDS				
HEK293T	chr3:+:136327691	ELAP_exclusive_reported	ACUAU	PCCB	PCCB	NM_000532.5	1	CDS|EXON_OTHER	CDS				
HEK293T	chr3:+:136328787	ELAP_exclusive_reported	CAUGA	PCCB	PCCB	NM_000532.5	1	CDS|EXON_OTHER	CDS				
HEK293T	chr3:+:140978978	BID_exclusive_reported	GGUGU	SLC25A36	SLC25A36	NM_001104647.3	1	EXON_OTHER	EXON_OTHER	10.3185870946395	0.020348837209302327		
HEK293T	chr3:+:149129860	BID_exclusive_reported	GGUGG	HPS3	HPS3	NM_032383.5	1	CDS|EXON_OTHER	CDS	34.552041998869	0.7209302325581395		
HEK293T	chr3:+:180976795	BID_exclusive_reported	UGUAG	FXR1	FXR1	NM_001441509.1|NM_005087.4	1	EXON_OTHER	EXON_OTHER	35.4038266695566	0.7383720930232558		
HEK293T	chr3:+:184180914	ELAP_exclusive_reported	GGUAU	AP2M1	AP2M1	NM_004068.4	1	CDS|EXON_OTHER	CDS				
HEK293T	chr3:+:193617217	ELAP_exclusive_reported	UGUAA	OPA1	OPA1	NM_130837.3	1	CDS|EXON_OTHER	CDS				
HEK293T	chr3:+:197950967	ELAP_exclusive_reported	ACUAU	RPL35A	RPL35A	NM_000996.4	1	EXON_OTHER	EXON_OTHER				
HEK293T	chr3:+:23887628	ELAP_exclusive_reported	GAUCC	UBE2E1	UBE2E1	NM_003341.5	1	CDS|EXON_OTHER	CDS				
HEK293T	chr3:+:23917851	ELAP_exclusive_reported	GGUAA	RPL15	RPL15	NM_002948.5	1	EXON_OTHER	EXON_OTHER				
HEK293T	chr3:+:23919567	shared	GGUGU	RPL15	RPL15	NM_002948.5	1	EXON_OTHER	EXON_OTHER	10.202492521983	0.014534883720930232		
HEK293T	chr3:+:32190976	ELAP_exclusive_reported	UAUCC				0		UNANNOTATED				
HEK293T	chr3:+:32191269	ELAP_exclusive_reported	GAUGC				0		UNANNOTATED				
HEK293T	chr3:+:33129999	ELAP_exclusive_reported	UAUAG	CRTAP	CRTAP	NM_006371.5	1	CDS|EXON_OTHER	CDS				
HEK293T	chr3:+:39408704	ELAP_exclusive_reported	UAUCC	RPSA	RPSA	NM_002295.6	1	CDS|EXON_OTHER	CDS				
HEK293T	chr3:+:39411955	ELAP_exclusive_reported	GGUGA	RPSA	RPSA	NM_002295.6	1	CDS|EXON_OTHER	CDS				
HEK293T	chr3:+:40457969	ELAP_exclusive_reported	UGUAG	RPL14	RPL14	NM_001034996.3	1	CDS|EXON_OTHER	CDS				
HEK293T	chr3:+:40461451	ELAP_exclusive_reported	CAUCA	RPL14	RPL14	NM_001034996.3	1	CDS|EXON_OTHER	CDS				
HEK293T	chr3:+:40761773	ELAP_exclusive_reported	GAUGU				0		UNANNOTATED				
HEK293T	chr3:+:41238036	ELAP_exclusive_reported	GAUAU	CTNNB1	CTNNB1	NM_001904.4	1	CDS|EXON_OTHER	CDS				
HEK293T	chr3:+:47846614	shared	AAUGU	DHX30	DHX30	NM_138615.3	1	CDS|EXON_OTHER	CDS	66.7477580815465	0.938953488372093		
HEK293T	chr3:+:49535096	BID_exclusive_reported	UGUGG	DAG1	DAG1	NM_004393.6	1	EXON_OTHER	EXON_OTHER	12.6054723265876	0.1308139534883721		
HEK293T	chr3:+:50066252	ELAP_exclusive_reported	GGUAA	RBM6	RBM6	NM_005777.3	1	CDS|EXON_OTHER	CDS				
HEK293T	chr3:+:51942414	ELAP_exclusive_reported	GCUAC	PARP3	PARP3	NM_001003931.4	1	EXON_OTHER	EXON_OTHER				
HEK293T	chr3:-:101682432	ELAP_exclusive_reported	GCUAA	RPL24	RPL24	NM_000986.4	1	CDS|EXON_OTHER	CDS				
HEK293T	chr3:-:110682923	ELAP_exclusive_reported	UAUCC				0		UNANNOTATED				
HEK293T	chr3:-:112561618	BID_exclusive_reported	GGUGG	ATG3	ATG3	NM_022488.5	1	EXON_OTHER	EXON_OTHER	36.7606479381417	0.7616279069767442		
HEK293T	chr3:-:121770508	BID_exclusive_reported	UGUGG	IQCB1	IQCB1	NM_001023570.4	1	CDS|EXON_OTHER	CDS	10.2540763970775	0.01744186046511628		
HEK293T	chr3:-:12839421	ELAP_exclusive_reported	CAUGC	RPL32	RPL32	NM_000994.4	1	CDS|EXON_OTHER	CDS				
HEK293T	chr3:-:128620331	ELAP_exclusive_reported	UGUGC	RPN1	RPN1	NM_002950.4	1	EXON_OTHER	EXON_OTHER				
HEK293T	chr3:-:128622242	ELAP_exclusive_reported	ACUGA	RPN1	RPN1	NM_002950.4	1	CDS|EXON_OTHER	CDS				
HEK293T	chr3:-:128637842	ELAP_exclusive_reported	CCUAC	RPN1	RPN1	NM_002950.4	1	CDS|EXON_OTHER	CDS				
HEK293T	chr3:-:134478147	BID_exclusive_reported	UGUAG	ANAPC13	ANAPC13	NM_015391.4	1	EXON_OTHER	EXON_OTHER	29.7967598640562	0.6482558139534884		
HEK293T	chr3:-:142043962	ELAP_exclusive_reported	GGUAA				0		UNANNOTATED				
HEK293T	chr3:-:161429418	ELAP_exclusive_reported	UAUCC				0		UNANNOTATED				
HEK293T	chr3:-:169483767	ELAP_exclusive_reported	CGUGA				0		UNANNOTATED				
HEK293T	chr3:-:169483814	ELAP_exclusive_reported	GGUAU				0		UNANNOTATED				
HEK293T	chr3:-:169764882	ELAP_exclusive_reported	UGUCA	TERC	TERC	NR_001566.3	1	EXON_OTHER	EXON_OTHER				
HEK293T	chr3:-:179604595	shared	UGUAG	MRPL47	MRPL47	NM_020409.3	1	CDS|EXON_OTHER	CDS	25.0556874870397	0.5436046511627907		
HEK293T	chr3:-:185418044	ELAP_exclusive_reported	CAUGU				0		UNANNOTATED				
HEK293T	chr3:-:197850379	ELAP_exclusive_reported	UGUAA				0		UNANNOTATED				
HEK293T	chr3:-:33016726	ELAP_exclusive_reported	CAUAU	GLB1	GLB1	NM_000404.4	1	CDS|EXON_OTHER	CDS				
HEK293T	chr3:-:37016655	ELAP_exclusive_reported	CGUAU				0		UNANNOTATED				
HEK293T	chr3:-:42784943	ELAP_exclusive_reported	GGUAC	HIGD1A	HIGD1A	NM_014056.4	1	EXON_OTHER	EXON_OTHER				
HEK293T	chr3:-:44749581	shared	AGUCU	KIAA1143	KIAA1143	NM_020696.4	1	EXON_OTHER	EXON_OTHER	80.8492759512759	0.9709302325581395		
HEK293T	chr3:-:48599159	ELAP_exclusive_reported	GAUCC	UQCRC1	UQCRC1	NM_003365.3	1	CDS|EXON_OTHER	CDS				
HEK293T	chr3:-:48600514	ELAP_exclusive_reported	CAUCC	UQCRC1	UQCRC1	NM_003365.3	1	CDS|EXON_OTHER	CDS				
HEK293T	chr3:-:49024979	ELAP_exclusive_reported	GAUGG	IMPDH2	IMPDH2	NM_000884.3	1	CDS|EXON_OTHER	CDS				
HEK293T	chr3:-:49104394	ELAP_exclusive_reported	GAUAC	QARS1	QARS1	NM_005051.3	1	CDS|EXON_OTHER	CDS				
HEK293T	chr3:-:49111620	BID_exclusive_reported	UGUGG	USP19	USP19	NM_001199161.2	1	CDS|EXON_OTHER	CDS	30.1927798781508	0.6627906976744186		
HEK293T	chr3:-:49358232	ELAP_exclusive_reported	GGUGU	GPX1	GPX1	NM_000581.4	1	CDS|EXON_OTHER	CDS				
HEK293T	chr3:-:49358305	ELAP_exclusive_reported	GCUCC	GPX1	GPX1	NM_000581.4	1	EXON_OTHER	EXON_OTHER				
HEK293T	chr3:-:49360211	ELAP_exclusive_reported	UGUGA	RHOA	RHOA	NM_001664.4	1	CDS|EXON_OTHER	CDS				
HEK293T	chr3:-:49856496	BID_exclusive_reported	UGUAG	TRAIP	TRAIP	NM_005879.3	1	EXON_OTHER	EXON_OTHER	28.6621470188359	0.625		
HEK293T	chr3:-:50326375	ELAP_exclusive_reported	CAUAA	TUSC2	TUSC2	NM_007275.3	1	CDS|EXON_OTHER	CDS				
HEK293T	chr3:-:51993779	ELAP_exclusive_reported	CGUAC	RPL29	RPL29	NM_000992.3	1	CDS|EXON_OTHER	CDS				
HEK293T	chr3:-:51993896	shared	CGUAU	RPL29	RPL29	NM_000992.3	1	CDS|EXON_OTHER	CDS	45.4017780978859	0.8255813953488372		
HEK293T	chr3:-:52401239	BID_exclusive_reported	AAUGG	BAP1	BAP1	NM_004656.4	1	EXON_OTHER	EXON_OTHER	11.0182836299343	0.05232558139534884		
HEK293T	chr3:-:53235164	ELAP_exclusive_reported	UCUAU	TKT	TKT	NM_001064.4	1	CDS|EXON_OTHER	CDS				
HEK293T	chr3:-:53891816	BID_exclusive_reported	GGUGG	SELENOK	SELENOK	NM_021237.5	1	EXON_OTHER	EXON_OTHER	14.3252294887124	0.23255813953488372		
HEK293T	chr4:+:105485487	ELAP_exclusive_reported	GCUGA				0		UNANNOTATED				
HEK293T	chr4:+:108622180	ELAP_exclusive_reported	GGUGU	RPL34	RPL34	NM_001319236.2	1	CDS|EXON_OTHER	CDS				
HEK293T	chr4:+:108622601	ELAP_exclusive_reported	GCUAA	RPL34	RPL34	NM_001319236.2	1	CDS|EXON_OTHER	CDS				
HEK293T	chr4:+:151102981	ELAP_exclusive_reported	UAUGC	RPS3A	RPS3A	NM_001006.5	1	CDS|EXON_OTHER	CDS				
HEK293T	chr4:+:17607509	shared	CCUAU	LAP3	LAP3	NM_015907.3	1	CDS|EXON_OTHER	CDS	28.9938770172028	0.6366279069767442		
HEK293T	chr4:+:176320129	ELAP_exclusive_reported	CGUGA	SPCS3	SPCS3	NM_021928.4	1	CDS|EXON_OTHER	CDS				
HEK293T	chr4:+:1974671	ELAP_exclusive_reported	CCUGA				0		UNANNOTATED				
HEK293T	chr4:+:2065283	BID_exclusive_reported	GGUGG	NAT8L	NAT8L	NM_178557.4	1	EXON_OTHER	EXON_OTHER	48.4682210904419	0.8517441860465116		
HEK293T	chr4:+:25277630	ELAP_exclusive_reported	GGUAA	PI4K2B	PI4K2B	NM_018323.4	1	EXON_OTHER	EXON_OTHER				
HEK293T	chr4:+:2834196	BID_exclusive_reported	GGUGG	SH3BP2	SH3BP2	NM_001122681.2	1	EXON_OTHER	EXON_OTHER	17.1319547985704	0.3313953488372093		
HEK293T	chr4:+:42087115	ELAP_exclusive_reported	CAUGA	SLC30A9	SLC30A9	NM_006345.4	1	EXON_OTHER	EXON_OTHER				
HEK293T	chr4:+:47706419	ELAP_exclusive_reported	UCUGA				0		UNANNOTATED				
HEK293T	chr4:+:47707053	ELAP_exclusive_reported	GGUGU				0		UNANNOTATED				
HEK293T	chr4:+:65573521	ELAP_exclusive_reported	ACUGA				0		UNANNOTATED				
HEK293T	chr4:+:9563400	ELAP_exclusive_reported	GAUGA				0		UNANNOTATED				
HEK293T	chr4:-:139508484	BID_exclusive_reported	UGUAG	SETD7	SETD7	NM_030648.4	1	EXON_OTHER	EXON_OTHER	35.0450698010136	0.7267441860465116		
HEK293T	chr4:-:1716339	BID_exclusive_reported	GGUGG	TMEM129	TMEM129	NM_001127266.2	1	EXON_OTHER	EXON_OTHER	10.3923967896511	0.02616279069767442		
HEK293T	chr4:-:173334312	BID_exclusive_reported	GGUCC	HMGB2	HMGB2	NM_002129.4	1	EXON_OTHER	EXON_OTHER	17.5647914337679	0.3488372093023256		
HEK293T	chr4:-:2932661	BID_exclusive_reported	CGUCA	SLC75A1	SLC75A1	NM_001146069.2	1	CDS|EXON_OTHER	CDS	19.6479105643629	0.4127906976744186		
HEK293T	chr4:-:2954474	BID_exclusive_reported	AGUCC	NOP14	NOP14	NM_001291978.2	1	CDS|EXON_OTHER	CDS	35.0614374388673	0.7296511627906976		
HEK293T	chr4:-:82359594	ELAP_exclusive_reported	GAUCU	HNRNPD	HNRNPD	NM_031370.3	1	CDS|EXON_OTHER	CDS				
HEK293T	chr4:-:88521167	BID_exclusive_reported	AGUCC	PIGY|PYURF	PIGY|PYURF	NM_001042616.3|NM_032906.5	2	EXON_OTHER	EXON_OTHER	22.2530389201895	0.47093023255813954		
HEK293T	chr5:+:10391615	BID_exclusive_reported	AGUGG	MARCHF6	MARCHF6	NM_005885.4	1	CDS|EXON_OTHER	CDS	11.7910809550625	0.09593023255813954		
HEK293T	chr5:+:132866680	ELAP_exclusive_reported	GCUGA	UQCRQ	UQCRQ	NM_014402.5	1	EXON_OTHER	EXON_OTHER				
HEK293T	chr5:+:134924078	ELAP_exclusive_reported	GAUGG				0		UNANNOTATED				
HEK293T	chr5:+:139623411	ELAP_exclusive_reported	GAUGA	UBE2D2	UBE2D2	NM_003339.3	1	CDS|EXON_OTHER	CDS				
HEK293T	chr5:+:140659077	BID_exclusive_reported	GAUCG	IK	IK	NM_006083.4	1	CDS|EXON_OTHER	CDS	10.3234639120465	0.023255813953488372		
HEK293T	chr5:+:150372100	BID_exclusive_reported	GGUGG	TCOF1	TCOF1	NM_001371623.1	1	CDS|EXON_OTHER	CDS	18.4277116268533	0.3808139534883721		
HEK293T	chr5:+:150555342	BID_exclusive_reported	UGUGG	NDST1	NDST1	NM_001543.5	1	EXON_OTHER	EXON_OTHER	11.7670910250192	0.09302325581395349		
HEK293T	chr5:+:151028603	BID_exclusive_reported	ACUAU	GPX3	GPX3	NM_002084.5	1	EXON_OTHER	EXON_OTHER	47.9768845171682	0.8459302325581395		
HEK293T	chr5:+:163473415	ELAP_exclusive_reported	GAUAU	HMMR	HMMR	NM_001142556.2	1	CDS|EXON_OTHER	CDS				
HEK293T	chr5:+:168616426	ELAP_exclusive_reported	GGUGU				0		UNANNOTATED				
HEK293T	chr5:+:168616581	ELAP_exclusive_reported	GGUAA				0		UNANNOTATED				
HEK293T	chr5:+:177305904	shared	ACUCU	PRELID1	PRELID1	NM_013237.4	1	CDS|EXON_OTHER	CDS	15.8924931587022	0.2819767441860465		
HEK293T	chr5:+:177596002	ELAP_exclusive_reported	AGUAG	TMED9	TMED9	NM_017510.6	1	EXON_OTHER	EXON_OTHER				
HEK293T	chr5:+:181234537	BID_exclusive_reported	CGUGG	TRIM41	TRIM41	NM_033549.5	1	CDS|EXON_OTHER	CDS	13.3133452850627	0.18604651162790697		
HEK293T	chr5:+:1815987	ELAP_exclusive_reported	GCUCG	NDUFS6	NDUFS6	NM_004553.6	1	EXON_OTHER	EXON_OTHER				
HEK293T	chr5:+:21882685	ELAP_exclusive_reported	GGUGC				0		UNANNOTATED				
HEK293T	chr5:+:33162346	ELAP_exclusive_reported	CGUGC				0		UNANNOTATED				
HEK293T	chr5:+:43121674	BID_exclusive_reported	GGUGG				0		UNANNOTATED	13.3465870238582	0.18895348837209303		
HEK293T	chr5:+:61152898	ELAP_exclusive_reported	GGUAA	NDUFAF2	NDUFAF2	NM_174889.5	1	CDS|EXON_OTHER	CDS				
HEK293T	chr5:-:111192578	ELAP_exclusive_reported	UAUGC				0		UNANNOTATED				
HEK293T	chr5:-:116051908	ELAP_exclusive_reported	AAUAG				0		UNANNOTATED				
HEK293T	chr5:-:131165173	ELAP_exclusive_reported	GCUCG	HINT1	HINT1	NM_005340.7	1	CDS|EXON_OTHER	CDS				
HEK293T	chr5:-:134926635	ELAP_exclusive_reported	CAUCA				0		UNANNOTATED				
HEK293T	chr5:-:134927314	ELAP_exclusive_reported	UAUGG				0		UNANNOTATED				
HEK293T	chr5:-:138506557	ELAP_exclusive_reported	GCUAU	ETF1	ETF1	NM_004730.4	1	EXON_OTHER	EXON_OTHER				
HEK293T	chr5:-:141529173	BID_exclusive_reported	GGUGG	DIAPH1	DIAPH1	NM_005219.5	1	CDS|EXON_OTHER	CDS	37.7214450133711	0.7732558139534884		
HEK293T	chr5:-:141628598	ELAP_exclusive_reported	ACUGU	HDAC3	HDAC3	NM_003883.4	1	CDS|EXON_OTHER	CDS				
HEK293T	chr5:-:14652203	ELAP_exclusive_reported	GCUGA				0		UNANNOTATED				
HEK293T	chr5:-:14652377	ELAP_exclusive_reported	UGUCA				0		UNANNOTATED				
HEK293T	chr5:-:14653132	ELAP_exclusive_reported	GCUGA				0		UNANNOTATED				
HEK293T	chr5:-:154338012	ELAP_exclusive_reported	GAUCG				0		UNANNOTATED				
HEK293T	chr5:-:157931427	ELAP_exclusive_reported	GCUGA				0		UNANNOTATED				
HEK293T	chr5:-:173317666	BID_exclusive_reported	CGUGG	STC2	STC2	NM_003714.3	1	EXON_OTHER	EXON_OTHER	12.7106010555788	0.13953488372093023		
HEK293T	chr5:-:173616329	BID_exclusive_reported	GGUGG	BOD1	BOD1	NM_138369.3	1	CDS|EXON_OTHER	CDS	10.4760602027488	0.029069767441860465		
HEK293T	chr5:-:175968201	BID_exclusive_reported	GGUCC	THOC3	THOC3	NM_032361.4	1	CDS|EXON_OTHER	CDS	18.368602223494	0.37790697674418605		
HEK293T	chr5:-:178149556	shared	GGUAA	NHP2	NHP2	NM_017838.4	1	EXON_OTHER	EXON_OTHER	14.6138043817779	0.23837209302325582		
HEK293T	chr5:-:179797663	ELAP_exclusive_reported	CGUAA	MGAT4B	MGAT4B	NM_014275.5	1	EXON_OTHER	EXON_OTHER				
HEK293T	chr5:-:179799600	BID_exclusive_reported	UGUAG	MGAT4B	MGAT4B	NM_014275.5	1	CDS|EXON_OTHER	CDS	24.7198911280442	0.5290697674418605		
HEK293T	chr5:-:181238226	ELAP_exclusive_reported	CAUGU	RACK1	RACK1	NM_006098.5	1	CDS|EXON_OTHER	CDS				
HEK293T	chr5:-:181239090	ELAP_exclusive_reported	GAUCC	RACK1	RACK1	NM_006098.5	1	CDS|EXON_OTHER	CDS				
HEK293T	chr5:-:181241785	ELAP_exclusive_reported	UAUAC				0		UNANNOTATED				
HEK293T	chr5:-:40827632	ELAP_exclusive_reported	UGUAG	RPL37	RPL37	NM_000997.5	1	EXON_OTHER	EXON_OTHER				
HEK293T	chr5:-:40834246	ELAP_exclusive_reported	GCUAA	RPL37	RPL37	NM_000997.5	1	CDS|EXON_OTHER	CDS				
HEK293T	chr5:-:41850160	BID_exclusive_reported	GAUCC	OXCT1	OXCT1	NM_000436.4	1	CDS|EXON_OTHER	CDS	17.4309886309657	0.34593023255813954		
HEK293T	chr5:-:43495307	ELAP_exclusive_reported	GGUAA				0		UNANNOTATED				
HEK293T	chr5:-:79284432	ELAP_exclusive_reported	AAUCC				0		UNANNOTATED				
HEK293T	chr5:-:80628689	ELAP_exclusive_reported	UGUAG	DHFR	DHFR	NM_000791.4	1	EXON_OTHER	EXON_OTHER				
HEK293T	chr5:-:80650713	BID_exclusive_reported	AGUCU				0		UNANNOTATED	55.8852129013867	0.8895348837209303		
HEK293T	chr5:-:86884382	ELAP_exclusive_reported	UGUAG				0		UNANNOTATED				
HEK293T	chr6:+:122211649	ELAP_exclusive_reported	UAUAC				0		UNANNOTATED				
HEK293T	chr6:+:12514157	ELAP_exclusive_reported	UCUGA				0		UNANNOTATED				
HEK293T	chr6:+:149594189	ELAP_exclusive_reported	GGUGU				0		UNANNOTATED				
HEK293T	chr6:+:149594452	ELAP_exclusive_reported	GCUGC				0		UNANNOTATED				
HEK293T	chr6:+:150898903	ELAP_exclusive_reported	GAUCU				0		UNANNOTATED				
HEK293T	chr6:+:151099731	ELAP_exclusive_reported	CAUGC				0		UNANNOTATED				
HEK293T	chr6:+:15496490	BID_exclusive_reported	GGUGG	JARID2	JARID2	NM_004973.4	1	CDS|EXON_OTHER	CDS	32.9147554388811	0.7034883720930233		
HEK293T	chr6:+:28951067	ELAP_exclusive_reported	AAUCU				0		UNANNOTATED				
HEK293T	chr6:+:29945661	ELAP_exclusive_reported	CAUCU	HLA-A	HLA-A	NM_002116.8	1	EXON_OTHER	EXON_OTHER				
HEK293T	chr6:+:30492874	ELAP_exclusive_reported	CCUCU	HLA-E	HLA-E	NM_005516.6	1	EXON_OTHER	EXON_OTHER				
HEK293T	chr6:+:30723767	ELAP_exclusive_reported	GGUGU	TUBB	TUBB	NM_178014.4	1	CDS|EXON_OTHER	CDS				
HEK293T	chr6:+:30725192	ELAP_exclusive_reported	GGUGU	TUBB	TUBB	NM_178014.4	1	EXON_OTHER	EXON_OTHER				
HEK293T	chr6:+:31281066	ELAP_exclusive_reported	UGUAU				0		UNANNOTATED				
HEK293T	chr6:+:31666138	ELAP_exclusive_reported	UGUAG	CSNK2B	CSNK2B	NM_001320.7	1	EXON_OTHER	EXON_OTHER				
HEK293T	chr6:+:32981122	BID_exclusive_reported	GGUCC	BRD2	BRD2	NM_005104.4	1	EXON_OTHER	EXON_OTHER	22.8610783417503	0.48255813953488375		
HEK293T	chr6:+:34236932	ELAP_exclusive_reported	GCUAU	HMGA1	HMGA1	NM_145899.3	1	EXON_OTHER	EXON_OTHER				
HEK293T	chr6:+:43328274	ELAP_exclusive_reported	GGUGU				0		UNANNOTATED				
HEK293T	chr6:+:43770912	BID_exclusive_reported	GGUCC	VEGFA	VEGFA	NM_003376.6	1	CDS|EXON_OTHER	CDS	20.7705902354901	0.4418604651162791		
HEK293T	chr6:+:71165655	ELAP_exclusive_reported	GGUGA				0		UNANNOTATED				
HEK293T	chr6:+:98834995	BID_exclusive_reported	GGUGC	POU3F2	POU3F2	NM_005604.4	1	CDS|EXON_OTHER	CDS	23.1967403704975	0.49127906976744184		
HEK293T	chr6:-:109382360	ELAP_exclusive_reported	GCUCA	CD164	CD164	NM_006016.6	1	CDS|EXON_OTHER	CDS				
HEK293T	chr6:-:113958711	ELAP_exclusive_reported	UAUCA	HDAC2	HDAC2	NM_001527.4	1	CDS|EXON_OTHER	CDS				
HEK293T	chr6:-:116250793	BID_exclusive_reported	GGUCU	TSPYL4	TSPYL4	NM_021648.5	1	EXON_OTHER	EXON_OTHER	10.8732741633552	0.046511627906976744		
HEK293T	chr6:-:125780306	ELAP_exclusive_reported	UCUAG				0		UNANNOTATED				
HEK293T	chr6:-:153282635	ELAP_exclusive_reported	GGUAA				0		UNANNOTATED				
HEK293T	chr6:-:158636862	ELAP_exclusive_reported	UGUAC	DYNLT1	DYNLT1	NM_006519.4	1	CDS|EXON_OTHER	CDS				
HEK293T	chr6:-:169659185	ELAP_exclusive_reported	CCUCU	WDR27	WDR27	NM_182552.5	1	CDS|EXON_OTHER	CDS				
HEK293T	chr6:-:27505871	ELAP_exclusive_reported	AAUCC				0		UNANNOTATED				
HEK293T	chr6:-:27650988	ELAP_exclusive_reported	UGUAG				0		UNANNOTATED				
HEK293T	chr6:-:28742986	ELAP_exclusive_reported	GAUCA				0		UNANNOTATED				
HEK293T	chr6:-:30554874	BID_exclusive_reported	UGUCC	GNL1	GNL1	NM_005275.5	1	CDS|EXON_OTHER	CDS	24.4173914527138	0.5203488372093024		
HEK293T	chr6:-:30556218	BID_exclusive_reported	GGUGA	GNL1	GNL1	NM_005275.5	1	EXON_OTHER	EXON_OTHER	27.6701764278759	0.6075581395348837		
HEK293T	chr6:-:31268963	ELAP_exclusive_reported	CAUCU	HLA-C	HLA-C	NM_002117.6	1	EXON_OTHER	EXON_OTHER				
HEK293T	chr6:-:31270064	ELAP_exclusive_reported	CAUCC	HLA-C	HLA-C	NM_002117.6	1	CDS|EXON_OTHER	CDS				
HEK293T	chr6:-:31272064	ELAP_exclusive_reported	GGUCA	HLA-C	HLA-C	NM_002117.6	1	CDS|EXON_OTHER	CDS				
HEK293T	chr6:-:31859409	BID_exclusive_reported	GCUGU	NEU1	NEU1	NM_000434.4	1	EXON_OTHER	EXON_OTHER	14.1246234647859	0.22093023255813954		
HEK293T	chr6:-:31971508	ELAP_exclusive_reported	GCUCA	DXO	DXO	NM_005510.4	1	CDS|EXON_OTHER	CDS				
HEK293T	chr6:-:33700477	ELAP_exclusive_reported	UGUCG	UQCC2	UQCC2	NM_032340.4	1	CDS|EXON_OTHER	CDS				
HEK293T	chr6:-:34421797	ELAP_exclusive_reported	GGUGA	RPS10	RPS10	NM_001014.5	1	CDS|EXON_OTHER	CDS				
HEK293T	chr6:-:36856640	ELAP_exclusive_reported	CAUCU	PPIL1	PPIL1	NM_016059.5	1	CDS|EXON_OTHER	CDS				
HEK293T	chr6:-:43369415	BID_exclusive_reported	UCUAG	ZNF318	ZNF318	NM_014345.3	1	EXON_OTHER	EXON_OTHER	72.1317101871551	0.9563953488372093		
HEK293T	chr6:-:43539294	ELAP_exclusive_reported	CGUCG				0		UNANNOTATED				
HEK293T	chr6:-:43622772	BID_exclusive_reported	GGUGG	GTPBP2	GTPBP2	NM_019096.5	1	CDS|EXON_OTHER	CDS	13.25239787029	0.1744186046511628		
HEK293T	chr6:-:44256715	ELAP_exclusive_reported	AGUAC	SLC35B2	SLC35B2	NM_178148.4	1	CDS|EXON_OTHER	CDS				
HEK293T	chr6:-:5788598	ELAP_exclusive_reported	UAUAC				0		UNANNOTATED				
HEK293T	chr6:-:7339012	ELAP_exclusive_reported	GGUGA				0		UNANNOTATED				
HEK293T	chr6:-:73518433	ELAP_exclusive_reported	UGUCA	EEF1A1	EEF1A1	NM_001402.6	1	CDS|EXON_OTHER	CDS				
HEK293T	chr6:-:96648535	ELAP_exclusive_reported	GCUCA				0		UNANNOTATED				
HEK293T	chr7:+:100153443	ELAP_exclusive_reported	CAUCU	LAMTOR4	LAMTOR4	NM_001008395.4	1	CDS|EXON_OTHER	CDS				
HEK293T	chr7:+:100676559	ELAP_exclusive_reported	ACUCA	GNB2	GNB2	NM_005273.4	1	CDS|EXON_OTHER	CDS				
HEK293T	chr7:+:100866267	BID_exclusive_reported	UGUGG	SLC12A9	SLC12A9	NM_020246.4	1	CDS|EXON_OTHER	CDS	10.8722201134787	0.0436046511627907		
HEK293T	chr7:+:100873195	shared	UCUGA	TRIP6	TRIP6	NM_003302.3	1	CDS|EXON_OTHER	CDS	48.7062781064841	0.8546511627906976		
HEK293T	chr7:+:105819571	ELAP_exclusive_reported	GGUAC				0		UNANNOTATED				
HEK293T	chr7:+:127887946	shared	GAUCA	SND1	SND1	NM_014390.4	1	CDS|EXON_OTHER	CDS	36.2761735629565	0.747093023255814		
HEK293T	chr7:+:128085734	BID_exclusive_reported	AGUCG	SND1	SND1	NM_014390.4	1	CDS|EXON_OTHER	CDS	11.6300482237759	0.0872093023255814		
HEK293T	chr7:+:131242833	ELAP_exclusive_reported	AAUGC				0		UNANNOTATED				
HEK293T	chr7:+:135660086	ELAP_exclusive_reported	UCUGA				0		UNANNOTATED				
HEK293T	chr7:+:139345562	ELAP_exclusive_reported	UCUCU	FMC1	FMC1	NM_197964.5	1	CDS|EXON_OTHER	CDS				
HEK293T	chr7:+:141750386	ELAP_exclusive_reported	GGUAC	SSBP1	SSBP1	NM_003143.3	1	EXON_OTHER	EXON_OTHER				
HEK293T	chr7:+:2250988	BID_exclusive_reported	GGUGG	NUDT1	NUDT1	NM_002452.4	1	CDS|EXON_OTHER	CDS	14.2275362761762	0.2238372093023256		
HEK293T	chr7:+:2369496	shared	GGUAA	EIF3B	EIF3B	NM_001037283.2	1	CDS|EXON_OTHER	CDS	13.4693468957517	0.19767441860465115		
HEK293T	chr7:+:2380633	BID_exclusive_reported	UGUCC	EIF3B	EIF3B	NM_001037283.2	1	EXON_OTHER	EXON_OTHER	18.0433695004694	0.3691860465116279		
HEK293T	chr7:+:44697649	BID_exclusive_reported	CCUCU	OGDH	OGDH	NM_002541.4	1	CDS|EXON_OTHER	CDS	49.5504482679911	0.8604651162790697		
HEK293T	chr7:+:5231336	BID_exclusive_reported	CGUAA	WIPI2	WIPI2	NM_015610.4	1	EXON_OTHER	EXON_OTHER	16.0299865673839	0.2936046511627907		
HEK293T	chr7:+:56056315	ELAP_exclusive_reported	UGUAG	CCT6A	CCT6A	NM_001762.4	1	CDS|EXON_OTHER	CDS				
HEK293T	chr7:+:5606283	BID_exclusive_reported	UGUAG	FSCN1	FSCN1	NM_003088.4	1	EXON_OTHER	EXON_OTHER	29.6515329824944	0.6453488372093024		
HEK293T	chr7:+:6387215	BID_exclusive_reported	GCUGU	RAC1	RAC1	NM_006908.5	1	CDS|EXON_OTHER	CDS	30.2351235620892	0.6656976744186046		
HEK293T	chr7:+:67302830	ELAP_exclusive_reported	GCUCU				0		UNANNOTATED				
HEK293T	chr7:+:73686665	ELAP_exclusive_reported	GAUGG	BUD23	BUD23	NM_017528.5	1	CDS|EXON_OTHER	CDS				
HEK293T	chr7:+:75888787	ELAP_exclusive_reported	UGUAG	RHBDD2	RHBDD2	NM_001040456.3	1	EXON_OTHER	EXON_OTHER				
HEK293T	chr7:+:78358682	ELAP_exclusive_reported	GGUGC				0		UNANNOTATED				
HEK293T	chr7:-:103141703	ELAP_exclusive_reported	GGUAA				0		UNANNOTATED				
HEK293T	chr7:-:103324526	ELAP_exclusive_reported	GAUAU	DNAJC2	DNAJC2	NM_014377.3	1	CDS|EXON_OTHER	CDS				
HEK293T	chr7:-:10933648	ELAP_exclusive_reported	CGUCC	COXFA4	COXFA4	NM_002489.4	1	CDS|EXON_OTHER	CDS				
HEK293T	chr7:-:133034996	ELAP_exclusive_reported	CAUAU				0		UNANNOTATED				
HEK293T	chr7:-:139227707	ELAP_exclusive_reported	UGUGG				0		UNANNOTATED				
HEK293T	chr7:-:141006423	BID_exclusive_reported	GGUCC	MRPS33	MRPS33	NM_053035.3	1	EXON_OTHER	EXON_OTHER	24.5042351538741	0.5232558139534884		
HEK293T	chr7:-:1499581	shared	ACUGU	INTS1	INTS1	NM_001080453.3	1	CDS|EXON_OTHER	CDS	54.6766004539242	0.8837209302325582		
HEK293T	chr7:-:158829321	BID_exclusive_reported	GCUGC	ESYT2	ESYT2	NM_001367773.1	1	CDS|EXON_OTHER	CDS	19.612511676587	0.4069767441860465		
HEK293T	chr7:-:21401519	ELAP_exclusive_reported	CAUCC				0		UNANNOTATED				
HEK293T	chr7:-:42926572	ELAP_exclusive_reported	UAUAG	PSMA2	PSMA2	NM_002787.5	1	CDS|EXON_OTHER	CDS				
HEK293T	chr7:-:43869333	ELAP_exclusive_reported	CCUGC	MRPS24	MRPS24	NM_032014.3	1	CDS|EXON_OTHER	CDS				
HEK293T	chr7:-:44117684	ELAP_exclusive_reported	GGUCU	POLD2	POLD2	NM_006230.4	1	CDS|EXON_OTHER	CDS				
HEK293T	chr7:-:5315015	BID_exclusive_reported	CGUGG	TNRC18	TNRC18	NM_001080495.3	1	CDS|EXON_OTHER	CDS	37.9453106183346	0.7761627906976745		
HEK293T	chr7:-:56101767	ELAP_exclusive_reported	GGUAU	CHCHD2	CHCHD2	NM_016139.4	1	EXON_OTHER	EXON_OTHER				
HEK293T	chr7:-:99460136	ELAP_exclusive_reported	GAUCU	ATP5MF	ATP5MF	NM_004889.5	1	CDS|EXON_OTHER	CDS				
HEK293T	chr8:+:103768566	ELAP_exclusive_reported	AAUCA				0		UNANNOTATED				
HEK293T	chr8:+:118976512	ELAP_exclusive_reported	ACUGU				0		UNANNOTATED				
HEK293T	chr8:+:124543274	ELAP_exclusive_reported	GCUAC	NDUFB9	NDUFB9	NM_005005.3	1	CDS|EXON_OTHER	CDS				
HEK293T	chr8:+:124549857	ELAP_exclusive_reported	GGUAU	NDUFB9	NDUFB9	NM_005005.3	1	CDS|EXON_OTHER	CDS				
HEK293T	chr8:+:127736351	ELAP_exclusive_reported	AAUAG	MYC	MYC	NM_002467.6	1	EXON_OTHER	EXON_OTHER				
HEK293T	chr8:+:127740677	BID_exclusive_reported	GGUCC	MYC	MYC	NM_002467.6	1	CDS|EXON_OTHER	CDS	29.4281240258372	0.6395348837209303		
HEK293T	chr8:+:144097068	shared	GAUGU	CYC1	CYC1	NM_001916.5	1	CDS|EXON_OTHER	CDS	45.9414184299483	0.8343023255813954		
HEK293T	chr8:+:144291771	BID_exclusive_reported	CGUGG	HSF1	HSF1	NM_005526.4	1	CDS|EXON_OTHER	CDS	12.8553055425777	0.1569767441860465		
HEK293T	chr8:+:19851849	ELAP_exclusive_reported	UGUAG	INTS10	INTS10	NM_018142.4	1	EXON_OTHER	EXON_OTHER				
HEK293T	chr8:+:34874362	ELAP_exclusive_reported	CAUGC				0		UNANNOTATED				
HEK293T	chr8:+:47157617	ELAP_exclusive_reported	UGUAG				0		UNANNOTATED				
HEK293T	chr8:+:97644586	BID_exclusive_reported	GGUCG	MTDH	MTDH	NM_178812.4	1	CDS|EXON_OTHER	CDS	12.8198197689617	0.1511627906976744		
HEK293T	chr8:+:97851908	ELAP_exclusive_reported	UGUCA	LAPTM4B	LAPTM4B	NM_018407.6	1	EXON_OTHER	EXON_OTHER				
HEK293T	chr8:+:97852191	ELAP_exclusive_reported	GAUCU	LAPTM4B	LAPTM4B	NM_018407.6	1	EXON_OTHER	EXON_OTHER				
HEK293T	chr8:-:123157272	ELAP_exclusive_reported	AGUCU				0		UNANNOTATED				
HEK293T	chr8:-:143575274	BID_exclusive_reported	UGUGG	NAPRT	NAPRT	NM_145201.6	1	CDS|EXON_OTHER	CDS	21.7225077136421	0.45930232558139533		
HEK293T	chr8:-:143808631	BID_exclusive_reported	CGUGG	SCRIB	SCRIB	NM_182706.5	1	CDS|EXON_OTHER	CDS	23.5638591886884	0.49709302325581395		
HEK293T	chr8:-:144789849	ELAP_exclusive_reported	ACUGG	RPL8	RPL8	NM_001317782.2	1	CDS|EXON_OTHER	CDS				
HEK293T	chr8:-:144790359	ELAP_exclusive_reported	CAUGA	RPL8	RPL8	NM_001317782.2	1	CDS|EXON_OTHER	CDS				
HEK293T	chr8:-:144791379	ELAP_exclusive_reported	ACUAU	RPL8	RPL8	NM_001317782.2	1	CDS|EXON_OTHER	CDS				
HEK293T	chr8:-:38434477	ELAP_exclusive_reported	ACUGA				0		UNANNOTATED				
HEK293T	chr8:-:47789220	shared	GAUCA	PRKDC	PRKDC	NM_006904.7	1	CDS|EXON_OTHER	CDS	18.9612263193538	0.3953488372093023		
HEK293T	chr8:-:47820877	BID_exclusive_reported	AGUCC	PRKDC	PRKDC	NM_006904.7	1	CDS|EXON_OTHER	CDS	25.9133565120207	0.563953488372093		
HEK293T	chr8:-:47826751	BID_exclusive_reported	GCUCU	PRKDC	PRKDC	NM_006904.7	1	CDS|EXON_OTHER	CDS	51.9685362457546	0.877906976744186		
HEK293T	chr8:-:54051073	shared	GGUGA	LYPLA1	LYPLA1	NM_006330.4	1	CDS|EXON_OTHER	CDS	42.5551162809761	0.813953488372093		
HEK293T	chr8:-:66922388	ELAP_exclusive_reported	UAUAG				0		UNANNOTATED				
HEK293T	chr8:-:66922699	ELAP_exclusive_reported	GGUGU				0		UNANNOTATED				
HEK293T	chr8:-:67585499	ELAP_exclusive_reported	CAUGC				0		UNANNOTATED				
HEK293T	chr8:-:69690199	ELAP_exclusive_reported	CCUAC				0		UNANNOTATED				
HEK293T	chr8:-:69690273	ELAP_exclusive_reported	UCUCU				0		UNANNOTATED				
HEK293T	chr8:-:69690281	ELAP_exclusive_reported	ACUAU				0		UNANNOTATED				
HEK293T	chr8:-:73945907	ELAP_exclusive_reported	ACUAU	ELOC	ELOC	NM_005648.4	1	EXON_OTHER	EXON_OTHER				
HEK293T	chr8:-:85214584	ELAP_exclusive_reported	GCUAC	RBIS	RBIS	NM_001099673.3	1	CDS|EXON_OTHER	CDS				
HEK293T	chr8:-:99495946	ELAP_exclusive_reported	CCUGA				0		UNANNOTATED				
HEK293T	chr9:+:114598016	ELAP_exclusive_reported	CAUGU	ATP6V1G1	ATP6V1G1	NM_004888.4	1	EXON_OTHER	EXON_OTHER				
HEK293T	chr9:+:124312596	shared	UGUAC	NEK6	NEK6	NM_014397.6	1	CDS|EXON_OTHER	CDS	76.5884672536833	0.9593023255813954		
HEK293T	chr9:+:128575245	BID_exclusive_reported	UGUAG	SPTAN1	SPTAN1	NM_001130438.3	1	CDS|EXON_OTHER	CDS	23.7460094087999	0.502906976744186		
HEK293T	chr9:+:128692662	ELAP_exclusive_reported	AGUGU	SET	SET	NM_003011.4	1	CDS|EXON_OTHER	CDS				
HEK293T	chr9:+:133020435	ELAP_exclusive_reported	UGUCA				0		UNANNOTATED				
HEK293T	chr9:+:133020516	ELAP_exclusive_reported	GGUGA				0		UNANNOTATED				
HEK293T	chr9:+:133349608	ELAP_exclusive_reported	UAUCA	RPL7A	RPL7A	NM_000972.3	1	CDS|EXON_OTHER	CDS				
HEK293T	chr9:+:135504609	BID_exclusive_reported	GGUGG	MRPS2	MRPS2	NM_016034.5	1	EXON_OTHER	EXON_OTHER	13.1227814756117	0.16569767441860464		
HEK293T	chr9:+:136850129	ELAP_exclusive_reported	GCUAU	PHPT1	PHPT1	NM_014172.6	1	CDS|EXON_OTHER	CDS				
HEK293T	chr9:+:137242959	ELAP_exclusive_reported	AAUGC	TUBB4B	TUBB4B	NM_006088.6	1	CDS|EXON_OTHER	CDS				
HEK293T	chr9:+:31254633	ELAP_exclusive_reported	UGUAC				0		UNANNOTATED				
HEK293T	chr9:+:33313726	BID_exclusive_reported	GGUCA	NFX1	NFX1	NM_002504.6	1	CDS|EXON_OTHER	CDS	16.4107171182508	0.311046511627907		
HEK293T	chr9:+:34191554	ELAP_exclusive_reported	AAUAU				0		UNANNOTATED				
HEK293T	chr9:+:36191002	BID_exclusive_reported	GGUGG	CLTA	CLTA	NM_001833.4	1	EXON_OTHER	EXON_OTHER	16.310336675339	0.30523255813953487		
HEK293T	chr9:+:5096612	ELAP_exclusive_reported	UGUCU				0		UNANNOTATED				
HEK293T	chr9:+:70217584	ELAP_exclusive_reported	GCUAA				0		UNANNOTATED				
HEK293T	chr9:+:76398930	ELAP_exclusive_reported	UAUCC				0		UNANNOTATED				
HEK293T	chr9:+:78329579	ELAP_exclusive_reported	UGUAG	PSAT1	PSAT1	NM_058179.4	1	EXON_OTHER	EXON_OTHER				
HEK293T	chr9:+:79391843	ELAP_exclusive_reported	GGUAU				0		UNANNOTATED				
HEK293T	chr9:+:87726214	BID_exclusive_reported	UGUGG	CTSL	CTSL	NM_001912.5	1	EXON_OTHER	EXON_OTHER	24.9330570566417	0.5377906976744186		
HEK293T	chr9:+:98076969	shared	GAUCU	NANS	NANS	NM_018946.4	1	CDS|EXON_OTHER	CDS	17.0622181439604	0.32848837209302323		
HEK293T	chr9:+:99222316	ELAP_exclusive_reported	CGUAA	SEC61B	SEC61B	NM_006808.3	1	EXON_OTHER	EXON_OTHER				
HEK293T	chr9:-:110250835	ELAP_exclusive_reported	GAUGU	TXN	TXN	NM_003329.4	1	CDS|EXON_OTHER	CDS				
HEK293T	chr9:-:123158350	ELAP_exclusive_reported	GAUAU	STRBP	STRBP	NM_018387.5	1	CDS|EXON_OTHER	CDS				
HEK293T	chr9:-:125238731	ELAP_exclusive_reported	GCUCG	HSPA5	HSPA5	NM_005347.5	1	CDS|EXON_OTHER	CDS				
HEK293T	chr9:-:125273717	ELAP_exclusive_reported	ACUGU				0		UNANNOTATED				
HEK293T	chr9:-:127449691	ELAP_exclusive_reported	GGUGA	RPL12	RPL12	NM_000976.4	1	CDS|EXON_OTHER	CDS				
HEK293T	chr9:-:127451374	ELAP_exclusive_reported	GGUGC	RPL12	RPL12	NM_000976.4	1	EXON_OTHER	EXON_OTHER				
HEK293T	chr9:-:127506478	shared	GGUGU	NIBAN2	NIBAN2	NM_022833.4	1	EXON_OTHER	EXON_OTHER	85.5850666114062	0.9738372093023255		
HEK293T	chr9:-:128121182	BID_exclusive_reported	GGUGG	PTGES2	PTGES2	NM_025072.7	1	CDS|EXON_OTHER	CDS	10.5480627547982	0.03197674418604651		
HEK293T	chr9:-:128180778	BID_exclusive_reported	AGUCA	CIZ1	CIZ1	NM_001131016.2	1	CDS|EXON_OTHER	CDS	34.1801771202048	0.7122093023255814		
HEK293T	chr9:-:128636327	ELAP_exclusive_reported	GCUGU	DYNC2I2	DYNC2I2	NM_052844.4	1	CDS|EXON_OTHER	CDS				
HEK293T	chr9:-:128640848	shared	CGUGC	DYNC2I2	DYNC2I2	NM_052844.4	1	CDS|EXON_OTHER	CDS	66.6769831583495	0.936046511627907		
HEK293T	chr9:-:128947498	BID_exclusive_reported	UGUGG	DOLK	DOLK	NM_014908.4	1	EXON_OTHER	EXON_OTHER	41.9835818516529	0.8052325581395349		
HEK293T	chr9:-:133406737	BID_exclusive_reported	GGUCA	REXO4	REXO4	NM_020385.4	1	EXON_OTHER	EXON_OTHER	11.6179183184085	0.08430232558139535		
HEK293T	chr9:-:136475440	BID_exclusive_reported	UGUGG	SEC16A	SEC16A	NM_014866.2	1	CDS|EXON_OTHER	CDS	31.3343620034311	0.6773255813953488		
HEK293T	chr9:-:137301099	BID_exclusive_reported	GGUCC	NRARP	NRARP	NM_001004354.3	1	EXON_OTHER	EXON_OTHER	46.432083121792	0.8372093023255814		
HEK293T	chr9:-:19378771	ELAP_exclusive_reported	AAUCA	RPS6	RPS6	NM_001010.3	1	CDS|EXON_OTHER	CDS				
HEK293T	chr9:-:32573089	ELAP_exclusive_reported	CGUGU	NDUFB6	NDUFB6	NM_002493.5	1	EXON_OTHER	EXON_OTHER				
HEK293T	chr9:-:35101952	ELAP_exclusive_reported	ACUCU	STOML2	STOML2	NM_013442.3	1	CDS|EXON_OTHER	CDS				
HEK293T	chr9:-:35713018	BID_exclusive_reported	GGUGG	TLN1	TLN1	NM_006289.4	1	CDS|EXON_OTHER	CDS	10.7822853204638	0.0377906976744186		
HEK293T	chr9:-:35737829	BID_exclusive_reported	GGUGU	GBA2	GBA2	NM_020944.3	1	CDS|EXON_OTHER	CDS	15.2873874382734	0.2616279069767442		
HEK293T	chr9:-:35748993	BID_exclusive_reported	AGUCG	GBA2	GBA2	NM_020944.3	1	EXON_OTHER	EXON_OTHER	14.9665966319671	0.25290697674418605		
HEK293T	chr9:-:35972010	ELAP_exclusive_reported	UGUAG				0		UNANNOTATED				
HEK293T	chr9:-:7478051	ELAP_exclusive_reported	GGUGC				0		UNANNOTATED				
HEK293T	chr9:-:92677206	ELAP_exclusive_reported	ACUCA				0		UNANNOTATED				
HEK293T	chrM:+:11154	ELAP_exclusive_reported	UAUCA				0		UNANNOTATED				
HEK293T	chrM:+:11482	ELAP_exclusive_reported	UAUGG				0		UNANNOTATED				
HEK293T	chrM:+:12161	ELAP_exclusive_reported	CAUCA				0		UNANNOTATED				
HEK293T	chrM:+:14868	ELAP_exclusive_reported	CCUGA				0		UNANNOTATED				
HEK293T	chrM:+:2887	ELAP_exclusive_reported	UAUAC				0		UNANNOTATED				
HEK293T	chrM:+:3067	ELAP_exclusive_reported	UCUGA				0		UNANNOTATED				
HEK293T	chrM:+:3250	ELAP_exclusive_reported	GGUAA				0		UNANNOTATED				
HEK293T	chrM:+:3258	ELAP_exclusive_reported	CAUAA				0		UNANNOTATED				
HEK293T	chrM:+:3667	ELAP_exclusive_reported	GGUGA				0		UNANNOTATED				
HEK293T	chrM:+:4425	ELAP_exclusive_reported	UAUCG				0		UNANNOTATED				
HEK293T	chrM:+:5666	ELAP_exclusive_reported	AAUGG				0		UNANNOTATED				
HEK293T	chrM:+:605	ELAP_exclusive_reported	AAUAC				0		UNANNOTATED				
HEK293T	chrM:+:6293	ELAP_exclusive_reported	CCUCC				0		UNANNOTATED				
HEK293T	chrM:+:7051	ELAP_exclusive_reported	AAUAG				0		UNANNOTATED				
HEK293T	chrM:+:7541	ELAP_exclusive_reported	CAUAA				0		UNANNOTATED				
HEK293T	chrM:+:7657	ELAP_exclusive_reported	CAUGA				0		UNANNOTATED				
HEK293T	chrM:+:8159	ELAP_exclusive_reported	UAUAC				0		UNANNOTATED				
HEK293T	chrM:+:838	ELAP_exclusive_reported	AAUAA				0		UNANNOTATED				
HEK293T	chrM:-:11388	ELAP_exclusive_reported	CGUAA				0		UNANNOTATED				
HEK293T	chrM:-:11620	ELAP_exclusive_reported	UAUGC				0		UNANNOTATED				
HEK293T	chrM:-:11933	ELAP_exclusive_reported	AGUGA				0		UNANNOTATED				
HEK293T	chrM:-:13302	ELAP_exclusive_reported	UGUGG				0		UNANNOTATED				
HEK293T	chrM:-:14706	ELAP_exclusive_reported	UAUCA				0		UNANNOTATED				
HEK293T	chrM:-:14718	ELAP_exclusive_reported	GAUGG				0		UNANNOTATED				
HEK293T	chrX:+:103377943	ELAP_exclusive_reported	UGUGU	BEX3	BEX3	NM_206917.3	1	EXON_OTHER	EXON_OTHER				
HEK293T	chrX:+:109054224	ELAP_exclusive_reported	ACUAU				0		UNANNOTATED				
HEK293T	chrX:+:109054226	ELAP_exclusive_reported	UAUGA				0		UNANNOTATED				
HEK293T	chrX:+:115646417	ELAP_exclusive_reported	ACUAU	PLS3	PLS3	NM_005032.7	1	CDS|EXON_OTHER	CDS				
HEK293T	chrX:+:115650542	ELAP_exclusive_reported	UGUAG	PLS3	PLS3	NM_005032.7	1	EXON_OTHER	EXON_OTHER				
HEK293T	chrX:+:119243975	shared	UGUAG	PGRMC1	PGRMC1	NM_006667.5	1	EXON_OTHER	EXON_OTHER	27.0423430830323	0.5843023255813954		
HEK293T	chrX:+:119470912	ELAP_exclusive_reported	UGUAC	SLC25A5	SLC25A5	NM_001152.5	1	CDS|EXON_OTHER	CDS				
HEK293T	chrX:+:120608301	BID_exclusive_reported	UGUCC	MCTS1	MCTS1	NM_014060.3	1	CDS|EXON_OTHER	CDS	16.1723583375195	0.3023255813953488		
HEK293T	chrX:+:129576495	BID_exclusive_reported	GCUCU	OCRL	OCRL	NM_000276.4	1	CDS|EXON_OTHER	CDS	70.217784469603	0.9534883720930233		
HEK293T	chrX:+:134475184	ELAP_exclusive_reported	ACUGA	HPRT1	HPRT1	NM_000194.3	1	CDS|EXON_OTHER	CDS				
HEK293T	chrX:+:134498641	ELAP_exclusive_reported	UGUAG	HPRT1	HPRT1	NM_000194.3	1	CDS|EXON_OTHER	CDS				
HEK293T	chrX:+:135033188	ELAP_exclusive_reported	GAUCU	RTL8C	RTL8C	NM_001078171.2	1	EXON_OTHER	EXON_OTHER				
HEK293T	chrX:+:154399389	ELAP_exclusive_reported	GGUGU	RPL10	RPL10	NM_006013.5	1	CDS|EXON_OTHER	CDS				
HEK293T	chrX:+:154399842	ELAP_exclusive_reported	GGUAA	RPL10	RPL10	NM_006013.5	1	CDS|EXON_OTHER	CDS				
HEK293T	chrX:+:155239516	ELAP_exclusive_reported	ACUCU	VBP1	VBP1	NM_003372.7	1	EXON_OTHER	EXON_OTHER				
HEK293T	chrX:+:17750216	BID_exclusive_reported	GCUCU	SCML1	SCML1	NM_001037540.3	1	CDS|EXON_OTHER	CDS	55.6694186461551	0.8866279069767442		
HEK293T	chrX:+:44741318	ELAP_exclusive_reported	UAUCC				0		UNANNOTATED				
HEK293T	chrX:+:48578029	ELAP_exclusive_reported	GCUAA	RBM3	RBM3	NM_006743.5	1	EXON_OTHER	EXON_OTHER				
HEK293T	chrX:+:65740648	shared	UGUAG	MSN	MSN	NM_002444.3	1	EXON_OTHER	EXON_OTHER	57.6756294900866	0.9011627906976745		
HEK293T	chrX:+:70301974	shared	UCUAG	KIF4A	KIF4A	NM_012310.5	1	CDS|EXON_OTHER	CDS	36.2019199870616	0.7441860465116279		
HEK293T	chrX:+:70420423	BID_exclusive_reported	UGUGG	KIF4A	KIF4A	NM_012310.5	1	EXON_OTHER	EXON_OTHER	11.0342133115977	0.061046511627906974		
HEK293T	chrX:+:71300294	ELAP_exclusive_reported	GGUGC	NONO	NONO	NM_007363.5	1	EXON_OTHER	EXON_OTHER				
HEK293T	chrX:-:103253338	ELAP_exclusive_reported	UGUAG	TCEAL8	TCEAL8	NM_153333.3	1	EXON_OTHER	EXON_OTHER				
HEK293T	chrX:-:103676564	ELAP_exclusive_reported	UGUAG	MORF4L2	MORF4L2	NM_012286.3	1	CDS|EXON_OTHER	CDS				
HEK293T	chrX:-:108732715	BID_exclusive_reported	GCUGC	IRS4	IRS4	NM_001379150.1	1	CDS|EXON_OTHER	CDS	21.9059285838856	0.46511627906976744		
HEK293T	chrX:-:119538849	BID_exclusive_reported	UGUAG	STEEP1	STEEP1	NM_022101.4	1	EXON_OTHER	EXON_OTHER	47.7707068277466	0.8430232558139535		
HEK293T	chrX:-:121863510	ELAP_exclusive_reported	UGUAG				0		UNANNOTATED				
HEK293T	chrX:-:135051305	ELAP_exclusive_reported	GAUGU	RTL8A	RTL8A	NM_001078172.2	1	EXON_OTHER	EXON_OTHER				
HEK293T	chrX:-:136879023	ELAP_exclusive_reported	AAUGG	RBMX	RBMX	NM_002139.4	1	CDS|EXON_OTHER	CDS				
HEK293T	chrX:-:1386312	ELAP_exclusive_reported	UGUAG	SLC25A6	SLC25A6	NM_001636.4	1	EXON_OTHER	EXON_OTHER				
HEK293T	chrX:-:1386538	ELAP_exclusive_reported	CCUCA	SLC25A6	SLC25A6	NM_001636.4	1	EXON_OTHER	EXON_OTHER				
HEK293T	chrX:-:1386546	ELAP_exclusive_reported	CGUAG	SLC25A6	SLC25A6	NM_001636.4	1	EXON_OTHER	EXON_OTHER				
HEK293T	chrX:-:1386609	ELAP_exclusive_reported	GGUGA	SLC25A6	SLC25A6	NM_001636.4	1	CDS|EXON_OTHER	CDS				
HEK293T	chrX:-:1386748	ELAP_exclusive_reported	UGUAC	SLC25A6	SLC25A6	NM_001636.4	1	CDS|EXON_OTHER	CDS				
HEK293T	chrX:-:1387359	ELAP_exclusive_reported	CGUGA	SLC25A6	SLC25A6	NM_001636.4	1	CDS|EXON_OTHER	CDS				
HEK293T	chrX:-:1389354	ELAP_exclusive_reported	GGUGA	SLC25A6	SLC25A6	NM_001636.4	1	CDS|EXON_OTHER	CDS				
HEK293T	chrX:-:153588033	ELAP_exclusive_reported	AAUCG	CCNQ	CCNQ	NM_152274.5	1	EXON_OTHER	EXON_OTHER				
HEK293T	chrX:-:153703029	BID_exclusive_reported	GAUGU	BCAP31	BCAP31	NM_001256447.2	1	CDS|EXON_OTHER	CDS	48.0104752210317	0.8488372093023255		
HEK293T	chrX:-:154353117	BID_exclusive_reported	GGUGG	FLNA	FLNA	NM_001110556.2	1	CDS|EXON_OTHER	CDS	11.1830480684565	0.06686046511627906		
HEK293T	chrX:-:155064009	ELAP_exclusive_reported	GAUCC	CMC4	CMC4	NM_001018024.3	1	CDS|EXON_OTHER	CDS				
HEK293T	chrX:-:47657273	ELAP_exclusive_reported	CAUCU	UXT	UXT	NM_004182.4	1	CDS|EXON_OTHER	CDS				
HEK293T	chrX:-:53647486	BID_exclusive_reported	GAUGC	HUWE1	HUWE1	NM_031407.7	1	CDS|EXON_OTHER	CDS	98.845114267534	0.9883720930232558		
HEK293T	chrX:-:72272673	ELAP_exclusive_reported	GGUGA	RPS4X	RPS4X	NM_001007.5	1	CDS|EXON_OTHER	CDS				
HEK293T	chrX:-:72272760	ELAP_exclusive_reported	CAUGG	RPS4X	RPS4X	NM_001007.5	1	CDS|EXON_OTHER	CDS				
HEK293T	chrX:-:72275567	ELAP_exclusive_reported	UAUAA	RPS4X	RPS4X	NM_001007.5	1	CDS|EXON_OTHER	CDS				
HEK293T	chrX:-:73822277	ELAP_exclusive_reported	UGUAG	XIST	XIST	NR_001564.3	1	EXON_OTHER	EXON_OTHER				
HEK293T	chrX:-:73841505	ELAP_exclusive_reported	AAUAA	XIST	XIST	NR_001564.3	1	EXON_OTHER	EXON_OTHER				
HEK293T	chrX:-:73846489	ELAP_exclusive_reported	GCUGA	XIST	XIST	NR_001564.3	1	EXON_OTHER	EXON_OTHER				
HEK293T	chrX:-:77826433	ELAP_exclusive_reported	UGUAG	MAGT1	MAGT1	NM_001367916.1	1	EXON_OTHER	EXON_OTHER				
HEK293T	chrX:-:87703627	ELAP_exclusive_reported	UCUAC				0		UNANNOTATED				
HEK293T	chrX:-:87703999	ELAP_exclusive_reported	UAUCC				0		UNANNOTATED				
HeLa	chr10:+:100356760	BID_exclusive_reported	GCUGU	SCD	SCD	NM_005063.5	1	CDS|EXON_OTHER	CDS	13.2242093994531	0.115		
HeLa	chr10:+:102162356	BID_exclusive_reported	GGUGA	NOLC1	NOLC1	NM_004741.5	1	EXON_OTHER	EXON_OTHER	19.846791340397	0.3675		
HeLa	chr10:+:133309011	BID_exclusive_reported	UGUAG	ZNF511	ZNF511	NM_145806.4	1	CDS|EXON_OTHER	CDS	38.711713616399	0.7225		
HeLa	chr10:+:68977607	BID_exclusive_reported	GCUGU	DDX21	DDX21	NM_004728.4	1	CDS|EXON_OTHER	CDS	15.2322828077889	0.1975		
HeLa	chr10:+:74118079	ELAP_exclusive_reported	ACUGU	VCL	VCL	NM_014000.3	1	CDS|EXON_OTHER	CDS				
HeLa	chr10:+:74119794	ELAP_exclusive_reported	UAUAG	VCL	VCL	NM_014000.3	1	EXON_OTHER	EXON_OTHER				
HeLa	chr10:+:84141542	BID_exclusive_reported	UCUAG	GHITM	GHITM	NM_014394.3	1	CDS|EXON_OTHER	CDS	29.5584028953085	0.5825		
HeLa	chr10:+:96750367	ELAP_exclusive_reported	GGUAC				0		UNANNOTATED				
HeLa	chr10:+:97431121	ELAP_exclusive_reported	UGUCA	PGAM1	PGAM1	NM_002629.4	1	CDS|EXON_OTHER	CDS				
HeLa	chr10:+:97433373	BID_exclusive_reported	AGUGU	PGAM1	PGAM1	NM_002629.4	1	EXON_OTHER	EXON_OTHER	61.5470682621849	0.89		
HeLa	chr10:-:128104203	BID_exclusive_reported	GCUGA	MKI67	MKI67	NM_002417.5	1	CDS|EXON_OTHER	CDS	10.2762944807315	0.0175		
HeLa	chr10:-:27110958	BID_exclusive_reported	GGUGG	YME1L1	YME1L1	NM_014263.4	1	EXON_OTHER	EXON_OTHER	32.0036868969326	0.6175		
HeLa	chr10:-:49703075	ELAP_exclusive_reported	UGUAG				0		UNANNOTATED				
HeLa	chr10:-:4989916	ELAP_exclusive_reported	ACUGG	AKR1C2	AKR1C2	NM_001393392.1	1	EXON_OTHER	EXON_OTHER				
HeLa	chr10:-:71816664	shared	GCUGU	PSAP	PSAP	NM_002778.4	1	EXON_OTHER	EXON_OTHER	78.1425432768811	0.9625		
HeLa	chr10:-:71819612	ELAP_exclusive_reported	ACUCA	PSAP	PSAP	NM_002778.4	1	CDS|EXON_OTHER	CDS				
HeLa	chr10:-:71821964	shared	GGUGA	PSAP	PSAP	NM_002778.4	1	CDS|EXON_OTHER	CDS	19.3107842857427	0.3425		
HeLa	chr10:-:80167294	ELAP_exclusive_reported	CAUCA	ANXA11	ANXA11	NM_145868.2	1	CDS|EXON_OTHER	CDS				
HeLa	chr10:-:88941381	ELAP_exclusive_reported	GCUGG	ACTA2	ACTA2	NM_001613.4	1	CDS|EXON_OTHER	CDS				
HeLa	chr10:-:93319885	BID_exclusive_reported	UAUCG	MYOF	MYOF	NM_013451.4	1	CDS|EXON_OTHER	CDS	23.1161565418031	0.4675		
HeLa	chr10:-:95611409	ELAP_exclusive_reported	CCUAU	ALDH18A1	ALDH18A1	NM_002860.4	1	CDS|EXON_OTHER	CDS				
HeLa	chr11:+:117203114	ELAP_exclusive_reported	GAUCA	TAGLN	TAGLN	NM_003186.5	1	CDS|EXON_OTHER	CDS				
HeLa	chr11:+:123003619	ELAP_exclusive_reported	GAUGG				0		UNANNOTATED				
HeLa	chr11:+:12940300	BID_exclusive_reported	UGUAG	TEAD1	TEAD1	NM_021961.6	1	EXON_OTHER	EXON_OTHER	37.2770523825979	0.7		
HeLa	chr11:+:16756617	BID_exclusive_reported	UGUAG	C11orf58	C11orf58	NM_014267.6	1	EXON_OTHER	EXON_OTHER	75.3331645219441	0.9575		
HeLa	chr11:+:18399537	shared	UGUCU	LDHA	LDHA	NM_005566.4	1	CDS|EXON_OTHER	CDS	16.8529468989129	0.26		
HeLa	chr11:+:18407459	ELAP_exclusive_reported	UAUAU	LDHA	LDHA	NM_005566.4	1	EXON_OTHER	EXON_OTHER				
HeLa	chr11:+:239043	BID_exclusive_reported	GAUCC	PSMD13	PSMD13	NM_002817.4	1	CDS|EXON_OTHER	CDS	29.1889796110185	0.5725		
HeLa	chr11:+:35807261	BID_exclusive_reported	UGUAG	TRIM44	TRIM44	NM_017583.6	1	EXON_OTHER	EXON_OTHER	69.8940333272968	0.935		
HeLa	chr11:+:4092507	BID_exclusive_reported	UGUAG	STIM1	STIM1	NM_001382567.1	1	EXON_OTHER	EXON_OTHER	89.110651782245	0.985		
HeLa	chr11:+:4127108	BID_exclusive_reported	GAUGA	RRM1	RRM1	NM_001033.5	1	CDS|EXON_OTHER	CDS	23.7696671727637	0.4775		
HeLa	chr11:+:47282497	shared	UCUAG	MADD	MADD	NM_001376571.1	1	CDS|EXON_OTHER	CDS	75.285011060164	0.955		
HeLa	chr11:+:48170025	BID_exclusive_reported	GGUCA	PTPRJ	PTPRJ	NM_002843.4	1	EXON_OTHER	EXON_OTHER	48.2139674325154	0.82		
HeLa	chr11:+:57741586	ELAP_exclusive_reported	GCUCU	SELENOH	SELENOH	NM_170746.4	1	EXON_OTHER	EXON_OTHER				
HeLa	chr11:+:60922846	BID_exclusive_reported	UGUAG	TMEM109	TMEM109	NM_024092.3	1	EXON_OTHER	EXON_OTHER	29.8047691210038	0.5875		
HeLa	chr11:+:60923252	shared	UCUAG	TMEM109	TMEM109	NM_024092.3	1	EXON_OTHER	EXON_OTHER	64.5689411768127	0.91		
HeLa	chr11:+:61337979	ELAP_exclusive_reported	GCUGA	TKFC	TKFC	NM_015533.4	1	CDS|EXON_OTHER	CDS				
HeLa	chr11:+:63759781	BID_exclusive_reported	CGUGU	RTN3	RTN3	NM_001265589.2	1	EXON_OTHER	EXON_OTHER	17.8722611574839	0.305		
HeLa	chr11:+:64236323	BID_exclusive_reported	AAUGC	VEGFB	VEGFB	NM_003377.5	1	CDS|EXON_OTHER	CDS	99.9999999	0.9975		
HeLa	chr11:+:65501135	ELAP_exclusive_reported	AAUAG	MALAT1	MALAT1	NR_002819.5	1	EXON_OTHER	EXON_OTHER				
HeLa	chr11:+:65503351	ELAP_exclusive_reported	UGUAG	MALAT1	MALAT1	NR_002819.5	1	EXON_OTHER	EXON_OTHER				
HeLa	chr11:+:65583683	BID_exclusive_reported	GGUGG	EHBP1L1	EHBP1L1	NM_001099409.3	1	CDS|EXON_OTHER	CDS	30.6851290325579	0.5925		
HeLa	chr11:+:66348152	ELAP_exclusive_reported	ACUGC				0		UNANNOTATED				
HeLa	chr11:+:67050061	BID_exclusive_reported	GAUCC	SYT12	SYT12	NM_177963.4	1	EXON_OTHER	EXON_OTHER	37.2192051234379	0.6975		
HeLa	chr11:+:70415670	ELAP_exclusive_reported	UGUAG	CTTN	CTTN	NM_005231.4	1	CDS|EXON_OTHER	CDS				
HeLa	chr11:+:73844904	ELAP_exclusive_reported	UAUGA	MRPL48	MRPL48	NM_016055.6	1	CDS|EXON_OTHER	CDS				
HeLa	chr11:+:75400720	ELAP_exclusive_reported	GCUGA	RPS3	RPS3	NM_001005.5	1	CDS|EXON_OTHER	CDS				
HeLa	chr11:+:75404118	ELAP_exclusive_reported	CAUGA	RPS3	RPS3	NM_001005.5	1	CDS|EXON_OTHER	CDS				
HeLa	chr11:+:75404778	ELAP_exclusive_reported	GAUGA	RPS3	RPS3	NM_001005.5	1	CDS|EXON_OTHER	CDS				
HeLa	chr11:+:75404852	ELAP_exclusive_reported	AGUCC	RPS3	RPS3	NM_001005.5	1	CDS|EXON_OTHER	CDS				
HeLa	chr11:+:77886540	ELAP_exclusive_reported	ACUCU				0		UNANNOTATED				
HeLa	chr11:+:77886616	ELAP_exclusive_reported	CCUAC				0		UNANNOTATED				
HeLa	chr11:+:7987668	ELAP_exclusive_reported	GCUAC	EIF3F	EIF3F	NM_003754.3	1	CDS|EXON_OTHER	CDS				
HeLa	chr11:+:7996052	ELAP_exclusive_reported	UCUAG	EIF3F	EIF3F	NM_003754.3	1	EXON_OTHER	EXON_OTHER				
HeLa	chr11:+:810257	ELAP_exclusive_reported	CCUGC	RPLP2	RPLP2	NM_001004.4	1	CDS|EXON_OTHER	CDS				
HeLa	chr11:+:811610	ELAP_exclusive_reported	GCUGA	RPLP2	RPLP2	NM_001004.4	1	CDS|EXON_OTHER	CDS				
HeLa	chr11:+:838468	ELAP_exclusive_reported	GCUGA	CD151	CD151	NM_004357.5	1	EXON_OTHER	EXON_OTHER				
HeLa	chr11:+:86808218	BID_exclusive_reported	AGUGG	PRSS23	PRSS23	NM_007173.6	1	CDS|EXON_OTHER	CDS	13.206959079429	0.1125		
HeLa	chr11:+:8684037	ELAP_exclusive_reported	GGUAA	RPL27A	RPL27A	NM_000990.5	1	CDS|EXON_OTHER	CDS				
HeLa	chr11:+:9445686	shared	GGUCA	IPO7	IPO7	NM_006391.3	1	EXON_OTHER	EXON_OTHER	22.9148967504512	0.4625		
HeLa	chr11:-:10507956	ELAP_exclusive_reported	AAUAA				0		UNANNOTATED				
HeLa	chr11:-:10799032	ELAP_exclusive_reported	UAUAA	EIF4G2	EIF4G2	NM_001418.4	1	CDS|EXON_OTHER	CDS				
HeLa	chr11:-:111889352	ELAP_exclusive_reported	UGUGG				0		UNANNOTATED				
HeLa	chr11:-:118897879	BID_exclusive_reported	CCUGC	BCL9L	BCL9L	NM_001378213.1	1	EXON_OTHER	EXON_OTHER	34.5308089475333	0.655		
HeLa	chr11:-:119055266	BID_exclusive_reported	UGUAG	HYOU1	HYOU1	NM_006389.5	1	CDS|EXON_OTHER	CDS	66.6099322587023	0.925		
HeLa	chr11:-:119309058	BID_exclusive_reported	GGUGG	MCAM	MCAM	NM_006500.3	1	EXON_OTHER	EXON_OTHER	10.5604246371112	0.0375		
HeLa	chr11:-:17075601	ELAP_exclusive_reported	CAUGG	RPS13	RPS13	NM_001017.3	1	CDS|EXON_OTHER	CDS				
HeLa	chr11:-:33709454	ELAP_exclusive_reported	CAUCA	CD59	CD59	NM_000611.6	1	EXON_OTHER	EXON_OTHER				
HeLa	chr11:-:33709687	ELAP_exclusive_reported	GAUCC	CD59	CD59	NM_000611.6	1	EXON_OTHER	EXON_OTHER				
HeLa	chr11:-:46428818	ELAP_exclusive_reported	GGUGA				0		UNANNOTATED				
HeLa	chr11:-:46743829	shared	UCUAG	CKAP5	CKAP5	NM_001008938.4	1	EXON_OTHER	EXON_OTHER	39.8492560906296	0.745		
HeLa	chr11:-:47177982	BID_exclusive_reported	AGUGG	PACSIN3	PACSIN3	NM_016223.5	1	CDS|EXON_OTHER	CDS	11.7529447320055	0.0725		
HeLa	chr11:-:47467164	BID_exclusive_reported	GGUGG	CELF1	CELF1	NM_001376376.1	1	EXON_OTHER	EXON_OTHER	33.2149997114606	0.64		
HeLa	chr11:-:47468475	BID_exclusive_reported	UCUAG	CELF1	CELF1	NM_001376376.1	1	EXON_OTHER	EXON_OTHER	31.8913636011567	0.61		
HeLa	chr11:-:57312681	BID_exclusive_reported	UGUAG	TNKS1BP1	TNKS1BP1	NM_033396.3	1	CDS|EXON_OTHER	CDS	76.8741374498516	0.96		
HeLa	chr11:-:62522747	ELAP_exclusive_reported	GAUAU	AHNAK	AHNAK	NM_001620.3	1	CDS|EXON_OTHER	CDS				
HeLa	chr11:-:62523737	shared	GAUGU	AHNAK	AHNAK	NM_001620.3	1	CDS|EXON_OTHER	CDS	20.8122358080397	0.39		
HeLa	chr11:-:62571881	BID_exclusive_reported	GAUGA	EEF1G	EEF1G	NM_001404.5	1	CDS|EXON_OTHER	CDS	10.0905724298123	0.005		
HeLa	chr11:-:62616705	BID_exclusive_reported	AGUGG	B3GAT3	B3GAT3	NM_012200.4	1	CDS|EXON_OTHER	CDS	35.7415146541917	0.675		
HeLa	chr11:-:62628959	ELAP_exclusive_reported	GGUAC	GANAB	GANAB	NM_198334.3	1	CDS|EXON_OTHER	CDS				
HeLa	chr11:-:62841810	ELAP_exclusive_reported	GGUAU				0		UNANNOTATED				
HeLa	chr11:-:64270107	shared	GAUCC	BAD	BAD	NM_032989.3	1	EXON_OTHER	EXON_OTHER	32.0330991081511	0.62		
HeLa	chr11:-:64767695	BID_exclusive_reported	GGUGG	SF1	SF1	NM_004630.4	1	CDS|EXON_OTHER	CDS	10.4771278270833	0.03		
HeLa	chr11:-:65546561	BID_exclusive_reported	CGUGA	LTBP3	LTBP3	NM_001130144.3	1	CDS|EXON_OTHER	CDS	41.0631609906062	0.76		
HeLa	chr11:-:65856055	ELAP_exclusive_reported	UGUCG	CFL1	CFL1	NM_005507.3	1	CDS|EXON_OTHER	CDS				
HeLa	chr11:-:66871438	BID_exclusive_reported	UCUCU	PC	PC	NM_001040716.2	1	CDS|EXON_OTHER	CDS	26.1705552580069	0.53		
HeLa	chr11:-:67628214	ELAP_exclusive_reported	GCUGC	NUDT8	NUDT8	NM_001243750.2	1	CDS|EXON_OTHER	CDS				
HeLa	chr11:-:72109865	BID_exclusive_reported	GGUGG	ANAPC15	ANAPC15	NM_014042.3	1	EXON_OTHER	EXON_OTHER	24.8568511969815	0.5		
HeLa	chr11:-:88294008	BID_exclusive_reported	UGUAG	CTSC	CTSC	NM_001814.6	1	CDS|EXON_OTHER	CDS	32.8873305027014	0.6325		
HeLa	chr11:-:93732416	ELAP_exclusive_reported	CAUCG				0		UNANNOTATED				
HeLa	chr12:+:104031359	ELAP_exclusive_reported	UGUCA				0		UNANNOTATED				
HeLa	chr12:+:104265508	ELAP_exclusive_reported	GGUGU				0		UNANNOTATED				
HeLa	chr12:+:104265685	ELAP_exclusive_reported	GAUCA				0		UNANNOTATED				
HeLa	chr12:+:104348936	ELAP_exclusive_reported	UGUAG	TXNRD1	TXNRD1	NM_001093771.3	1	EXON_OTHER	EXON_OTHER				
HeLa	chr12:+:110340906	ELAP_exclusive_reported	CCUGA	ATP2A2	ATP2A2	NM_170665.4	1	CDS|EXON_OTHER	CDS				
HeLa	chr12:+:110349596	BID_exclusive_reported	CCUCG	ATP2A2	ATP2A2	NM_170665.4	1	EXON_OTHER	EXON_OTHER	16.3445358551406	0.24		
HeLa	chr12:+:118246354	ELAP_exclusive_reported	AAUCA				0		UNANNOTATED				
HeLa	chr12:+:132825747	ELAP_exclusive_reported	CAUCU				0		UNANNOTATED				
HeLa	chr12:+:16363985	ELAP_exclusive_reported	GAUAU	MGST1	MGST1	NM_020300.5	1	CDS|EXON_OTHER	CDS				
HeLa	chr12:+:49758718	ELAP_exclusive_reported	UGUCU	TMBIM6	TMBIM6	NM_003217.3	1	CDS|EXON_OTHER	CDS				
HeLa	chr12:+:52952183	ELAP_exclusive_reported	GCUCA	KRT18	KRT18	NM_000224.3	1	CDS|EXON_OTHER	CDS				
HeLa	chr12:+:53299330	ELAP_exclusive_reported	GCUAC	PFDN5	PFDN5	NM_002624.4	1	CDS|EXON_OTHER	CDS				
HeLa	chr12:+:56160289	ELAP_exclusive_reported	CAUGA	MYL6	MYL6	NM_021019.5	1	CDS|EXON_OTHER	CDS				
HeLa	chr12:+:56160307	ELAP_exclusive_reported	UGUAU	MYL6	MYL6	NM_021019.5	1	CDS|EXON_OTHER	CDS				
HeLa	chr12:+:57234601	shared	CAUGA	SHMT2	SHMT2	NM_005412.6	1	EXON_OTHER	EXON_OTHER	32.1872602382513	0.625		
HeLa	chr12:+:57525002	BID_exclusive_reported	GGUGG	MBD6	MBD6	NM_052897.4	1	CDS|EXON_OTHER	CDS	23.3195949604185	0.4725		
HeLa	chr12:+:6238128	ELAP_exclusive_reported	GCUAG	CD9	CD9	NM_001769.4	1	EXON_OTHER	EXON_OTHER				
HeLa	chr12:+:6238169	ELAP_exclusive_reported	UGUCU	CD9	CD9	NM_001769.4	1	EXON_OTHER	EXON_OTHER				
HeLa	chr12:+:62965407	ELAP_exclusive_reported	UGUAG				0		UNANNOTATED				
HeLa	chr12:+:6526537	BID_exclusive_reported	UCUGU	NCAPD2	NCAPD2	NM_014865.4	1	CDS|EXON_OTHER	CDS	19.5937624364571	0.35		
HeLa	chr12:+:6536781	ELAP_exclusive_reported	CAUCU	GAPDH	GAPDH	NM_002046.7	1	CDS|EXON_OTHER	CDS				
HeLa	chr12:+:6537729	ELAP_exclusive_reported	GCUGA	GAPDH	GAPDH	NM_002046.7	1	CDS|EXON_OTHER	CDS				
HeLa	chr12:+:6537804	ELAP_exclusive_reported	UCUAG	GAPDH	GAPDH	NM_002046.7	1	CDS|EXON_OTHER	CDS				
HeLa	chr12:+:6834025	BID_exclusive_reported	UGUGG	P3H3	P3H3	NM_014262.5	1	CDS|EXON_OTHER	CDS	22.1711669361484	0.4425		
HeLa	chr12:+:6870079	shared	GAUGG	TPI1	TPI1	NM_000365.6	1	CDS|EXON_OTHER	CDS	15.9584041779115	0.2275		
HeLa	chr12:+:6944055	ELAP_exclusive_reported	UGUAG	C12orf57	C12orf57	NM_138425.4	1	EXON_OTHER	EXON_OTHER				
HeLa	chr12:+:6944567	ELAP_exclusive_reported	GGUAA	C12orf57	C12orf57	NM_138425.4	1	CDS|EXON_OTHER	CDS				
HeLa	chr12:+:69589587	BID_exclusive_reported	GCUGU	CCT2	CCT2	NM_006431.3	1	CDS|EXON_OTHER	CDS	10.4403941742244	0.0275		
HeLa	chr12:+:98548592	ELAP_exclusive_reported	GCUAU	TMPO	TMPO	NM_001032283.3	1	EXON_OTHER	EXON_OTHER				
HeLa	chr12:+:98600056	ELAP_exclusive_reported	UGUGG	SLC25A3	SLC25A3	NM_002635.4|NM_005888.4	1	CDS|EXON_OTHER	CDS				
HeLa	chr12:-:107093480	BID_exclusive_reported	UCUAG	CRY1	CRY1	NM_004075.5	1	EXON_OTHER	EXON_OTHER	59.0097392776737	0.875		
HeLa	chr12:-:120196775	ELAP_exclusive_reported	ACUAA	RPLP0	RPLP0	NM_001002.4	1	CDS|EXON_OTHER	CDS				
HeLa	chr12:-:120198630	ELAP_exclusive_reported	GGUGU	RPLP0	RPLP0	NM_001002.4	1	CDS|EXON_OTHER	CDS				
HeLa	chr12:-:120198675	ELAP_exclusive_reported	CAUGC	RPLP0	RPLP0	NM_001002.4	1	CDS|EXON_OTHER	CDS				
HeLa	chr12:-:120199451	shared	UGUGG	RPLP0	RPLP0	NM_001002.4	1	CDS|EXON_OTHER	CDS	37.9022655730071	0.715		
HeLa	chr12:-:120291825	ELAP_exclusive_reported	AAUAC	RNU4-2	RNU4-2	NR_003137.3	1	EXON_OTHER	EXON_OTHER				
HeLa	chr12:-:120444053	BID_exclusive_reported	GGUGC	TRIAP1	TRIAP1	NM_016399.3	1	EXON_OTHER	EXON_OTHER	41.2072425644249	0.7625		
HeLa	chr12:-:124786376	BID_exclusive_reported	CAUCU	SCARB1	SCARB1	NM_005505.5	1	CDS|EXON_OTHER	CDS	16.5146126908709	0.2475		
HeLa	chr12:-:21644078	ELAP_exclusive_reported	UGUAG	LDHB	LDHB	NM_002300.8	1	CDS|EXON_OTHER	CDS				
HeLa	chr12:-:2859149	BID_exclusive_reported	AGUGG	FOXM1	FOXM1	NM_021953.4	1	CDS|EXON_OTHER	CDS	17.700278197849	0.2975		
HeLa	chr12:-:2868691	ELAP_exclusive_reported	ACUCU	FOXM1	FOXM1	NM_021953.4	1	CDS|EXON_OTHER	CDS				
HeLa	chr12:-:31252521	ELAP_exclusive_reported	GGUAC				0		UNANNOTATED				
HeLa	chr12:-:45554660	ELAP_exclusive_reported	CAUGU				0		UNANNOTATED				
HeLa	chr12:-:48938164	BID_exclusive_reported	UCUAG	ARF3	ARF3	NM_001659.3	1	EXON_OTHER	EXON_OTHER	53.7834030730826	0.8475		
HeLa	chr12:-:49128048	shared	CGUGA	TUBA1B	TUBA1B	NM_006082.3	1	CDS|EXON_OTHER	CDS	11.2770586583515	0.055		
HeLa	chr12:-:52171341	BID_exclusive_reported	GCUAG	KRT80	KRT80	NM_182507.3	1	EXON_OTHER	EXON_OTHER	14.1973728458813	0.155		
HeLa	chr12:-:52898496	ELAP_exclusive_reported	CAUGA	KRT8	KRT8	NM_002273.4	1	CDS|EXON_OTHER	CDS				
HeLa	chr12:-:52904779	ELAP_exclusive_reported	GGUCA	KRT8	KRT8	NM_002273.4	1	CDS|EXON_OTHER	CDS				
HeLa	chr12:-:56241925	BID_exclusive_reported	GGUCC	ANKRD52	ANKRD52	NM_173595.4	1	EXON_OTHER	EXON_OTHER	29.5188805953017	0.58		
HeLa	chr12:-:56311251	shared	CAUCC	CNPY2	CNPY2	NM_014255.7	1	CDS|EXON_OTHER	CDS	65.0426634258944	0.9175		
HeLa	chr12:-:56642775	ELAP_exclusive_reported	GCUCU	ATP5F1B	ATP5F1B	NM_001686.4	1	CDS|EXON_OTHER	CDS				
HeLa	chr12:-:56643551	ELAP_exclusive_reported	ACUGA	ATP5F1B	ATP5F1B	NM_001686.4	1	CDS|EXON_OTHER	CDS				
HeLa	chr12:-:56673038	ELAP_exclusive_reported	GAUCG	PTGES3	PTGES3	NM_006601.7	1	CDS|EXON_OTHER	CDS				
HeLa	chr12:-:57820227	BID_exclusive_reported	UGUAG	CTDSP2	CTDSP2	NM_005730.4	1	EXON_OTHER	EXON_OTHER	52.5228389203996	0.8425		
HeLa	chr12:-:6329232	BID_exclusive_reported	GGUCC	TNFRSF1A	TNFRSF1A	NM_001065.4	1	EXON_OTHER	EXON_OTHER	18.5722278321427	0.3225		
HeLa	chr12:-:64737047	BID_exclusive_reported	ACUGU	GNS	GNS	NM_002076.4	1	CDS|EXON_OTHER	CDS	41.7983024750865	0.7725		
HeLa	chr12:-:64759154	ELAP_exclusive_reported	GCUGC	GNS	GNS	NM_002076.4	1	CDS|EXON_OTHER	CDS				
HeLa	chr12:-:9072718	ELAP_exclusive_reported	UCUCA	A2M	A2M	NM_000014.6	1	CDS|EXON_OTHER	CDS				
HeLa	chr12:-:9076853	ELAP_exclusive_reported	UAUAC	A2M	A2M	NM_000014.6	1	CDS|EXON_OTHER	CDS				
HeLa	chr12:-:9090481	ELAP_exclusive_reported	GGUCA	A2M	A2M	NM_000014.6	1	CDS|EXON_OTHER	CDS				
HeLa	chr12:-:9113451	ELAP_exclusive_reported	UGUAA	A2M	A2M	NM_000014.6	1	CDS|EXON_OTHER	CDS				
HeLa	chr12:-:93639969	ELAP_exclusive_reported	AGUGU				0		UNANNOTATED				
HeLa	chr12:-:93641006	ELAP_exclusive_reported	UGUCA				0		UNANNOTATED				
HeLa	chr13:+:110472962	BID_exclusive_reported	AGUGG	COL4A2	COL4A2	NM_001846.4	1	CDS|EXON_OTHER	CDS	13.4268489585619	0.12		
HeLa	chr13:+:110484959	BID_exclusive_reported	AAUGA	COL4A2	COL4A2	NM_001846.4	1	CDS|EXON_OTHER	CDS	61.5729417787493	0.8925		
HeLa	chr13:+:110512877	BID_exclusive_reported	GGUAC	COL4A2	COL4A2	NM_001846.4	1	EXON_OTHER	EXON_OTHER	16.96773293074	0.265		
HeLa	chr13:+:27945283	ELAP_exclusive_reported	GCUGG				0		UNANNOTATED				
HeLa	chr13:+:99559460	ELAP_exclusive_reported	GAUCA	TM9SF2	TM9SF2	NM_004800.3	1	CDS|EXON_OTHER	CDS				
HeLa	chr13:-:113978646	BID_exclusive_reported	GGUGU	RASA3	RASA3	NM_007368.4	1	EXON_OTHER	EXON_OTHER	17.6640300445153	0.295		
HeLa	chr13:-:31138811	BID_exclusive_reported	UAUGC	HSPH1	HSPH1	NM_006644.4	1	CDS|EXON_OTHER	CDS	99.9999999	0.9975		
HeLa	chr13:-:45338742	ELAP_exclusive_reported	CAUGG	TPT1	TPT1	NM_003295.4	1	CDS|EXON_OTHER	CDS				
HeLa	chr13:-:45340164	ELAP_exclusive_reported	GGUAA	TPT1	TPT1	NM_003295.4	1	CDS|EXON_OTHER	CDS				
HeLa	chr13:-:54441236	ELAP_exclusive_reported	GGUAC				0		UNANNOTATED				
HeLa	chr14:+:103136179	BID_exclusive_reported	GGUCU	TNFAIP2	TNFAIP2	NM_006291.4	1	EXON_OTHER	EXON_OTHER	13.7111858466635	0.1325		
HeLa	chr14:+:103342746	ELAP_exclusive_reported	CCUGG	EIF5	EIF5	NM_001969.5	1	EXON_OTHER	EXON_OTHER				
HeLa	chr14:+:103342863	BID_exclusive_reported	UGUAG	EIF5	EIF5	NM_001969.5	1	EXON_OTHER	EXON_OTHER	28.7713300876628	0.5675		
HeLa	chr14:+:104177228	BID_exclusive_reported	UGUAG	KIF26A	KIF26A	NM_015656.2	1	CDS|EXON_OTHER	CDS	81.9945159340404	0.9725		
HeLa	chr14:+:104895759	BID_exclusive_reported	UGUAG	CEP170B	CEP170B	NM_001112726.3	1	EXON_OTHER	EXON_OTHER	70.3430474671069	0.9375		
HeLa	chr14:+:105479813	ELAP_exclusive_reported	CAUCC	CRIP2	CRIP2	NM_001312.4	1	EXON_OTHER	EXON_OTHER				
HeLa	chr14:+:23307820	BID_exclusive_reported	UGUAG	BCL2L2	BCL2L2	NM_004050.5	1	CDS|EXON_OTHER	CDS	82.375571966943	0.975		
HeLa	chr14:+:49586805	ELAP_exclusive_reported	GCUGA				0		UNANNOTATED				
HeLa	chr14:+:60968325	BID_exclusive_reported	AGUGG	MNAT1	MNAT1	NM_002431.4	1	CDS|EXON_OTHER	CDS	47.4027547890192	0.8125		
HeLa	chr14:+:69992418	ELAP_exclusive_reported	GAUGA	SMOC1	SMOC1	NM_001034852.3	1	CDS|EXON_OTHER	CDS				
HeLa	chr14:+:70032218	shared	UGUAG	SMOC1	SMOC1	NM_001034852.3	1	EXON_OTHER	EXON_OTHER	58.4791891571099	0.8725		
HeLa	chr14:+:84172591	ELAP_exclusive_reported	UCUGA				0		UNANNOTATED				
HeLa	chr14:+:90405289	ELAP_exclusive_reported	CAUGG	CALM1	CALM1	NM_006888.6	1	EXON_OTHER	EXON_OTHER				
HeLa	chr14:+:94726519	ELAP_exclusive_reported	UAUCC				0		UNANNOTATED				
HeLa	chr14:-:103912536	ELAP_exclusive_reported	AAUAA	ATP5MJ	ATP5MJ	NM_004894.3	1	EXON_OTHER	EXON_OTHER				
HeLa	chr14:-:103912631	shared	CGUCA	ATP5MJ	ATP5MJ	NM_004894.3	1	EXON_OTHER	EXON_OTHER	56.409825115574	0.865		
HeLa	chr14:-:21210231	ELAP_exclusive_reported	GCUAA	HNRNPC	HNRNPC	NM_004500.4	1	EXON_OTHER	EXON_OTHER				
HeLa	chr14:-:21351900	BID_exclusive_reported	UGUAG	SUPT16H	SUPT16H	NM_007192.4	1	EXON_OTHER	EXON_OTHER	35.0469199497514	0.6675		
HeLa	chr14:-:21428217	BID_exclusive_reported	UGUAG	CHD8	CHD8	NM_001170629.2	1	CDS|EXON_OTHER	CDS	65.2826288730553	0.92		
HeLa	chr14:-:23048212	ELAP_exclusive_reported	GCUCC	CDH24	CDH24	NM_144985.4	1	CDS|EXON_OTHER	CDS				
HeLa	chr14:-:23058876	BID_exclusive_reported	GAUGG	ACIN1	ACIN1	NM_001386863.1	1	EXON_OTHER	EXON_OTHER	18.8938531403983	0.33		
HeLa	chr14:-:32484411	ELAP_exclusive_reported	CCUCC				0		UNANNOTATED				
HeLa	chr14:-:49583635	ELAP_exclusive_reported	CAUCU	RPS29	RPS29	NM_001032.5	1	EXON_OTHER	EXON_OTHER				
HeLa	chr14:-:49586328	ELAP_exclusive_reported	UGUAC	RPS29	RPS29	NM_001032.5	1	CDS|EXON_OTHER	CDS				
HeLa	chr14:-:49862624	ELAP_exclusive_reported	GCUGA				0		UNANNOTATED				
HeLa	chr14:-:68339254	ELAP_exclusive_reported	GCUAC				0		UNANNOTATED				
HeLa	chr14:-:69885865	ELAP_exclusive_reported	GCUAC				0		UNANNOTATED				
HeLa	chr14:-:69885959	ELAP_exclusive_reported	UAUCA				0		UNANNOTATED				
HeLa	chr14:-:74480255	ELAP_exclusive_reported	GGUGC	NPC2	NPC2	NM_006432.5	1	EXON_OTHER	EXON_OTHER				
HeLa	chr14:-:75176445	BID_exclusive_reported	CGUGA	TMED10	TMED10	NM_006827.6	1	CDS|EXON_OTHER	CDS	13.5604639747253	0.125		
HeLa	chr14:-:98973124	ELAP_exclusive_reported	ACUAU				0		UNANNOTATED				
HeLa	chr14:-:98973170	ELAP_exclusive_reported	UAUGA				0		UNANNOTATED				
HeLa	chr14:-:99603916	BID_exclusive_reported	GCUGA	CCDC85C	CCDC85C	NM_001144995.2	1	CDS|EXON_OTHER	CDS	13.3101767418304	0.1175		
HeLa	chr15:+:34229858	ELAP_exclusive_reported	GCUCC	EMC4	EMC4	NM_016454.4	1	EXON_OTHER	EXON_OTHER				
HeLa	chr15:+:39934210	BID_exclusive_reported	CGUGG	EIF2AK4	EIF2AK4	NM_001013703.4	1	CDS|EXON_OTHER	CDS	27.6398328664541	0.545		
HeLa	chr15:+:40767599	shared	UGUAG	GCHFR	GCHFR	NM_005258.3	1	EXON_OTHER	EXON_OTHER	86.3336427812661	0.9825		
HeLa	chr15:+:44711552	ELAP_exclusive_reported	UCUCG	B2M	B2M	NM_004048.4	1	CDS|EXON_OTHER	CDS				
HeLa	chr15:+:44711608	ELAP_exclusive_reported	UAUCC	B2M	B2M	NM_004048.4	1	CDS|EXON_OTHER	CDS				
HeLa	chr15:+:59768816	ELAP_exclusive_reported	UAUGC				0		UNANNOTATED				
HeLa	chr15:+:63071753	BID_exclusive_reported	UGUAG				0		UNANNOTATED	19.4968704717041	0.345		
HeLa	chr15:+:69453661	ELAP_exclusive_reported	AAUGC	RPLP1	RPLP1	NM_001003.3	1	CDS|EXON_OTHER	CDS				
HeLa	chr15:+:69453682	ELAP_exclusive_reported	GGUGU	RPLP1	RPLP1	NM_001003.3	1	CDS|EXON_OTHER	CDS				
HeLa	chr15:+:69455210	ELAP_exclusive_reported	UGUAG	RPLP1	RPLP1	NM_001003.3	1	CDS|EXON_OTHER	CDS				
HeLa	chr15:+:69455463	ELAP_exclusive_reported	AAUCC	RPLP1	RPLP1	NM_001003.3	1	CDS|EXON_OTHER	CDS				
HeLa	chr15:-:43116263	ELAP_exclusive_reported	GAUGA				0		UNANNOTATED				
HeLa	chr15:-:48505110	BID_exclusive_reported	AAUGG	FBN1	FBN1	NM_000138.5	1	CDS|EXON_OTHER	CDS	15.0555890641099	0.1875		
HeLa	chr15:-:59136776	BID_exclusive_reported	GGUCA	MYO1E	MYO1E	NM_004998.4	1	EXON_OTHER	EXON_OTHER	37.5736004976256	0.7125		
HeLa	chr15:-:60347632	ELAP_exclusive_reported	ACUGA	ANXA2	ANXA2	NM_004039.3	1	CDS|EXON_OTHER	CDS				
HeLa	chr15:-:60364520	ELAP_exclusive_reported	UGUGG	ANXA2	ANXA2	NM_004039.3	1	CDS|EXON_OTHER	CDS				
HeLa	chr15:-:65029572	ELAP_exclusive_reported	GCUCA	MTFMT	MTFMT	NM_139242.4	1	CDS|EXON_OTHER	CDS				
HeLa	chr15:-:66501047	ELAP_exclusive_reported	CAUGU	RPL4	RPL4	NM_000968.4	1	CDS|EXON_OTHER	CDS				
HeLa	chr15:-:72199475	shared	UCUAG	PKM	PKM	NM_002654.6	1	EXON_OTHER	EXON_OTHER	38.7996351731321	0.725		
HeLa	chr15:-:72199574	ELAP_exclusive_reported	UGUAG	PKM	PKM	NM_002654.6	1	EXON_OTHER	EXON_OTHER				
HeLa	chr15:-:72200595	ELAP_exclusive_reported	AAUCC	PKM	PKM	NM_002654.6	1	CDS|EXON_OTHER	CDS				
HeLa	chr15:-:72344047	BID_exclusive_reported	UGUAG	HEXA	HEXA	NM_000520.6	1	EXON_OTHER	EXON_OTHER	71.4791633858155	0.94		
HeLa	chr15:-:74632747	BID_exclusive_reported	CCUCU	EDC3	EDC3	NM_025083.5	1	CDS|EXON_OTHER	CDS	54.1344092097831	0.855		
HeLa	chr15:-:77046311	BID_exclusive_reported	UGUAG	TSPAN3	TSPAN3	NM_005724.6	1	EXON_OTHER	EXON_OTHER	13.7201292427302	0.1375		
HeLa	chr15:-:78285309	BID_exclusive_reported	GAUGU	SKIC8	SKIC8	NM_025234.3	1	CDS|EXON_OTHER	CDS	24.3254758544337	0.4875		
HeLa	chr16:+:1311582	ELAP_exclusive_reported	CCUCU				0		UNANNOTATED				
HeLa	chr16:+:16232743	BID_exclusive_reported	CGUGG	NOMO3	NOMO3	NM_001004067.4	1	CDS|EXON_OTHER	CDS	13.718257972198	0.135		
HeLa	chr16:+:1828380	BID_exclusive_reported	GGUGG	FAHD1	FAHD1	NM_031208.4	1	EXON_OTHER	EXON_OTHER	10.4375967157182	0.025		
HeLa	chr16:+:23687533	BID_exclusive_reported	GGUGA	PLK1	PLK1	NM_005030.6	1	CDS|EXON_OTHER	CDS	23.9062846746402	0.485		
HeLa	chr16:+:2760352	BID_exclusive_reported	AGUCC	SRRM2	SRRM2	NM_016333.4	1	CDS|EXON_OTHER	CDS	34.8412205547693	0.6625		
HeLa	chr16:+:29808677	ELAP_exclusive_reported	UAUAU	MAZ	MAZ	NM_002383.4	1	CDS|EXON_OTHER	CDS				
HeLa	chr16:+:29810736	ELAP_exclusive_reported	GGUGA	MAZ	MAZ	NM_002383.4	1	EXON_OTHER	EXON_OTHER				
HeLa	chr16:+:29971528	shared	GGUCU	TMEM219	TMEM219	NM_001083613.2	1	CDS|EXON_OTHER	CDS	18.4255636093472	0.3175		
HeLa	chr16:+:30067242	ELAP_exclusive_reported	GCUAC	ALDOA|LOC112694756	ALDOA|LOC112694756	NM_001243177.4|NM_001365304.2	2	CDS|EXON_OTHER	CDS				
HeLa	chr16:+:30068834	ELAP_exclusive_reported	UCUGA	ALDOA|LOC112694756	ALDOA|LOC112694756	NM_001243177.4|NM_001365304.2	2	CDS|EXON_OTHER	CDS				
HeLa	chr16:+:30070342	ELAP_exclusive_reported	UGUGG	ALDOA|LOC112694756	ALDOA|LOC112694756	NM_001243177.4|NM_001365304.2	2	EXON_OTHER	EXON_OTHER				
HeLa	chr16:+:30084684	BID_exclusive_reported	CGUGA	PPP4C	PPP4C	NM_002720.3	1	CDS|EXON_OTHER	CDS	10.7996608326268	0.045		
HeLa	chr16:+:31183871	ELAP_exclusive_reported	ACUCA	FUS	FUS	NM_004960.4	1	CDS|EXON_OTHER	CDS				
HeLa	chr16:+:31184944	ELAP_exclusive_reported	ACUAU	FUS	FUS	NM_004960.4	1	CDS|EXON_OTHER	CDS				
HeLa	chr16:+:34160895	ELAP_exclusive_reported	AAUGG				0		UNANNOTATED				
HeLa	chr16:+:34161061	ELAP_exclusive_reported	AAUGA				0		UNANNOTATED				
HeLa	chr16:+:4337700	BID_exclusive_reported	GGUGG	GLIS2	GLIS2	NM_032575.3	1	EXON_OTHER	EXON_OTHER	11.0304447721804	0.0475		
HeLa	chr16:+:56607	ELAP_exclusive_reported	GCUCC	SNRNP25	SNRNP25	NM_024571.4	1	CDS|EXON_OTHER	CDS				
HeLa	chr16:+:69463546	shared	UGUAG	CYB5B	CYB5B	NM_030579.3	1	EXON_OTHER	EXON_OTHER	47.2373612729517	0.8075		
HeLa	chr16:+:765126	ELAP_exclusive_reported	UCUGC	MSLN	MSLN	NM_005823.6	1	CDS|EXON_OTHER	CDS				
HeLa	chr16:+:85665	BID_exclusive_reported	GGUGG	MPG	MPG	NM_001015052.3	1	CDS|EXON_OTHER	CDS	17.329825284171	0.275		
HeLa	chr16:+:89561230	ELAP_exclusive_reported	CGUAA	RPL13	RPL13	NM_000977.4	1	CDS|EXON_OTHER	CDS				
HeLa	chr16:+:89563093	ELAP_exclusive_reported	CGUGG	RPL13	RPL13	NM_000977.4	1	EXON_OTHER	EXON_OTHER				
HeLa	chr16:-:1350120	BID_exclusive_reported	GGUGC	TSR3	TSR3	NM_001001410.3	1	CDS|EXON_OTHER	CDS	36.4876722291402	0.6875		
HeLa	chr16:-:15932305	ELAP_exclusive_reported	GGUAA				0		UNANNOTATED				
HeLa	chr16:-:1773137	ELAP_exclusive_reported	GCUGA				0		UNANNOTATED				
HeLa	chr16:-:18784816	ELAP_exclusive_reported	GGUGA	RPS15A	RPS15A	NM_001019.5	1	CDS|EXON_OTHER	CDS				
HeLa	chr16:-:1963253	ELAP_exclusive_reported	AAUCA	RPS2	RPS2	NM_002952.4	1	CDS|EXON_OTHER	CDS				
HeLa	chr16:-:1998500	BID_exclusive_reported	GGUCC				0		UNANNOTATED	28.6185271636048	0.5625		
HeLa	chr16:-:2002419	ELAP_exclusive_reported	ACUAU				0		UNANNOTATED				
HeLa	chr16:-:2046255	BID_exclusive_reported	GGUGC	NTHL1	NTHL1	NM_002528.7	1	CDS|EXON_OTHER	CDS	25.5699516080951	0.5125		
HeLa	chr16:-:2276121	BID_exclusive_reported	GCUCU	ABCA3	ABCA3	NM_001089.3	1	EXON_OTHER	EXON_OTHER	59.0212865449297	0.8775		
HeLa	chr16:-:2775471	BID_exclusive_reported	AGUGG	ELOB	ELOB	NM_007108.4	1	CDS|EXON_OTHER	CDS	18.0532856774682	0.3075		
HeLa	chr16:-:29453648	BID_exclusive_reported	CGUGA	BOLA2	BOLA2	NM_001031827.3	1	CDS|EXON_OTHER	CDS	21.2068062971608	0.4025		
HeLa	chr16:-:30192990	BID_exclusive_reported	CGUGA	BOLA2B	BOLA2B	NM_001039182.4	1	CDS|EXON_OTHER	CDS	19.6023377664183	0.3525		
HeLa	chr16:-:30352962	BID_exclusive_reported	GGUGG	CD2BP2	CD2BP2	NM_006110.3	1	EXON_OTHER	EXON_OTHER	21.5106201868907	0.415		
HeLa	chr16:-:30423988	ELAP_exclusive_reported	GGUGA	DCTPP1	DCTPP1	NM_024096.2	1	EXON_OTHER	EXON_OTHER				
HeLa	chr16:-:30892868	BID_exclusive_reported	GGUGG	BCL7C	BCL7C	NM_004765.4	1	CDS|EXON_OTHER	CDS	11.9268589483404	0.08		
HeLa	chr16:-:57761476	BID_exclusive_reported	AGUGG	KIFC3	KIFC3	NM_001130100.2	1	CDS|EXON_OTHER	CDS	18.549482939192	0.32		
HeLa	chr16:-:69709735	shared	ACUGU	NQO1	NQO1	NM_000903.3	1	EXON_OTHER	EXON_OTHER	16.101049720632	0.235		
HeLa	chr16:-:75629517	ELAP_exclusive_reported	ACUGA	KARS1	KARS1	NM_005548.3	1	CDS|EXON_OTHER	CDS				
HeLa	chr16:-:75641654	BID_exclusive_reported	AGUGA	KARS1	KARS1	NM_005548.3	1	CDS|EXON_OTHER	CDS	40.1995123736038	0.75		
HeLa	chr16:-:785793	BID_exclusive_reported	GGUGG	RPUSD1	RPUSD1	NM_058192.3	1	EXON_OTHER	EXON_OTHER	18.0643329177183	0.31		
HeLa	chr16:-:84054097	ELAP_exclusive_reported	GCUAA	MBTPS1	MBTPS1	NM_003791.4	1	EXON_OTHER	EXON_OTHER				
HeLa	chr17:+:16439247	ELAP_exclusive_reported	GGUAU				0		UNANNOTATED				
HeLa	chr17:+:16439334	ELAP_exclusive_reported	CAUCU				0		UNANNOTATED				
HeLa	chr17:+:17161310	BID_exclusive_reported	GGUGG	MPRIP	MPRIP	NM_001364716.4	1	CDS|EXON_OTHER	CDS	22.3072315710175	0.4475		
HeLa	chr17:+:17185257	BID_exclusive_reported	UGUGG	MPRIP	MPRIP	NM_001364716.4	1	EXON_OTHER	EXON_OTHER	22.3606826595476	0.45		
HeLa	chr17:+:17185372	BID_exclusive_reported	GCUAG	MPRIP	MPRIP	NM_001364716.4	1	EXON_OTHER	EXON_OTHER	20.1007563302433	0.3725		
HeLa	chr17:+:18107480	BID_exclusive_reported	UGUAG	DRG2	DRG2	NM_001388.5	1	EXON_OTHER	EXON_OTHER	35.9029089776306	0.6775		
HeLa	chr17:+:18183933	BID_exclusive_reported	GGUCG	ALKBH5	ALKBH5	NM_017758.4	1	EXON_OTHER	EXON_OTHER	13.6295716388091	0.1275		
HeLa	chr17:+:18677416	ELAP_exclusive_reported	CAUCC				0		UNANNOTATED				
HeLa	chr17:+:22524496	ELAP_exclusive_reported	UCUGA				0		UNANNOTATED				
HeLa	chr17:+:28344969	BID_exclusive_reported	UGUAG	TNFAIP1	TNFAIP1	NM_021137.5	1	EXON_OTHER	EXON_OTHER	43.2439250047929	0.785		
HeLa	chr17:+:28468181	ELAP_exclusive_reported	CGUAC				0		UNANNOTATED				
HeLa	chr17:+:28720861	ELAP_exclusive_reported	UAUCC	RPL23A	RPL23A	NM_000984.6	1	CDS|EXON_OTHER	CDS				
HeLa	chr17:+:35724244	shared	UGUAG	AP2B1	AP2B1	NM_001030006.2	1	EXON_OTHER	EXON_OTHER	37.4560896260534	0.71		
HeLa	chr17:+:35724705	BID_exclusive_reported	UGUAG	AP2B1	AP2B1	NM_001030006.2	1	EXON_OTHER	EXON_OTHER	61.5856875344122	0.895		
HeLa	chr17:+:38510280	BID_exclusive_reported	GCUCG	ARHGAP23	ARHGAP23	NM_001199417.2	1	CDS|EXON_OTHER	CDS	14.9840413199732	0.18		
HeLa	chr17:+:38855569	ELAP_exclusive_reported	AGUGA				0		UNANNOTATED				
HeLa	chr17:+:39202990	ELAP_exclusive_reported	GGUAA	RPL19	RPL19	NM_000981.4	1	CDS|EXON_OTHER	CDS				
HeLa	chr17:+:40122632	BID_exclusive_reported	GGUGU	MSL1	MSL1	NM_001365919.1	1	CDS|EXON_OTHER	CDS	17.6249523834553	0.2875		
HeLa	chr17:+:40457548	ELAP_exclusive_reported	GCUCU	IGFBP4	IGFBP4	NM_001552.3	1	EXON_OTHER	EXON_OTHER				
HeLa	chr17:+:41691502	BID_exclusive_reported	GCUGU	EIF1	EIF1	NM_005801.4	1	EXON_OTHER	EXON_OTHER	11.6758184438496	0.0625		
HeLa	chr17:+:41817138	BID_exclusive_reported	CAUGU	FKBP10	FKBP10	NM_021939.4	1	CDS|EXON_OTHER	CDS	24.3352884616603	0.49		
HeLa	chr17:+:41968498	BID_exclusive_reported	GGUGG	CNP	CNP	NM_033133.5	1	CDS|EXON_OTHER	CDS	15.4155704992531	0.21		
HeLa	chr17:+:42998795	ELAP_exclusive_reported	GCUGG	RPL27	RPL27	NM_000988.5	1	CDS|EXON_OTHER	CDS				
HeLa	chr17:+:42999996	ELAP_exclusive_reported	GCUAC	RPL27	RPL27	NM_000988.5	1	CDS|EXON_OTHER	CDS				
HeLa	chr17:+:43000093	ELAP_exclusive_reported	AAUGC	RPL27	RPL27	NM_000988.5	1	CDS|EXON_OTHER	CDS				
HeLa	chr17:+:45246968	ELAP_exclusive_reported	UGUAG	FMNL1	FMNL1	NM_005892.4	1	EXON_OTHER	EXON_OTHER				
HeLa	chr17:+:4572378	ELAP_exclusive_reported	GAUGU				0		UNANNOTATED				
HeLa	chr17:+:47657059	ELAP_exclusive_reported	UAUAG	KPNB1	KPNB1	NM_002265.6	1	CDS|EXON_OTHER	CDS				
HeLa	chr17:+:48051378	BID_exclusive_reported	GGUGA	NFE2L1	NFE2L1	NM_003204.3	1	CDS|EXON_OTHER	CDS	19.7562037376713	0.365		
HeLa	chr17:+:50079077	BID_exclusive_reported	GGUGG	ITGA3	ITGA3	NM_002204.4	1	CDS|EXON_OTHER	CDS	19.078398522226	0.3375		
HeLa	chr17:+:50482197	BID_exclusive_reported	UGUAG	RSAD1	RSAD1	NM_018346.3	1	CDS|EXON_OTHER	CDS	40.4342751965357	0.7525		
HeLa	chr17:+:62692358	BID_exclusive_reported	GGUGC	MRC2	MRC2	NM_006039.5	1	CDS|EXON_OTHER	CDS	30.1206479399073	0.59		
HeLa	chr17:+:67378048	ELAP_exclusive_reported	GCUCC	PITPNC1	PITPNC1	NM_012417.4	1	EXON_OTHER	EXON_OTHER				
HeLa	chr17:+:7311906	ELAP_exclusive_reported	GCUGG	EIF5A	EIF5A	NM_001970.5	1	EXON_OTHER	EXON_OTHER				
HeLa	chr17:+:75209828	ELAP_exclusive_reported	AAUCA	NUP85	NUP85	NM_024844.5	1	CDS|EXON_OTHER	CDS				
HeLa	chr17:+:7576582	ELAP_exclusive_reported	UAUCG	EIF4A1	EIF4A1	NM_001416.4	1	CDS|EXON_OTHER	CDS				
HeLa	chr17:+:75794014	ELAP_exclusive_reported	CAUCU				0		UNANNOTATED				
HeLa	chr17:+:7588024	BID_exclusive_reported	GGUGG	MPDU1	MPDU1	NM_004870.4	1	EXON_OTHER	EXON_OTHER	16.9293736828039	0.2625		
HeLa	chr17:+:77499072	ELAP_exclusive_reported	CAUCC	SEPTIN9	SEPTIN9	NM_001113491.2|NM_006640.5	1	EXON_OTHER	EXON_OTHER				
HeLa	chr17:+:78224666	shared	GCUGU	BIRC5	BIRC5	NM_001168.3	1	EXON_OTHER	EXON_OTHER	38.0310822876749	0.7175		
HeLa	chr17:-:1364989	ELAP_exclusive_reported	CCUAU	YWHAE	YWHAE	NM_006761.5	1	CDS|EXON_OTHER	CDS				
HeLa	chr17:-:1464899	BID_exclusive_reported	AGUGG	MYO1C	MYO1C	NM_001080779.2	1	EXON_OTHER	EXON_OTHER	33.5156852136601	0.645		
HeLa	chr17:-:1676677	BID_exclusive_reported	GAUCC	PRPF8	PRPF8	NM_006445.4	1	CDS|EXON_OTHER	CDS	37.3349719254545	0.705		
HeLa	chr17:-:18328177	BID_exclusive_reported	UGUAG	SHMT1	SHMT1	NM_004169.5	1	EXON_OTHER	EXON_OTHER	53.8195838212076	0.85		
HeLa	chr17:-:18328415	shared	UGUAG	SHMT1	SHMT1	NM_004169.5	1	EXON_OTHER	EXON_OTHER	95.6389151583442	0.99		
HeLa	chr17:-:19446581	ELAP_exclusive_reported	AAUCA				0		UNANNOTATED				
HeLa	chr17:-:19741151	ELAP_exclusive_reported	CAUCC	ALDH3A1	ALDH3A1	NM_000691.5	1	CDS|EXON_OTHER	CDS				
HeLa	chr17:-:19742208	ELAP_exclusive_reported	UCUGU	ALDH3A1	ALDH3A1	NM_000691.5	1	CDS|EXON_OTHER	CDS				
HeLa	chr17:-:2690398	ELAP_exclusive_reported	AAUAG	CLUH	CLUH	NM_001366661.1	1	EXON_OTHER	EXON_OTHER				
HeLa	chr17:-:28347697	BID_exclusive_reported	GCUGC	POLDIP2	POLDIP2	NM_015584.5	1	EXON_OTHER	EXON_OTHER	16.5145110462174	0.245		
HeLa	chr17:-:28592955	BID_exclusive_reported	AAUCA	SPAG5	SPAG5	NM_006461.4	1	CDS|EXON_OTHER	CDS	53.9830644462459	0.8525		
HeLa	chr17:-:31034482	ELAP_exclusive_reported	ACUGU				0		UNANNOTATED				
HeLa	chr17:-:38850435	ELAP_exclusive_reported	CGUAG	RPL23	RPL23	NM_000978.4	1	CDS|EXON_OTHER	CDS				
HeLa	chr17:-:41524503	BID_exclusive_reported	GGUCA	KRT19	KRT19	NM_002276.5	1	CDS|EXON_OTHER	CDS	12.1977078583148	0.0925		
HeLa	chr17:-:41620815	ELAP_exclusive_reported	GAUCC	KRT17	KRT17	NM_000422.3	1	CDS|EXON_OTHER	CDS				
HeLa	chr17:-:42403713	BID_exclusive_reported	GGUGG	CAVIN1	CAVIN1	NM_012232.6	1	EXON_OTHER	EXON_OTHER	22.0460544446939	0.4325		
HeLa	chr17:-:44322483	ELAP_exclusive_reported	CCUGU	SLC25A39	SLC25A39	NM_001143780.3	1	CDS|EXON_OTHER	CDS				
HeLa	chr17:-:50150589	BID_exclusive_reported	GGUGG	PPP1R9B	PPP1R9B	NM_032595.5	1	EXON_OTHER	EXON_OTHER	14.1547047367203	0.1525		
HeLa	chr17:-:64503506	ELAP_exclusive_reported	UGUAG	DDX5	DDX5	NM_004396.5	1	CDS|EXON_OTHER	CDS				
HeLa	chr17:-:73285645	BID_exclusive_reported	GGUGG	CDC42EP4	CDC42EP4	NM_012121.5	1	CDS|EXON_OTHER	CDS	14.9907849592666	0.1825		
HeLa	chr17:-:746895	BID_exclusive_reported	UGUCA	GEMIN4	GEMIN4	NM_015721.3	1	CDS|EXON_OTHER	CDS	15.1251854442074	0.19		
HeLa	chr17:-:81510126	ELAP_exclusive_reported	UGUAU	ACTG1	ACTG1	NM_001614.5	1	EXON_OTHER	EXON_OTHER				
HeLa	chr17:-:81843621	ELAP_exclusive_reported	GGUAU	P4HB	P4HB	NM_000918.4	1	EXON_OTHER	EXON_OTHER				
HeLa	chr17:-:81845936	BID_exclusive_reported	GGUGC	P4HB	P4HB	NM_000918.4	1	CDS|EXON_OTHER	CDS	12.6347996568651	0.1025		
HeLa	chr18:+:3253289	ELAP_exclusive_reported	CCUCA	MYL12A	MYL12A	NM_006471.4	1	CDS|EXON_OTHER	CDS				
HeLa	chr18:+:36188384	ELAP_exclusive_reported	CCUCA				0		UNANNOTATED				
HeLa	chr18:-:39335397	ELAP_exclusive_reported	GCUAC				0		UNANNOTATED				
HeLa	chr18:-:6462504	ELAP_exclusive_reported	GCUAG				0		UNANNOTATED				
HeLa	chr18:-:7038927	BID_exclusive_reported	UGUGA	LAMA1	LAMA1	NM_005559.4	1	CDS|EXON_OTHER	CDS	74.1180407158029	0.95		
HeLa	chr18:-:76759771	ELAP_exclusive_reported	GAUGA				0		UNANNOTATED				
HeLa	chr19:+:10111120	BID_exclusive_reported	GGUGG	PPAN	PPAN	NM_020230.7	1	CDS|EXON_OTHER	CDS	14.7500443362399	0.175		
HeLa	chr19:+:11436069	BID_exclusive_reported	UGUAG	PRKCSH	PRKCSH	NM_001289104.2	1	EXON_OTHER	EXON_OTHER	22.8290520133269	0.46		
HeLa	chr19:+:1242478	BID_exclusive_reported	CGUCC	ATP5F1D	ATP5F1D	NM_001687.5	1	CDS|EXON_OTHER	CDS	33.8506686518111	0.6475		
HeLa	chr19:+:12940843	ELAP_exclusive_reported	UCUAU	CALR	CALR	NM_004343.4	1	CDS|EXON_OTHER	CDS				
HeLa	chr19:+:13140205	BID_exclusive_reported	AGUGG	NACC1	NACC1	NM_052876.4	1	EXON_OTHER	EXON_OTHER	39.7607629909757	0.7425		
HeLa	chr19:+:13778330	BID_exclusive_reported	AGUGG	C19orf53	C19orf53	NM_014047.3	1	EXON_OTHER	EXON_OTHER	16.0293448521556	0.23		
HeLa	chr19:+:14441289	BID_exclusive_reported	GCUGA	PKN1	PKN1	NM_002741.5	1	CDS|EXON_OTHER	CDS	11.8663372471377	0.0775		
HeLa	chr19:+:14564025	ELAP_exclusive_reported	GCUCU	TECR	TECR	NM_138501.6	1	CDS|EXON_OTHER	CDS				
HeLa	chr19:+:16102417	BID_exclusive_reported	GGUGG	TPM4	TPM4	NM_003290.3	1	EXON_OTHER	EXON_OTHER	13.6519750547354	0.13		
HeLa	chr19:+:16102763	BID_exclusive_reported	UGUGG	TPM4	TPM4	NM_003290.3	1	EXON_OTHER	EXON_OTHER	29.217908686288	0.575		
HeLa	chr19:+:16197952	ELAP_exclusive_reported	GCUCA	AP1M1	AP1M1	NM_032493.4	1	EXON_OTHER	EXON_OTHER				
HeLa	chr19:+:17862095	ELAP_exclusive_reported	GGUGU	RPL18A	RPL18A	NM_000980.4	1	CDS|EXON_OTHER	CDS				
HeLa	chr19:+:17862966	ELAP_exclusive_reported	GAUCA	RPL18A	RPL18A	NM_000980.4	1	CDS|EXON_OTHER	CDS				
HeLa	chr19:+:18169212	BID_exclusive_reported	GGUGC	PIK3R2	PIK3R2	NM_005027.4	1	CDS|EXON_OTHER	CDS	26.3346304366992	0.5325		
HeLa	chr19:+:18574888	ELAP_exclusive_reported	GGUGU	UBA52	UBA52	NM_001033930.3	1	CDS|EXON_OTHER	CDS				
HeLa	chr19:+:1980886	BID_exclusive_reported	GGUGG	CSNK1G2	CSNK1G2	NM_001319.7	1	EXON_OTHER	EXON_OTHER	14.5321172821617	0.165		
HeLa	chr19:+:2271393	BID_exclusive_reported	GGUCU				0		UNANNOTATED	10.5391791579862	0.0325		
HeLa	chr19:+:2273438	ELAP_exclusive_reported	GGUAU				0		UNANNOTATED				
HeLa	chr19:+:23827393	shared	UAUCC	RPSA2	RPSA2	NM_001355283.3	1	CDS|EXON_OTHER	CDS	59.6205835998907	0.8825		
HeLa	chr19:+:23827881	ELAP_exclusive_reported	GCUAC	RPSA2	RPSA2	NM_001355283.3	1	CDS|EXON_OTHER	CDS				
HeLa	chr19:+:35279516	BID_exclusive_reported	UCUAG	USF2	USF2	NM_003367.4	1	EXON_OTHER	EXON_OTHER	53.0941776668273	0.845		
HeLa	chr19:+:3535359	BID_exclusive_reported	GGUGG	FZR1	FZR1	NM_016263.4	1	EXON_OTHER	EXON_OTHER	17.2095352177968	0.27		
HeLa	chr19:+:36142701	BID_exclusive_reported	GGUCC	CAPNS1	CAPNS1	NM_001749.4	1	CDS|EXON_OTHER	CDS	11.7002139285853	0.07		
HeLa	chr19:+:36143121	BID_exclusive_reported	CGUGA	CAPNS1	CAPNS1	NM_001749.4	1	CDS|EXON_OTHER	CDS	11.6847992964109	0.065		
HeLa	chr19:+:36901839	ELAP_exclusive_reported	CAUCC				0		UNANNOTATED				
HeLa	chr19:+:38383622	BID_exclusive_reported	GGUCU	PSMD8	PSMD8	NM_002812.5	1	EXON_OTHER	EXON_OTHER	16.2875886077318	0.2375		
HeLa	chr19:+:38635010	ELAP_exclusive_reported	UGUGG	EIF3K	EIF3K	NM_013234.4	1	CDS|EXON_OTHER	CDS				
HeLa	chr19:+:38724254	ELAP_exclusive_reported	GAUCG	ACTN4	ACTN4	NM_004924.6	1	CDS|EXON_OTHER	CDS				
HeLa	chr19:+:40366654	shared	AAUGA	PLD3	PLD3	NM_012268.4	1	CDS|EXON_OTHER	CDS	36.889438187477	0.6925		
HeLa	chr19:+:40377821	ELAP_exclusive_reported	GCUCG	PLD3	PLD3	NM_012268.4	1	CDS|EXON_OTHER	CDS				
HeLa	chr19:+:40377866	ELAP_exclusive_reported	ACUGA	PLD3	PLD3	NM_012268.4	1	CDS|EXON_OTHER	CDS				
HeLa	chr19:+:40378040	shared	GCUGG	PLD3	PLD3	NM_012268.4	1	CDS|EXON_OTHER	CDS	39.4444667052097	0.7375		
HeLa	chr19:+:40629729	ELAP_exclusive_reported	ACUGA	LTBP4	LTBP4	NM_001042545.2	1	EXON_OTHER	EXON_OTHER				
HeLa	chr19:+:4258306	BID_exclusive_reported	GCUGA	YJU2	YJU2	NM_018074.6	1	CDS|EXON_OTHER	CDS	33.1021093300117	0.635		
HeLa	chr19:+:44812269	shared	GCUGG	BCAM	BCAM	NM_005581.5	1	CDS|EXON_OTHER	CDS	47.5927323710561	0.815		
HeLa	chr19:+:44991352	BID_exclusive_reported	UCUAC	CLPTM1	CLPTM1	NM_001294.4	1	CDS|EXON_OTHER	CDS	24.3742186965583	0.4925		
HeLa	chr19:+:48330485	BID_exclusive_reported	GCUCG	EMP3	EMP3	NM_001425.3	1	EXON_OTHER	EXON_OTHER	29.3385933623589	0.5775		
HeLa	chr19:+:48966704	ELAP_exclusive_reported	UCUCU	FTL	FTL	NM_000146.4	1	CDS|EXON_OTHER	CDS				
HeLa	chr19:+:48966722	ELAP_exclusive_reported	UCUCA	FTL	FTL	NM_000146.4	1	CDS|EXON_OTHER	CDS				
HeLa	chr19:+:49489906	ELAP_exclusive_reported	GCUAA	RPL13A	RPL13A	NM_012423.4	1	CDS|EXON_OTHER	CDS				
HeLa	chr19:+:49489914	ELAP_exclusive_reported	GGUAC	RPL13A	RPL13A	NM_012423.4	1	CDS|EXON_OTHER	CDS				
HeLa	chr19:+:49492133	ELAP_exclusive_reported	UAUAC	RPL13A	RPL13A	NM_012423.4	1	EXON_OTHER	EXON_OTHER				
HeLa	chr19:+:49492263	ELAP_exclusive_reported	GCUCC	RPL13A	RPL13A	NM_012423.4	1	EXON_OTHER	EXON_OTHER				
HeLa	chr19:+:49497297	ELAP_exclusive_reported	CAUCG	RPS11	RPS11	NM_001015.5	1	CDS|EXON_OTHER	CDS				
HeLa	chr19:+:49497564	ELAP_exclusive_reported	GGUAA	RPS11	RPS11	NM_001015.5	1	CDS|EXON_OTHER	CDS				
HeLa	chr19:+:49625507	BID_exclusive_reported	GGUGG	PRR12	PRR12	NM_020719.3	1	CDS|EXON_OTHER	CDS	35.6160951542956	0.6725		
HeLa	chr19:+:50482405	BID_exclusive_reported	UGUCC	EMC10	EMC10	NM_206538.4	1	EXON_OTHER	EXON_OTHER	19.6962808089169	0.36		
HeLa	chr19:+:54201512	ELAP_exclusive_reported	CGUGA	RPS9	RPS9	NM_001013.4	1	CDS|EXON_OTHER	CDS				
HeLa	chr19:+:54206459	ELAP_exclusive_reported	UAUCA	RPS9	RPS9	NM_001013.4	1	CDS|EXON_OTHER	CDS				
HeLa	chr19:+:581330	ELAP_exclusive_reported	GCUCC	BSG	BSG	NM_001728.4	1	CDS|EXON_OTHER	CDS				
HeLa	chr19:+:583138	ELAP_exclusive_reported	UCUGG	BSG	BSG	NM_001728.4	1	EXON_OTHER	EXON_OTHER				
HeLa	chr19:+:583308	ELAP_exclusive_reported	UGUGC	BSG	BSG	NM_001728.4	1	EXON_OTHER	EXON_OTHER				
HeLa	chr19:+:58393145	ELAP_exclusive_reported	CGUCA	RPS5	RPS5	NM_001009.4	1	CDS|EXON_OTHER	CDS				
HeLa	chr19:+:6368667	shared	UGUAG	CLPP	CLPP	NM_006012.4	1	CDS|EXON_OTHER	CDS	25.1896946117285	0.51		
HeLa	chr19:+:7519307	BID_exclusive_reported	GCUCG	ZNF358	ZNF358	NM_018083.5	1	CDS|EXON_OTHER	CDS	21.1088496654178	0.3975		
HeLa	chr19:+:811804	BID_exclusive_reported	AGUCG	PTBP1	PTBP1	NM_002819.5	1	EXON_OTHER	EXON_OTHER	12.7363317021573	0.105		
HeLa	chr19:+:8322352	ELAP_exclusive_reported	CGUAA	RPS28	RPS28	NM_001031.5	1	EXON_OTHER	EXON_OTHER				
HeLa	chr19:+:990305	BID_exclusive_reported	ACUGC	WDR18	WDR18	NM_024100.4	1	CDS|EXON_OTHER	CDS	23.6552659952918	0.475		
HeLa	chr19:+:994416	BID_exclusive_reported	UGUGG	WDR18	WDR18	NM_024100.4	1	EXON_OTHER	EXON_OTHER	16.832112275539	0.2575		
HeLa	chr19:-:10140311	BID_exclusive_reported	UGUGG	DNMT1	DNMT1	NM_001130823.3	1	CDS|EXON_OTHER	CDS	14.0033927895232	0.145		
HeLa	chr19:-:10391186	BID_exclusive_reported	UGUGU	CDC37	CDC37	NM_007065.4	1	EXON_OTHER	EXON_OTHER	21.755956743139	0.4275		
HeLa	chr19:-:11147223	ELAP_exclusive_reported	CAUCA	SPC24	SPC24	NM_182513.4	1	CDS|EXON_OTHER	CDS				
HeLa	chr19:-:12643690	ELAP_exclusive_reported	GGUAA				0		UNANNOTATED				
HeLa	chr19:-:12643845	ELAP_exclusive_reported	GGUGU				0		UNANNOTATED				
HeLa	chr19:-:14478100	BID_exclusive_reported	GCUGC	GIPC1	GIPC1	NM_005716.4	1	EXON_OTHER	EXON_OTHER	10.5493277294791	0.035		
HeLa	chr19:-:18539437	ELAP_exclusive_reported	ACUCA	FKBP8	FKBP8	NM_012181.5	1	CDS|EXON_OTHER	CDS				
HeLa	chr19:-:1881594	BID_exclusive_reported	GGUGG	ABHD17A	ABHD17A	NM_001130111.2	1	EXON_OTHER	EXON_OTHER	36.6679941825666	0.69		
HeLa	chr19:-:19119830	BID_exclusive_reported	GGUGG	TMEM161A	TMEM161A	NM_017814.3	1	EXON_OTHER	EXON_OTHER	42.1044027383156	0.775		
HeLa	chr19:-:19654662	BID_exclusive_reported	UGUAG	ATP13A1	ATP13A1	NM_020410.3	1	CDS|EXON_OTHER	CDS	71.7721745657389	0.9425		
HeLa	chr19:-:1986280	BID_exclusive_reported	GGUGG	BTBD2	BTBD2	NM_017797.4	1	EXON_OTHER	EXON_OTHER	28.5006932684981	0.5575		
HeLa	chr19:-:2426910	shared	CAUAA	TIMM13	TIMM13	NM_012458.4	1	EXON_OTHER	EXON_OTHER	35.90399991158	0.68		
HeLa	chr19:-:2430782	BID_exclusive_reported	GGUGG	LMNB2	LMNB2	NM_032737.4	1	EXON_OTHER	EXON_OTHER	16.4288765801151	0.2425		
HeLa	chr19:-:39435684	ELAP_exclusive_reported	ACUGC	RPS16	RPS16	NM_001020.6	1	CDS|EXON_OTHER	CDS				
HeLa	chr19:-:3964860	BID_exclusive_reported	GGUGA	DAPK3	DAPK3	NM_001348.3	1	CDS|EXON_OTHER	CDS	14.757203736237	0.1775		
HeLa	chr19:-:42250389	BID_exclusive_reported	UGUGG	ERF	ERF	NM_006494.4	1	CDS|EXON_OTHER	CDS	20.5758064028876	0.3875		
HeLa	chr19:-:48615358	ELAP_exclusive_reported	ACUCU	RPL18	RPL18	NM_000979.4	1	EXON_OTHER	EXON_OTHER				
HeLa	chr19:-:48617374	ELAP_exclusive_reported	UGUGU	RPL18	RPL18	NM_000979.4	1	CDS|EXON_OTHER	CDS				
HeLa	chr19:-:48617813	ELAP_exclusive_reported	UAUCU	RPL18	RPL18	NM_000979.4	1	CDS|EXON_OTHER	CDS				
HeLa	chr19:-:48720707	shared	UGUAG	RASIP1	RASIP1	NM_017805.3	1	EXON_OTHER	EXON_OTHER	59.3929988155356	0.88		
HeLa	chr19:-:54174119	BID_exclusive_reported	GGUGG	MBOAT7	MBOAT7	NM_024298.5	1	CDS|EXON_OTHER	CDS	12.6111589404055	0.1		
HeLa	chr19:-:55262614	BID_exclusive_reported	GAUCG	HSPBP1	HSPBP1	NM_012267.5	1	CDS|EXON_OTHER	CDS	17.274805367116	0.2725		
HeLa	chr19:-:55384075	BID_exclusive_reported	GGUGC	TMEM238	TMEM238	NM_001190764.2	1	CDS|EXON_OTHER	CDS	39.6249703164369	0.74		
HeLa	chr19:-:55401644	ELAP_exclusive_reported	GAUCC	UBE2S	UBE2S	NM_014501.3	1	CDS|EXON_OTHER	CDS				
HeLa	chr19:-:6211746	BID_exclusive_reported	GGUCC	MLLT1	MLLT1	NM_005934.4	1	EXON_OTHER	EXON_OTHER	14.6344385301972	0.17		
HeLa	chr19:-:6418763	BID_exclusive_reported	GAUCC	KHSRP	KHSRP	NM_001366299.1	1	CDS|EXON_OTHER	CDS	21.4955767763988	0.4125		
HeLa	chr19:-:6456440	BID_exclusive_reported	UGUAU	SLC25A23	SLC25A23	NM_024103.3	1	CDS|EXON_OTHER	CDS	46.1801998918875	0.795		
HeLa	chr19:-:6680208	shared	UGUAG	C3	C3	NM_000064.4	1	CDS|EXON_OTHER	CDS	66.2395788748727	0.9225		
HeLa	chr1:+:10413090	BID_exclusive_reported	GCUAG	PGD	PGD	NM_002631.4	1	CDS|EXON_OTHER	CDS	42.8508238835865	0.7825		
HeLa	chr1:+:10417451	ELAP_exclusive_reported	GCUGG	PGD	PGD	NM_002631.4	1	CDS|EXON_OTHER	CDS				
HeLa	chr1:+:1042117	BID_exclusive_reported	AGUGC	AGRN	AGRN	NM_198576.4	1	CDS|EXON_OTHER	CDS	19.0909096530967	0.34		
HeLa	chr1:+:1043431	BID_exclusive_reported	GAUCC	AGRN	AGRN	NM_198576.4	1	CDS|EXON_OTHER	CDS	17.6434395224411	0.29		
HeLa	chr1:+:1043958	ELAP_exclusive_reported	GCUAC	AGRN	AGRN	NM_198576.4	1	CDS|EXON_OTHER	CDS				
HeLa	chr1:+:1045781	shared	GAUGA	AGRN	AGRN	NM_198576.4	1	CDS|EXON_OTHER	CDS	32.6706297131949	0.63		
HeLa	chr1:+:110018427	ELAP_exclusive_reported	UAUCG	AHCYL1	AHCYL1	NM_006621.7	1	CDS|EXON_OTHER	CDS				
HeLa	chr1:+:111704439	BID_exclusive_reported	ACUGU	RAP1A	RAP1A	NM_002884.4	1	CDS|EXON_OTHER	CDS	13.7282819363282	0.14		
HeLa	chr1:+:116389662	ELAP_exclusive_reported	GGUAU	ATP1A1	ATP1A1	NM_000701.8	1	CDS|EXON_OTHER	CDS				
HeLa	chr1:+:116403915	ELAP_exclusive_reported	ACUCU	ATP1A1	ATP1A1	NM_000701.8	1	CDS|EXON_OTHER	CDS				
HeLa	chr1:+:116404439	ELAP_exclusive_reported	ACUAU	ATP1A1	ATP1A1	NM_000701.8	1	CDS|EXON_OTHER	CDS				
HeLa	chr1:+:116941892	BID_exclusive_reported	GGUGG	PTGFRN	PTGFRN	NM_020440.4	1	CDS|EXON_OTHER	CDS	19.0186179229221	0.335		
HeLa	chr1:+:119712051	ELAP_exclusive_reported	GCUCA	PHGDH	PHGDH	NM_006623.4	1	CDS|EXON_OTHER	CDS				
HeLa	chr1:+:119737221	ELAP_exclusive_reported	GCUGU	PHGDH	PHGDH	NM_006623.4	1	CDS|EXON_OTHER	CDS				
HeLa	chr1:+:12011566	BID_exclusive_reported	AGUGG	MFN2	MFN2	NM_014874.4	1	EXON_OTHER	EXON_OTHER	22.0525667158837	0.435		
HeLa	chr1:+:12012122	BID_exclusive_reported	GGUGA	MFN2	MFN2	NM_014874.4	1	EXON_OTHER	EXON_OTHER	26.1178741491728	0.5275		
HeLa	chr1:+:151265180	ELAP_exclusive_reported	GCUAA	PSMD4	PSMD4	NM_002810.4	1	CDS|EXON_OTHER	CDS				
HeLa	chr1:+:153990774	ELAP_exclusive_reported	GGUGA	RPS27	RPS27	NM_001030.6	1	EXON_OTHER	EXON_OTHER				
HeLa	chr1:+:154234644	BID_exclusive_reported	GGUGG	UBAP2L	UBAP2L	NM_014847.4	1	CDS|EXON_OTHER	CDS	20.9517961827181	0.395		
HeLa	chr1:+:15828304	ELAP_exclusive_reported	ACUGC				0		UNANNOTATED				
HeLa	chr1:+:161214191	BID_exclusive_reported	GGUGA	NDUFS2	NDUFS2	NM_001377299.1	1	CDS|EXON_OTHER	CDS	25.1008169290567	0.5075		
HeLa	chr1:+:175921993	ELAP_exclusive_reported	UGUAC				0		UNANNOTATED				
HeLa	chr1:+:183134689	BID_exclusive_reported	GCUGA	LAMC1	LAMC1	NM_002293.4	1	CDS|EXON_OTHER	CDS	26.0519378516604	0.525		
HeLa	chr1:+:206528988	ELAP_exclusive_reported	GGUGA				0		UNANNOTATED				
HeLa	chr1:+:207331163	ELAP_exclusive_reported	CGUGA	CD55	CD55	NM_000574.5	1	CDS|EXON_OTHER	CDS				
HeLa	chr1:+:22092496	shared	UGUAG	CDC42	CDC42	NM_001791.4	1	EXON_OTHER	EXON_OTHER	79.2431076196037	0.9675		
HeLa	chr1:+:228494171	BID_exclusive_reported	GCUCU	RNF187	RNF187	NM_001010858.3	1	EXON_OTHER	EXON_OTHER	47.2009943532289	0.805		
HeLa	chr1:+:230236037	shared	GGUGG	GALNT2	GALNT2	NM_004481.5	1	CDS|EXON_OTHER	CDS	11.8039758117421	0.075		
HeLa	chr1:+:230281219	ELAP_exclusive_reported	UGUAG	GALNT2	GALNT2	NM_004481.5	1	EXON_OTHER	EXON_OTHER				
HeLa	chr1:+:237603113	ELAP_exclusive_reported	ACUAU				0		UNANNOTATED				
HeLa	chr1:+:237603173	ELAP_exclusive_reported	GAUGA				0		UNANNOTATED				
HeLa	chr1:+:248874260	ELAP_exclusive_reported	UCUAG				0		UNANNOTATED				
HeLa	chr1:+:26864058	BID_exclusive_reported	GCUGU	SFN	SFN	NM_006142.5	1	EXON_OTHER	EXON_OTHER	10.0831627060038	0.0025		
HeLa	chr1:+:38710629	ELAP_exclusive_reported	GCUAU				0		UNANNOTATED				
HeLa	chr1:+:42696242	BID_exclusive_reported	UGUAG	YBX1	YBX1	NM_004559.5	1	CDS|EXON_OTHER	CDS	21.5273553412073	0.4175		
HeLa	chr1:+:42700970	ELAP_exclusive_reported	GCUGA	YBX1	YBX1	NM_004559.5	1	CDS|EXON_OTHER	CDS				
HeLa	chr1:+:43360868	shared	GGUAA	CDC20	CDC20	NM_001255.3	1	CDS|EXON_OTHER	CDS	21.174471946346	0.4		
HeLa	chr1:+:43597926	BID_exclusive_reported	CGUGA	PTPRF	PTPRF	NM_002840.5	1	CDS|EXON_OTHER	CDS	34.9887256752039	0.665		
HeLa	chr1:+:43606898	BID_exclusive_reported	UGUGG	PTPRF	PTPRF	NM_002840.5	1	CDS|EXON_OTHER	CDS	18.2090667489359	0.3125		
HeLa	chr1:+:44776731	ELAP_exclusive_reported	CGUGC	RPS8	RPS8	NM_001012.2	1	CDS|EXON_OTHER	CDS				
HeLa	chr1:+:44778620	ELAP_exclusive_reported	GCUAU	RPS8	RPS8	NM_001012.2	1	CDS|EXON_OTHER	CDS				
HeLa	chr1:+:46316626	ELAP_exclusive_reported	CAUCA	UQCRH	UQCRH	NM_006004.4	1	EXON_OTHER	EXON_OTHER				
HeLa	chr1:+:46316692	ELAP_exclusive_reported	CAUGA	UQCRH	UQCRH	NM_006004.4	1	EXON_OTHER	EXON_OTHER				
HeLa	chr1:+:632828	ELAP_exclusive_reported	CAUGA				0		UNANNOTATED				
HeLa	chr1:+:76700247	ELAP_exclusive_reported	GAUAA				0		UNANNOTATED				
HeLa	chr1:+:92834813	ELAP_exclusive_reported	AGUCU	RPL5	RPL5	NM_000969.5	1	CDS|EXON_OTHER	CDS				
HeLa	chr1:+:92836246	ELAP_exclusive_reported	GGUGA	RPL5	RPL5	NM_000969.5	1	CDS|EXON_OTHER	CDS				
HeLa	chr1:+:96447124	ELAP_exclusive_reported	GCUGA				0		UNANNOTATED				
HeLa	chr1:-:101786504	ELAP_exclusive_reported	GCUAC				0		UNANNOTATED				
HeLa	chr1:-:101786992	ELAP_exclusive_reported	UAUCC				0		UNANNOTATED				
HeLa	chr1:-:11676139	ELAP_exclusive_reported	GCUCA	MAD2L2	MAD2L2	NM_006341.4	1	CDS|EXON_OTHER	CDS				
HeLa	chr1:-:1217212	shared	ACUCU	SDF4	SDF4	NM_016176.6	1	EXON_OTHER	EXON_OTHER	20.5620141748883	0.385		
HeLa	chr1:-:1254957	BID_exclusive_reported	UGUAG	UBE2J2	UBE2J2	NM_058167.3	1	EXON_OTHER	EXON_OTHER	64.589040407763	0.9125		
HeLa	chr1:-:12568086	BID_exclusive_reported	UGUAG	DHRS3	DHRS3	NM_004753.7	1	EXON_OTHER	EXON_OTHER	39.1273780845876	0.735		
HeLa	chr1:-:1336110	BID_exclusive_reported	GGUGG	DVL1	DVL1	NM_001330311.2	1	EXON_OTHER	EXON_OTHER	12.8050749072445	0.1075		
HeLa	chr1:-:1390995	ELAP_exclusive_reported	UCUAG				0		UNANNOTATED				
HeLa	chr1:-:150622412	BID_exclusive_reported	UGUAG	ENSA	ENSA	NM_004436.4	1	EXON_OTHER	EXON_OTHER	67.5927979645442	0.93		
HeLa	chr1:-:153535282	ELAP_exclusive_reported	ACUCC	S100A6	S100A6	NM_014624.4	1	CDS|EXON_OTHER	CDS				
HeLa	chr1:-:153535990	ELAP_exclusive_reported	CAUCC	S100A6	S100A6	NM_014624.4	1	EXON_OTHER	EXON_OTHER				
HeLa	chr1:-:153543809	ELAP_exclusive_reported	UGUGU	S100A4	S100A4	NM_002961.3	1	CDS|EXON_OTHER	CDS				
HeLa	chr1:-:153662783	ELAP_exclusive_reported	GCUAU	ILF2	ILF2	NM_004515.4	1	CDS|EXON_OTHER	CDS				
HeLa	chr1:-:153959729	shared	CAUAA	SLC39A1	SLC39A1	NM_001271958.2	1	EXON_OTHER	EXON_OTHER	62.5905838844799	0.9		
HeLa	chr1:-:155234686	BID_exclusive_reported	CGUAC	GBA1	GBA1	NM_000157.4	1	EXON_OTHER	EXON_OTHER	73.1737578258746	0.9475		
HeLa	chr1:-:156009266	BID_exclusive_reported	GGUGC	SSR2	SSR2	NM_003145.4	1	EXON_OTHER	EXON_OTHER	19.746129582914	0.3625		
HeLa	chr1:-:156051168	BID_exclusive_reported	GGUGG	UBQLN4	UBQLN4	NM_020131.5	1	CDS|EXON_OTHER	CDS	15.3888830268577	0.205		
HeLa	chr1:-:156742162	ELAP_exclusive_reported	GCUCU	HDGF	HDGF	NM_004494.3	1	EXON_OTHER	EXON_OTHER				
HeLa	chr1:-:156743266	ELAP_exclusive_reported	CCUGG	HDGF	HDGF	NM_004494.3	1	EXON_OTHER	EXON_OTHER				
HeLa	chr1:-:159920385	BID_exclusive_reported	UGUGG	TAGLN2	TAGLN2	NM_003564.3	1	CDS|EXON_OTHER	CDS	12.1118811235747	0.09		
HeLa	chr1:-:161171595	ELAP_exclusive_reported	AAUCC	B4GALT3	B4GALT3	NM_003779.4	1	EXON_OTHER	EXON_OTHER				
HeLa	chr1:-:161171614	BID_exclusive_reported	UGUAG	B4GALT3	B4GALT3	NM_003779.4	1	EXON_OTHER	EXON_OTHER	55.26339316398	0.8575		
HeLa	chr1:-:17407950	BID_exclusive_reported	CGUGU	RCC2	RCC2	NM_018715.4	1	EXON_OTHER	EXON_OTHER	31.218521549601	0.6025		
HeLa	chr1:-:180502431	BID_exclusive_reported	AGUGG	ACBD6	ACBD6	NM_032360.4	1	EXON_OTHER	EXON_OTHER	15.6782493821295	0.215		
HeLa	chr1:-:182385406	BID_exclusive_reported	GCUGC	GLUL	GLUL	NM_001033044.4	1	CDS|EXON_OTHER	CDS	10.1926037114716	0.01		
HeLa	chr1:-:19244941	BID_exclusive_reported	UGUGA	EMC1	EMC1	NM_015047.3	1	CDS|EXON_OTHER	CDS	23.8556395675018	0.4825		
HeLa	chr1:-:20744168	BID_exclusive_reported	UCUAG	HP1BP3	HP1BP3	NM_001372052.1	1	EXON_OTHER	EXON_OTHER	38.9153224908923	0.7275		
HeLa	chr1:-:21217626	BID_exclusive_reported	UGUAG	ECE1	ECE1	NM_001397.3	1	EXON_OTHER	EXON_OTHER	16.7626814349292	0.25		
HeLa	chr1:-:230843764	BID_exclusive_reported	GGUCC	C1orf198	C1orf198	NM_032800.3	1	CDS|EXON_OTHER	CDS	15.9401661882395	0.225		
HeLa	chr1:-:231422037	BID_exclusive_reported	GGUGC	EGLN1	EGLN1	NM_022051.3	1	EXON_OTHER	EXON_OTHER	23.231423444186	0.47		
HeLa	chr1:-:23310305	ELAP_exclusive_reported	UAUAC	HNRNPR	HNRNPR	NM_005826.5	1	EXON_OTHER	EXON_OTHER				
HeLa	chr1:-:246507261	ELAP_exclusive_reported	GCUGC	SMYD3	SMYD3	NM_001167740.2	1	EXON_OTHER	EXON_OTHER				
HeLa	chr1:-:40073767	ELAP_exclusive_reported	ACUGU	PPT1	PPT1	NM_000310.4	1	EXON_OTHER	EXON_OTHER				
HeLa	chr1:-:45515689	ELAP_exclusive_reported	GGUGC	PRDX1	PRDX1	NM_181697.3	1	CDS|EXON_OTHER	CDS				
HeLa	chr1:-:51791640	BID_exclusive_reported	UGUAG	NRDC	NRDC	NM_001101662.2	1	CDS|EXON_OTHER	CDS	56.2543247493857	0.8625		
HeLa	chr1:-:52772475	ELAP_exclusive_reported	CAUGG				0		UNANNOTATED				
HeLa	chr1:-:54851248	BID_exclusive_reported	UGUAG	DHCR24	DHCR24	NM_014762.4	1	EXON_OTHER	EXON_OTHER	45.6188644943189	0.7925		
HeLa	chr1:-:54852306	ELAP_exclusive_reported	GCUGC	DHCR24	DHCR24	NM_014762.4	1	CDS|EXON_OTHER	CDS				
HeLa	chr1:-:54875984	ELAP_exclusive_reported	GCUGG	DHCR24	DHCR24	NM_014762.4	1	CDS|EXON_OTHER	CDS				
HeLa	chr1:-:6185970	shared	UGUAG	RPL22	RPL22	NM_000983.4	1	EXON_OTHER	EXON_OTHER	78.8377172025373	0.965		
HeLa	chr1:-:6186768	shared	CGUGA	RPL22	RPL22	NM_000983.4	1	CDS|EXON_OTHER	CDS	18.6563865597905	0.3275		
HeLa	chr1:-:6197683	shared	UGUAG	RPL22	RPL22	NM_000983.4	1	CDS|EXON_OTHER	CDS	17.808498718386	0.3025		
HeLa	chr1:-:67703160	BID_exclusive_reported	UGUAG	GNG12	GNG12	NM_018841.6	1	EXON_OTHER	EXON_OTHER	48.8610787404945	0.825		
HeLa	chr1:-:8865342	ELAP_exclusive_reported	GGUAC	ENO1	ENO1	NM_001428.5	1	CDS|EXON_OTHER	CDS				
HeLa	chr1:-:8868047	ELAP_exclusive_reported	CGUCA	ENO1	ENO1	NM_001428.5	1	CDS|EXON_OTHER	CDS				
HeLa	chr1:-:8878684	ELAP_exclusive_reported	AGUAU	ENO1	ENO1	NM_001428.5	1	EXON_OTHER	EXON_OTHER				
HeLa	chr1:-:88983617	BID_exclusive_reported	AAUGG	RBMXL1	RBMXL1	NM_001162536.3	1	CDS|EXON_OTHER	CDS	30.7954814179383	0.5975		
HeLa	chr20:+:31514487	ELAP_exclusive_reported	GGUGU	HM13	HM13	NM_178581.3	1	EXON_OTHER	EXON_OTHER				
HeLa	chr20:+:3223583	ELAP_exclusive_reported	UGUCG	ITPA	ITPA	NM_033453.4	1	EXON_OTHER	EXON_OTHER				
HeLa	chr20:+:326481	BID_exclusive_reported	GCUGU	SOX12	SOX12	NM_006943.4	1	CDS|EXON_OTHER	CDS	14.1470452238417	0.15		
HeLa	chr20:+:35542868	shared	GAUGU	ERGIC3	ERGIC3	NM_015966.3	1	CDS|EXON_OTHER	CDS	48.3888781635235	0.8225		
HeLa	chr20:+:36548056	ELAP_exclusive_reported	CCUGG	MYL9	MYL9	NM_006097.5	1	CDS|EXON_OTHER	CDS				
HeLa	chr20:+:36549611	BID_exclusive_reported	AGUCC	MYL9	MYL9	NM_006097.5	1	EXON_OTHER	EXON_OTHER	28.7500042290926	0.565		
HeLa	chr20:+:37225723	shared	CAUCG	RPN2	RPN2	NM_002951.5	1	CDS|EXON_OTHER	CDS	40.1752588630607	0.7475		
HeLa	chr20:+:3797704	BID_exclusive_reported	CAUCC	CDC25B	CDC25B	NM_021873.4	1	CDS|EXON_OTHER	CDS	43.4193369097863	0.7875		
HeLa	chr20:+:44720091	BID_exclusive_reported	GGUGG	CCN5	CCN5	NM_003881.4	1	CDS|EXON_OTHER	CDS	12.0097653554183	0.0825		
HeLa	chr20:+:44750936	shared	UCUAG	KCNK15	KCNK15	NM_022358.4	1	EXON_OTHER	EXON_OTHER	94.3801863843962	0.9875		
HeLa	chr20:+:45410529	shared	GGUAC	DBNDD2	DBNDD2	NM_001048225.4	1	EXON_OTHER	EXON_OTHER	38.9455682242899	0.73		
HeLa	chr20:+:45419306	ELAP_exclusive_reported	ACUAC	PIGT	PIGT	NM_015937.6	1	CDS|EXON_OTHER	CDS				
HeLa	chr20:+:45426032	ELAP_exclusive_reported	CCUCA	PIGT	PIGT	NM_015937.6	1	EXON_OTHER	EXON_OTHER				
HeLa	chr20:+:56365194	ELAP_exclusive_reported	ACUGU	FAM210B	FAM210B	NM_080821.3	1	CDS|EXON_OTHER	CDS				
HeLa	chr20:+:58910759	ELAP_exclusive_reported	CAUCC	GNAS	GNAS	NM_000516.7|NM_016592.5|NM_080425.4	1	CDS|EXON_OTHER	CDS				
HeLa	chr20:+:62387123	ELAP_exclusive_reported	GGUGU	RPS21	RPS21	NM_001024.4	1	EXON_OTHER	EXON_OTHER				
HeLa	chr20:+:62387128	ELAP_exclusive_reported	GGUGG	RPS21	RPS21	NM_001024.4	1	EXON_OTHER	EXON_OTHER				
HeLa	chr20:+:62387628	ELAP_exclusive_reported	CAUCA	RPS21	RPS21	NM_001024.4	1	CDS|EXON_OTHER	CDS				
HeLa	chr20:+:62388360	ELAP_exclusive_reported	UCUCA	RPS21	RPS21	NM_001024.4	1	CDS|EXON_OTHER	CDS				
HeLa	chr20:+:63742413	shared	GCUGA	SLC2A4RG	SLC2A4RG	NM_020062.4	1	CDS|EXON_OTHER	CDS	63.536903888713	0.905		
HeLa	chr20:-:2463146	ELAP_exclusive_reported	AGUAC	SNRPB	SNRPB	NM_003091.4	1	CDS|EXON_OTHER	CDS				
HeLa	chr20:-:30512677	ELAP_exclusive_reported	UGUAG				0		UNANNOTATED				
HeLa	chr20:-:35284418	ELAP_exclusive_reported	ACUGU	EIF6	EIF6	NM_002212.4	1	CDS|EXON_OTHER	CDS				
HeLa	chr20:-:3755495	ELAP_exclusive_reported	GCUCC	ADISSP	ADISSP	NM_001258429.2	1	CDS|EXON_OTHER	CDS				
HeLa	chr20:-:44466717	ELAP_exclusive_reported	UGUGG				0		UNANNOTATED				
HeLa	chr20:-:59007029	ELAP_exclusive_reported	GCUAC	CTSZ	CTSZ	NM_001336.4	1	CDS|EXON_OTHER	CDS				
HeLa	chr20:-:59030428	ELAP_exclusive_reported	GCUAC	ATP5F1E	ATP5F1E	NM_006886.4	1	CDS|EXON_OTHER	CDS				
HeLa	chr20:-:62323581	ELAP_exclusive_reported	GCUCU	LAMA5	LAMA5	NM_005560.6	1	CDS|EXON_OTHER	CDS				
HeLa	chr20:-:62325413	BID_exclusive_reported	GGUGG	LAMA5	LAMA5	NM_005560.6	1	CDS|EXON_OTHER	CDS	21.4281983676421	0.41		
HeLa	chr21:+:34388999	BID_exclusive_reported	GGUGG	SMIM11	SMIM11	NM_058182.5	1	EXON_OTHER	EXON_OTHER	51.4554766201205	0.8375		
HeLa	chr21:+:43757122	BID_exclusive_reported	GGUGG	PDXK	PDXK	NM_003681.5	1	EXON_OTHER	EXON_OTHER	19.6543432972809	0.3575		
HeLa	chr21:+:43761229	BID_exclusive_reported	GGUGG	PDXK	PDXK	NM_003681.5	1	EXON_OTHER	EXON_OTHER	15.6860324210542	0.2175		
HeLa	chr21:+:43982621	BID_exclusive_reported	GGUGG	AGPAT3	AGPAT3	NM_020132.5	1	EXON_OTHER	EXON_OTHER	10.1962920681893	0.0125		
HeLa	chr21:+:44316470	BID_exclusive_reported	ACUGU	PFKL	PFKL	NM_002626.6	1	CDS|EXON_OTHER	CDS	12.5041027863963	0.0975		
HeLa	chr21:+:8218393	ELAP_exclusive_reported	CGUGA				0		UNANNOTATED				
HeLa	chr21:+:8400869	ELAP_exclusive_reported	UGUAG				0		UNANNOTATED				
HeLa	chr21:+:8401431	ELAP_exclusive_reported	CGUGA				0		UNANNOTATED				
HeLa	chr21:+:8401599	ELAP_exclusive_reported	ACUGA				0		UNANNOTATED				
HeLa	chr21:+:8442822	ELAP_exclusive_reported	CCUCA				0		UNANNOTATED				
HeLa	chr21:+:8442828	ELAP_exclusive_reported	GAUAG				0		UNANNOTATED				
HeLa	chr21:+:8445831	ELAP_exclusive_reported	ACUGA				0		UNANNOTATED				
HeLa	chr21:-:25881387	shared	AAUAG	APP	APP	NM_000484.4	1	EXON_OTHER	EXON_OTHER	40.4897325507958	0.755		
HeLa	chr21:-:25891798	ELAP_exclusive_reported	CAUAG	APP	APP	NM_000484.4	1	CDS|EXON_OTHER	CDS				
HeLa	chr21:-:25955661	ELAP_exclusive_reported	GGUGG	APP	APP	NM_000484.4	1	CDS|EXON_OTHER	CDS				
HeLa	chr21:-:29062177	ELAP_exclusive_reported	CAUAG	CCT8	CCT8	NM_006585.4	1	CDS|EXON_OTHER	CDS				
HeLa	chr21:-:33907381	ELAP_exclusive_reported	UGUCC	ATP5PO	ATP5PO	NM_001697.3	1	CDS|EXON_OTHER	CDS				
HeLa	chr22:+:29298859	BID_exclusive_reported	CGUCC	EWSR1	EWSR1	NM_005243.4	1	CDS|EXON_OTHER	CDS	31.4406169792027	0.605		
HeLa	chr22:+:29603684	ELAP_exclusive_reported	UCUAG	NF2	NF2	NM_000268.4	1	EXON_OTHER	EXON_OTHER				
HeLa	chr22:+:31420277	shared	GAUCU	DRG1	DRG1	NM_004147.4	1	CDS|EXON_OTHER	CDS	14.3369711704942	0.1575		
HeLa	chr22:+:35424407	shared	UGUAG	MCM5	MCM5	NM_006739.4	1	EXON_OTHER	EXON_OTHER	61.3114252073505	0.8875		
HeLa	chr22:+:37878111	ELAP_exclusive_reported	GGUAU	EIF3L	EIF3L	NM_016091.4	1	CDS|EXON_OTHER	CDS				
HeLa	chr22:+:39521800	ELAP_exclusive_reported	GAUGU	ATF4	ATF4	NM_182810.3	1	CDS|EXON_OTHER	CDS				
HeLa	chr22:+:41906158	ELAP_exclusive_reported	UGUAG	SREBF2	SREBF2	NM_004599.4	1	EXON_OTHER	EXON_OTHER				
HeLa	chr22:+:43159338	ELAP_exclusive_reported	GGUAC	TSPO	TSPO	NM_000714.6	1	CDS|EXON_OTHER	CDS				
HeLa	chr22:+:43957026	ELAP_exclusive_reported	AAUAU				0		UNANNOTATED				
HeLa	chr22:+:44119087	BID_exclusive_reported	UGUGA	PARVB	PARVB	NM_013327.5	1	CDS|EXON_OTHER	CDS	31.1435082176541	0.6		
HeLa	chr22:+:45525645	ELAP_exclusive_reported	GGUGA	FBLN1	FBLN1	NM_006486.3	1	CDS|EXON_OTHER	CDS				
HeLa	chr22:+:45533856	ELAP_exclusive_reported	GCUGC	FBLN1	FBLN1	NM_006486.3	1	CDS|EXON_OTHER	CDS				
HeLa	chr22:+:45600473	ELAP_exclusive_reported	GGUGC	FBLN1	FBLN1	NM_006486.3	1	EXON_OTHER	EXON_OTHER				
HeLa	chr22:-:26887501	ELAP_exclusive_reported	UCUGA				0		UNANNOTATED				
HeLa	chr22:-:39315476	ELAP_exclusive_reported	GCUGG	RPL3	RPL3	NM_000967.4	1	CDS|EXON_OTHER	CDS				
HeLa	chr22:-:39317493	ELAP_exclusive_reported	AGUGA	RPL3	RPL3	NM_000967.4	1	CDS|EXON_OTHER	CDS				
HeLa	chr22:-:39317505	ELAP_exclusive_reported	GCUGA	RPL3	RPL3	NM_000967.4	1	CDS|EXON_OTHER	CDS				
HeLa	chr22:-:41675036	BID_exclusive_reported	GGUCU	SNU13	SNU13	NM_001003796.2	1	CDS|EXON_OTHER	CDS	21.6745766502589	0.4225		
HeLa	chr22:-:44494829	BID_exclusive_reported	GGUGG	RTL6	RTL6	NM_032287.3	1	EXON_OTHER	EXON_OTHER	23.8367598729806	0.48		
HeLa	chr22:-:50466388	BID_exclusive_reported	UGUAG	SBF1	SBF1	NM_002972.4	1	CDS|EXON_OTHER	CDS	49.7985842893937	0.83		
HeLa	chr22:-:50503113	BID_exclusive_reported	UGUGG	LMF2	LMF2	NM_033200.3	1	EXON_OTHER	EXON_OTHER	15.0060097638681	0.185		
HeLa	chr22_KI270733v1_random:+:133944	ELAP_exclusive_reported	AAUGA				0		UNANNOTATED				
HeLa	chr22_KI270733v1_random:+:134731	ELAP_exclusive_reported	CGUGA				0		UNANNOTATED				
HeLa	chr22_KI270733v1_random:+:134899	ELAP_exclusive_reported	ACUGA				0		UNANNOTATED				
HeLa	chr22_KI270733v1_random:+:176959	ELAP_exclusive_reported	CCUCA				0		UNANNOTATED				
HeLa	chr22_KI270733v1_random:+:177026	ELAP_exclusive_reported	AAUGA				0		UNANNOTATED				
HeLa	chr2:+:101006001	ELAP_exclusive_reported	CGUAA	RPL31	RPL31	NM_000993.5	1	CDS|EXON_OTHER	CDS				
HeLa	chr2:+:130182432	ELAP_exclusive_reported	GCUAU	MZT2B	MZT2B	NM_025029.5	1	CDS|EXON_OTHER	CDS				
HeLa	chr2:+:181901822	ELAP_exclusive_reported	UAUAU	ITPRID2	ITPRID2	NM_001130445.3	1	CDS|EXON_OTHER	CDS				
HeLa	chr2:+:188984855	ELAP_exclusive_reported	GAUCC	COL3A1	COL3A1	NM_000090.4	1	CDS|EXON_OTHER	CDS				
HeLa	chr2:+:189661516	BID_exclusive_reported	GGUGG	ASDURF|ASNSD1	ASDURF|ASNSD1	NM_001353493.2|NM_019048.4	2	EXON_OTHER	EXON_OTHER	25.9537873546104	0.5225		
HeLa	chr2:+:190933796	ELAP_exclusive_reported	UGUGA				0		UNANNOTATED				
HeLa	chr2:+:200472887	BID_exclusive_reported	CCUCU	SPATS2L	SPATS2L	NM_001100423.2	1	CDS|EXON_OTHER	CDS	26.5871240919809	0.535		
HeLa	chr2:+:201085563	BID_exclusive_reported	UGUAG	NDUFB3	NDUFB3	NM_002491.3	1	CDS|EXON_OTHER	CDS	55.4019743605056	0.86		
HeLa	chr2:+:206160053	ELAP_exclusive_reported	CAUCG	EEF1B2	EEF1B2	NM_001959.4	1	CDS|EXON_OTHER	CDS				
HeLa	chr2:+:215326117	BID_exclusive_reported	ACUAG	ATIC	ATIC	NM_004044.7	1	CDS|EXON_OTHER	CDS	13.1432272147034	0.11		
HeLa	chr2:+:216205276	ELAP_exclusive_reported	GAUGC	XRCC5	XRCC5	NM_021141.4	1	EXON_OTHER	EXON_OTHER				
HeLa	chr2:+:216499392	BID_exclusive_reported	UGUGG	RPL37A	RPL37A	NM_000998.5	1	CDS|EXON_OTHER	CDS	40.8819866507207	0.7575		
HeLa	chr2:+:216501361	ELAP_exclusive_reported	GGUAA	RPL37A	RPL37A	NM_000998.5	1	CDS|EXON_OTHER	CDS				
HeLa	chr2:+:236580659	BID_exclusive_reported	GGUGG	ACKR3	ACKR3	NM_020311.3	1	CDS|EXON_OTHER	CDS	11.3271981970882	0.0575		
HeLa	chr2:+:240467960	BID_exclusive_reported	GGUCA	GPC1	GPC1	NM_002081.3	1	EXON_OTHER	EXON_OTHER	28.5723656755731	0.56		
HeLa	chr2:+:241335180	BID_exclusive_reported	UCUGU	SEPTIN2	SEPTIN2	NM_004404.5	1	CDS|EXON_OTHER	CDS	28.1899802837692	0.55		
HeLa	chr2:+:3580113	ELAP_exclusive_reported	CGUAC	RPS7	RPS7	NM_001011.4	1	CDS|EXON_OTHER	CDS				
HeLa	chr2:+:38482177	ELAP_exclusive_reported	GCUGC				0		UNANNOTATED				
HeLa	chr2:+:38482380	ELAP_exclusive_reported	CAUGC				0		UNANNOTATED				
HeLa	chr2:+:58251767	ELAP_exclusive_reported	GCUAC				0		UNANNOTATED				
HeLa	chr2:+:65239943	BID_exclusive_reported	AGUGG	ACTR2	ACTR2	NM_005722.4	1	CDS|EXON_OTHER	CDS	31.9651299840866	0.6125		
HeLa	chr2:+:65270551	BID_exclusive_reported	UGUAG	ACTR2	ACTR2	NM_005722.4	1	EXON_OTHER	EXON_OTHER	34.5724302429467	0.6575		
HeLa	chr2:+:73227115	ELAP_exclusive_reported	GGUGA	SMYD5	SMYD5	NM_006062.3	1	EXON_OTHER	EXON_OTHER				
HeLa	chr2:+:73252776	shared	UGUAG	CCT7	CCT7	NM_006429.4	1	CDS|EXON_OTHER	CDS	32.1114522789395	0.6225		
HeLa	chr2:-:11211766	BID_exclusive_reported	GCUGA	ROCK2	ROCK2	NM_004850.5	1	CDS|EXON_OTHER	CDS	10.2776454172875	0.02		
HeLa	chr2:-:127063629	ELAP_exclusive_reported	CGUCA	BIN1	BIN1	NM_139343.3	1	CDS|EXON_OTHER	CDS				
HeLa	chr2:-:131049504	BID_exclusive_reported	UGUGA	FAM168B	FAM168B	NM_001009993.4	1	EXON_OTHER	EXON_OTHER	96.6237379126468	0.9925		
HeLa	chr2:-:1633782	BID_exclusive_reported	UGUCA	PXDN	PXDN	NM_012293.3	1	EXON_OTHER	EXON_OTHER	16.7682415391818	0.2525		
HeLa	chr2:-:171517260	ELAP_exclusive_reported	GCUAA				0		UNANNOTATED				
HeLa	chr2:-:176201191	ELAP_exclusive_reported	GGUGA				0		UNANNOTATED				
HeLa	chr2:-:197498750	ELAP_exclusive_reported	GGUGC	HSPD1	HSPD1	NM_002156.5	1	CDS|EXON_OTHER	CDS				
HeLa	chr2:-:215391813	BID_exclusive_reported	GCUGU	FN1	FN1	NM_212482.4	1	CDS|EXON_OTHER	CDS	22.4314399867026	0.4525		
HeLa	chr2:-:229591647	BID_exclusive_reported	GGUGA	DNER	DNER	NM_139072.4	1	CDS|EXON_OTHER	CDS	37.3232832706294	0.7025		
HeLa	chr2:-:232482574	BID_exclusive_reported	ACUAU	ECEL1	ECEL1	NM_004826.4	1	CDS|EXON_OTHER	CDS	49.7677097102545	0.8275		
HeLa	chr2:-:54972477	ELAP_exclusive_reported	UCUAG	RTN4	RTN4	NM_020532.5	1	EXON_OTHER	EXON_OTHER				
HeLa	chr2:-:55867137	ELAP_exclusive_reported	UAUAG	EFEMP1	EFEMP1	NM_001039348.3	1	CDS|EXON_OTHER	CDS				
HeLa	chr2:-:74369480	BID_exclusive_reported	AAUGA	DCTN1	DCTN1	NM_004082.5	1	CDS|EXON_OTHER	CDS	25.8463080829729	0.52		
HeLa	chr2:-:86179518	BID_exclusive_reported	UGUAG	IMMT	IMMT	NM_006839.3	1	CDS|EXON_OTHER	CDS	39.0466521606855	0.7325		
HeLa	chr2:-:96274949	shared	UGUAG	SNRNP200	SNRNP200	NM_014014.5	1	EXON_OTHER	EXON_OTHER	24.8564405493548	0.4975		
HeLa	chr2:-:96283266	BID_exclusive_reported	GGUGG	SNRNP200	SNRNP200	NM_014014.5	1	CDS|EXON_OTHER	CDS	20.8196165266263	0.3925		
HeLa	chr2:-:96305463	BID_exclusive_reported	GGUCU	SNRNP200	SNRNP200	NM_014014.5	1	EXON_OTHER	EXON_OTHER	19.6028783161231	0.355		
HeLa	chr3:+:121494289	ELAP_exclusive_reported	UAUCA				0		UNANNOTATED				
HeLa	chr3:+:128064896	ELAP_exclusive_reported	GCUAU	SEC61A1	SEC61A1	NM_013336.4	1	CDS|EXON_OTHER	CDS				
HeLa	chr3:+:128071579	BID_exclusive_reported	GGUGG	SEC61A1	SEC61A1	NM_013336.4	1	EXON_OTHER	EXON_OTHER	14.4439910316985	0.1625		
HeLa	chr3:+:197950967	shared	ACUAU	RPL35A	RPL35A	NM_000996.4	1	EXON_OTHER	EXON_OTHER	20.481433115469	0.3825		
HeLa	chr3:+:23917907	ELAP_exclusive_reported	UCUGA	RPL15	RPL15	NM_002948.5	1	CDS|EXON_OTHER	CDS				
HeLa	chr3:+:23918437	ELAP_exclusive_reported	UGUAG				0		UNANNOTATED				
HeLa	chr3:+:23919567	BID_exclusive_reported	GGUGU	RPL15	RPL15	NM_002948.5	1	EXON_OTHER	EXON_OTHER	22.6987877229564	0.4575		
HeLa	chr3:+:39408704	ELAP_exclusive_reported	UAUCC	RPSA	RPSA	NM_002295.6	1	CDS|EXON_OTHER	CDS				
HeLa	chr3:+:39411955	ELAP_exclusive_reported	GGUGA	RPSA	RPSA	NM_002295.6	1	CDS|EXON_OTHER	CDS				
HeLa	chr3:+:40457969	ELAP_exclusive_reported	UGUAG	RPL14	RPL14	NM_001034996.3	1	CDS|EXON_OTHER	CDS				
HeLa	chr3:+:41234198	BID_exclusive_reported	CGUGA	CTNNB1	CTNNB1	NM_001904.4	1	CDS|EXON_OTHER	CDS	14.0538655491308	0.1475		
HeLa	chr3:+:41234276	BID_exclusive_reported	GGUGG	CTNNB1	CTNNB1	NM_001904.4	1	CDS|EXON_OTHER	CDS	11.0570978920768	0.05		
HeLa	chr3:+:41238036	ELAP_exclusive_reported	GAUAU	CTNNB1	CTNNB1	NM_001904.4	1	CDS|EXON_OTHER	CDS				
HeLa	chr3:+:41240100	BID_exclusive_reported	GGUGU	CTNNB1	CTNNB1	NM_001904.4	1	EXON_OTHER	EXON_OTHER	14.5660507676641	0.1675		
HeLa	chr3:+:47846614	shared	AAUGU	DHX30	DHX30	NM_138615.3	1	CDS|EXON_OTHER	CDS	67.3165226584585	0.9275		
HeLa	chr3:-:101682844	ELAP_exclusive_reported	CAUCU	RPL24	RPL24	NM_000986.4	1	CDS|EXON_OTHER	CDS				
HeLa	chr3:-:112561618	BID_exclusive_reported	GGUGG	ATG3	ATG3	NM_022488.5	1	EXON_OTHER	EXON_OTHER	25.8083382241408	0.5175		
HeLa	chr3:-:120395859	ELAP_exclusive_reported	UAUGC	FSTL1	FSTL1	NM_007085.5	1	EXON_OTHER	EXON_OTHER				
HeLa	chr3:-:120396049	ELAP_exclusive_reported	AGUCC	FSTL1	FSTL1	NM_007085.5	1	EXON_OTHER	EXON_OTHER				
HeLa	chr3:-:120396118	ELAP_exclusive_reported	AAUAA	FSTL1	FSTL1	NM_007085.5	1	EXON_OTHER	EXON_OTHER				
HeLa	chr3:-:128622242	ELAP_exclusive_reported	ACUGA	RPN1	RPN1	NM_002950.4	1	CDS|EXON_OTHER	CDS				
HeLa	chr3:-:131498207	shared	UGUAG	MRPL3	MRPL3	NM_007208.4	1	CDS|EXON_OTHER	CDS	47.3267935134966	0.81		
HeLa	chr3:-:134478147	BID_exclusive_reported	UGUAG	ANAPC13	ANAPC13	NM_015391.4	1	EXON_OTHER	EXON_OTHER	42.3214730395266	0.7775		
HeLa	chr3:-:142827635	ELAP_exclusive_reported	GCUGC				0		UNANNOTATED				
HeLa	chr3:-:161429418	ELAP_exclusive_reported	UAUCC				0		UNANNOTATED				
HeLa	chr3:-:169483767	ELAP_exclusive_reported	CGUGA				0		UNANNOTATED				
HeLa	chr3:-:37016655	ELAP_exclusive_reported	CGUAU				0		UNANNOTATED				
HeLa	chr3:-:44749581	BID_exclusive_reported	AGUCU	KIAA1143	KIAA1143	NM_020696.4	1	EXON_OTHER	EXON_OTHER	82.806998339309	0.9775		
HeLa	chr3:-:47710766	BID_exclusive_reported	AAUGG	SMARCC1	SMARCC1	NM_003074.4	1	CDS|EXON_OTHER	CDS	28.4697175420185	0.555		
HeLa	chr3:-:48600514	ELAP_exclusive_reported	CAUCC	UQCRC1	UQCRC1	NM_003365.3	1	CDS|EXON_OTHER	CDS				
HeLa	chr3:-:49024707	ELAP_exclusive_reported	CAUCC	IMPDH2	IMPDH2	NM_000884.3	1	CDS|EXON_OTHER	CDS				
HeLa	chr3:-:49104394	ELAP_exclusive_reported	GAUAC	QARS1	QARS1	NM_005051.3	1	CDS|EXON_OTHER	CDS				
HeLa	chr3:-:49360211	ELAP_exclusive_reported	UGUGA	RHOA	RHOA	NM_001664.4	1	CDS|EXON_OTHER	CDS				
HeLa	chr3:-:49411842	ELAP_exclusive_reported	GCUGG	RHOA	RHOA	NM_001664.4	1	EXON_OTHER	EXON_OTHER				
HeLa	chr3:-:51993896	shared	CGUAU	RPL29	RPL29	NM_000992.3	1	CDS|EXON_OTHER	CDS	51.0276738545865	0.835		
HeLa	chr3:-:53229396	ELAP_exclusive_reported	GGUGC	TKT	TKT	NM_001064.4	1	CDS|EXON_OTHER	CDS				
HeLa	chr3:-:53235164	ELAP_exclusive_reported	UCUAU	TKT	TKT	NM_001064.4	1	CDS|EXON_OTHER	CDS				
HeLa	chr3:-:53255959	ELAP_exclusive_reported	GGUCC	TKT	TKT	NM_001064.4	1	EXON_OTHER	EXON_OTHER				
HeLa	chr3:-:53891816	BID_exclusive_reported	GGUGG	SELENOK	SELENOK	NM_021237.5	1	EXON_OTHER	EXON_OTHER	17.5033854550107	0.2825		
HeLa	chr3:-:9780336	ELAP_exclusive_reported	GCUGA	TADA3	TADA3	NM_006354.5	1	EXON_OTHER	EXON_OTHER				
HeLa	chr4:+:105485641	ELAP_exclusive_reported	UGUCA				0		UNANNOTATED				
HeLa	chr4:+:105937102	BID_exclusive_reported	UAUGC	NPNT	NPNT	NM_001033047.3	1	CDS|EXON_OTHER	CDS	99.9999999	0.9975		
HeLa	chr4:+:108622141	ELAP_exclusive_reported	UAUAC	RPL34	RPL34	NM_001319236.2	1	CDS|EXON_OTHER	CDS				
HeLa	chr4:+:108622180	ELAP_exclusive_reported	GGUGU	RPL34	RPL34	NM_001319236.2	1	CDS|EXON_OTHER	CDS				
HeLa	chr4:+:108622601	ELAP_exclusive_reported	GCUAA	RPL34	RPL34	NM_001319236.2	1	CDS|EXON_OTHER	CDS				
HeLa	chr4:+:151102981	ELAP_exclusive_reported	UAUGC	RPS3A	RPS3A	NM_001006.5	1	CDS|EXON_OTHER	CDS				
HeLa	chr4:+:168832124	ELAP_exclusive_reported	GCUCC				0		UNANNOTATED				
HeLa	chr4:+:17607509	ELAP_exclusive_reported	CCUAU	LAP3	LAP3	NM_015907.3	1	CDS|EXON_OTHER	CDS				
HeLa	chr4:+:176320129	BID_exclusive_reported	CGUGA	SPCS3	SPCS3	NM_021928.4	1	CDS|EXON_OTHER	CDS	17.4124180717634	0.2775		
HeLa	chr4:+:39081193	BID_exclusive_reported	GGUGU	KLHL5	KLHL5	NM_015990.5	1	CDS|EXON_OTHER	CDS	10.261805958624	0.015		
HeLa	chr4:+:47706419	ELAP_exclusive_reported	UCUGA				0		UNANNOTATED				
HeLa	chr4:+:65573521	ELAP_exclusive_reported	ACUGA				0		UNANNOTATED				
HeLa	chr4:+:94654552	BID_exclusive_reported	UGUAG	PDLIM5	PDLIM5	NM_006457.5	1	CDS|EXON_OTHER	CDS	29.6040951108017	0.585		
HeLa	chr4:-:10083082	ELAP_exclusive_reported	GCUCA	WDR1	WDR1	NM_017491.5	1	CDS|EXON_OTHER	CDS				
HeLa	chr4:-:2932661	BID_exclusive_reported	CGUCA	SLC75A1	SLC75A1	NM_001146069.2	1	CDS|EXON_OTHER	CDS	37.4455287453368	0.7075		
HeLa	chr4:-:57040894	shared	UGUCA	IGFBP7	IGFBP7	NM_001553.3	1	CDS|EXON_OTHER	CDS	16.0601932608237	0.2325		
HeLa	chr4:-:57110339	shared	CGUCG	IGFBP7	IGFBP7	NM_001553.3	1	CDS|EXON_OTHER	CDS	51.8234349629059	0.84		
HeLa	chr4:-:70825360	BID_exclusive_reported	GCUGA	GRSF1	GRSF1	NM_002092.4	1	CDS|EXON_OTHER	CDS	10.285406596698	0.0225		
HeLa	chr5:+:10250295	ELAP_exclusive_reported	CGUAG	CCT5	CCT5	NM_012073.5	1	EXON_OTHER	EXON_OTHER				
HeLa	chr5:+:10391615	BID_exclusive_reported	AGUGG	MARCHF6	MARCHF6	NM_005885.4	1	CDS|EXON_OTHER	CDS	15.755287787608	0.22		
HeLa	chr5:+:132866680	ELAP_exclusive_reported	GCUGA	UQCRQ	UQCRQ	NM_014402.5	1	EXON_OTHER	EXON_OTHER				
HeLa	chr5:+:132867597	ELAP_exclusive_reported	GAUGA	UQCRQ	UQCRQ	NM_014402.5	1	EXON_OTHER	EXON_OTHER				
HeLa	chr5:+:134858824	BID_exclusive_reported	AGUAU	C5orf24	C5orf24	NM_001135586.1	1	EXON_OTHER	EXON_OTHER	35.1553693321346	0.67		
HeLa	chr5:+:134924078	ELAP_exclusive_reported	GAUGG				0		UNANNOTATED				
HeLa	chr5:+:136059177	ELAP_exclusive_reported	GCUAA	TGFBI	TGFBI	NM_000358.3	1	CDS|EXON_OTHER	CDS				
HeLa	chr5:+:136060866	ELAP_exclusive_reported	CCUGU	TGFBI	TGFBI	NM_000358.3	1	CDS|EXON_OTHER	CDS				
HeLa	chr5:+:136063751	BID_exclusive_reported	UGUAG	TGFBI	TGFBI	NM_000358.3	1	EXON_OTHER	EXON_OTHER	34.679465156283	0.66		
HeLa	chr5:+:138182935	BID_exclusive_reported	AGUGG	KIF20A	KIF20A	NM_005733.3	1	CDS|EXON_OTHER	CDS	12.3681734965399	0.095		
HeLa	chr5:+:138185154	BID_exclusive_reported	UAUCC	KIF20A	KIF20A	NM_005733.3	1	CDS|EXON_OTHER	CDS	36.3928248157702	0.685		
HeLa	chr5:+:139623411	BID_exclusive_reported	GAUGA	UBE2D2	UBE2D2	NM_003339.3	1	CDS|EXON_OTHER	CDS	17.0318539757836	0.2675		
HeLa	chr5:+:148214972	ELAP_exclusive_reported	GGUGA	SPINK6	SPINK6	NM_205841.4	1	EXON_OTHER	EXON_OTHER				
HeLa	chr5:+:148215059	ELAP_exclusive_reported	ACUCU	SPINK6	SPINK6	NM_205841.4	1	EXON_OTHER	EXON_OTHER				
HeLa	chr5:+:150094786	ELAP_exclusive_reported	AAUCA				0		UNANNOTATED				
HeLa	chr5:+:154815705	BID_exclusive_reported	UGUGG	LARP1	LARP1	NM_033551.3	1	EXON_OTHER	EXON_OTHER	15.8340286467912	0.2225		
HeLa	chr5:+:168616581	ELAP_exclusive_reported	GGUAA				0		UNANNOTATED				
HeLa	chr5:+:172909723	shared	CGUCA	ERGIC1	ERGIC1	NM_001031711.3	1	CDS|EXON_OTHER	CDS	41.3073418680239	0.765		
HeLa	chr5:+:177305904	BID_exclusive_reported	ACUCU	PRELID1	PRELID1	NM_013237.4	1	CDS|EXON_OTHER	CDS	38.2401021997093	0.72		
HeLa	chr5:+:177596002	ELAP_exclusive_reported	AGUAG	TMED9	TMED9	NM_017510.6	1	EXON_OTHER	EXON_OTHER				
HeLa	chr5:+:179720419	ELAP_exclusive_reported	GAUGG	CANX	CANX	NM_001746.4	1	CDS|EXON_OTHER	CDS				
HeLa	chr5:+:33162346	ELAP_exclusive_reported	CGUGC				0		UNANNOTATED				
HeLa	chr5:+:37085291	ELAP_exclusive_reported	UAUAA				0		UNANNOTATED				
HeLa	chr5:+:55945018	ELAP_exclusive_reported	GCUGU				0		UNANNOTATED				
HeLa	chr5:+:79529571	ELAP_exclusive_reported	GCUAC				0		UNANNOTATED				
HeLa	chr5:-:116051908	ELAP_exclusive_reported	AAUAG				0		UNANNOTATED				
HeLa	chr5:-:122077486	BID_exclusive_reported	GGUGG	LOX	LOX	NM_002317.7	1	CDS|EXON_OTHER	CDS	17.4517302512529	0.28		
HeLa	chr5:-:128527939	BID_exclusive_reported	AAUGG	FBN2	FBN2	NM_001999.4	1	CDS|EXON_OTHER	CDS	28.3364092643022	0.5525		
HeLa	chr5:-:134926635	ELAP_exclusive_reported	CAUCA				0		UNANNOTATED				
HeLa	chr5:-:134927314	ELAP_exclusive_reported	UAUGG				0		UNANNOTATED				
HeLa	chr5:-:137140623	ELAP_exclusive_reported	ACUAC	SPOCK1	SPOCK1	NM_004598.4	1	CDS|EXON_OTHER	CDS				
HeLa	chr5:-:138506557	ELAP_exclusive_reported	GCUAU	ETF1	ETF1	NM_004730.4	1	EXON_OTHER	EXON_OTHER				
HeLa	chr5:-:140645503	ELAP_exclusive_reported	CCUAU	NDUFA2	NDUFA2	NM_002488.5	1	EXON_OTHER	EXON_OTHER				
HeLa	chr5:-:140676787	BID_exclusive_reported	UGUGG	HARS1	HARS1	NM_002109.6	1	CDS|EXON_OTHER	CDS	15.3892912608414	0.2075		
HeLa	chr5:-:141529173	BID_exclusive_reported	GGUGG	DIAPH1	DIAPH1	NM_005219.5	1	CDS|EXON_OTHER	CDS	31.9702946825454	0.615		
HeLa	chr5:-:147415784	ELAP_exclusive_reported	ACUAU	DPYSL3	DPYSL3	NM_001197294.2	1	CDS|EXON_OTHER	CDS				
HeLa	chr5:-:150444338	ELAP_exclusive_reported	CAUCC	RPS14	RPS14	NM_005617.4	1	CDS|EXON_OTHER	CDS				
HeLa	chr5:-:150445626	ELAP_exclusive_reported	UAUGA	RPS14	RPS14	NM_005617.4	1	CDS|EXON_OTHER	CDS				
HeLa	chr5:-:151030284	BID_exclusive_reported	UGUAG	TNIP1	TNIP1	NM_006058.5	1	EXON_OTHER	EXON_OTHER	46.4804197896769	0.7975		
HeLa	chr5:-:157931427	ELAP_exclusive_reported	GCUGA				0		UNANNOTATED				
HeLa	chr5:-:166530447	ELAP_exclusive_reported	CAUCA				0		UNANNOTATED				
HeLa	chr5:-:173317666	BID_exclusive_reported	CGUGG	STC2	STC2	NM_003714.3	1	EXON_OTHER	EXON_OTHER	17.5414533009763	0.285		
HeLa	chr5:-:175968201	BID_exclusive_reported	GGUCC	THOC3	THOC3	NM_032361.4	1	CDS|EXON_OTHER	CDS	24.9693380338649	0.5025		
HeLa	chr5:-:178149556	shared	GGUAA	NHP2	NHP2	NM_017838.4	1	EXON_OTHER	EXON_OTHER	20.2190909601906	0.3775		
HeLa	chr5:-:179797663	BID_exclusive_reported	CGUAA	MGAT4B	MGAT4B	NM_014275.5	1	EXON_OTHER	EXON_OTHER	58.1116973315642	0.87		
HeLa	chr5:-:179799600	BID_exclusive_reported	UGUAG	MGAT4B	MGAT4B	NM_014275.5	1	CDS|EXON_OTHER	CDS	41.475667120755	0.7675		
HeLa	chr5:-:181237011	ELAP_exclusive_reported	GGUGC	RACK1	RACK1	NM_006098.5	1	CDS|EXON_OTHER	CDS				
HeLa	chr5:-:181237027	ELAP_exclusive_reported	GCUAC	RACK1	RACK1	NM_006098.5	1	CDS|EXON_OTHER	CDS				
HeLa	chr5:-:181239090	ELAP_exclusive_reported	GAUCC	RACK1	RACK1	NM_006098.5	1	CDS|EXON_OTHER	CDS				
HeLa	chr5:-:181241559	ELAP_exclusive_reported	UGUCU	RACK1	RACK1	NM_006098.5	1	CDS|EXON_OTHER	CDS				
HeLa	chr5:-:32126210	ELAP_exclusive_reported	ACUCU	GOLPH3	GOLPH3	NM_022130.4	1	EXON_OTHER	EXON_OTHER				
HeLa	chr5:-:40834222	ELAP_exclusive_reported	ACUGG	RPL37	RPL37	NM_000997.5	1	CDS|EXON_OTHER	CDS				
HeLa	chr5:-:40834246	ELAP_exclusive_reported	GCUAA	RPL37	RPL37	NM_000997.5	1	CDS|EXON_OTHER	CDS				
HeLa	chr5:-:40834594	ELAP_exclusive_reported	CGUCA	RPL37	RPL37	NM_000997.5	1	CDS|EXON_OTHER	CDS				
HeLa	chr5:-:41850160	BID_exclusive_reported	GAUCC	OXCT1	OXCT1	NM_000436.4	1	CDS|EXON_OTHER	CDS	25.0330551510114	0.505		
HeLa	chr5:-:62403792	BID_exclusive_reported	UGUGG	DIMT1	DIMT1	NM_014473.4	1	EXON_OTHER	EXON_OTHER	22.1986587747069	0.445		
HeLa	chr5:-:80650713	BID_exclusive_reported	AGUCU				0		UNANNOTATED	63.6991173129002	0.9075		
HeLa	chr5:-:82276202	ELAP_exclusive_reported	GGUGA	RPS23	RPS23	NM_001025.5	1	CDS|EXON_OTHER	CDS				
HeLa	chr5:-:94569499	ELAP_exclusive_reported	UAUCA				0		UNANNOTATED				
HeLa	chr6:+:12514157	ELAP_exclusive_reported	UCUGA				0		UNANNOTATED				
HeLa	chr6:+:12514295	ELAP_exclusive_reported	UAUAG				0		UNANNOTATED				
HeLa	chr6:+:150898903	ELAP_exclusive_reported	GAUCU				0		UNANNOTATED				
HeLa	chr6:+:29942588	ELAP_exclusive_reported	GCUAC	HLA-A	HLA-A	NM_002116.8	1	CDS|EXON_OTHER	CDS				
HeLa	chr6:+:29944521	ELAP_exclusive_reported	CAUCC	HLA-A	HLA-A	NM_002116.8	1	CDS|EXON_OTHER	CDS				
HeLa	chr6:+:29945661	ELAP_exclusive_reported	CAUCU	HLA-A	HLA-A	NM_002116.8	1	EXON_OTHER	EXON_OTHER				
HeLa	chr6:+:31281274	ELAP_exclusive_reported	ACUAU				0		UNANNOTATED				
HeLa	chr6:+:43770912	BID_exclusive_reported	GGUCC	VEGFA	VEGFA	NM_003376.6	1	CDS|EXON_OTHER	CDS	22.1662650782549	0.44		
HeLa	chr6:-:144371081	ELAP_exclusive_reported	UGUAG				0		UNANNOTATED				
HeLa	chr6:-:149917036	BID_exclusive_reported	CGUGA	RAET1G	RAET1G	NM_001001788.4	1	CDS|EXON_OTHER	CDS	64.8946917832176	0.915		
HeLa	chr6:-:153282635	ELAP_exclusive_reported	GGUAA				0		UNANNOTATED				
HeLa	chr6:-:169659185	ELAP_exclusive_reported	CCUCU	WDR27	WDR27	NM_182552.5	1	CDS|EXON_OTHER	CDS				
HeLa	chr6:-:30556218	BID_exclusive_reported	GGUGA	GNL1	GNL1	NM_005275.5	1	EXON_OTHER	EXON_OTHER	37.1975371795975	0.695		
HeLa	chr6:-:31271141	ELAP_exclusive_reported	CCUGG	HLA-C	HLA-C	NM_002117.6	1	CDS|EXON_OTHER	CDS				
HeLa	chr6:-:31271323	ELAP_exclusive_reported	UCUGG	HLA-C	HLA-C	NM_002117.6	1	CDS|EXON_OTHER	CDS				
HeLa	chr6:-:31355123	ELAP_exclusive_reported	UGUAG	HLA-B	HLA-B	NM_005514.8	1	CDS|EXON_OTHER	CDS				
HeLa	chr6:-:31381980	ELAP_exclusive_reported	CAUCU				0		UNANNOTATED				
HeLa	chr6:-:31642970	ELAP_exclusive_reported	GAUCU	BAG6	BAG6	NM_001387994.1	1	CDS|EXON_OTHER	CDS				
HeLa	chr6:-:31784245	BID_exclusive_reported	UGUAG	VARS1	VARS1	NM_006295.3	1	CDS|EXON_OTHER	CDS	22.6082795118594	0.455		
HeLa	chr6:-:31971508	ELAP_exclusive_reported	GCUCA	DXO	DXO	NM_005510.4	1	CDS|EXON_OTHER	CDS				
HeLa	chr6:-:34426054	ELAP_exclusive_reported	GGUAC	RPS10	RPS10	NM_001014.5	1	EXON_OTHER	EXON_OTHER				
HeLa	chr6:-:36856640	ELAP_exclusive_reported	CAUCU	PPIL1	PPIL1	NM_016059.5	1	CDS|EXON_OTHER	CDS				
HeLa	chr6:-:43622772	BID_exclusive_reported	GGUGG	GTPBP2	GTPBP2	NM_019096.5	1	CDS|EXON_OTHER	CDS	22.141659830252	0.4375		
HeLa	chr6:-:73518433	ELAP_exclusive_reported	UGUCA	EEF1A1	EEF1A1	NM_001402.6	1	CDS|EXON_OTHER	CDS				
HeLa	chr6:-:96648535	ELAP_exclusive_reported	GCUCA				0		UNANNOTATED				
HeLa	chr7:+:100873195	shared	UCUGA	TRIP6	TRIP6	NM_003302.3	1	CDS|EXON_OTHER	CDS	46.8484513042654	0.8025		
HeLa	chr7:+:127887946	shared	GAUCA	SND1	SND1	NM_014390.4	1	CDS|EXON_OTHER	CDS	50.5854227801217	0.8325		
HeLa	chr7:+:134661621	BID_exclusive_reported	GCUCG	BPGM	BPGM	NM_001724.5	1	CDS|EXON_OTHER	CDS	27.4105085383362	0.5425		
HeLa	chr7:+:134947547	ELAP_exclusive_reported	GCUGA	CALD1	CALD1	NM_033138.4	1	CDS|EXON_OTHER	CDS				
HeLa	chr7:+:135660086	ELAP_exclusive_reported	UCUGA				0		UNANNOTATED				
HeLa	chr7:+:139423038	BID_exclusive_reported	GGUGG	LUC7L2	LUC7L2	NM_016019.5	1	EXON_OTHER	EXON_OTHER	10.57589268897	0.04		
HeLa	chr7:+:1540545	BID_exclusive_reported	AGUGG	MAFK	MAFK	NM_002360.4	1	EXON_OTHER	EXON_OTHER	20.1276050482278	0.375		
HeLa	chr7:+:2250988	BID_exclusive_reported	GGUGG	NUDT1	NUDT1	NM_002452.4	1	CDS|EXON_OTHER	CDS	28.0491611530572	0.5475		
HeLa	chr7:+:2360773	BID_exclusive_reported	UGUAG	EIF3B	EIF3B	NM_001037283.2	1	CDS|EXON_OTHER	CDS	18.5749817800363	0.325		
HeLa	chr7:+:2369496	shared	GGUAA	EIF3B	EIF3B	NM_001037283.2	1	CDS|EXON_OTHER	CDS	25.7921757921328	0.515		
HeLa	chr7:+:2380633	BID_exclusive_reported	UGUCC	EIF3B	EIF3B	NM_001037283.2	1	EXON_OTHER	EXON_OTHER	15.1906329726663	0.1925		
HeLa	chr7:+:32974721	BID_exclusive_reported	CGUGA	FKBP9	FKBP9	NM_007270.5	1	CDS|EXON_OTHER	CDS	21.3836147558034	0.4075		
HeLa	chr7:+:44697649	BID_exclusive_reported	CCUCU	OGDH	OGDH	NM_002541.4	1	CDS|EXON_OTHER	CDS	30.6991469934483	0.595		
HeLa	chr7:+:5606283	shared	UGUAG	FSCN1	FSCN1	NM_003088.4	1	EXON_OTHER	EXON_OTHER	60.4607679074999	0.885		
HeLa	chr7:+:6387215	BID_exclusive_reported	GCUGU	RAC1	RAC1	NM_006908.5	1	CDS|EXON_OTHER	CDS	41.6509935127776	0.77		
HeLa	chr7:+:75888787	ELAP_exclusive_reported	UGUAG	RHBDD2	RHBDD2	NM_001040456.3	1	EXON_OTHER	EXON_OTHER				
HeLa	chr7:+:76066289	ELAP_exclusive_reported	CAUCG	MDH2	MDH2	NM_005918.4	1	CDS|EXON_OTHER	CDS				
HeLa	chr7:-:100807537	BID_exclusive_reported	GCUGC	EPHB4	EPHB4	NM_004444.5	1	CDS|EXON_OTHER	CDS	28.9443214256881	0.57		
HeLa	chr7:-:101245032	shared	UGUAG	FIS1	FIS1	NM_016068.3	1	EXON_OTHER	EXON_OTHER	21.7145883813659	0.425		
HeLa	chr7:-:103141703	ELAP_exclusive_reported	GGUAA				0		UNANNOTATED				
HeLa	chr7:-:107975808	shared	CGUCA	LAMB1	LAMB1	NM_002291.3	1	CDS|EXON_OTHER	CDS	42.4362434694271	0.78		
HeLa	chr7:-:139227707	ELAP_exclusive_reported	UGUGG				0		UNANNOTATED				
HeLa	chr7:-:1487901	BID_exclusive_reported	GCUGA	INTS1	INTS1	NM_001080453.3	1	CDS|EXON_OTHER	CDS	11.6703277344449	0.06		
HeLa	chr7:-:1499581	shared	ACUGU	INTS1	INTS1	NM_001080453.3	1	CDS|EXON_OTHER	CDS	69.2538382856034	0.9325		
HeLa	chr7:-:158829321	BID_exclusive_reported	GCUGC	ESYT2	ESYT2	NM_001367773.1	1	CDS|EXON_OTHER	CDS	14.6467969616166	0.1725		
HeLa	chr7:-:43866832	ELAP_exclusive_reported	CCUGA	MRPS24	MRPS24	NM_032014.3	1	CDS|EXON_OTHER	CDS				
HeLa	chr7:-:45101905	BID_exclusive_reported	GCUGC	TBRG4	TBRG4	NM_004749.4	1	CDS|EXON_OTHER	CDS	15.2227156778792	0.195		
HeLa	chr7:-:5528615	BID_exclusive_reported	GGUGA	ACTB	ACTB	NM_001101.5	1	CDS|EXON_OTHER	CDS	12.011875370125	0.085		
HeLa	chr7:-:7636999	ELAP_exclusive_reported	GAUCU	RPA3	RPA3	NM_002947.5	1	EXON_OTHER	EXON_OTHER				
HeLa	chr8:+:118976512	ELAP_exclusive_reported	ACUGU				0		UNANNOTATED				
HeLa	chr8:+:127736351	ELAP_exclusive_reported	AAUAG	MYC	MYC	NM_002467.6	1	EXON_OTHER	EXON_OTHER				
HeLa	chr8:+:127740677	BID_exclusive_reported	GGUCC	MYC	MYC	NM_002467.6	1	CDS|EXON_OTHER	CDS	21.564276410298	0.42		
HeLa	chr8:+:143021635	ELAP_exclusive_reported	CGUCA	LY6E	LY6E	NM_002346.3	1	CDS|EXON_OTHER	CDS				
HeLa	chr8:+:144095936	ELAP_exclusive_reported	UCUGC	CYC1	CYC1	NM_001916.5	1	CDS|EXON_OTHER	CDS				
HeLa	chr8:+:144097068	shared	GAUGU	CYC1	CYC1	NM_001916.5	1	CDS|EXON_OTHER	CDS	34.2824176518928	0.6525		
HeLa	chr8:+:41510629	ELAP_exclusive_reported	GCUCU	GOLGA7	GOLGA7	NM_001002296.2	1	EXON_OTHER	EXON_OTHER				
HeLa	chr8:+:58579720	ELAP_exclusive_reported	GCUCU	SDCBP	SDCBP	NM_005625.4	1	CDS|EXON_OTHER	CDS				
HeLa	chr8:-:116726168	ELAP_exclusive_reported	GGUAU	EIF3H	EIF3H	NM_003756.3	1	CDS|EXON_OTHER	CDS				
HeLa	chr8:-:142658754	ELAP_exclusive_reported	UCUCC	JRK	JRK	NM_003724.4	1	EXON_OTHER	EXON_OTHER				
HeLa	chr8:-:143586238	ELAP_exclusive_reported	CAUCC	EEF1D	EEF1D	NM_001130053.5	1	CDS|EXON_OTHER	CDS				
HeLa	chr8:-:143726175	BID_exclusive_reported	GCUCG	FAM83H	FAM83H	NM_198488.5	1	CDS|EXON_OTHER	CDS	21.2533949390179	0.405		
HeLa	chr8:-:143727317	BID_exclusive_reported	GGUCA	FAM83H	FAM83H	NM_198488.5	1	CDS|EXON_OTHER	CDS	14.4238081388557	0.16		
HeLa	chr8:-:143808631	ELAP_exclusive_reported	CGUGG	SCRIB	SCRIB	NM_182706.5	1	CDS|EXON_OTHER	CDS				
HeLa	chr8:-:143916826	BID_exclusive_reported	UGUCA	PLEC	PLEC	NM_201378.4|NM_201384.3	1	CDS|EXON_OTHER	CDS	21.759041897108	0.43		
HeLa	chr8:-:143925516	BID_exclusive_reported	GCUGA	PLEC	PLEC	NM_201378.4|NM_201384.3	1	CDS|EXON_OTHER	CDS	33.3106801701095	0.6425		
HeLa	chr8:-:144264006	BID_exclusive_reported	CCUGU	BOP1	BOP1	NM_015201.5	1	CDS|EXON_OTHER	CDS	17.6623630047485	0.2925		
HeLa	chr8:-:144789849	ELAP_exclusive_reported	ACUGG	RPL8	RPL8	NM_001317782.2	1	CDS|EXON_OTHER	CDS				
HeLa	chr8:-:144790359	ELAP_exclusive_reported	CAUGA	RPL8	RPL8	NM_001317782.2	1	CDS|EXON_OTHER	CDS				
HeLa	chr8:-:144791379	ELAP_exclusive_reported	ACUAU	RPL8	RPL8	NM_001317782.2	1	CDS|EXON_OTHER	CDS				
HeLa	chr8:-:144792061	ELAP_exclusive_reported	CGUAA	RPL8	RPL8	NM_001317782.2	1	CDS|EXON_OTHER	CDS				
HeLa	chr8:-:27598037	ELAP_exclusive_reported	GCUCC	CLU	CLU	NM_001831.4	1	EXON_OTHER	EXON_OTHER				
HeLa	chr8:-:27598538	ELAP_exclusive_reported	UGUAG	CLU	CLU	NM_001831.4	1	CDS|EXON_OTHER	CDS				
HeLa	chr8:-:27599800	ELAP_exclusive_reported	AGUAC	CLU	CLU	NM_001831.4	1	CDS|EXON_OTHER	CDS				
HeLa	chr8:-:27599886	ELAP_exclusive_reported	GCUCA	CLU	CLU	NM_001831.4	1	CDS|EXON_OTHER	CDS				
HeLa	chr8:-:27606454	ELAP_exclusive_reported	CAUGA	CLU	CLU	NM_001831.4	1	CDS|EXON_OTHER	CDS				
HeLa	chr8:-:27606500	ELAP_exclusive_reported	AAUCA	CLU	CLU	NM_001831.4	1	CDS|EXON_OTHER	CDS				
HeLa	chr8:-:38434477	ELAP_exclusive_reported	ACUGA				0		UNANNOTATED				
HeLa	chr8:-:39157775	ELAP_exclusive_reported	ACUAU				0		UNANNOTATED				
HeLa	chr8:-:47789220	shared	GAUCA	PRKDC	PRKDC	NM_006904.7	1	CDS|EXON_OTHER	CDS	18.3008990885097	0.315		
HeLa	chr8:-:47826751	BID_exclusive_reported	GCUCU	PRKDC	PRKDC	NM_006904.7	1	CDS|EXON_OTHER	CDS	57.1304367876351	0.8675		
HeLa	chr8:-:69690199	ELAP_exclusive_reported	CCUAC				0		UNANNOTATED				
HeLa	chr8:-:73292773	ELAP_exclusive_reported	GCUGU	RPL7	RPL7	NM_000971.4	1	CDS|EXON_OTHER	CDS				
HeLa	chr9:+:123104146	BID_exclusive_reported	CCUGC	RABGAP1	RABGAP1	NM_012197.4	1	EXON_OTHER	EXON_OTHER	62.4935399420228	0.8975		
HeLa	chr9:+:124312596	BID_exclusive_reported	UGUAC	NEK6	NEK6	NM_014397.6	1	CDS|EXON_OTHER	CDS	71.8803309131228	0.945		
HeLa	chr9:+:124869268	ELAP_exclusive_reported	GCUGA	ARPC5L	ARPC5L	NM_030978.3	1	EXON_OTHER	EXON_OTHER				
HeLa	chr9:+:128575245	BID_exclusive_reported	UGUAG	SPTAN1	SPTAN1	NM_001130438.3	1	CDS|EXON_OTHER	CDS	34.0761153929066	0.65		
HeLa	chr9:+:128594342	BID_exclusive_reported	GGUGC	SPTAN1	SPTAN1	NM_001130438.3	1	CDS|EXON_OTHER	CDS	13.4587739981369	0.1225		
HeLa	chr9:+:128692662	ELAP_exclusive_reported	AGUGU	SET	SET	NM_003011.4	1	CDS|EXON_OTHER	CDS				
HeLa	chr9:+:128988133	BID_exclusive_reported	GCUGA	NUP188	NUP188	NM_015354.3	1	CDS|EXON_OTHER	CDS	13.8574108607602	0.1425		
HeLa	chr9:+:129006898	BID_exclusive_reported	GGUCC	NUP188	NUP188	NM_015354.3	1	EXON_OTHER	EXON_OTHER	11.6977781572641	0.0675		
HeLa	chr9:+:133020435	ELAP_exclusive_reported	UGUCA				0		UNANNOTATED				
HeLa	chr9:+:133348990	ELAP_exclusive_reported	GCUAA	RPL7A	RPL7A	NM_000972.3	1	CDS|EXON_OTHER	CDS				
HeLa	chr9:+:133349001	ELAP_exclusive_reported	GGUGA	RPL7A	RPL7A	NM_000972.3	1	CDS|EXON_OTHER	CDS				
HeLa	chr9:+:133349608	ELAP_exclusive_reported	UAUCA	RPL7A	RPL7A	NM_000972.3	1	CDS|EXON_OTHER	CDS				
HeLa	chr9:+:133349913	ELAP_exclusive_reported	GCUAC	RPL7A	RPL7A	NM_000972.3	1	CDS|EXON_OTHER	CDS				
HeLa	chr9:+:134843320	BID_exclusive_reported	UGUAG	COL5A1	COL5A1	NM_000093.5	1	EXON_OTHER	EXON_OTHER	47.7891576532557	0.8175		
HeLa	chr9:+:134843485	BID_exclusive_reported	UCUGU	COL5A1	COL5A1	NM_000093.5	1	EXON_OTHER	EXON_OTHER	33.1439742698211	0.6375		
HeLa	chr9:+:135098482	ELAP_exclusive_reported	GCUCC	OLFM1	OLFM1	NM_001282611.2	1	CDS|EXON_OTHER	CDS				
HeLa	chr9:+:135504609	BID_exclusive_reported	GGUGG	MRPS2	MRPS2	NM_016034.5	1	EXON_OTHER	EXON_OTHER	17.7342928706323	0.3		
HeLa	chr9:+:136850129	ELAP_exclusive_reported	GCUAU	PHPT1	PHPT1	NM_014172.6	1	CDS|EXON_OTHER	CDS				
HeLa	chr9:+:137242925	ELAP_exclusive_reported	GGUCA	TUBB4B	TUBB4B	NM_006088.6	1	CDS|EXON_OTHER	CDS				
HeLa	chr9:+:32440482	BID_exclusive_reported	GCUGC	ACO1	ACO1	NM_002197.3	1	CDS|EXON_OTHER	CDS	20.3670682720598	0.38		
HeLa	chr9:+:33038978	ELAP_exclusive_reported	UAUGC	DNAJA1	DNAJA1	NM_001539.4	1	EXON_OTHER	EXON_OTHER				
HeLa	chr9:+:33313726	BID_exclusive_reported	GGUCA	NFX1	NFX1	NM_002504.6	1	CDS|EXON_OTHER	CDS	24.785738602411	0.495		
HeLa	chr9:+:36191002	BID_exclusive_reported	GGUGG	CLTA	CLTA	NM_001833.4	1	EXON_OTHER	EXON_OTHER	15.6031185409467	0.2125		
HeLa	chr9:+:79391843	ELAP_exclusive_reported	GGUAU				0		UNANNOTATED				
HeLa	chr9:+:87726214	BID_exclusive_reported	UGUGG	CTSL	CTSL	NM_001912.5	1	EXON_OTHER	EXON_OTHER	22.9573806834045	0.465		
HeLa	chr9:+:98076969	BID_exclusive_reported	GAUCU	NANS	NANS	NM_018946.4	1	CDS|EXON_OTHER	CDS	18.9638399696104	0.3325		
HeLa	chr9:-:110250835	BID_exclusive_reported	GAUGU	TXN	TXN	NM_003329.4	1	CDS|EXON_OTHER	CDS	19.5665580073651	0.3475		
HeLa	chr9:-:117180670	ELAP_exclusive_reported	ACUCA				0		UNANNOTATED				
HeLa	chr9:-:125238731	ELAP_exclusive_reported	GCUCG	HSPA5	HSPA5	NM_005347.5	1	CDS|EXON_OTHER	CDS				
HeLa	chr9:-:125273717	ELAP_exclusive_reported	ACUGU				0		UNANNOTATED				
HeLa	chr9:-:127506478	shared	GGUGU	NIBAN2	NIBAN2	NM_022833.4	1	EXON_OTHER	EXON_OTHER	80.2222824006264	0.97		
HeLa	chr9:-:127568957	ELAP_exclusive_reported	GCUCC	NIBAN2	NIBAN2	NM_022833.4	1	EXON_OTHER	EXON_OTHER				
HeLa	chr9:-:128121182	BID_exclusive_reported	GGUGG	PTGES2	PTGES2	NM_025072.7	1	CDS|EXON_OTHER	CDS	11.0796603187502	0.0525		
HeLa	chr9:-:128180778	BID_exclusive_reported	AGUCA	CIZ1	CIZ1	NM_001131016.2	1	CDS|EXON_OTHER	CDS	32.6347373743843	0.6275		
HeLa	chr9:-:128640848	shared	CGUGC	DYNC2I2	DYNC2I2	NM_052844.4	1	CDS|EXON_OTHER	CDS	75.223711681515	0.9525		
HeLa	chr9:-:136475440	BID_exclusive_reported	UGUGG	SEC16A	SEC16A	NM_014866.2	1	CDS|EXON_OTHER	CDS	19.8908926798956	0.37		
HeLa	chr9:-:136862940	ELAP_exclusive_reported	AAUAA	EDF1	EDF1	NM_003792.4	1	CDS|EXON_OTHER	CDS				
HeLa	chr9:-:19378771	ELAP_exclusive_reported	AAUCA	RPS6	RPS6	NM_001010.3	1	CDS|EXON_OTHER	CDS				
HeLa	chr9:-:32573089	ELAP_exclusive_reported	CGUGU	NDUFB6	NDUFB6	NM_002493.5	1	EXON_OTHER	EXON_OTHER				
HeLa	chr9:-:33113266	ELAP_exclusive_reported	CAUGU	B4GALT1	B4GALT1	NM_001497.4	1	EXON_OTHER	EXON_OTHER				
HeLa	chr9:-:33255092	ELAP_exclusive_reported	ACUCU	BAG1	BAG1	NM_004323.6	1	EXON_OTHER	EXON_OTHER				
HeLa	chr9:-:33465307	BID_exclusive_reported	GGUGG	NOL6	NOL6	NM_022917.5	1	CDS|EXON_OTHER	CDS	15.2855377548952	0.2025		
HeLa	chr9:-:35101952	ELAP_exclusive_reported	ACUCU	STOML2	STOML2	NM_013442.3	1	CDS|EXON_OTHER	CDS				
HeLa	chr9:-:35714357	BID_exclusive_reported	GGUGG	TLN1	TLN1	NM_006289.4	1	CDS|EXON_OTHER	CDS	16.7835071069668	0.255		
HeLa	chr9:-:35943391	ELAP_exclusive_reported	UGUCA				0		UNANNOTATED				
HeLa	chr9:-:83677803	BID_exclusive_reported	GGUGG	UBQLN1	UBQLN1	NM_013438.5	1	CDS|EXON_OTHER	CDS	10.1841470739753	0.0075		
HeLa	chrM:+:11154	ELAP_exclusive_reported	UAUCA				0		UNANNOTATED				
HeLa	chrM:+:11482	ELAP_exclusive_reported	UAUGG				0		UNANNOTATED				
HeLa	chrM:+:12161	ELAP_exclusive_reported	CAUCA				0		UNANNOTATED				
HeLa	chrM:+:12173	ELAP_exclusive_reported	AAUCU				0		UNANNOTATED				
HeLa	chrM:+:1257	ELAP_exclusive_reported	UAUAU				0		UNANNOTATED				
HeLa	chrM:+:12776	ELAP_exclusive_reported	CGUAG				0		UNANNOTATED				
HeLa	chrM:+:13392	ELAP_exclusive_reported	AAUGA				0		UNANNOTATED				
HeLa	chrM:+:14868	ELAP_exclusive_reported	CCUGA				0		UNANNOTATED				
HeLa	chrM:+:2887	ELAP_exclusive_reported	UAUAC				0		UNANNOTATED				
HeLa	chrM:+:2936	ELAP_exclusive_reported	GAUAA				0		UNANNOTATED				
HeLa	chrM:+:3067	ELAP_exclusive_reported	UCUGA				0		UNANNOTATED				
HeLa	chrM:+:3250	ELAP_exclusive_reported	GGUAA				0		UNANNOTATED				
HeLa	chrM:+:3258	ELAP_exclusive_reported	CAUAA				0		UNANNOTATED				
HeLa	chrM:+:3667	ELAP_exclusive_reported	GGUGA				0		UNANNOTATED				
HeLa	chrM:+:4425	ELAP_exclusive_reported	UAUCG				0		UNANNOTATED				
HeLa	chrM:+:605	ELAP_exclusive_reported	AAUAC				0		UNANNOTATED				
HeLa	chrM:+:6293	ELAP_exclusive_reported	CCUCC				0		UNANNOTATED				
HeLa	chrM:+:7541	ELAP_exclusive_reported	CAUAA				0		UNANNOTATED				
HeLa	chrM:+:7657	ELAP_exclusive_reported	CAUGA				0		UNANNOTATED				
HeLa	chrM:+:8159	ELAP_exclusive_reported	UAUAC				0		UNANNOTATED				
HeLa	chrM:+:838	ELAP_exclusive_reported	AAUAA				0		UNANNOTATED				
HeLa	chrM:-:11388	ELAP_exclusive_reported	CGUAA				0		UNANNOTATED				
HeLa	chrM:-:11620	ELAP_exclusive_reported	UAUGC				0		UNANNOTATED				
HeLa	chrM:-:13302	ELAP_exclusive_reported	UGUGG				0		UNANNOTATED				
HeLa	chrM:-:13495	ELAP_exclusive_reported	UGUGA				0		UNANNOTATED				
HeLa	chrM:-:14706	ELAP_exclusive_reported	UAUCA				0		UNANNOTATED				
HeLa	chrM:-:390	ELAP_exclusive_reported	AAUCU				0		UNANNOTATED				
HeLa	chrX:+:119243975	BID_exclusive_reported	UGUAG	PGRMC1	PGRMC1	NM_006667.5	1	EXON_OTHER	EXON_OTHER	27.2837308290703	0.5375		
HeLa	chrX:+:119470912	ELAP_exclusive_reported	UGUAC	SLC25A5	SLC25A5	NM_001152.5	1	CDS|EXON_OTHER	CDS				
HeLa	chrX:+:135033188	ELAP_exclusive_reported	GAUCU	RTL8C	RTL8C	NM_001078171.2	1	EXON_OTHER	EXON_OTHER				
HeLa	chrX:+:154399389	ELAP_exclusive_reported	GGUGU	RPL10	RPL10	NM_006013.5	1	CDS|EXON_OTHER	CDS				
HeLa	chrX:+:154399842	ELAP_exclusive_reported	GGUAA	RPL10	RPL10	NM_006013.5	1	CDS|EXON_OTHER	CDS				
HeLa	chrX:+:21839736	BID_exclusive_reported	CAUGA	MBTPS2	MBTPS2	NM_015884.4	1	CDS|EXON_OTHER	CDS	43.792018859236	0.79		
HeLa	chrX:+:23686302	ELAP_exclusive_reported	GCUGG	PRDX4	PRDX4	NM_006406.2	1	CDS|EXON_OTHER	CDS				
HeLa	chrX:+:48823353	BID_exclusive_reported	UGUAG	HDAC6	HDAC6	NM_006044.4	1	CDS|EXON_OTHER	CDS	84.3731446569502	0.98		
HeLa	chrX:+:49173407	ELAP_exclusive_reported	CAUAG	PLP2	PLP2	NM_002668.3	1	CDS|EXON_OTHER	CDS				
HeLa	chrX:+:49174692	BID_exclusive_reported	UGUAG	PLP2	PLP2	NM_002668.3	1	CDS|EXON_OTHER	CDS	36.3873815384336	0.6825		
HeLa	chrX:+:49174809	ELAP_exclusive_reported	GGUAA	PLP2	PLP2	NM_002668.3	1	EXON_OTHER	EXON_OTHER				
HeLa	chrX:+:56817385	BID_exclusive_reported	GAUCG	NBDY	NBDY	NM_001348129.2	1	EXON_OTHER	EXON_OTHER	10.5918613822477	0.0425		
HeLa	chrX:+:70301974	BID_exclusive_reported	UCUAG	KIF4A	KIF4A	NM_012310.5	1	CDS|EXON_OTHER	CDS	46.7185929069806	0.8		
HeLa	chrX:-:135051158	BID_exclusive_reported	GCUGC	RTL8A	RTL8A	NM_001078172.2	1	EXON_OTHER	EXON_OTHER	27.3193963424826	0.54		
HeLa	chrX:-:1386312	shared	UGUAG	SLC25A6	SLC25A6	NM_001636.4	1	EXON_OTHER	EXON_OTHER	15.2791413882649	0.2		
HeLa	chrX:-:1386538	ELAP_exclusive_reported	CCUCA	SLC25A6	SLC25A6	NM_001636.4	1	EXON_OTHER	EXON_OTHER				
HeLa	chrX:-:1386546	ELAP_exclusive_reported	CGUAG	SLC25A6	SLC25A6	NM_001636.4	1	EXON_OTHER	EXON_OTHER				
HeLa	chrX:-:1386748	ELAP_exclusive_reported	UGUAC	SLC25A6	SLC25A6	NM_001636.4	1	CDS|EXON_OTHER	CDS				
HeLa	chrX:-:153703029	BID_exclusive_reported	GAUGU	BCAP31	BCAP31	NM_001256447.2	1	CDS|EXON_OTHER	CDS	63.4504217905367	0.9025		
HeLa	chrX:-:153875761	ELAP_exclusive_reported	AAUGU	L1CAM	L1CAM	NM_001278116.2	1	CDS|EXON_OTHER	CDS				
HeLa	chrX:-:154350197	ELAP_exclusive_reported	GCUGU	FLNA	FLNA	NM_001110556.2	1	CDS|EXON_OTHER	CDS				
HeLa	chrX:-:154353114	ELAP_exclusive_reported	GGUGA	FLNA	FLNA	NM_001110556.2	1	CDS|EXON_OTHER	CDS				
HeLa	chrX:-:154353117	BID_exclusive_reported	GGUGG	FLNA	FLNA	NM_001110556.2	1	CDS|EXON_OTHER	CDS	12.0454061660852	0.0875		
HeLa	chrX:-:154353161	ELAP_exclusive_reported	CAUGU	FLNA	FLNA	NM_001110556.2	1	CDS|EXON_OTHER	CDS				
HeLa	chrX:-:154353370	ELAP_exclusive_reported	GCUGA	FLNA	FLNA	NM_001110556.2	1	CDS|EXON_OTHER	CDS				
HeLa	chrX:-:154358203	ELAP_exclusive_reported	GAUCA	FLNA	FLNA	NM_001110556.2	1	CDS|EXON_OTHER	CDS				
HeLa	chrX:-:154361747	ELAP_exclusive_reported	CAUCC	FLNA	FLNA	NM_001110556.2	1	CDS|EXON_OTHER	CDS				
HeLa	chrX:-:154364041	BID_exclusive_reported	CAUCC	FLNA	FLNA	NM_001110556.2	1	CDS|EXON_OTHER	CDS	31.8731701869106	0.6075		
HeLa	chrX:-:154364105	ELAP_exclusive_reported	GCUGC	FLNA	FLNA	NM_001110556.2	1	CDS|EXON_OTHER	CDS				
HeLa	chrX:-:154366578	ELAP_exclusive_reported	GGUGA	FLNA	FLNA	NM_001110556.2	1	CDS|EXON_OTHER	CDS				
HeLa	chrX:-:53142127	ELAP_exclusive_reported	GGUAA				0		UNANNOTATED				
HeLa	chrX:-:55181692	ELAP_exclusive_reported	GAUAA				0		UNANNOTATED				
HeLa	chrX:-:72275722	ELAP_exclusive_reported	GCUCC	RPS4X	RPS4X	NM_001007.5	1	CDS|EXON_OTHER	CDS				
HeLa	chrX:-:72276182	ELAP_exclusive_reported	GAUGC	RPS4X	RPS4X	NM_001007.5	1	CDS|EXON_OTHER	CDS				
HeLa	chrX:-:73846489	ELAP_exclusive_reported	GCUGA	XIST	XIST	NR_001564.3	1	EXON_OTHER	EXON_OTHER				
