cell_line	locus	class	bid_reported	elap_reported	motif	bid_motif	elap_motif	contrast
HEK293T	chr10:+:102162356	BID_exclusive_reported	1	0	GGUGA	GGUGA		-0.109375
HEK293T	chr10:+:103425426	BID_exclusive_reported	1	0	UCUAG	UCUAG		-0.33984375
HEK293T	chr10:+:133309011	ELAP_exclusive_reported	0	1	UGUAG		UGUAG	-0.078125
HEK293T	chr10:+:14852442	BID_exclusive_reported	1	0	UAUCG	UAUCG		-0.01171875
HEK293T	chr10:+:21113560	ELAP_exclusive_reported	0	1	GAUGA		GAUGA	-0.31640625
HEK293T	chr10:+:50127744	BID_exclusive_reported	1	0	GGUGU	GGUGU		-0.046875
HEK293T	chr10:+:74107259	ELAP_exclusive_reported	0	1	GAUAU		GAUAU	0.2109375
HEK293T	chr10:+:7799192	ELAP_exclusive_reported	0	1	UAUAG		UAUAG	0.26171875
HEK293T	chr10:+:84141542	ELAP_exclusive_reported	0	1	UCUAG		UCUAG	-0.33984375
HEK293T	chr10:+:84144075	ELAP_exclusive_reported	0	1	UGUCU		UGUCU	-0.4296875
HEK293T	chr10:+:92216950	ELAP_exclusive_reported	0	1	GGUAA		GGUAA	-0.66796875
HEK293T	chr10:+:96750310	ELAP_exclusive_reported	0	1	GGUGC		GGUGC	-0.046875
HEK293T	chr10:+:97431121	ELAP_exclusive_reported	0	1	UGUCA		UGUCA	-0.4375
HEK293T	chr10:+:97433041	ELAP_exclusive_reported	0	1	UCUAG		UCUAG	-0.33984375
HEK293T	chr10:+:97433373	BID_exclusive_reported	1	0	AGUGU	AGUGU		-0.6484375
HEK293T	chr10:-:100526533	ELAP_exclusive_reported	0	1	UGUAC		UGUAC	0.19921875
HEK293T	chr10:-:110937154	ELAP_exclusive_reported	0	1	GGUAC		GGUAC	-0.6640625
HEK293T	chr10:-:112548856	ELAP_exclusive_reported	0	1	GGUAA		GGUAA	-0.66796875
HEK293T	chr10:-:45458042	BID_exclusive_reported	1	0	CCUCU	CCUCU		0.00390625
HEK293T	chr10:-:48745707	ELAP_exclusive_reported	0	1	GCUGG		GCUGG	-0.46875
HEK293T	chr10:-:71816664	shared	1	1	GCUGU	GCUGU	GCUGU	-0.26171875
HEK293T	chr10:-:71816735	ELAP_exclusive_reported	0	1	AAUGU		AAUGU	-0.08984375
HEK293T	chr10:-:73422256	ELAP_exclusive_reported	0	1	AGUAA		AGUAA	-0.234375
HEK293T	chr10:-:87062743	ELAP_exclusive_reported	0	1	CAUGG		CAUGG	-0.40234375
HEK293T	chr10:-:95611409	BID_exclusive_reported	1	0	CCUAU	CCUAU		-0.05078125
HEK293T	chr10:-:95621139	ELAP_exclusive_reported	0	1	CGUGU		CGUGU	-0.01953125
HEK293T	chr10:-:97334175	BID_exclusive_reported	1	0	GGUCG	GGUCG		-0.21484375
HEK293T	chr10:-:99727059	ELAP_exclusive_reported	0	1	CAUCC		CAUCC	0.578125
HEK293T	chr11:+:1010601	ELAP_exclusive_reported	0	1	UGUGA		UGUGA	-0.4921875
HEK293T	chr11:+:111882568	ELAP_exclusive_reported	0	1	AAUAU		AAUAU	0.2421875
HEK293T	chr11:+:118401618	ELAP_exclusive_reported	0	1	GGUGA		GGUGA	-0.109375
HEK293T	chr11:+:118409636	ELAP_exclusive_reported	0	1	GGUAU		GGUAU	-0.41796875
HEK293T	chr11:+:16756617	BID_exclusive_reported	1	0	UGUAG	UGUAG		-0.078125
HEK293T	chr11:+:17228679	ELAP_exclusive_reported	0	1	CGUCG		CGUCG	0.25390625
HEK293T	chr11:+:17229149	ELAP_exclusive_reported	0	1	CAUAG		CAUAG	0.234375
HEK293T	chr11:+:20367210	ELAP_exclusive_reported	0	1	ACUAC		ACUAC	-0.6328125
HEK293T	chr11:+:239043	shared	1	1	GAUCC	GAUCC	GAUCC	0.34375
HEK293T	chr11:+:2394104	ELAP_exclusive_reported	0	1	CAUCC		CAUCC	0.578125
HEK293T	chr11:+:27483976	ELAP_exclusive_reported	0	1	UGUGG		UGUGG	-0.35546875
HEK293T	chr11:+:27582056	ELAP_exclusive_reported	0	1	AAUAG		AAUAG	0.125
HEK293T	chr11:+:29726038	ELAP_exclusive_reported	0	1	GCUAC		GCUAC	-0.140625
HEK293T	chr11:+:34101094	BID_exclusive_reported	1	0	GGUGG	GGUGG		-0.4453125
HEK293T	chr11:+:4092507	BID_exclusive_reported	1	0	UGUAG	UGUAG		-0.078125
HEK293T	chr11:+:4127108	BID_exclusive_reported	1	0	GAUGA	GAUGA		-0.31640625
HEK293T	chr11:+:46383492	shared	1	1	ACUAG	ACUAG	ACUAG	-0.5625
HEK293T	chr11:+:47052467	ELAP_exclusive_reported	0	1	UAUCA		UAUCA	-0.0546875
HEK293T	chr11:+:47282497	shared	1	1	UCUAG	UCUAG	UCUAG	-0.33984375
HEK293T	chr11:+:57741586	ELAP_exclusive_reported	0	1	GCUCU		GCUCU	0.26953125
HEK293T	chr11:+:57802017	BID_exclusive_reported	1	0	GGUGG	GGUGG		-0.4453125
HEK293T	chr11:+:60922735	BID_exclusive_reported	1	0	GGUCC	GGUCC		-0.12109375
HEK293T	chr11:+:60923252	shared	1	1	UCUAG	UCUAG	UCUAG	-0.33984375
HEK293T	chr11:+:61337979	ELAP_exclusive_reported	0	1	GCUGA		GCUGA	-0.25390625
HEK293T	chr11:+:61637209	ELAP_exclusive_reported	0	1	CAUGC		CAUGC	0.5625
HEK293T	chr11:+:62766646	ELAP_exclusive_reported	0	1	UGUAG		UGUAG	-0.078125
HEK293T	chr11:+:63759781	shared	1	1	CGUGU	CGUGU	CGUGU	-0.01953125
HEK293T	chr11:+:64286106	BID_exclusive_reported	1	0	CCUCG	CCUCG		-0.0859375
HEK293T	chr11:+:64315746	BID_exclusive_reported	1	0	GCUGC	GCUGC		-0.203125
HEK293T	chr11:+:65503351	ELAP_exclusive_reported	0	1	UGUAG		UGUAG	-0.078125
HEK293T	chr11:+:66276485	ELAP_exclusive_reported	0	1	UCUAG		UCUAG	-0.33984375
HEK293T	chr11:+:66348152	ELAP_exclusive_reported	0	1	ACUGC		ACUGC	-0.12109375
HEK293T	chr11:+:66348158	ELAP_exclusive_reported	0	1	AAUCC		AAUCC	0.3359375
HEK293T	chr11:+:67609598	ELAP_exclusive_reported	0	1	CAUCC		CAUCC	0.578125
HEK293T	chr11:+:73844904	ELAP_exclusive_reported	0	1	UAUGA		UAUGA	-0.46875
HEK293T	chr11:+:75400720	ELAP_exclusive_reported	0	1	GCUGA		GCUGA	-0.25390625
HEK293T	chr11:+:75404118	ELAP_exclusive_reported	0	1	CAUGA		CAUGA	-0.53125
HEK293T	chr11:+:75404778	ELAP_exclusive_reported	0	1	GAUGA		GAUGA	-0.31640625
HEK293T	chr11:+:75404852	ELAP_exclusive_reported	0	1	AGUCC		AGUCC	-0.0078125
HEK293T	chr11:+:7987369	ELAP_exclusive_reported	0	1	GGUAC		GGUAC	-0.6640625
HEK293T	chr11:+:7987668	ELAP_exclusive_reported	0	1	GCUAC		GCUAC	-0.140625
HEK293T	chr11:+:7996052	ELAP_exclusive_reported	0	1	UCUAG		UCUAG	-0.33984375
HEK293T	chr11:+:811610	ELAP_exclusive_reported	0	1	GCUGA		GCUGA	-0.25390625
HEK293T	chr11:+:8684037	ELAP_exclusive_reported	0	1	GGUAA		GGUAA	-0.66796875
HEK293T	chr11:+:90282961	ELAP_exclusive_reported	0	1	ACUAU		ACUAU	-0.07421875
HEK293T	chr11:+:93721658	ELAP_exclusive_reported	0	1	CAUAU		CAUAU	0.19140625
HEK293T	chr11:+:9445686	shared	1	1	GGUCA	GGUCA	GGUCA	-0.57421875
HEK293T	chr11:-:10799032	ELAP_exclusive_reported	0	1	UAUAA		UAUAA	-0.37109375
HEK293T	chr11:-:10804374	ELAP_exclusive_reported	0	1	UAUGC		UAUGC	0.04296875
HEK293T	chr11:-:111889352	ELAP_exclusive_reported	0	1	UGUGG		UGUGG	-0.35546875
HEK293T	chr11:-:117315838	BID_exclusive_reported	1	0	CGUGG	CGUGG		0.04296875
HEK293T	chr11:-:118555082	ELAP_exclusive_reported	0	1	GGUAC		GGUAC	-0.6640625
HEK293T	chr11:-:119017397	ELAP_exclusive_reported	0	1	CCUGG		CCUGG	-0.12890625
HEK293T	chr11:-:119055266	BID_exclusive_reported	1	0	UGUAG	UGUAG		-0.078125
HEK293T	chr11:-:119309058	BID_exclusive_reported	1	0	GGUGG	GGUGG		-0.4453125
HEK293T	chr11:-:126202949	BID_exclusive_reported	1	0	UGUGG	UGUGG		-0.35546875
HEK293T	chr11:-:14520298	ELAP_exclusive_reported	0	1	CAUGG		CAUGG	-0.40234375
HEK293T	chr11:-:16974867	ELAP_exclusive_reported	0	1	GGUGG		GGUGG	-0.4453125
HEK293T	chr11:-:17075601	ELAP_exclusive_reported	0	1	CAUGG		CAUGG	-0.40234375
HEK293T	chr11:-:2945362	ELAP_exclusive_reported	0	1	UGUAG		UGUAG	-0.078125
HEK293T	chr11:-:46428818	ELAP_exclusive_reported	0	1	GGUGA		GGUGA	-0.109375
HEK293T	chr11:-:47177982	BID_exclusive_reported	1	0	AGUGG	AGUGG		-0.546875
HEK293T	chr11:-:47422894	ELAP_exclusive_reported	0	1	GCUGA		GCUGA	-0.25390625
HEK293T	chr11:-:47467164	BID_exclusive_reported	1	0	GGUGG	GGUGG		-0.4453125
HEK293T	chr11:-:47629026	ELAP_exclusive_reported	0	1	UCUAG		UCUAG	-0.33984375
HEK293T	chr11:-:57312681	BID_exclusive_reported	1	0	UGUAG	UGUAG		-0.078125
HEK293T	chr11:-:61300202	ELAP_exclusive_reported	0	1	GGUAU		GGUAU	-0.41796875
HEK293T	chr11:-:62560387	ELAP_exclusive_reported	0	1	CAUAU		CAUAU	0.19140625
HEK293T	chr11:-:62600658	ELAP_exclusive_reported	0	1	AAUCC		AAUCC	0.3359375
HEK293T	chr11:-:62616705	BID_exclusive_reported	1	0	AGUGG	AGUGG		-0.546875
HEK293T	chr11:-:62626112	ELAP_exclusive_reported	0	1	GGUGA		GGUGA	-0.109375
HEK293T	chr11:-:62634886	ELAP_exclusive_reported	0	1	AGUCU		AGUCU	-0.6875
HEK293T	chr11:-:62715277	BID_exclusive_reported	1	0	UGUCA	UGUCA		-0.4375
HEK293T	chr11:-:62841810	ELAP_exclusive_reported	0	1	GGUAU		GGUAU	-0.41796875
HEK293T	chr11:-:63762387	BID_exclusive_reported	1	0	UGUAG	UGUAG		-0.078125
HEK293T	chr11:-:63999678	ELAP_exclusive_reported	0	1	AGUCU		AGUCU	-0.6875
HEK293T	chr11:-:64270107	shared	1	1	GAUCC	GAUCC	GAUCC	0.34375
HEK293T	chr11:-:64284233	BID_exclusive_reported	1	0	UGUGG	UGUGG		-0.35546875
HEK293T	chr11:-:64767695	BID_exclusive_reported	1	0	GGUGG	GGUGG		-0.4453125
HEK293T	chr11:-:6611261	ELAP_exclusive_reported	0	1	GAUAU		GAUAU	0.2109375
HEK293T	chr11:-:67628214	ELAP_exclusive_reported	0	1	GCUGC		GCUGC	-0.203125
HEK293T	chr11:-:72109865	BID_exclusive_reported	1	0	GGUGG	GGUGG		-0.4453125
HEK293T	chr12:+:103930482	ELAP_exclusive_reported	0	1	GAUCG		GAUCG	0.15625
HEK293T	chr12:+:104031359	ELAP_exclusive_reported	0	1	UGUCA		UGUCA	-0.4375
HEK293T	chr12:+:104265508	ELAP_exclusive_reported	0	1	GGUGU		GGUGU	-0.046875
HEK293T	chr12:+:104265685	ELAP_exclusive_reported	0	1	GAUCA		GAUCA	0.20703125
HEK293T	chr12:+:112022846	ELAP_exclusive_reported	0	1	GAUAG		GAUAG	0.203125
HEK293T	chr12:+:118145311	ELAP_exclusive_reported	0	1	CAUCU		CAUCU	-0.0703125
HEK293T	chr12:+:118246354	ELAP_exclusive_reported	0	1	AAUCA		AAUCA	0.02734375
HEK293T	chr12:+:118246707	ELAP_exclusive_reported	0	1	CCUGU		CCUGU	-0.09375
HEK293T	chr12:+:118246963	ELAP_exclusive_reported	0	1	CAUAG		CAUAG	0.234375
HEK293T	chr12:+:120696571	BID_exclusive_reported	1	0	GGUGG	GGUGG		-0.4453125
HEK293T	chr12:+:120720651	ELAP_exclusive_reported	0	1	UGUCU		UGUCU	-0.4296875
HEK293T	chr12:+:123409030	ELAP_exclusive_reported	0	1	CAUGA		CAUGA	-0.53125
HEK293T	chr12:+:123662060	BID_exclusive_reported	1	0	GGUGG	GGUGG		-0.4453125
HEK293T	chr12:+:12875578	ELAP_exclusive_reported	0	1	GGUAC		GGUAC	-0.6640625
HEK293T	chr12:+:131929675	BID_exclusive_reported	1	0	GGUCA	GGUCA		-0.57421875
HEK293T	chr12:+:132825724	ELAP_exclusive_reported	0	1	CGUGC		CGUGC	-0.0078125
HEK293T	chr12:+:132825895	ELAP_exclusive_reported	0	1	GAUGU		GAUGU	0.0390625
HEK293T	chr12:+:48085204	ELAP_exclusive_reported	0	1	GAUCG		GAUCG	0.15625
HEK293T	chr12:+:49265180	ELAP_exclusive_reported	0	1	AGUCA		AGUCA	-0.64453125
HEK293T	chr12:+:53028172	ELAP_exclusive_reported	0	1	UAUAG		UAUAG	0.26171875
HEK293T	chr12:+:53299330	ELAP_exclusive_reported	0	1	GCUAC		GCUAC	-0.140625
HEK293T	chr12:+:56190396	ELAP_exclusive_reported	0	1	ACUCG		ACUCG	-0.6328125
HEK293T	chr12:+:57234601	shared	1	1	CAUGA	CAUGA	CAUGA	-0.53125
HEK293T	chr12:+:57720856	BID_exclusive_reported	1	0	UGUGG	UGUGG		-0.35546875
HEK293T	chr12:+:62965407	ELAP_exclusive_reported	0	1	UGUAG		UGUAG	-0.078125
HEK293T	chr12:+:64431750	shared	1	1	UAUGC	UAUGC	UAUGC	0.04296875
HEK293T	chr12:+:6526537	BID_exclusive_reported	1	0	UCUGU	UCUGU		0.03125
HEK293T	chr12:+:6534532	ELAP_exclusive_reported	0	1	CCUGU		CCUGU	-0.09375
HEK293T	chr12:+:65964464	BID_exclusive_reported	1	0	GGUGC	GGUGC		-0.046875
HEK293T	chr12:+:6834025	BID_exclusive_reported	1	0	UGUGG	UGUGG		-0.35546875
HEK293T	chr12:+:6869689	ELAP_exclusive_reported	0	1	GAUAA		GAUAA	-0.45703125
HEK293T	chr12:+:69598339	ELAP_exclusive_reported	0	1	GCUGA		GCUGA	-0.25390625
HEK293T	chr12:+:908657	BID_exclusive_reported	1	0	AGUGG	AGUGG		-0.546875
HEK293T	chr12:+:93501289	ELAP_exclusive_reported	0	1	GGUGU		GGUGU	-0.046875
HEK293T	chr12:+:95125842	ELAP_exclusive_reported	0	1	CAUAG		CAUAG	0.234375
HEK293T	chr12:+:98600056	ELAP_exclusive_reported	0	1	UGUGG		UGUGG	-0.35546875
HEK293T	chr12:-:107093480	BID_exclusive_reported	1	0	UCUAG	UCUAG		-0.33984375
HEK293T	chr12:-:110722177	ELAP_exclusive_reported	0	1	GGUGC		GGUGC	-0.046875
HEK293T	chr12:-:112406316	ELAP_exclusive_reported	0	1	GCUAG		GCUAG	-0.70703125
HEK293T	chr12:-:112408488	ELAP_exclusive_reported	0	1	GGUAU		GGUAU	-0.41796875
HEK293T	chr12:-:115991855	BID_exclusive_reported	1	0	AGUGG	AGUGG		-0.546875
HEK293T	chr12:-:116755713	ELAP_exclusive_reported	0	1	CGUAA		CGUAA	0.2890625
HEK293T	chr12:-:120198675	ELAP_exclusive_reported	0	1	CAUGC		CAUGC	0.5625
HEK293T	chr12:-:120199191	ELAP_exclusive_reported	0	1	UAUCC		UAUCC	0.53125
HEK293T	chr12:-:120199451	BID_exclusive_reported	1	0	UGUGG	UGUGG		-0.35546875
HEK293T	chr12:-:120200871	ELAP_exclusive_reported	0	1	GGUGU		GGUGU	-0.046875
HEK293T	chr12:-:120503678	ELAP_exclusive_reported	0	1	GAUAC		GAUAC	0.17578125
HEK293T	chr12:-:123627145	ELAP_exclusive_reported	0	1	ACUCA		ACUCA	-0.41015625
HEK293T	chr12:-:132641746	BID_exclusive_reported	1	0	CGUGA	CGUGA		0.16015625
HEK293T	chr12:-:21644078	ELAP_exclusive_reported	0	1	UGUAG		UGUAG	-0.078125
HEK293T	chr12:-:2859149	BID_exclusive_reported	1	0	AGUGG	AGUGG		-0.546875
HEK293T	chr12:-:31252521	ELAP_exclusive_reported	0	1	GGUAC		GGUAC	-0.6640625
HEK293T	chr12:-:31252577	ELAP_exclusive_reported	0	1	GGUGC		GGUGC	-0.046875
HEK293T	chr12:-:45554660	ELAP_exclusive_reported	0	1	CAUGU		CAUGU	-0.421875
HEK293T	chr12:-:48938164	BID_exclusive_reported	1	0	UCUAG	UCUAG		-0.33984375
HEK293T	chr12:-:49127896	ELAP_exclusive_reported	0	1	ACUGA		ACUGA	-0.1640625
HEK293T	chr12:-:49128048	ELAP_exclusive_reported	0	1	CGUGA		CGUGA	0.16015625
HEK293T	chr12:-:49186634	ELAP_exclusive_reported	0	1	UGUAG		UGUAG	-0.078125
HEK293T	chr12:-:49186827	ELAP_exclusive_reported	0	1	AGUGC		AGUGC	0.01953125
HEK293T	chr12:-:50990886	BID_exclusive_reported	1	0	UGUAG	UGUAG		-0.078125
HEK293T	chr12:-:55726957	ELAP_exclusive_reported	0	1	CAUCU		CAUCU	-0.0703125
HEK293T	chr12:-:56241925	BID_exclusive_reported	1	0	GGUCC	GGUCC		-0.12109375
HEK293T	chr12:-:56311251	ELAP_exclusive_reported	0	1	CAUCC		CAUCC	0.578125
HEK293T	chr12:-:56638353	ELAP_exclusive_reported	0	1	GCUGA		GCUGA	-0.25390625
HEK293T	chr12:-:56673038	ELAP_exclusive_reported	0	1	GAUCG		GAUCG	0.15625
HEK293T	chr12:-:93639969	ELAP_exclusive_reported	0	1	AGUGU		AGUGU	-0.6484375
HEK293T	chr12:-:93641006	ELAP_exclusive_reported	0	1	UGUCA		UGUCA	-0.4375
HEK293T	chr12:-:96003878	ELAP_exclusive_reported	0	1	UGUAC		UGUAC	0.19921875
HEK293T	chr13:+:110512877	ELAP_exclusive_reported	0	1	GGUAC		GGUAC	-0.6640625
HEK293T	chr13:+:20961543	ELAP_exclusive_reported	0	1	UAUCC		UAUCC	0.53125
HEK293T	chr13:+:26577348	ELAP_exclusive_reported	0	1	UAUGC		UAUGC	0.04296875
HEK293T	chr13:+:98002699	ELAP_exclusive_reported	0	1	GGUAU		GGUAU	-0.41796875
HEK293T	chr13:+:99559460	ELAP_exclusive_reported	0	1	GAUCA		GAUCA	0.20703125
HEK293T	chr13:-:31138811	BID_exclusive_reported	1	0	UAUGC	UAUGC		0.04296875
HEK293T	chr13:-:45338742	ELAP_exclusive_reported	0	1	CAUGG		CAUGG	-0.40234375
HEK293T	chr13:-:45341147	ELAP_exclusive_reported	0	1	GCUCC		GCUCC	0.421875
HEK293T	chr13:-:54441236	ELAP_exclusive_reported	0	1	GGUAC		GGUAC	-0.6640625
HEK293T	chr13:-:72719048	ELAP_exclusive_reported	0	1	ACUCU		ACUCU	-0.296875
HEK293T	chr13:-:94549684	ELAP_exclusive_reported	0	1	GAUCU		GAUCU	0.2578125
HEK293T	chr14:+:102009870	BID_exclusive_reported	1	0	GCUGA	GCUGA		-0.25390625
HEK293T	chr14:+:102034336	ELAP_exclusive_reported	0	1	GAUAU		GAUAU	0.2109375
HEK293T	chr14:+:104895759	BID_exclusive_reported	1	0	UGUAG	UGUAG		-0.078125
HEK293T	chr14:+:20625398	ELAP_exclusive_reported	0	1	GCUGG		GCUGG	-0.46875
HEK293T	chr14:+:22767291	ELAP_exclusive_reported	0	1	GCUGA		GCUGA	-0.25390625
HEK293T	chr14:+:23307820	BID_exclusive_reported	1	0	UGUAG	UGUAG		-0.078125
HEK293T	chr14:+:24138476	ELAP_exclusive_reported	0	1	GGUGA		GGUGA	-0.109375
HEK293T	chr14:+:30821674	ELAP_exclusive_reported	0	1	AAUGC		AAUGC	-0.0078125
HEK293T	chr14:+:49586790	ELAP_exclusive_reported	0	1	GGUCA		GGUCA	-0.57421875
HEK293T	chr14:+:60968325	BID_exclusive_reported	1	0	AGUGG	AGUGG		-0.546875
HEK293T	chr14:+:84172591	ELAP_exclusive_reported	0	1	UCUGA		UCUGA	-0.3125
HEK293T	chr14:+:90405199	BID_exclusive_reported	1	0	GAUGA	GAUGA		-0.31640625
HEK293T	chr14:+:94726519	ELAP_exclusive_reported	0	1	UAUCC		UAUCC	0.53125
HEK293T	chr14:-:100333975	BID_exclusive_reported	1	0	AGUCG	AGUCG		-0.5859375
HEK293T	chr14:-:100369113	BID_exclusive_reported	1	0	GGUCC	GGUCC		-0.12109375
HEK293T	chr14:-:103519754	ELAP_exclusive_reported	0	1	UGUAG		UGUAG	-0.078125
HEK293T	chr14:-:103521268	ELAP_exclusive_reported	0	1	GGUAU		GGUAU	-0.41796875
HEK293T	chr14:-:103522021	BID_exclusive_reported	1	0	GGUGC	GGUGC		-0.046875
HEK293T	chr14:-:103912536	BID_exclusive_reported	1	0	AAUAA	AAUAA		-0.1953125
HEK293T	chr14:-:103912631	shared	1	1	CGUCA	CGUCA	CGUCA	0.22265625
HEK293T	chr14:-:104770044	ELAP_exclusive_reported	0	1	GCUAU		GCUAU	-0.04296875
HEK293T	chr14:-:21210231	ELAP_exclusive_reported	0	1	GCUAA		GCUAA	-0.28125
HEK293T	chr14:-:23026296	ELAP_exclusive_reported	0	1	UAUGG		UAUGG	-0.140625
HEK293T	chr14:-:23033604	ELAP_exclusive_reported	0	1	GGUGA		GGUGA	-0.109375
HEK293T	chr14:-:24184325	ELAP_exclusive_reported	0	1	GGUAG		GGUAG	-0.66796875
HEK293T	chr14:-:24442196	ELAP_exclusive_reported	0	1	CAUCC		CAUCC	0.578125
HEK293T	chr14:-:32484411	ELAP_exclusive_reported	0	1	CCUCC		CCUCC	-0.203125
HEK293T	chr14:-:49583635	ELAP_exclusive_reported	0	1	CAUCU		CAUCU	-0.0703125
HEK293T	chr14:-:49586328	ELAP_exclusive_reported	0	1	UGUAC		UGUAC	0.19921875
HEK293T	chr14:-:66012872	ELAP_exclusive_reported	0	1	GCUGA		GCUGA	-0.25390625
HEK293T	chr14:-:69885959	ELAP_exclusive_reported	0	1	UAUCA		UAUCA	-0.0546875
HEK293T	chr14:-:73588859	ELAP_exclusive_reported	0	1	AAUCU		AAUCU	0.234375
HEK293T	chr14:-:74480255	ELAP_exclusive_reported	0	1	GGUGC		GGUGC	-0.046875
HEK293T	chr14:-:76886665	ELAP_exclusive_reported	0	1	UGUAG		UGUAG	-0.078125
HEK293T	chr14:-:79213756	ELAP_exclusive_reported	0	1	GCUAU		GCUAU	-0.04296875
HEK293T	chr14:-:99398282	BID_exclusive_reported	1	0	GGUGG	GGUGG		-0.4453125
HEK293T	chr14:-:99458527	ELAP_exclusive_reported	0	1	UAUAU		UAUAU	0.26953125
HEK293T	chr15:+:40767599	shared	1	1	UGUAG	UGUAG	UGUAG	-0.078125
HEK293T	chr15:+:42531816	BID_exclusive_reported	1	0	GCUGU	GCUGU		-0.26171875
HEK293T	chr15:+:43793854	ELAP_exclusive_reported	0	1	UGUAG		UGUAG	-0.078125
HEK293T	chr15:+:59768816	ELAP_exclusive_reported	0	1	UAUGC		UAUGC	0.04296875
HEK293T	chr15:+:69453682	ELAP_exclusive_reported	0	1	GGUGU		GGUGU	-0.046875
HEK293T	chr15:+:75339706	ELAP_exclusive_reported	0	1	AAUAG		AAUAG	0.125
HEK293T	chr15:+:78166220	ELAP_exclusive_reported	0	1	CGUGA		CGUGA	0.16015625
HEK293T	chr15:-:101281662	ELAP_exclusive_reported	0	1	GGUAU		GGUAU	-0.41796875
HEK293T	chr15:-:43116029	ELAP_exclusive_reported	0	1	UAUGC		UAUGC	0.04296875
HEK293T	chr15:-:57954320	ELAP_exclusive_reported	0	1	GAUAA		GAUAA	-0.45703125
HEK293T	chr15:-:65029572	ELAP_exclusive_reported	0	1	GCUCA		GCUCA	0.07421875
HEK293T	chr15:-:65610962	shared	1	1	UCUGU	UCUGU	UCUGU	0.03125
HEK293T	chr15:-:66501047	ELAP_exclusive_reported	0	1	CAUGU		CAUGU	-0.421875
HEK293T	chr15:-:72210390	ELAP_exclusive_reported	0	1	UCUAG		UCUAG	-0.33984375
HEK293T	chr15:-:72344047	BID_exclusive_reported	1	0	UGUAG	UGUAG		-0.078125
HEK293T	chr15:-:74632747	BID_exclusive_reported	1	0	CCUCU	CCUCU		0.00390625
HEK293T	chr15:-:74920316	ELAP_exclusive_reported	0	1	GGUAA		GGUAA	-0.66796875
HEK293T	chr15:-:74929231	ELAP_exclusive_reported	0	1	GCUAU		GCUAU	-0.04296875
HEK293T	chr15:-:74938016	ELAP_exclusive_reported	0	1	CGUCA		CGUCA	0.22265625
HEK293T	chr15:-:76285712	shared	1	1	UAUCA	UAUCA	UAUCA	-0.0546875
HEK293T	chr15:-:77046311	ELAP_exclusive_reported	0	1	UGUAG		UGUAG	-0.078125
HEK293T	chr16:+:15037297	BID_exclusive_reported	1	0	CGUAA	CGUAA		0.2890625
HEK293T	chr16:+:23573342	BID_exclusive_reported	1	0	UCUAG	UCUAG		-0.33984375
HEK293T	chr16:+:23687533	BID_exclusive_reported	1	0	GGUGA	GGUGA		-0.109375
HEK293T	chr16:+:23689282	ELAP_exclusive_reported	0	1	ACUCA		ACUCA	-0.41015625
HEK293T	chr16:+:28724962	ELAP_exclusive_reported	0	1	AAUGG		AAUGG	-0.1484375
HEK293T	chr16:+:2971280	BID_exclusive_reported	1	0	CGUGC	CGUGC		-0.0078125
HEK293T	chr16:+:29810736	ELAP_exclusive_reported	0	1	GGUGA		GGUGA	-0.109375
HEK293T	chr16:+:29971528	shared	1	1	GGUCU	GGUCU	GGUCU	-0.1875
HEK293T	chr16:+:30067546	ELAP_exclusive_reported	0	1	CGUGA		CGUGA	0.16015625
HEK293T	chr16:+:30085116	ELAP_exclusive_reported	0	1	ACUCU		ACUCU	-0.296875
HEK293T	chr16:+:30664781	BID_exclusive_reported	1	0	GGUGG	GGUGG		-0.4453125
HEK293T	chr16:+:30965065	BID_exclusive_reported	1	0	GGUGG	GGUGG		-0.4453125
HEK293T	chr16:+:34160892	ELAP_exclusive_reported	0	1	AAUAA		AAUAA	-0.1953125
HEK293T	chr16:+:34161061	ELAP_exclusive_reported	0	1	AAUGA		AAUGA	-0.51171875
HEK293T	chr16:+:4508017	BID_exclusive_reported	1	0	GGUGG	GGUGG		-0.4453125
HEK293T	chr16:+:46929606	shared	1	1	ACUGU	ACUGU	ACUGU	-0.16796875
HEK293T	chr16:+:57753168	BID_exclusive_reported	1	0	UGUGC	UGUGC		0.0234375
HEK293T	chr16:+:67842526	BID_exclusive_reported	1	0	GGUGG	GGUGG		-0.4453125
HEK293T	chr16:+:69324865	ELAP_exclusive_reported	0	1	CAUCC		CAUCC	0.578125
HEK293T	chr16:+:69463546	shared	1	1	UGUAG	UGUAG	UGUAG	-0.078125
HEK293T	chr16:+:85665	BID_exclusive_reported	1	0	GGUGG	GGUGG		-0.4453125
HEK293T	chr16:+:85806879	ELAP_exclusive_reported	0	1	GAUGC		GAUGC	0.24609375
HEK293T	chr16:+:89561298	ELAP_exclusive_reported	0	1	CGUGC		CGUGC	-0.0078125
HEK293T	chr16:+:89563093	ELAP_exclusive_reported	0	1	CGUGG		CGUGG	0.04296875
HEK293T	chr16:-:1350120	BID_exclusive_reported	1	0	GGUGC	GGUGC		-0.046875
HEK293T	chr16:-:1773137	ELAP_exclusive_reported	0	1	GCUGA		GCUGA	-0.25390625
HEK293T	chr16:-:18784816	ELAP_exclusive_reported	0	1	GGUGA		GGUGA	-0.109375
HEK293T	chr16:-:1963253	ELAP_exclusive_reported	0	1	AAUCA		AAUCA	0.02734375
HEK293T	chr16:-:1998500	BID_exclusive_reported	1	0	GGUCC	GGUCC		-0.12109375
HEK293T	chr16:-:2043673	BID_exclusive_reported	1	0	GGUGG	GGUGG		-0.4453125
HEK293T	chr16:-:2046255	BID_exclusive_reported	1	0	GGUGC	GGUGC		-0.046875
HEK293T	chr16:-:2276121	BID_exclusive_reported	1	0	GCUCU	GCUCU		0.26953125
HEK293T	chr16:-:27465438	BID_exclusive_reported	1	0	UGUCC	UGUCC		-0.15625
HEK293T	chr16:-:27528678	BID_exclusive_reported	1	0	GCUGA	GCUGA		-0.25390625
HEK293T	chr16:-:2775471	BID_exclusive_reported	1	0	AGUGG	AGUGG		-0.546875
HEK293T	chr16:-:28390341	ELAP_exclusive_reported	0	1	AAUGG		AAUGG	-0.1484375
HEK293T	chr16:-:28842983	ELAP_exclusive_reported	0	1	AAUGG		AAUGG	-0.1484375
HEK293T	chr16:-:289587	BID_exclusive_reported	1	0	GGUGG	GGUGG		-0.4453125
HEK293T	chr16:-:30192990	BID_exclusive_reported	1	0	CGUGA	CGUGA		0.16015625
HEK293T	chr16:-:30350924	BID_exclusive_reported	1	0	GGUGG	GGUGG		-0.4453125
HEK293T	chr16:-:30352962	BID_exclusive_reported	1	0	GGUGG	GGUGG		-0.4453125
HEK293T	chr16:-:30423988	ELAP_exclusive_reported	0	1	GGUGA		GGUGA	-0.109375
HEK293T	chr16:-:30783505	BID_exclusive_reported	1	0	GCUCG	GCUCG		0.04296875
HEK293T	chr16:-:75629517	ELAP_exclusive_reported	0	1	ACUGA		ACUGA	-0.1640625
HEK293T	chr16:-:75641654	shared	1	1	AGUGA	AGUGA	AGUGA	-0.6796875
HEK293T	chr16:-:785793	BID_exclusive_reported	1	0	GGUGG	GGUGG		-0.4453125
HEK293T	chr16:-:88696661	BID_exclusive_reported	1	0	GCUGC	GCUGC		-0.203125
HEK293T	chr17:+:16439247	ELAP_exclusive_reported	0	1	GGUAU		GGUAU	-0.41796875
HEK293T	chr17:+:16441724	ELAP_exclusive_reported	0	1	GCUAA		GCUAA	-0.28125
HEK293T	chr17:+:17185257	BID_exclusive_reported	1	0	UGUGG	UGUGG		-0.35546875
HEK293T	chr17:+:17492484	BID_exclusive_reported	1	0	GGUGG	GGUGG		-0.4453125
HEK293T	chr17:+:18677416	ELAP_exclusive_reported	0	1	CAUCC		CAUCC	0.578125
HEK293T	chr17:+:22524496	ELAP_exclusive_reported	0	1	UCUGA		UCUGA	-0.3125
HEK293T	chr17:+:28468181	ELAP_exclusive_reported	0	1	CGUAC		CGUAC	0.55078125
HEK293T	chr17:+:28720861	ELAP_exclusive_reported	0	1	UAUCC		UAUCC	0.53125
HEK293T	chr17:+:35724705	shared	1	1	UGUAG	UGUAG	UGUAG	-0.078125
HEK293T	chr17:+:38855569	ELAP_exclusive_reported	0	1	AGUGA		AGUGA	-0.6796875
HEK293T	chr17:+:39202990	ELAP_exclusive_reported	0	1	GGUAA		GGUAA	-0.66796875
HEK293T	chr17:+:41690105	ELAP_exclusive_reported	0	1	GGUAC		GGUAC	-0.6640625
HEK293T	chr17:+:43000093	ELAP_exclusive_reported	0	1	AAUGC		AAUGC	-0.0078125
HEK293T	chr17:+:4572378	ELAP_exclusive_reported	0	1	GAUGU		GAUGU	0.0390625
HEK293T	chr17:+:49043468	BID_exclusive_reported	1	0	UGUAG	UGUAG		-0.078125
HEK293T	chr17:+:49050551	BID_exclusive_reported	1	0	GGUGG	GGUGG		-0.4453125
HEK293T	chr17:+:61070050	ELAP_exclusive_reported	0	1	UAUCC		UAUCC	0.53125
HEK293T	chr17:+:63629519	ELAP_exclusive_reported	0	1	GAUAA		GAUAA	-0.45703125
HEK293T	chr17:+:7311906	ELAP_exclusive_reported	0	1	GCUGG		GCUGG	-0.46875
HEK293T	chr17:+:75261937	BID_exclusive_reported	1	0	GGUCG	GGUCG		-0.21484375
HEK293T	chr17:+:7588024	BID_exclusive_reported	1	0	GGUGG	GGUGG		-0.4453125
HEK293T	chr17:+:78224666	BID_exclusive_reported	1	0	GCUGU	GCUGU		-0.26171875
HEK293T	chr17:+:80104560	BID_exclusive_reported	1	0	UGUAG	UGUAG		-0.078125
HEK293T	chr17:+:80105825	ELAP_exclusive_reported	0	1	ACUCU		ACUCU	-0.296875
HEK293T	chr17:+:80999410	BID_exclusive_reported	1	0	UGUGG	UGUGG		-0.35546875
HEK293T	chr17:+:81241043	ELAP_exclusive_reported	0	1	UCUGC		UCUGC	-0.1015625
HEK293T	chr17:+:81702028	BID_exclusive_reported	1	0	GGUGG	GGUGG		-0.4453125
HEK293T	chr17:-:1464899	BID_exclusive_reported	1	0	AGUGG	AGUGG		-0.546875
HEK293T	chr17:-:1676677	shared	1	1	GAUCC	GAUCC	GAUCC	0.34375
HEK293T	chr17:-:17383817	ELAP_exclusive_reported	0	1	GGUAC		GGUAC	-0.6640625
HEK293T	chr17:-:18328415	BID_exclusive_reported	1	0	UGUAG	UGUAG		-0.078125
HEK293T	chr17:-:19446228	ELAP_exclusive_reported	0	1	CCUGU		CCUGU	-0.09375
HEK293T	chr17:-:19446581	ELAP_exclusive_reported	0	1	AAUCA		AAUCA	0.02734375
HEK293T	chr17:-:21551478	ELAP_exclusive_reported	0	1	GCUGA		GCUGA	-0.25390625
HEK293T	chr17:-:28347697	BID_exclusive_reported	1	0	GCUGC	GCUGC		-0.203125
HEK293T	chr17:-:31034507	ELAP_exclusive_reported	0	1	GGUAC		GGUAC	-0.6640625
HEK293T	chr17:-:31852061	ELAP_exclusive_reported	0	1	CAUAU		CAUAU	0.19140625
HEK293T	chr17:-:41869112	ELAP_exclusive_reported	0	1	UAUCC		UAUCC	0.53125
HEK293T	chr17:-:42200802	BID_exclusive_reported	1	0	CGUGG	CGUGG		0.04296875
HEK293T	chr17:-:44321222	ELAP_exclusive_reported	0	1	CGUGA		CGUGA	0.16015625
HEK293T	chr17:-:44322483	ELAP_exclusive_reported	0	1	CCUGU		CCUGU	-0.09375
HEK293T	chr17:-:46721807	ELAP_exclusive_reported	0	1	CGUAC		CGUAC	0.55078125
HEK293T	chr17:-:4948322	ELAP_exclusive_reported	0	1	GCUAC		GCUAC	-0.140625
HEK293T	chr17:-:50150589	BID_exclusive_reported	1	0	GGUGG	GGUGG		-0.4453125
HEK293T	chr17:-:7246858	ELAP_exclusive_reported	0	1	GGUAA		GGUAA	-0.66796875
HEK293T	chr17:-:78797541	BID_exclusive_reported	1	0	AGUGG	AGUGG		-0.546875
HEK293T	chr17:-:81510126	ELAP_exclusive_reported	0	1	UGUAU		UGUAU	-0.06640625
HEK293T	chr17:-:81510174	ELAP_exclusive_reported	0	1	GCUGU		GCUGU	-0.26171875
HEK293T	chr17:-:81843621	ELAP_exclusive_reported	0	1	GGUAU		GGUAU	-0.41796875
HEK293T	chr17:-:82048333	BID_exclusive_reported	1	0	GGUCC	GGUCC		-0.12109375
HEK293T	chr18:+:60150061	ELAP_exclusive_reported	0	1	AAUCC		AAUCC	0.3359375
HEK293T	chr18:+:74148937	BID_exclusive_reported	1	0	UGUGG	UGUGG		-0.35546875
HEK293T	chr18:-:46087075	ELAP_exclusive_reported	0	1	CAUAG		CAUAG	0.234375
HEK293T	chr18:-:6462504	ELAP_exclusive_reported	0	1	GCUAG		GCUAG	-0.70703125
HEK293T	chr19:+:1021561	ELAP_exclusive_reported	0	1	GAUAC		GAUAC	0.17578125
HEK293T	chr19:+:1104084	ELAP_exclusive_reported	0	1	GCUGC		GCUGC	-0.203125
HEK293T	chr19:+:11436069	ELAP_exclusive_reported	0	1	UGUAG		UGUAG	-0.078125
HEK293T	chr19:+:1206924	BID_exclusive_reported	1	0	GGUGG	GGUGG		-0.4453125
HEK293T	chr19:+:1242478	BID_exclusive_reported	1	0	CGUCC	CGUCC		0.6640625
HEK293T	chr19:+:12940843	ELAP_exclusive_reported	0	1	UCUAU		UCUAU	-0.203125
HEK293T	chr19:+:13140205	BID_exclusive_reported	1	0	AGUGG	AGUGG		-0.546875
HEK293T	chr19:+:13778330	BID_exclusive_reported	1	0	AGUGG	AGUGG		-0.546875
HEK293T	chr19:+:16102763	BID_exclusive_reported	1	0	UGUGG	UGUGG		-0.35546875
HEK293T	chr19:+:17862095	ELAP_exclusive_reported	0	1	GGUGU		GGUGU	-0.046875
HEK293T	chr19:+:17862966	ELAP_exclusive_reported	0	1	GAUCA		GAUCA	0.20703125
HEK293T	chr19:+:18169212	BID_exclusive_reported	1	0	GGUGC	GGUGC		-0.046875
HEK293T	chr19:+:18574888	ELAP_exclusive_reported	0	1	GGUGU		GGUGU	-0.046875
HEK293T	chr19:+:18856296	ELAP_exclusive_reported	0	1	GCUGA		GCUGA	-0.25390625
HEK293T	chr19:+:19526200	ELAP_exclusive_reported	0	1	CAUAG		CAUAG	0.234375
HEK293T	chr19:+:2271393	ELAP_exclusive_reported	0	1	GGUCU		GGUCU	-0.1875
HEK293T	chr19:+:2273438	ELAP_exclusive_reported	0	1	GGUAU		GGUAU	-0.41796875
HEK293T	chr19:+:2337531	shared	1	1	GCUGG	GCUGG	GCUGG	-0.46875
HEK293T	chr19:+:23827393	BID_exclusive_reported	1	0	UAUCC	UAUCC		0.53125
HEK293T	chr19:+:23827881	ELAP_exclusive_reported	0	1	GCUAC		GCUAC	-0.140625
HEK293T	chr19:+:34466878	ELAP_exclusive_reported	0	1	AGUGA		AGUGA	-0.6796875
HEK293T	chr19:+:35279516	shared	1	1	UCUAG	UCUAG	UCUAG	-0.33984375
HEK293T	chr19:+:3535359	BID_exclusive_reported	1	0	GGUGG	GGUGG		-0.4453125
HEK293T	chr19:+:35633805	BID_exclusive_reported	1	0	CGUGG	CGUGG		0.04296875
HEK293T	chr19:+:36104871	BID_exclusive_reported	1	0	GGUGG	GGUGG		-0.4453125
HEK293T	chr19:+:36901839	ELAP_exclusive_reported	0	1	CAUCC		CAUCC	0.578125
HEK293T	chr19:+:38383622	shared	1	1	GGUCU	GGUCU	GGUCU	-0.1875
HEK293T	chr19:+:38620371	ELAP_exclusive_reported	0	1	GCUAU		GCUAU	-0.04296875
HEK293T	chr19:+:40366654	ELAP_exclusive_reported	0	1	AAUGA		AAUGA	-0.51171875
HEK293T	chr19:+:40377821	ELAP_exclusive_reported	0	1	GCUCG		GCUCG	0.04296875
HEK293T	chr19:+:40377866	ELAP_exclusive_reported	0	1	ACUGA		ACUGA	-0.1640625
HEK293T	chr19:+:40378040	shared	1	1	GCUGG	GCUGG	GCUGG	-0.46875
HEK293T	chr19:+:40629729	BID_exclusive_reported	1	0	ACUGA	ACUGA		-0.1640625
HEK293T	chr19:+:44900733	ELAP_exclusive_reported	0	1	AAUCC		AAUCC	0.3359375
HEK293T	chr19:+:4724082	ELAP_exclusive_reported	0	1	UAUAG		UAUAG	0.26171875
HEK293T	chr19:+:4792585	BID_exclusive_reported	1	0	GGUCG	GGUCG		-0.21484375
HEK293T	chr19:+:48966704	ELAP_exclusive_reported	0	1	UCUCU		UCUCU	-0.1953125
HEK293T	chr19:+:49489914	ELAP_exclusive_reported	0	1	GGUAC		GGUAC	-0.6640625
HEK293T	chr19:+:49490780	ELAP_exclusive_reported	0	1	GGUAU		GGUAU	-0.41796875
HEK293T	chr19:+:49497202	ELAP_exclusive_reported	0	1	CGUGC		CGUGC	-0.0078125
HEK293T	chr19:+:49497297	ELAP_exclusive_reported	0	1	CAUCG		CAUCG	-0.046875
HEK293T	chr19:+:49497564	ELAP_exclusive_reported	0	1	GGUAA		GGUAA	-0.66796875
HEK293T	chr19:+:49625507	BID_exclusive_reported	1	0	GGUGG	GGUGG		-0.4453125
HEK293T	chr19:+:49682212	ELAP_exclusive_reported	0	1	UAUCU		UAUCU	0.265625
HEK293T	chr19:+:50482405	BID_exclusive_reported	1	0	UGUCC	UGUCC		-0.15625
HEK293T	chr19:+:54206459	ELAP_exclusive_reported	0	1	UAUCA		UAUCA	-0.0546875
HEK293T	chr19:+:55654537	BID_exclusive_reported	1	0	GAUCC	GAUCC		0.34375
HEK293T	chr19:+:55669502	ELAP_exclusive_reported	0	1	GGUGC		GGUGC	-0.046875
HEK293T	chr19:+:55674649	ELAP_exclusive_reported	0	1	ACUCU		ACUCU	-0.296875
HEK293T	chr19:+:583308	ELAP_exclusive_reported	0	1	UGUGC		UGUGC	0.0234375
HEK293T	chr19:+:6364500	ELAP_exclusive_reported	0	1	CAUCC		CAUCC	0.578125
HEK293T	chr19:+:6368667	shared	1	1	UGUAG	UGUAG	UGUAG	-0.078125
HEK293T	chr19:+:808375	ELAP_exclusive_reported	0	1	CGUGC		CGUGC	-0.0078125
HEK293T	chr19:+:811804	ELAP_exclusive_reported	0	1	AGUCG		AGUCG	-0.5859375
HEK293T	chr19:+:8322352	ELAP_exclusive_reported	0	1	CGUAA		CGUAA	0.2890625
HEK293T	chr19:+:990305	shared	1	1	ACUGC	ACUGC	ACUGC	-0.12109375
HEK293T	chr19:-:10119122	ELAP_exclusive_reported	0	1	GGUGA		GGUGA	-0.109375
HEK293T	chr19:-:10140311	BID_exclusive_reported	1	0	UGUGG	UGUGG		-0.35546875
HEK293T	chr19:-:10391186	shared	1	1	UGUGU	UGUGU	UGUGU	-0.4375
HEK293T	chr19:-:12643545	ELAP_exclusive_reported	0	1	ACUGU		ACUGU	-0.16796875
HEK293T	chr19:-:12643690	ELAP_exclusive_reported	0	1	GGUAA		GGUAA	-0.66796875
HEK293T	chr19:-:12643845	ELAP_exclusive_reported	0	1	GGUGU		GGUGU	-0.046875
HEK293T	chr19:-:1300282	ELAP_exclusive_reported	0	1	AAUAC		AAUAC	0.32421875
HEK293T	chr19:-:18539437	ELAP_exclusive_reported	0	1	ACUCA		ACUCA	-0.41015625
HEK293T	chr19:-:1881594	shared	1	1	GGUGG	GGUGG	GGUGG	-0.4453125
HEK293T	chr19:-:19119830	BID_exclusive_reported	1	0	GGUGG	GGUGG		-0.4453125
HEK293T	chr19:-:19654662	BID_exclusive_reported	1	0	UGUAG	UGUAG		-0.078125
HEK293T	chr19:-:1986280	BID_exclusive_reported	1	0	GGUGG	GGUGG		-0.4453125
HEK293T	chr19:-:2426910	ELAP_exclusive_reported	0	1	CAUAA		CAUAA	-0.18359375
HEK293T	chr19:-:34022744	ELAP_exclusive_reported	0	1	CAUGG		CAUGG	-0.40234375
HEK293T	chr19:-:35505983	ELAP_exclusive_reported	0	1	ACUCU		ACUCU	-0.296875
HEK293T	chr19:-:3976556	ELAP_exclusive_reported	0	1	UGUAG		UGUAG	-0.078125
HEK293T	chr19:-:3976737	ELAP_exclusive_reported	0	1	GCUGA		GCUGA	-0.25390625
HEK293T	chr19:-:3978081	ELAP_exclusive_reported	0	1	GCUGU		GCUGU	-0.26171875
HEK293T	chr19:-:3982051	ELAP_exclusive_reported	0	1	GGUAC		GGUAC	-0.6640625
HEK293T	chr19:-:3984349	ELAP_exclusive_reported	0	1	GGUGA		GGUGA	-0.109375
HEK293T	chr19:-:3985379	ELAP_exclusive_reported	0	1	CAUGG		CAUGG	-0.40234375
HEK293T	chr19:-:41386403	BID_exclusive_reported	1	0	AAUGG	AAUGG		-0.1484375
HEK293T	chr19:-:45162996	BID_exclusive_reported	1	0	GGUGG	GGUGG		-0.4453125
HEK293T	chr19:-:45687593	ELAP_exclusive_reported	0	1	AGUCA		AGUCA	-0.64453125
HEK293T	chr19:-:45688452	ELAP_exclusive_reported	0	1	AAUAC		AAUAC	0.32421875
HEK293T	chr19:-:45885864	BID_exclusive_reported	1	0	UGUCC	UGUCC		-0.15625
HEK293T	chr19:-:46775236	BID_exclusive_reported	1	0	CGUCC	CGUCC		0.6640625
HEK293T	chr19:-:48615358	ELAP_exclusive_reported	0	1	ACUCU		ACUCU	-0.296875
HEK293T	chr19:-:55262614	BID_exclusive_reported	1	0	GAUCG	GAUCG		0.15625
HEK293T	chr19:-:55404304	ELAP_exclusive_reported	0	1	CAUCC		CAUCC	0.578125
HEK293T	chr19:-:55579060	BID_exclusive_reported	1	0	AGUCG	AGUCG		-0.5859375
HEK293T	chr19:-:56217606	ELAP_exclusive_reported	0	1	CGUGC		CGUGC	-0.0078125
HEK293T	chr19:-:5693365	ELAP_exclusive_reported	0	1	CAUGA		CAUGA	-0.53125
HEK293T	chr19:-:6211746	BID_exclusive_reported	1	0	GGUCC	GGUCC		-0.12109375
HEK293T	chr19:-:6456440	BID_exclusive_reported	1	0	UGUAU	UGUAU		-0.06640625
HEK293T	chr1:+:10403085	ELAP_exclusive_reported	0	1	GAUAC		GAUAC	0.17578125
HEK293T	chr1:+:10413090	BID_exclusive_reported	1	0	GCUAG	GCUAG		-0.70703125
HEK293T	chr1:+:10417451	ELAP_exclusive_reported	0	1	GCUGG		GCUGG	-0.46875
HEK293T	chr1:+:1045781	BID_exclusive_reported	1	0	GAUGA	GAUGA		-0.31640625
HEK293T	chr1:+:112670409	ELAP_exclusive_reported	0	1	GGUGA		GGUGA	-0.109375
HEK293T	chr1:+:116388188	ELAP_exclusive_reported	0	1	ACUAU		ACUAU	-0.07421875
HEK293T	chr1:+:116389662	ELAP_exclusive_reported	0	1	GGUAU		GGUAU	-0.41796875
HEK293T	chr1:+:116390404	ELAP_exclusive_reported	0	1	AAUCA		AAUCA	0.02734375
HEK293T	chr1:+:116404439	ELAP_exclusive_reported	0	1	ACUAU		ACUAU	-0.07421875
HEK293T	chr1:+:119712051	ELAP_exclusive_reported	0	1	GCUCA		GCUCA	0.07421875
HEK293T	chr1:+:119734638	ELAP_exclusive_reported	0	1	UAUAG		UAUAG	0.26171875
HEK293T	chr1:+:119737154	ELAP_exclusive_reported	0	1	UGUCA		UGUCA	-0.4375
HEK293T	chr1:+:119744132	ELAP_exclusive_reported	0	1	GCUGA		GCUGA	-0.25390625
HEK293T	chr1:+:12011566	BID_exclusive_reported	1	0	AGUGG	AGUGG		-0.546875
HEK293T	chr1:+:12012122	BID_exclusive_reported	1	0	GGUGA	GGUGA		-0.109375
HEK293T	chr1:+:146035704	ELAP_exclusive_reported	0	1	UCUAG		UCUAG	-0.33984375
HEK293T	chr1:+:146037073	ELAP_exclusive_reported	0	1	UAUAG		UAUAG	0.26171875
HEK293T	chr1:+:151265180	ELAP_exclusive_reported	0	1	GCUAA		GCUAA	-0.28125
HEK293T	chr1:+:153990774	ELAP_exclusive_reported	0	1	GGUGA		GGUGA	-0.109375
HEK293T	chr1:+:155709773	ELAP_exclusive_reported	0	1	AGUGC		AGUGC	0.01953125
HEK293T	chr1:+:15828371	ELAP_exclusive_reported	0	1	GCUAC		GCUAC	-0.140625
HEK293T	chr1:+:161214191	shared	1	1	GGUGA	GGUGA	GGUGA	-0.109375
HEK293T	chr1:+:161531125	ELAP_exclusive_reported	0	1	UAUAG		UAUAG	0.26171875
HEK293T	chr1:+:161612730	ELAP_exclusive_reported	0	1	UGUAG		UGUAG	-0.078125
HEK293T	chr1:+:167714783	ELAP_exclusive_reported	0	1	AAUCC		AAUCC	0.3359375
HEK293T	chr1:+:175921993	ELAP_exclusive_reported	0	1	UGUAC		UGUAC	0.19921875
HEK293T	chr1:+:182876870	ELAP_exclusive_reported	0	1	CAUAA		CAUAA	-0.18359375
HEK293T	chr1:+:19608566	ELAP_exclusive_reported	0	1	UGUGA		UGUGA	-0.4921875
HEK293T	chr1:+:206528988	ELAP_exclusive_reported	0	1	GGUGA		GGUGA	-0.109375
HEK293T	chr1:+:212444436	ELAP_exclusive_reported	0	1	CAUGA		CAUGA	-0.53125
HEK293T	chr1:+:22092496	shared	1	1	UGUAG	UGUAG	UGUAG	-0.078125
HEK293T	chr1:+:226881928	BID_exclusive_reported	1	0	UCUGA	UCUGA		-0.3125
HEK293T	chr1:+:228148889	ELAP_exclusive_reported	0	1	CCUAU		CCUAU	-0.05078125
HEK293T	chr1:+:228178936	BID_exclusive_reported	1	0	UGUAG	UGUAG		-0.078125
HEK293T	chr1:+:228494848	ELAP_exclusive_reported	0	1	GGUGC		GGUGC	-0.046875
HEK293T	chr1:+:230236037	ELAP_exclusive_reported	0	1	GGUGG		GGUGG	-0.4453125
HEK293T	chr1:+:237603113	ELAP_exclusive_reported	0	1	ACUAU		ACUAU	-0.07421875
HEK293T	chr1:+:237603173	ELAP_exclusive_reported	0	1	GAUGA		GAUGA	-0.31640625
HEK293T	chr1:+:2589933	BID_exclusive_reported	1	0	GGUGG	GGUGG		-0.4453125
HEK293T	chr1:+:26980293	ELAP_exclusive_reported	0	1	GGUGA		GGUGA	-0.109375
HEK293T	chr1:+:28238008	ELAP_exclusive_reported	0	1	CAUGU		CAUGU	-0.421875
HEK293T	chr1:+:28577563	ELAP_exclusive_reported	0	1	GCUGU		GCUGU	-0.26171875
HEK293T	chr1:+:39034507	ELAP_exclusive_reported	0	1	GCUGC		GCUGC	-0.203125
HEK293T	chr1:+:42700970	ELAP_exclusive_reported	0	1	GCUGA		GCUGA	-0.25390625
HEK293T	chr1:+:43360868	ELAP_exclusive_reported	0	1	GGUAA		GGUAA	-0.66796875
HEK293T	chr1:+:43597926	BID_exclusive_reported	1	0	CGUGA	CGUGA		0.16015625
HEK293T	chr1:+:43606898	BID_exclusive_reported	1	0	UGUGG	UGUGG		-0.35546875
HEK293T	chr1:+:43976307	ELAP_exclusive_reported	0	1	CAUCU		CAUCU	-0.0703125
HEK293T	chr1:+:43985003	BID_exclusive_reported	1	0	GCUGC	GCUGC		-0.203125
HEK293T	chr1:+:44776716	ELAP_exclusive_reported	0	1	GGUAA		GGUAA	-0.66796875
HEK293T	chr1:+:44776731	ELAP_exclusive_reported	0	1	CGUGC		CGUGC	-0.0078125
HEK293T	chr1:+:44778620	ELAP_exclusive_reported	0	1	GCUAU		GCUAU	-0.04296875
HEK293T	chr1:+:45015459	BID_exclusive_reported	1	0	GAUGC	GAUGC		0.24609375
HEK293T	chr1:+:45551081	ELAP_exclusive_reported	0	1	GAUCG		GAUCG	0.15625
HEK293T	chr1:+:46316626	ELAP_exclusive_reported	0	1	CAUCA		CAUCA	-0.2734375
HEK293T	chr1:+:46316692	ELAP_exclusive_reported	0	1	CAUGA		CAUGA	-0.53125
HEK293T	chr1:+:630836	ELAP_exclusive_reported	0	1	AAUGG		AAUGG	-0.1484375
HEK293T	chr1:+:631831	ELAP_exclusive_reported	0	1	AAUAA		AAUAA	-0.1953125
HEK293T	chr1:+:632828	ELAP_exclusive_reported	0	1	CAUGA		CAUGA	-0.53125
HEK293T	chr1:+:76700247	ELAP_exclusive_reported	0	1	GAUAA		GAUAA	-0.45703125
HEK293T	chr1:+:76700362	ELAP_exclusive_reported	0	1	GAUGG		GAUGG	-0.19921875
HEK293T	chr1:+:93361108	BID_exclusive_reported	1	0	AGUAU	AGUAU		-0.3125
HEK293T	chr1:-:101786504	ELAP_exclusive_reported	0	1	GCUAC		GCUAC	-0.140625
HEK293T	chr1:-:101786992	ELAP_exclusive_reported	0	1	UAUCC		UAUCC	0.53125
HEK293T	chr1:-:109740281	ELAP_exclusive_reported	0	1	CGUGC		CGUGC	-0.0078125
HEK293T	chr1:-:114780511	BID_exclusive_reported	1	0	AGUCG	AGUCG		-0.5859375
HEK293T	chr1:-:11676139	ELAP_exclusive_reported	0	1	GCUCA		GCUCA	0.07421875
HEK293T	chr1:-:1254957	shared	1	1	UGUAG	UGUAG	UGUAG	-0.078125
HEK293T	chr1:-:1336110	BID_exclusive_reported	1	0	GGUGG	GGUGG		-0.4453125
HEK293T	chr1:-:150622412	shared	1	1	UGUAG	UGUAG	UGUAG	-0.078125
HEK293T	chr1:-:153662783	ELAP_exclusive_reported	0	1	GCUAU		GCUAU	-0.04296875
HEK293T	chr1:-:153959729	shared	1	1	CAUAA	CAUAA	CAUAA	-0.18359375
HEK293T	chr1:-:154959440	BID_exclusive_reported	1	0	AGUGG	AGUGG		-0.546875
HEK293T	chr1:-:156009266	ELAP_exclusive_reported	0	1	GGUGC		GGUGC	-0.046875
HEK293T	chr1:-:156035986	shared	1	1	AGUAG	AGUAG	AGUAG	-0.0078125
HEK293T	chr1:-:156050509	BID_exclusive_reported	1	0	GCUCU	GCUCU		0.26953125
HEK293T	chr1:-:156051168	BID_exclusive_reported	1	0	GGUGG	GGUGG		-0.4453125
HEK293T	chr1:-:156311056	ELAP_exclusive_reported	0	1	UGUGG		UGUGG	-0.35546875
HEK293T	chr1:-:156325071	ELAP_exclusive_reported	0	1	UGUAG		UGUAG	-0.078125
HEK293T	chr1:-:160266995	ELAP_exclusive_reported	0	1	UAUCC		UAUCC	0.53125
HEK293T	chr1:-:161171595	ELAP_exclusive_reported	0	1	AAUCC		AAUCC	0.3359375
HEK293T	chr1:-:161171614	shared	1	1	UGUAG	UGUAG	UGUAG	-0.078125
HEK293T	chr1:-:17407950	BID_exclusive_reported	1	0	CGUGU	CGUGU		-0.01953125
HEK293T	chr1:-:176207020	BID_exclusive_reported	1	0	GGUCC	GGUCC		-0.12109375
HEK293T	chr1:-:180502431	BID_exclusive_reported	1	0	AGUGG	AGUGG		-0.546875
HEK293T	chr1:-:202925001	ELAP_exclusive_reported	0	1	UGUAG		UGUAG	-0.078125
HEK293T	chr1:-:205713494	ELAP_exclusive_reported	0	1	UGUAU		UGUAU	-0.06640625
HEK293T	chr1:-:205714404	ELAP_exclusive_reported	0	1	ACUGA		ACUGA	-0.1640625
HEK293T	chr1:-:20853590	BID_exclusive_reported	1	0	UGUAG	UGUAG		-0.078125
HEK293T	chr1:-:212791738	BID_exclusive_reported	1	0	GGUCC	GGUCC		-0.12109375
HEK293T	chr1:-:220317038	ELAP_exclusive_reported	0	1	GGUGU		GGUGU	-0.046875
HEK293T	chr1:-:224300618	BID_exclusive_reported	1	0	UGUCU	UGUCU		-0.4296875
HEK293T	chr1:-:235109959	ELAP_exclusive_reported	0	1	CAUCC		CAUCC	0.578125
HEK293T	chr1:-:235110415	ELAP_exclusive_reported	0	1	UGUAG		UGUAG	-0.078125
HEK293T	chr1:-:236032592	BID_exclusive_reported	1	0	GGUCC	GGUCC		-0.12109375
HEK293T	chr1:-:241519625	ELAP_exclusive_reported	0	1	CGUGC		CGUGC	-0.0078125
HEK293T	chr1:-:244855992	ELAP_exclusive_reported	0	1	AAUAA		AAUAA	-0.1953125
HEK293T	chr1:-:246507261	ELAP_exclusive_reported	0	1	GCUGC		GCUGC	-0.203125
HEK293T	chr1:-:32367173	shared	1	1	AGUGA	AGUGA	AGUGA	-0.6796875
HEK293T	chr1:-:39561726	BID_exclusive_reported	1	0	GGUGG	GGUGG		-0.4453125
HEK293T	chr1:-:40622675	BID_exclusive_reported	1	0	UGUAG	UGUAG		-0.078125
HEK293T	chr1:-:54851248	BID_exclusive_reported	1	0	UGUAG	UGUAG		-0.078125
HEK293T	chr1:-:54852306	ELAP_exclusive_reported	0	1	GCUGC		GCUGC	-0.203125
HEK293T	chr1:-:56619411	ELAP_exclusive_reported	0	1	CAUAG		CAUAG	0.234375
HEK293T	chr1:-:58782824	BID_exclusive_reported	1	0	AGUCC	AGUCC		-0.0078125
HEK293T	chr1:-:6185970	shared	1	1	UGUAG	UGUAG	UGUAG	-0.078125
HEK293T	chr1:-:6186768	shared	1	1	CGUGA	CGUGA	CGUGA	0.16015625
HEK293T	chr1:-:6197683	ELAP_exclusive_reported	0	1	UGUAG		UGUAG	-0.078125
HEK293T	chr1:-:8057775	ELAP_exclusive_reported	0	1	GCUAC		GCUAC	-0.140625
HEK293T	chr1:-:85464927	BID_exclusive_reported	1	0	CGUCG	CGUCG		0.25390625
HEK293T	chr1:-:86863511	ELAP_exclusive_reported	0	1	UGUAG		UGUAG	-0.078125
HEK293T	chr1:-:8865342	ELAP_exclusive_reported	0	1	GGUAC		GGUAC	-0.6640625
HEK293T	chr1:-:8867195	ELAP_exclusive_reported	0	1	GGUGC		GGUGC	-0.046875
HEK293T	chr1:-:88983617	BID_exclusive_reported	1	0	AAUGG	AAUGG		-0.1484375
HEK293T	chr1:-:93180184	BID_exclusive_reported	1	0	GGUGC	GGUGC		-0.046875
HEK293T	chr1:-:999137	ELAP_exclusive_reported	0	1	GGUCU		GGUCU	-0.1875
HEK293T	chr20:+:31514487	ELAP_exclusive_reported	0	1	GGUGU		GGUGU	-0.046875
HEK293T	chr20:+:3223583	ELAP_exclusive_reported	0	1	UGUCG		UGUCG	-0.38671875
HEK293T	chr20:+:35542868	shared	1	1	GAUGU	GAUGU	GAUGU	0.0390625
HEK293T	chr20:+:37228670	ELAP_exclusive_reported	0	1	ACUCU		ACUCU	-0.296875
HEK293T	chr20:+:43473031	ELAP_exclusive_reported	0	1	CAUAU		CAUAU	0.19140625
HEK293T	chr20:+:43716152	ELAP_exclusive_reported	0	1	UGUGA		UGUGA	-0.4921875
HEK293T	chr20:+:45410529	shared	1	1	GGUAC	GGUAC	GGUAC	-0.6640625
HEK293T	chr20:+:46100091	ELAP_exclusive_reported	0	1	CAUGG		CAUGG	-0.40234375
HEK293T	chr20:+:56365194	ELAP_exclusive_reported	0	1	ACUGU		ACUGU	-0.16796875
HEK293T	chr20:+:56367567	BID_exclusive_reported	1	0	GGUGG	GGUGG		-0.4453125
HEK293T	chr20:+:58909565	ELAP_exclusive_reported	0	1	GAUCC		GAUCC	0.34375
HEK293T	chr20:+:62387123	ELAP_exclusive_reported	0	1	GGUGU		GGUGU	-0.046875
HEK293T	chr20:+:62388360	ELAP_exclusive_reported	0	1	UCUCA		UCUCA	-0.09765625
HEK293T	chr20:+:63742413	shared	1	1	GCUGA	GCUGA	GCUGA	-0.25390625
HEK293T	chr20:-:2463146	ELAP_exclusive_reported	0	1	AGUAC		AGUAC	0.0390625
HEK293T	chr20:-:29299580	ELAP_exclusive_reported	0	1	AAUCC		AAUCC	0.3359375
HEK293T	chr20:-:34291462	ELAP_exclusive_reported	0	1	GAUCC		GAUCC	0.34375
HEK293T	chr20:-:34292507	ELAP_exclusive_reported	0	1	AGUGU		AGUGU	-0.6484375
HEK293T	chr20:-:35284418	ELAP_exclusive_reported	0	1	ACUGU		ACUGU	-0.16796875
HEK293T	chr20:-:44466717	ELAP_exclusive_reported	0	1	UGUGG		UGUGG	-0.35546875
HEK293T	chr20:-:45640491	ELAP_exclusive_reported	0	1	CAUAG		CAUAG	0.234375
HEK293T	chr20:-:49113647	BID_exclusive_reported	1	0	CGUAU	CGUAU		0.390625
HEK293T	chr20:-:5119917	ELAP_exclusive_reported	0	1	UCUAG		UCUAG	-0.33984375
HEK293T	chr20:-:63959881	BID_exclusive_reported	1	0	GGUGC	GGUGC		-0.046875
HEK293T	chr21:+:25362799	ELAP_exclusive_reported	0	1	GCUGU		GCUGU	-0.26171875
HEK293T	chr21:+:31663833	ELAP_exclusive_reported	0	1	ACUGA		ACUGA	-0.1640625
HEK293T	chr21:+:34388999	BID_exclusive_reported	1	0	GGUGG	GGUGG		-0.4453125
HEK293T	chr21:+:37195727	shared	1	1	UGUGA	UGUGA	UGUGA	-0.4921875
HEK293T	chr21:+:39397259	ELAP_exclusive_reported	0	1	CAUAU		CAUAU	0.19140625
HEK293T	chr21:+:44312239	BID_exclusive_reported	1	0	GGUGC	GGUGC		-0.046875
HEK293T	chr21:+:7758475	BID_exclusive_reported	1	0	GGUGG	GGUGG		-0.4453125
HEK293T	chr21:-:25881387	ELAP_exclusive_reported	0	1	AAUAG		AAUAG	0.125
HEK293T	chr21:-:33903614	ELAP_exclusive_reported	0	1	AAUGA		AAUGA	-0.51171875
HEK293T	chr22:+:11630407	ELAP_exclusive_reported	0	1	AAUAA		AAUAA	-0.1953125
HEK293T	chr22:+:19792475	ELAP_exclusive_reported	0	1	UAUCA		UAUCA	-0.0546875
HEK293T	chr22:+:20405560	BID_exclusive_reported	1	0	UGUAG	UGUAG		-0.078125
HEK293T	chr22:+:23967446	ELAP_exclusive_reported	0	1	CCUGC		CCUGC	-0.0078125
HEK293T	chr22:+:24556010	ELAP_exclusive_reported	0	1	ACUCA		ACUCA	-0.41015625
HEK293T	chr22:+:24568039	ELAP_exclusive_reported	0	1	GGUAU		GGUAU	-0.41796875
HEK293T	chr22:+:29298859	BID_exclusive_reported	1	0	CGUCC	CGUCC		0.6640625
HEK293T	chr22:+:29769931	BID_exclusive_reported	1	0	UGUGA	UGUGA		-0.4921875
HEK293T	chr22:+:31420277	shared	1	1	GAUCU	GAUCU	GAUCU	0.2578125
HEK293T	chr22:+:32039692	ELAP_exclusive_reported	0	1	GGUAU		GGUAU	-0.41796875
HEK293T	chr22:+:35424407	shared	1	1	UGUAG	UGUAG	UGUAG	-0.078125
HEK293T	chr22:+:37878111	ELAP_exclusive_reported	0	1	GGUAU		GGUAU	-0.41796875
HEK293T	chr22:+:39521800	ELAP_exclusive_reported	0	1	GAUGU		GAUGU	0.0390625
HEK293T	chr22:+:39522228	BID_exclusive_reported	1	0	CCUAU	CCUAU		-0.05078125
HEK293T	chr22:+:40358945	ELAP_exclusive_reported	0	1	CGUGU		CGUGU	-0.01953125
HEK293T	chr22:+:40364896	ELAP_exclusive_reported	0	1	AAUCA		AAUCA	0.02734375
HEK293T	chr22:+:40366437	ELAP_exclusive_reported	0	1	GGUGC		GGUGC	-0.046875
HEK293T	chr22:+:40953600	ELAP_exclusive_reported	0	1	ACUGU		ACUGU	-0.16796875
HEK293T	chr22:+:41064174	ELAP_exclusive_reported	0	1	CGUGA		CGUGA	0.16015625
HEK293T	chr22:+:41906158	ELAP_exclusive_reported	0	1	UGUAG		UGUAG	-0.078125
HEK293T	chr22:+:43159338	ELAP_exclusive_reported	0	1	GGUAC		GGUAC	-0.6640625
HEK293T	chr22:+:45729539	BID_exclusive_reported	1	0	GAUCA	GAUCA		0.20703125
HEK293T	chr22:-:21922624	BID_exclusive_reported	1	0	GGUGG	GGUGG		-0.4453125
HEK293T	chr22:-:21922817	BID_exclusive_reported	1	0	GGUGG	GGUGG		-0.4453125
HEK293T	chr22:-:21934151	BID_exclusive_reported	1	0	GGUGC	GGUGC		-0.046875
HEK293T	chr22:-:24541687	ELAP_exclusive_reported	0	1	GGUCU		GGUCU	-0.1875
HEK293T	chr22:-:26887501	ELAP_exclusive_reported	0	1	UCUGA		UCUGA	-0.3125
HEK293T	chr22:-:26887557	ELAP_exclusive_reported	0	1	GAUAA		GAUAA	-0.45703125
HEK293T	chr22:-:28795526	ELAP_exclusive_reported	0	1	UAUAC		UAUAC	0.23828125
HEK293T	chr22:-:29351771	BID_exclusive_reported	1	0	CCUAU	CCUAU		-0.05078125
HEK293T	chr22:-:36510903	ELAP_exclusive_reported	0	1	GCUCU		GCUCU	0.26953125
HEK293T	chr22:-:36512571	ELAP_exclusive_reported	0	1	GCUGG		GCUGG	-0.46875
HEK293T	chr22:-:38491087	ELAP_exclusive_reported	0	1	GAUCU		GAUCU	0.2578125
HEK293T	chr22:-:39317512	ELAP_exclusive_reported	0	1	UGUCU		UGUCU	-0.4296875
HEK293T	chr22:-:40856484	ELAP_exclusive_reported	0	1	GAUCC		GAUCC	0.34375
HEK293T	chr22:-:41675036	BID_exclusive_reported	1	0	GGUCU	GGUCU		-0.1875
HEK293T	chr22:-:42060203	BID_exclusive_reported	1	0	AGUGG	AGUGG		-0.546875
HEK293T	chr22:-:42777244	ELAP_exclusive_reported	0	1	AGUGA		AGUGA	-0.6796875
HEK293T	chr22:-:50466388	BID_exclusive_reported	1	0	UGUAG	UGUAG		-0.078125
HEK293T	chr22_KI270733v1_random:+:134731	ELAP_exclusive_reported	0	1	CGUGA		CGUGA	0.16015625
HEK293T	chr22_KI270733v1_random:+:176965	ELAP_exclusive_reported	0	1	GAUAG		GAUAG	0.203125
HEK293T	chr2:+:101002310	ELAP_exclusive_reported	0	1	GCUGC		GCUGC	-0.203125
HEK293T	chr2:+:110634189	ELAP_exclusive_reported	0	1	GGUAU		GGUAU	-0.41796875
HEK293T	chr2:+:113658737	ELAP_exclusive_reported	0	1	GGUAU		GGUAU	-0.41796875
HEK293T	chr2:+:128217790	ELAP_exclusive_reported	0	1	ACUCA		ACUCA	-0.41015625
HEK293T	chr2:+:130182432	ELAP_exclusive_reported	0	1	GCUAU		GCUAU	-0.04296875
HEK293T	chr2:+:152718657	ELAP_exclusive_reported	0	1	GCUCU		GCUCU	0.26953125
HEK293T	chr2:+:189661516	BID_exclusive_reported	1	0	GGUGG	GGUGG		-0.4453125
HEK293T	chr2:+:201085563	BID_exclusive_reported	1	0	UGUAG	UGUAG		-0.078125
HEK293T	chr2:+:206160053	ELAP_exclusive_reported	0	1	CAUCG		CAUCG	-0.046875
HEK293T	chr2:+:215326117	ELAP_exclusive_reported	0	1	ACUAG		ACUAG	-0.5625
HEK293T	chr2:+:215336046	ELAP_exclusive_reported	0	1	GGUAU		GGUAU	-0.41796875
HEK293T	chr2:+:216499392	shared	1	1	UGUGG	UGUGG	UGUGG	-0.35546875
HEK293T	chr2:+:216501361	ELAP_exclusive_reported	0	1	GGUAA		GGUAA	-0.66796875
HEK293T	chr2:+:216660666	ELAP_exclusive_reported	0	1	GGUAU		GGUAU	-0.41796875
HEK293T	chr2:+:236130360	BID_exclusive_reported	1	0	CGUGG	CGUGG		0.04296875
HEK293T	chr2:+:240595225	BID_exclusive_reported	1	0	GGUGG	GGUGG		-0.4453125
HEK293T	chr2:+:241335180	shared	1	1	UCUGU	UCUGU	UCUGU	0.03125
HEK293T	chr2:+:241352066	ELAP_exclusive_reported	0	1	CCUGU		CCUGU	-0.09375
HEK293T	chr2:+:241673484	BID_exclusive_reported	1	0	GGUCG	GGUCG		-0.21484375
HEK293T	chr2:+:3580113	ELAP_exclusive_reported	0	1	CGUAC		CGUAC	0.55078125
HEK293T	chr2:+:38482177	ELAP_exclusive_reported	0	1	GCUGC		GCUGC	-0.203125
HEK293T	chr2:+:38482216	ELAP_exclusive_reported	0	1	ACUGU		ACUGU	-0.16796875
HEK293T	chr2:+:38482380	ELAP_exclusive_reported	0	1	CAUGC		CAUGC	0.5625
HEK293T	chr2:+:58251767	ELAP_exclusive_reported	0	1	GCUAC		GCUAC	-0.140625
HEK293T	chr2:+:58252555	ELAP_exclusive_reported	0	1	UCUAG		UCUAG	-0.33984375
HEK293T	chr2:+:65239943	BID_exclusive_reported	1	0	AGUGG	AGUGG		-0.546875
HEK293T	chr2:+:74207794	ELAP_exclusive_reported	0	1	UGUAG		UGUAG	-0.078125
HEK293T	chr2:+:84916437	ELAP_exclusive_reported	0	1	GGUAU		GGUAU	-0.41796875
HEK293T	chr2:+:85597517	ELAP_exclusive_reported	0	1	GCUGA		GCUGA	-0.25390625
HEK293T	chr2:+:87825114	ELAP_exclusive_reported	0	1	AAUCU		AAUCU	0.234375
HEK293T	chr2:-:108712870	ELAP_exclusive_reported	0	1	GGUAU		GGUAU	-0.41796875
HEK293T	chr2:-:119993368	ELAP_exclusive_reported	0	1	ACUGC		ACUGC	-0.12109375
HEK293T	chr2:-:127063629	ELAP_exclusive_reported	0	1	CGUCA		CGUCA	0.22265625
HEK293T	chr2:-:127863500	BID_exclusive_reported	1	0	AGUGG	AGUGG		-0.546875
HEK293T	chr2:-:131049504	shared	1	1	UGUGA	UGUGA	UGUGA	-0.4921875
HEK293T	chr2:-:131492227	ELAP_exclusive_reported	0	1	GGUAU		GGUAU	-0.41796875
HEK293T	chr2:-:135868801	ELAP_exclusive_reported	0	1	GGUGC		GGUGC	-0.046875
HEK293T	chr2:-:149068737	ELAP_exclusive_reported	0	1	GAUGU		GAUGU	0.0390625
HEK293T	chr2:-:171517260	ELAP_exclusive_reported	0	1	GCUAA		GCUAA	-0.28125
HEK293T	chr2:-:174229358	ELAP_exclusive_reported	0	1	CCUGU		CCUGU	-0.09375
HEK293T	chr2:-:176201191	ELAP_exclusive_reported	0	1	GGUGA		GGUGA	-0.109375
HEK293T	chr2:-:197380324	ELAP_exclusive_reported	0	1	UCUGU		UCUGU	0.03125
HEK293T	chr2:-:197498750	ELAP_exclusive_reported	0	1	GGUGC		GGUGC	-0.046875
HEK293T	chr2:-:223878602	ELAP_exclusive_reported	0	1	GCUCC		GCUCC	0.421875
HEK293T	chr2:-:231460280	ELAP_exclusive_reported	0	1	ACUAC		ACUAC	-0.6328125
HEK293T	chr2:-:240716874	BID_exclusive_reported	1	0	GCUAG	GCUAG		-0.70703125
HEK293T	chr2:-:240723510	BID_exclusive_reported	1	0	UGUCC	UGUCC		-0.15625
HEK293T	chr2:-:240797736	BID_exclusive_reported	1	0	GGUGA	GGUGA		-0.109375
HEK293T	chr2:-:241248272	ELAP_exclusive_reported	0	1	GAUCC		GAUCC	0.34375
HEK293T	chr2:-:42350721	ELAP_exclusive_reported	0	1	GGUAA		GGUAA	-0.66796875
HEK293T	chr2:-:42361171	ELAP_exclusive_reported	0	1	ACUCU		ACUCU	-0.296875
HEK293T	chr2:-:47690870	ELAP_exclusive_reported	0	1	GAUCA		GAUCA	0.20703125
HEK293T	chr2:-:74529383	ELAP_exclusive_reported	0	1	GCUGC		GCUGC	-0.203125
HEK293T	chr2:-:85608600	ELAP_exclusive_reported	0	1	UAUGC		UAUGC	0.04296875
HEK293T	chr2:-:86179518	BID_exclusive_reported	1	0	UGUAG	UGUAG		-0.078125
HEK293T	chr2:-:9585009	ELAP_exclusive_reported	0	1	AAUGU		AAUGU	-0.08984375
HEK293T	chr2:-:96283266	BID_exclusive_reported	1	0	GGUGG	GGUGG		-0.4453125
HEK293T	chr3:+:101821674	BID_exclusive_reported	1	0	AGUGG	AGUGG		-0.546875
HEK293T	chr3:+:121494289	ELAP_exclusive_reported	0	1	UAUCA		UAUCA	-0.0546875
HEK293T	chr3:+:128064896	ELAP_exclusive_reported	0	1	GCUAU		GCUAU	-0.04296875
HEK293T	chr3:+:136297980	ELAP_exclusive_reported	0	1	GAUGU		GAUGU	0.0390625
HEK293T	chr3:+:136327691	ELAP_exclusive_reported	0	1	ACUAU		ACUAU	-0.07421875
HEK293T	chr3:+:136328787	ELAP_exclusive_reported	0	1	CAUGA		CAUGA	-0.53125
HEK293T	chr3:+:140978978	BID_exclusive_reported	1	0	GGUGU	GGUGU		-0.046875
HEK293T	chr3:+:149129860	BID_exclusive_reported	1	0	GGUGG	GGUGG		-0.4453125
HEK293T	chr3:+:180976795	BID_exclusive_reported	1	0	UGUAG	UGUAG		-0.078125
HEK293T	chr3:+:184180914	ELAP_exclusive_reported	0	1	GGUAU		GGUAU	-0.41796875
HEK293T	chr3:+:193617217	ELAP_exclusive_reported	0	1	UGUAA		UGUAA	-0.14453125
HEK293T	chr3:+:197950967	ELAP_exclusive_reported	0	1	ACUAU		ACUAU	-0.07421875
HEK293T	chr3:+:23887628	ELAP_exclusive_reported	0	1	GAUCC		GAUCC	0.34375
HEK293T	chr3:+:23917851	ELAP_exclusive_reported	0	1	GGUAA		GGUAA	-0.66796875
HEK293T	chr3:+:23919567	shared	1	1	GGUGU	GGUGU	GGUGU	-0.046875
HEK293T	chr3:+:32190976	ELAP_exclusive_reported	0	1	UAUCC		UAUCC	0.53125
HEK293T	chr3:+:32191269	ELAP_exclusive_reported	0	1	GAUGC		GAUGC	0.24609375
HEK293T	chr3:+:33129999	ELAP_exclusive_reported	0	1	UAUAG		UAUAG	0.26171875
HEK293T	chr3:+:39408704	ELAP_exclusive_reported	0	1	UAUCC		UAUCC	0.53125
HEK293T	chr3:+:39411955	ELAP_exclusive_reported	0	1	GGUGA		GGUGA	-0.109375
HEK293T	chr3:+:40457969	ELAP_exclusive_reported	0	1	UGUAG		UGUAG	-0.078125
HEK293T	chr3:+:40461451	ELAP_exclusive_reported	0	1	CAUCA		CAUCA	-0.2734375
HEK293T	chr3:+:40761773	ELAP_exclusive_reported	0	1	GAUGU		GAUGU	0.0390625
HEK293T	chr3:+:41238036	ELAP_exclusive_reported	0	1	GAUAU		GAUAU	0.2109375
HEK293T	chr3:+:47846614	shared	1	1	AAUGU	AAUGU	AAUGU	-0.08984375
HEK293T	chr3:+:49535096	BID_exclusive_reported	1	0	UGUGG	UGUGG		-0.35546875
HEK293T	chr3:+:50066252	ELAP_exclusive_reported	0	1	GGUAA		GGUAA	-0.66796875
HEK293T	chr3:+:51942414	ELAP_exclusive_reported	0	1	GCUAC		GCUAC	-0.140625
HEK293T	chr3:-:101682432	ELAP_exclusive_reported	0	1	GCUAA		GCUAA	-0.28125
HEK293T	chr3:-:110682923	ELAP_exclusive_reported	0	1	UAUCC		UAUCC	0.53125
HEK293T	chr3:-:112561618	BID_exclusive_reported	1	0	GGUGG	GGUGG		-0.4453125
HEK293T	chr3:-:121770508	BID_exclusive_reported	1	0	UGUGG	UGUGG		-0.35546875
HEK293T	chr3:-:12839421	ELAP_exclusive_reported	0	1	CAUGC		CAUGC	0.5625
HEK293T	chr3:-:128620331	ELAP_exclusive_reported	0	1	UGUGC		UGUGC	0.0234375
HEK293T	chr3:-:128622242	ELAP_exclusive_reported	0	1	ACUGA		ACUGA	-0.1640625
HEK293T	chr3:-:128637842	ELAP_exclusive_reported	0	1	CCUAC		CCUAC	-0.109375
HEK293T	chr3:-:134478147	BID_exclusive_reported	1	0	UGUAG	UGUAG		-0.078125
HEK293T	chr3:-:142043962	ELAP_exclusive_reported	0	1	GGUAA		GGUAA	-0.66796875
HEK293T	chr3:-:161429418	ELAP_exclusive_reported	0	1	UAUCC		UAUCC	0.53125
HEK293T	chr3:-:169483767	ELAP_exclusive_reported	0	1	CGUGA		CGUGA	0.16015625
HEK293T	chr3:-:169483814	ELAP_exclusive_reported	0	1	GGUAU		GGUAU	-0.41796875
HEK293T	chr3:-:169764882	ELAP_exclusive_reported	0	1	UGUCA		UGUCA	-0.4375
HEK293T	chr3:-:179604595	shared	1	1	UGUAG	UGUAG	UGUAG	-0.078125
HEK293T	chr3:-:185418044	ELAP_exclusive_reported	0	1	CAUGU		CAUGU	-0.421875
HEK293T	chr3:-:197850379	ELAP_exclusive_reported	0	1	UGUAA		UGUAA	-0.14453125
HEK293T	chr3:-:33016726	ELAP_exclusive_reported	0	1	CAUAU		CAUAU	0.19140625
HEK293T	chr3:-:37016655	ELAP_exclusive_reported	0	1	CGUAU		CGUAU	0.390625
HEK293T	chr3:-:42784943	ELAP_exclusive_reported	0	1	GGUAC		GGUAC	-0.6640625
HEK293T	chr3:-:44749581	shared	1	1	AGUCU	AGUCU	AGUCU	-0.6875
HEK293T	chr3:-:48599159	ELAP_exclusive_reported	0	1	GAUCC		GAUCC	0.34375
HEK293T	chr3:-:48600514	ELAP_exclusive_reported	0	1	CAUCC		CAUCC	0.578125
HEK293T	chr3:-:49024979	ELAP_exclusive_reported	0	1	GAUGG		GAUGG	-0.19921875
HEK293T	chr3:-:49104394	ELAP_exclusive_reported	0	1	GAUAC		GAUAC	0.17578125
HEK293T	chr3:-:49111620	BID_exclusive_reported	1	0	UGUGG	UGUGG		-0.35546875
HEK293T	chr3:-:49358232	ELAP_exclusive_reported	0	1	GGUGU		GGUGU	-0.046875
HEK293T	chr3:-:49358305	ELAP_exclusive_reported	0	1	GCUCC		GCUCC	0.421875
HEK293T	chr3:-:49360211	ELAP_exclusive_reported	0	1	UGUGA		UGUGA	-0.4921875
HEK293T	chr3:-:49856496	BID_exclusive_reported	1	0	UGUAG	UGUAG		-0.078125
HEK293T	chr3:-:50326375	ELAP_exclusive_reported	0	1	CAUAA		CAUAA	-0.18359375
HEK293T	chr3:-:51993779	ELAP_exclusive_reported	0	1	CGUAC		CGUAC	0.55078125
HEK293T	chr3:-:51993896	shared	1	1	CGUAU	CGUAU	CGUAU	0.390625
HEK293T	chr3:-:52401239	BID_exclusive_reported	1	0	AAUGG	AAUGG		-0.1484375
HEK293T	chr3:-:53235164	ELAP_exclusive_reported	0	1	UCUAU		UCUAU	-0.203125
HEK293T	chr3:-:53891816	BID_exclusive_reported	1	0	GGUGG	GGUGG		-0.4453125
HEK293T	chr4:+:105485487	ELAP_exclusive_reported	0	1	GCUGA		GCUGA	-0.25390625
HEK293T	chr4:+:108622180	ELAP_exclusive_reported	0	1	GGUGU		GGUGU	-0.046875
HEK293T	chr4:+:108622601	ELAP_exclusive_reported	0	1	GCUAA		GCUAA	-0.28125
HEK293T	chr4:+:151102981	ELAP_exclusive_reported	0	1	UAUGC		UAUGC	0.04296875
HEK293T	chr4:+:17607509	shared	1	1	CCUAU	CCUAU	CCUAU	-0.05078125
HEK293T	chr4:+:176320129	ELAP_exclusive_reported	0	1	CGUGA		CGUGA	0.16015625
HEK293T	chr4:+:1974671	ELAP_exclusive_reported	0	1	CCUGA		CCUGA	-0.12890625
HEK293T	chr4:+:2065283	BID_exclusive_reported	1	0	GGUGG	GGUGG		-0.4453125
HEK293T	chr4:+:25277630	ELAP_exclusive_reported	0	1	GGUAA		GGUAA	-0.66796875
HEK293T	chr4:+:2834196	BID_exclusive_reported	1	0	GGUGG	GGUGG		-0.4453125
HEK293T	chr4:+:42087115	ELAP_exclusive_reported	0	1	CAUGA		CAUGA	-0.53125
HEK293T	chr4:+:47706419	ELAP_exclusive_reported	0	1	UCUGA		UCUGA	-0.3125
HEK293T	chr4:+:47707053	ELAP_exclusive_reported	0	1	GGUGU		GGUGU	-0.046875
HEK293T	chr4:+:65573521	ELAP_exclusive_reported	0	1	ACUGA		ACUGA	-0.1640625
HEK293T	chr4:+:9563400	ELAP_exclusive_reported	0	1	GAUGA		GAUGA	-0.31640625
HEK293T	chr4:-:139508484	BID_exclusive_reported	1	0	UGUAG	UGUAG		-0.078125
HEK293T	chr4:-:1716339	BID_exclusive_reported	1	0	GGUGG	GGUGG		-0.4453125
HEK293T	chr4:-:173334312	BID_exclusive_reported	1	0	GGUCC	GGUCC		-0.12109375
HEK293T	chr4:-:2932661	BID_exclusive_reported	1	0	CGUCA	CGUCA		0.22265625
HEK293T	chr4:-:2954474	BID_exclusive_reported	1	0	AGUCC	AGUCC		-0.0078125
HEK293T	chr4:-:82359594	ELAP_exclusive_reported	0	1	GAUCU		GAUCU	0.2578125
HEK293T	chr4:-:88521167	BID_exclusive_reported	1	0	AGUCC	AGUCC		-0.0078125
HEK293T	chr5:+:10391615	BID_exclusive_reported	1	0	AGUGG	AGUGG		-0.546875
HEK293T	chr5:+:132866680	ELAP_exclusive_reported	0	1	GCUGA		GCUGA	-0.25390625
HEK293T	chr5:+:134924078	ELAP_exclusive_reported	0	1	GAUGG		GAUGG	-0.19921875
HEK293T	chr5:+:139623411	ELAP_exclusive_reported	0	1	GAUGA		GAUGA	-0.31640625
HEK293T	chr5:+:140659077	BID_exclusive_reported	1	0	GAUCG	GAUCG		0.15625
HEK293T	chr5:+:150372100	BID_exclusive_reported	1	0	GGUGG	GGUGG		-0.4453125
HEK293T	chr5:+:150555342	BID_exclusive_reported	1	0	UGUGG	UGUGG		-0.35546875
HEK293T	chr5:+:151028603	BID_exclusive_reported	1	0	ACUAU	ACUAU		-0.07421875
HEK293T	chr5:+:163473415	ELAP_exclusive_reported	0	1	GAUAU		GAUAU	0.2109375
HEK293T	chr5:+:168616426	ELAP_exclusive_reported	0	1	GGUGU		GGUGU	-0.046875
HEK293T	chr5:+:168616581	ELAP_exclusive_reported	0	1	GGUAA		GGUAA	-0.66796875
HEK293T	chr5:+:177305904	shared	1	1	ACUCU	ACUCU	ACUCU	-0.296875
HEK293T	chr5:+:177596002	ELAP_exclusive_reported	0	1	AGUAG		AGUAG	-0.0078125
HEK293T	chr5:+:181234537	BID_exclusive_reported	1	0	CGUGG	CGUGG		0.04296875
HEK293T	chr5:+:1815987	ELAP_exclusive_reported	0	1	GCUCG		GCUCG	0.04296875
HEK293T	chr5:+:21882685	ELAP_exclusive_reported	0	1	GGUGC		GGUGC	-0.046875
HEK293T	chr5:+:33162346	ELAP_exclusive_reported	0	1	CGUGC		CGUGC	-0.0078125
HEK293T	chr5:+:43121674	BID_exclusive_reported	1	0	GGUGG	GGUGG		-0.4453125
HEK293T	chr5:+:61152898	ELAP_exclusive_reported	0	1	GGUAA		GGUAA	-0.66796875
HEK293T	chr5:-:111192578	ELAP_exclusive_reported	0	1	UAUGC		UAUGC	0.04296875
HEK293T	chr5:-:116051908	ELAP_exclusive_reported	0	1	AAUAG		AAUAG	0.125
HEK293T	chr5:-:131165173	ELAP_exclusive_reported	0	1	GCUCG		GCUCG	0.04296875
HEK293T	chr5:-:134926635	ELAP_exclusive_reported	0	1	CAUCA		CAUCA	-0.2734375
HEK293T	chr5:-:134927314	ELAP_exclusive_reported	0	1	UAUGG		UAUGG	-0.140625
HEK293T	chr5:-:138506557	ELAP_exclusive_reported	0	1	GCUAU		GCUAU	-0.04296875
HEK293T	chr5:-:141529173	BID_exclusive_reported	1	0	GGUGG	GGUGG		-0.4453125
HEK293T	chr5:-:141628598	ELAP_exclusive_reported	0	1	ACUGU		ACUGU	-0.16796875
HEK293T	chr5:-:14652203	ELAP_exclusive_reported	0	1	GCUGA		GCUGA	-0.25390625
HEK293T	chr5:-:14652377	ELAP_exclusive_reported	0	1	UGUCA		UGUCA	-0.4375
HEK293T	chr5:-:14653132	ELAP_exclusive_reported	0	1	GCUGA		GCUGA	-0.25390625
HEK293T	chr5:-:154338012	ELAP_exclusive_reported	0	1	GAUCG		GAUCG	0.15625
HEK293T	chr5:-:157931427	ELAP_exclusive_reported	0	1	GCUGA		GCUGA	-0.25390625
HEK293T	chr5:-:173317666	BID_exclusive_reported	1	0	CGUGG	CGUGG		0.04296875
HEK293T	chr5:-:173616329	BID_exclusive_reported	1	0	GGUGG	GGUGG		-0.4453125
HEK293T	chr5:-:175968201	BID_exclusive_reported	1	0	GGUCC	GGUCC		-0.12109375
HEK293T	chr5:-:178149556	shared	1	1	GGUAA	GGUAA	GGUAA	-0.66796875
HEK293T	chr5:-:179797663	ELAP_exclusive_reported	0	1	CGUAA		CGUAA	0.2890625
HEK293T	chr5:-:179799600	BID_exclusive_reported	1	0	UGUAG	UGUAG		-0.078125
HEK293T	chr5:-:181238226	ELAP_exclusive_reported	0	1	CAUGU		CAUGU	-0.421875
HEK293T	chr5:-:181239090	ELAP_exclusive_reported	0	1	GAUCC		GAUCC	0.34375
HEK293T	chr5:-:181241785	ELAP_exclusive_reported	0	1	UAUAC		UAUAC	0.23828125
HEK293T	chr5:-:40827632	ELAP_exclusive_reported	0	1	UGUAG		UGUAG	-0.078125
HEK293T	chr5:-:40834246	ELAP_exclusive_reported	0	1	GCUAA		GCUAA	-0.28125
HEK293T	chr5:-:41850160	BID_exclusive_reported	1	0	GAUCC	GAUCC		0.34375
HEK293T	chr5:-:43495307	ELAP_exclusive_reported	0	1	GGUAA		GGUAA	-0.66796875
HEK293T	chr5:-:79284432	ELAP_exclusive_reported	0	1	AAUCC		AAUCC	0.3359375
HEK293T	chr5:-:80628689	ELAP_exclusive_reported	0	1	UGUAG		UGUAG	-0.078125
HEK293T	chr5:-:80650713	BID_exclusive_reported	1	0	AGUCU	AGUCU		-0.6875
HEK293T	chr5:-:86884382	ELAP_exclusive_reported	0	1	UGUAG		UGUAG	-0.078125
HEK293T	chr6:+:122211649	ELAP_exclusive_reported	0	1	UAUAC		UAUAC	0.23828125
HEK293T	chr6:+:12514157	ELAP_exclusive_reported	0	1	UCUGA		UCUGA	-0.3125
HEK293T	chr6:+:149594189	ELAP_exclusive_reported	0	1	GGUGU		GGUGU	-0.046875
HEK293T	chr6:+:149594452	ELAP_exclusive_reported	0	1	GCUGC		GCUGC	-0.203125
HEK293T	chr6:+:150898903	ELAP_exclusive_reported	0	1	GAUCU		GAUCU	0.2578125
HEK293T	chr6:+:151099731	ELAP_exclusive_reported	0	1	CAUGC		CAUGC	0.5625
HEK293T	chr6:+:15496490	BID_exclusive_reported	1	0	GGUGG	GGUGG		-0.4453125
HEK293T	chr6:+:28951067	ELAP_exclusive_reported	0	1	AAUCU		AAUCU	0.234375
HEK293T	chr6:+:29945661	ELAP_exclusive_reported	0	1	CAUCU		CAUCU	-0.0703125
HEK293T	chr6:+:30492874	ELAP_exclusive_reported	0	1	CCUCU		CCUCU	0.00390625
HEK293T	chr6:+:30723767	ELAP_exclusive_reported	0	1	GGUGU		GGUGU	-0.046875
HEK293T	chr6:+:30725192	ELAP_exclusive_reported	0	1	GGUGU		GGUGU	-0.046875
HEK293T	chr6:+:31281066	ELAP_exclusive_reported	0	1	UGUAU		UGUAU	-0.06640625
HEK293T	chr6:+:31666138	ELAP_exclusive_reported	0	1	UGUAG		UGUAG	-0.078125
HEK293T	chr6:+:32981122	BID_exclusive_reported	1	0	GGUCC	GGUCC		-0.12109375
HEK293T	chr6:+:34236932	ELAP_exclusive_reported	0	1	GCUAU		GCUAU	-0.04296875
HEK293T	chr6:+:43328274	ELAP_exclusive_reported	0	1	GGUGU		GGUGU	-0.046875
HEK293T	chr6:+:43770912	BID_exclusive_reported	1	0	GGUCC	GGUCC		-0.12109375
HEK293T	chr6:+:71165655	ELAP_exclusive_reported	0	1	GGUGA		GGUGA	-0.109375
HEK293T	chr6:+:98834995	BID_exclusive_reported	1	0	GGUGC	GGUGC		-0.046875
HEK293T	chr6:-:109382360	ELAP_exclusive_reported	0	1	GCUCA		GCUCA	0.07421875
HEK293T	chr6:-:113958711	ELAP_exclusive_reported	0	1	UAUCA		UAUCA	-0.0546875
HEK293T	chr6:-:116250793	BID_exclusive_reported	1	0	GGUCU	GGUCU		-0.1875
HEK293T	chr6:-:125780306	ELAP_exclusive_reported	0	1	UCUAG		UCUAG	-0.33984375
HEK293T	chr6:-:153282635	ELAP_exclusive_reported	0	1	GGUAA		GGUAA	-0.66796875
HEK293T	chr6:-:158636862	ELAP_exclusive_reported	0	1	UGUAC		UGUAC	0.19921875
HEK293T	chr6:-:169659185	ELAP_exclusive_reported	0	1	CCUCU		CCUCU	0.00390625
HEK293T	chr6:-:27505871	ELAP_exclusive_reported	0	1	AAUCC		AAUCC	0.3359375
HEK293T	chr6:-:27650988	ELAP_exclusive_reported	0	1	UGUAG		UGUAG	-0.078125
HEK293T	chr6:-:28742986	ELAP_exclusive_reported	0	1	GAUCA		GAUCA	0.20703125
HEK293T	chr6:-:30554874	BID_exclusive_reported	1	0	UGUCC	UGUCC		-0.15625
HEK293T	chr6:-:30556218	BID_exclusive_reported	1	0	GGUGA	GGUGA		-0.109375
HEK293T	chr6:-:31268963	ELAP_exclusive_reported	0	1	CAUCU		CAUCU	-0.0703125
HEK293T	chr6:-:31270064	ELAP_exclusive_reported	0	1	CAUCC		CAUCC	0.578125
HEK293T	chr6:-:31272064	ELAP_exclusive_reported	0	1	GGUCA		GGUCA	-0.57421875
HEK293T	chr6:-:31859409	BID_exclusive_reported	1	0	GCUGU	GCUGU		-0.26171875
HEK293T	chr6:-:31971508	ELAP_exclusive_reported	0	1	GCUCA		GCUCA	0.07421875
HEK293T	chr6:-:33700477	ELAP_exclusive_reported	0	1	UGUCG		UGUCG	-0.38671875
HEK293T	chr6:-:34421797	ELAP_exclusive_reported	0	1	GGUGA		GGUGA	-0.109375
HEK293T	chr6:-:36856640	ELAP_exclusive_reported	0	1	CAUCU		CAUCU	-0.0703125
HEK293T	chr6:-:43369415	BID_exclusive_reported	1	0	UCUAG	UCUAG		-0.33984375
HEK293T	chr6:-:43539294	ELAP_exclusive_reported	0	1	CGUCG		CGUCG	0.25390625
HEK293T	chr6:-:43622772	BID_exclusive_reported	1	0	GGUGG	GGUGG		-0.4453125
HEK293T	chr6:-:44256715	ELAP_exclusive_reported	0	1	AGUAC		AGUAC	0.0390625
HEK293T	chr6:-:5788598	ELAP_exclusive_reported	0	1	UAUAC		UAUAC	0.23828125
HEK293T	chr6:-:7339012	ELAP_exclusive_reported	0	1	GGUGA		GGUGA	-0.109375
HEK293T	chr6:-:73518433	ELAP_exclusive_reported	0	1	UGUCA		UGUCA	-0.4375
HEK293T	chr6:-:96648535	ELAP_exclusive_reported	0	1	GCUCA		GCUCA	0.07421875
HEK293T	chr7:+:100153443	ELAP_exclusive_reported	0	1	CAUCU		CAUCU	-0.0703125
HEK293T	chr7:+:100676559	ELAP_exclusive_reported	0	1	ACUCA		ACUCA	-0.41015625
HEK293T	chr7:+:100866267	BID_exclusive_reported	1	0	UGUGG	UGUGG		-0.35546875
HEK293T	chr7:+:100873195	shared	1	1	UCUGA	UCUGA	UCUGA	-0.3125
HEK293T	chr7:+:105819571	ELAP_exclusive_reported	0	1	GGUAC		GGUAC	-0.6640625
HEK293T	chr7:+:127887946	shared	1	1	GAUCA	GAUCA	GAUCA	0.20703125
HEK293T	chr7:+:128085734	BID_exclusive_reported	1	0	AGUCG	AGUCG		-0.5859375
HEK293T	chr7:+:131242833	ELAP_exclusive_reported	0	1	AAUGC		AAUGC	-0.0078125
HEK293T	chr7:+:135660086	ELAP_exclusive_reported	0	1	UCUGA		UCUGA	-0.3125
HEK293T	chr7:+:139345562	ELAP_exclusive_reported	0	1	UCUCU		UCUCU	-0.1953125
HEK293T	chr7:+:141750386	ELAP_exclusive_reported	0	1	GGUAC		GGUAC	-0.6640625
HEK293T	chr7:+:2250988	BID_exclusive_reported	1	0	GGUGG	GGUGG		-0.4453125
HEK293T	chr7:+:2369496	shared	1	1	GGUAA	GGUAA	GGUAA	-0.66796875
HEK293T	chr7:+:2380633	BID_exclusive_reported	1	0	UGUCC	UGUCC		-0.15625
HEK293T	chr7:+:44697649	BID_exclusive_reported	1	0	CCUCU	CCUCU		0.00390625
HEK293T	chr7:+:5231336	BID_exclusive_reported	1	0	CGUAA	CGUAA		0.2890625
HEK293T	chr7:+:56056315	ELAP_exclusive_reported	0	1	UGUAG		UGUAG	-0.078125
HEK293T	chr7:+:5606283	BID_exclusive_reported	1	0	UGUAG	UGUAG		-0.078125
HEK293T	chr7:+:6387215	BID_exclusive_reported	1	0	GCUGU	GCUGU		-0.26171875
HEK293T	chr7:+:67302830	ELAP_exclusive_reported	0	1	GCUCU		GCUCU	0.26953125
HEK293T	chr7:+:73686665	ELAP_exclusive_reported	0	1	GAUGG		GAUGG	-0.19921875
HEK293T	chr7:+:75888787	ELAP_exclusive_reported	0	1	UGUAG		UGUAG	-0.078125
HEK293T	chr7:+:78358682	ELAP_exclusive_reported	0	1	GGUGC		GGUGC	-0.046875
HEK293T	chr7:-:103141703	ELAP_exclusive_reported	0	1	GGUAA		GGUAA	-0.66796875
HEK293T	chr7:-:103324526	ELAP_exclusive_reported	0	1	GAUAU		GAUAU	0.2109375
HEK293T	chr7:-:10933648	ELAP_exclusive_reported	0	1	CGUCC		CGUCC	0.6640625
HEK293T	chr7:-:133034996	ELAP_exclusive_reported	0	1	CAUAU		CAUAU	0.19140625
HEK293T	chr7:-:139227707	ELAP_exclusive_reported	0	1	UGUGG		UGUGG	-0.35546875
HEK293T	chr7:-:141006423	BID_exclusive_reported	1	0	GGUCC	GGUCC		-0.12109375
HEK293T	chr7:-:1499581	shared	1	1	ACUGU	ACUGU	ACUGU	-0.16796875
HEK293T	chr7:-:158829321	BID_exclusive_reported	1	0	GCUGC	GCUGC		-0.203125
HEK293T	chr7:-:21401519	ELAP_exclusive_reported	0	1	CAUCC		CAUCC	0.578125
HEK293T	chr7:-:42926572	ELAP_exclusive_reported	0	1	UAUAG		UAUAG	0.26171875
HEK293T	chr7:-:43869333	ELAP_exclusive_reported	0	1	CCUGC		CCUGC	-0.0078125
HEK293T	chr7:-:44117684	ELAP_exclusive_reported	0	1	GGUCU		GGUCU	-0.1875
HEK293T	chr7:-:5315015	BID_exclusive_reported	1	0	CGUGG	CGUGG		0.04296875
HEK293T	chr7:-:56101767	ELAP_exclusive_reported	0	1	GGUAU		GGUAU	-0.41796875
HEK293T	chr7:-:99460136	ELAP_exclusive_reported	0	1	GAUCU		GAUCU	0.2578125
HEK293T	chr8:+:103768566	ELAP_exclusive_reported	0	1	AAUCA		AAUCA	0.02734375
HEK293T	chr8:+:118976512	ELAP_exclusive_reported	0	1	ACUGU		ACUGU	-0.16796875
HEK293T	chr8:+:124543274	ELAP_exclusive_reported	0	1	GCUAC		GCUAC	-0.140625
HEK293T	chr8:+:124549857	ELAP_exclusive_reported	0	1	GGUAU		GGUAU	-0.41796875
HEK293T	chr8:+:127736351	ELAP_exclusive_reported	0	1	AAUAG		AAUAG	0.125
HEK293T	chr8:+:127740677	BID_exclusive_reported	1	0	GGUCC	GGUCC		-0.12109375
HEK293T	chr8:+:144097068	shared	1	1	GAUGU	GAUGU	GAUGU	0.0390625
HEK293T	chr8:+:144291771	BID_exclusive_reported	1	0	CGUGG	CGUGG		0.04296875
HEK293T	chr8:+:19851849	ELAP_exclusive_reported	0	1	UGUAG		UGUAG	-0.078125
HEK293T	chr8:+:34874362	ELAP_exclusive_reported	0	1	CAUGC		CAUGC	0.5625
HEK293T	chr8:+:47157617	ELAP_exclusive_reported	0	1	UGUAG		UGUAG	-0.078125
HEK293T	chr8:+:97644586	BID_exclusive_reported	1	0	GGUCG	GGUCG		-0.21484375
HEK293T	chr8:+:97851908	ELAP_exclusive_reported	0	1	UGUCA		UGUCA	-0.4375
HEK293T	chr8:+:97852191	ELAP_exclusive_reported	0	1	GAUCU		GAUCU	0.2578125
HEK293T	chr8:-:123157272	ELAP_exclusive_reported	0	1	AGUCU		AGUCU	-0.6875
HEK293T	chr8:-:143575274	BID_exclusive_reported	1	0	UGUGG	UGUGG		-0.35546875
HEK293T	chr8:-:143808631	BID_exclusive_reported	1	0	CGUGG	CGUGG		0.04296875
HEK293T	chr8:-:144789849	ELAP_exclusive_reported	0	1	ACUGG		ACUGG	-0.234375
HEK293T	chr8:-:144790359	ELAP_exclusive_reported	0	1	CAUGA		CAUGA	-0.53125
HEK293T	chr8:-:144791379	ELAP_exclusive_reported	0	1	ACUAU		ACUAU	-0.07421875
HEK293T	chr8:-:38434477	ELAP_exclusive_reported	0	1	ACUGA		ACUGA	-0.1640625
HEK293T	chr8:-:47789220	shared	1	1	GAUCA	GAUCA	GAUCA	0.20703125
HEK293T	chr8:-:47820877	BID_exclusive_reported	1	0	AGUCC	AGUCC		-0.0078125
HEK293T	chr8:-:47826751	BID_exclusive_reported	1	0	GCUCU	GCUCU		0.26953125
HEK293T	chr8:-:54051073	shared	1	1	GGUGA	GGUGA	GGUGA	-0.109375
HEK293T	chr8:-:66922388	ELAP_exclusive_reported	0	1	UAUAG		UAUAG	0.26171875
HEK293T	chr8:-:66922699	ELAP_exclusive_reported	0	1	GGUGU		GGUGU	-0.046875
HEK293T	chr8:-:67585499	ELAP_exclusive_reported	0	1	CAUGC		CAUGC	0.5625
HEK293T	chr8:-:69690199	ELAP_exclusive_reported	0	1	CCUAC		CCUAC	-0.109375
HEK293T	chr8:-:69690273	ELAP_exclusive_reported	0	1	UCUCU		UCUCU	-0.1953125
HEK293T	chr8:-:69690281	ELAP_exclusive_reported	0	1	ACUAU		ACUAU	-0.07421875
HEK293T	chr8:-:73945907	ELAP_exclusive_reported	0	1	ACUAU		ACUAU	-0.07421875
HEK293T	chr8:-:85214584	ELAP_exclusive_reported	0	1	GCUAC		GCUAC	-0.140625
HEK293T	chr8:-:99495946	ELAP_exclusive_reported	0	1	CCUGA		CCUGA	-0.12890625
HEK293T	chr9:+:114598016	ELAP_exclusive_reported	0	1	CAUGU		CAUGU	-0.421875
HEK293T	chr9:+:124312596	shared	1	1	UGUAC	UGUAC	UGUAC	0.19921875
HEK293T	chr9:+:128575245	BID_exclusive_reported	1	0	UGUAG	UGUAG		-0.078125
HEK293T	chr9:+:128692662	ELAP_exclusive_reported	0	1	AGUGU		AGUGU	-0.6484375
HEK293T	chr9:+:133020435	ELAP_exclusive_reported	0	1	UGUCA		UGUCA	-0.4375
HEK293T	chr9:+:133020516	ELAP_exclusive_reported	0	1	GGUGA		GGUGA	-0.109375
HEK293T	chr9:+:133349608	ELAP_exclusive_reported	0	1	UAUCA		UAUCA	-0.0546875
HEK293T	chr9:+:135504609	BID_exclusive_reported	1	0	GGUGG	GGUGG		-0.4453125
HEK293T	chr9:+:136850129	ELAP_exclusive_reported	0	1	GCUAU		GCUAU	-0.04296875
HEK293T	chr9:+:137242959	ELAP_exclusive_reported	0	1	AAUGC		AAUGC	-0.0078125
HEK293T	chr9:+:31254633	ELAP_exclusive_reported	0	1	UGUAC		UGUAC	0.19921875
HEK293T	chr9:+:33313726	BID_exclusive_reported	1	0	GGUCA	GGUCA		-0.57421875
HEK293T	chr9:+:34191554	ELAP_exclusive_reported	0	1	AAUAU		AAUAU	0.2421875
HEK293T	chr9:+:36191002	BID_exclusive_reported	1	0	GGUGG	GGUGG		-0.4453125
HEK293T	chr9:+:5096612	ELAP_exclusive_reported	0	1	UGUCU		UGUCU	-0.4296875
HEK293T	chr9:+:70217584	ELAP_exclusive_reported	0	1	GCUAA		GCUAA	-0.28125
HEK293T	chr9:+:76398930	ELAP_exclusive_reported	0	1	UAUCC		UAUCC	0.53125
HEK293T	chr9:+:78329579	ELAP_exclusive_reported	0	1	UGUAG		UGUAG	-0.078125
HEK293T	chr9:+:79391843	ELAP_exclusive_reported	0	1	GGUAU		GGUAU	-0.41796875
HEK293T	chr9:+:87726214	BID_exclusive_reported	1	0	UGUGG	UGUGG		-0.35546875
HEK293T	chr9:+:98076969	shared	1	1	GAUCU	GAUCU	GAUCU	0.2578125
HEK293T	chr9:+:99222316	ELAP_exclusive_reported	0	1	CGUAA		CGUAA	0.2890625
HEK293T	chr9:-:110250835	ELAP_exclusive_reported	0	1	GAUGU		GAUGU	0.0390625
HEK293T	chr9:-:123158350	ELAP_exclusive_reported	0	1	GAUAU		GAUAU	0.2109375
HEK293T	chr9:-:125238731	ELAP_exclusive_reported	0	1	GCUCG		GCUCG	0.04296875
HEK293T	chr9:-:125273717	ELAP_exclusive_reported	0	1	ACUGU		ACUGU	-0.16796875
HEK293T	chr9:-:127449691	ELAP_exclusive_reported	0	1	GGUGA		GGUGA	-0.109375
HEK293T	chr9:-:127451374	ELAP_exclusive_reported	0	1	GGUGC		GGUGC	-0.046875
HEK293T	chr9:-:127506478	shared	1	1	GGUGU	GGUGU	GGUGU	-0.046875
HEK293T	chr9:-:128121182	BID_exclusive_reported	1	0	GGUGG	GGUGG		-0.4453125
HEK293T	chr9:-:128180778	BID_exclusive_reported	1	0	AGUCA	AGUCA		-0.64453125
HEK293T	chr9:-:128636327	ELAP_exclusive_reported	0	1	GCUGU		GCUGU	-0.26171875
HEK293T	chr9:-:128640848	shared	1	1	CGUGC	CGUGC	CGUGC	-0.0078125
HEK293T	chr9:-:128947498	BID_exclusive_reported	1	0	UGUGG	UGUGG		-0.35546875
HEK293T	chr9:-:133406737	BID_exclusive_reported	1	0	GGUCA	GGUCA		-0.57421875
HEK293T	chr9:-:136475440	BID_exclusive_reported	1	0	UGUGG	UGUGG		-0.35546875
HEK293T	chr9:-:137301099	BID_exclusive_reported	1	0	GGUCC	GGUCC		-0.12109375
HEK293T	chr9:-:19378771	ELAP_exclusive_reported	0	1	AAUCA		AAUCA	0.02734375
HEK293T	chr9:-:32573089	ELAP_exclusive_reported	0	1	CGUGU		CGUGU	-0.01953125
HEK293T	chr9:-:35101952	ELAP_exclusive_reported	0	1	ACUCU		ACUCU	-0.296875
HEK293T	chr9:-:35713018	BID_exclusive_reported	1	0	GGUGG	GGUGG		-0.4453125
HEK293T	chr9:-:35737829	BID_exclusive_reported	1	0	GGUGU	GGUGU		-0.046875
HEK293T	chr9:-:35748993	BID_exclusive_reported	1	0	AGUCG	AGUCG		-0.5859375
HEK293T	chr9:-:35972010	ELAP_exclusive_reported	0	1	UGUAG		UGUAG	-0.078125
HEK293T	chr9:-:7478051	ELAP_exclusive_reported	0	1	GGUGC		GGUGC	-0.046875
HEK293T	chr9:-:92677206	ELAP_exclusive_reported	0	1	ACUCA		ACUCA	-0.41015625
HEK293T	chrM:+:11154	ELAP_exclusive_reported	0	1	UAUCA		UAUCA	-0.0546875
HEK293T	chrM:+:11482	ELAP_exclusive_reported	0	1	UAUGG		UAUGG	-0.140625
HEK293T	chrM:+:12161	ELAP_exclusive_reported	0	1	CAUCA		CAUCA	-0.2734375
HEK293T	chrM:+:14868	ELAP_exclusive_reported	0	1	CCUGA		CCUGA	-0.12890625
HEK293T	chrM:+:2887	ELAP_exclusive_reported	0	1	UAUAC		UAUAC	0.23828125
HEK293T	chrM:+:3067	ELAP_exclusive_reported	0	1	UCUGA		UCUGA	-0.3125
HEK293T	chrM:+:3250	ELAP_exclusive_reported	0	1	GGUAA		GGUAA	-0.66796875
HEK293T	chrM:+:3258	ELAP_exclusive_reported	0	1	CAUAA		CAUAA	-0.18359375
HEK293T	chrM:+:3667	ELAP_exclusive_reported	0	1	GGUGA		GGUGA	-0.109375
HEK293T	chrM:+:4425	ELAP_exclusive_reported	0	1	UAUCG		UAUCG	-0.01171875
HEK293T	chrM:+:5666	ELAP_exclusive_reported	0	1	AAUGG		AAUGG	-0.1484375
HEK293T	chrM:+:605	ELAP_exclusive_reported	0	1	AAUAC		AAUAC	0.32421875
HEK293T	chrM:+:6293	ELAP_exclusive_reported	0	1	CCUCC		CCUCC	-0.203125
HEK293T	chrM:+:7051	ELAP_exclusive_reported	0	1	AAUAG		AAUAG	0.125
HEK293T	chrM:+:7541	ELAP_exclusive_reported	0	1	CAUAA		CAUAA	-0.18359375
HEK293T	chrM:+:7657	ELAP_exclusive_reported	0	1	CAUGA		CAUGA	-0.53125
HEK293T	chrM:+:8159	ELAP_exclusive_reported	0	1	UAUAC		UAUAC	0.23828125
HEK293T	chrM:+:838	ELAP_exclusive_reported	0	1	AAUAA		AAUAA	-0.1953125
HEK293T	chrM:-:11388	ELAP_exclusive_reported	0	1	CGUAA		CGUAA	0.2890625
HEK293T	chrM:-:11620	ELAP_exclusive_reported	0	1	UAUGC		UAUGC	0.04296875
HEK293T	chrM:-:11933	ELAP_exclusive_reported	0	1	AGUGA		AGUGA	-0.6796875
HEK293T	chrM:-:13302	ELAP_exclusive_reported	0	1	UGUGG		UGUGG	-0.35546875
HEK293T	chrM:-:14706	ELAP_exclusive_reported	0	1	UAUCA		UAUCA	-0.0546875
HEK293T	chrM:-:14718	ELAP_exclusive_reported	0	1	GAUGG		GAUGG	-0.19921875
HEK293T	chrX:+:103377943	ELAP_exclusive_reported	0	1	UGUGU		UGUGU	-0.4375
HEK293T	chrX:+:109054224	ELAP_exclusive_reported	0	1	ACUAU		ACUAU	-0.07421875
HEK293T	chrX:+:109054226	ELAP_exclusive_reported	0	1	UAUGA		UAUGA	-0.46875
HEK293T	chrX:+:115646417	ELAP_exclusive_reported	0	1	ACUAU		ACUAU	-0.07421875
HEK293T	chrX:+:115650542	ELAP_exclusive_reported	0	1	UGUAG		UGUAG	-0.078125
HEK293T	chrX:+:119243975	shared	1	1	UGUAG	UGUAG	UGUAG	-0.078125
HEK293T	chrX:+:119470912	ELAP_exclusive_reported	0	1	UGUAC		UGUAC	0.19921875
HEK293T	chrX:+:120608301	BID_exclusive_reported	1	0	UGUCC	UGUCC		-0.15625
HEK293T	chrX:+:129576495	BID_exclusive_reported	1	0	GCUCU	GCUCU		0.26953125
HEK293T	chrX:+:134475184	ELAP_exclusive_reported	0	1	ACUGA		ACUGA	-0.1640625
HEK293T	chrX:+:134498641	ELAP_exclusive_reported	0	1	UGUAG		UGUAG	-0.078125
HEK293T	chrX:+:135033188	ELAP_exclusive_reported	0	1	GAUCU		GAUCU	0.2578125
HEK293T	chrX:+:154399389	ELAP_exclusive_reported	0	1	GGUGU		GGUGU	-0.046875
HEK293T	chrX:+:154399842	ELAP_exclusive_reported	0	1	GGUAA		GGUAA	-0.66796875
HEK293T	chrX:+:155239516	ELAP_exclusive_reported	0	1	ACUCU		ACUCU	-0.296875
HEK293T	chrX:+:17750216	BID_exclusive_reported	1	0	GCUCU	GCUCU		0.26953125
HEK293T	chrX:+:44741318	ELAP_exclusive_reported	0	1	UAUCC		UAUCC	0.53125
HEK293T	chrX:+:48578029	ELAP_exclusive_reported	0	1	GCUAA		GCUAA	-0.28125
HEK293T	chrX:+:65740648	shared	1	1	UGUAG	UGUAG	UGUAG	-0.078125
HEK293T	chrX:+:70301974	shared	1	1	UCUAG	UCUAG	UCUAG	-0.33984375
HEK293T	chrX:+:70420423	BID_exclusive_reported	1	0	UGUGG	UGUGG		-0.35546875
HEK293T	chrX:+:71300294	ELAP_exclusive_reported	0	1	GGUGC		GGUGC	-0.046875
HEK293T	chrX:-:103253338	ELAP_exclusive_reported	0	1	UGUAG		UGUAG	-0.078125
HEK293T	chrX:-:103676564	ELAP_exclusive_reported	0	1	UGUAG		UGUAG	-0.078125
HEK293T	chrX:-:108732715	BID_exclusive_reported	1	0	GCUGC	GCUGC		-0.203125
HEK293T	chrX:-:119538849	BID_exclusive_reported	1	0	UGUAG	UGUAG		-0.078125
HEK293T	chrX:-:121863510	ELAP_exclusive_reported	0	1	UGUAG		UGUAG	-0.078125
HEK293T	chrX:-:135051305	ELAP_exclusive_reported	0	1	GAUGU		GAUGU	0.0390625
HEK293T	chrX:-:136879023	ELAP_exclusive_reported	0	1	AAUGG		AAUGG	-0.1484375
HEK293T	chrX:-:1386312	ELAP_exclusive_reported	0	1	UGUAG		UGUAG	-0.078125
HEK293T	chrX:-:1386538	ELAP_exclusive_reported	0	1	CCUCA		CCUCA	-0.46875
HEK293T	chrX:-:1386546	ELAP_exclusive_reported	0	1	CGUAG		CGUAG	0.4296875
HEK293T	chrX:-:1386609	ELAP_exclusive_reported	0	1	GGUGA		GGUGA	-0.109375
HEK293T	chrX:-:1386748	ELAP_exclusive_reported	0	1	UGUAC		UGUAC	0.19921875
HEK293T	chrX:-:1387359	ELAP_exclusive_reported	0	1	CGUGA		CGUGA	0.16015625
HEK293T	chrX:-:1389354	ELAP_exclusive_reported	0	1	GGUGA		GGUGA	-0.109375
HEK293T	chrX:-:153588033	ELAP_exclusive_reported	0	1	AAUCG		AAUCG	-0.140625
HEK293T	chrX:-:153703029	BID_exclusive_reported	1	0	GAUGU	GAUGU		0.0390625
HEK293T	chrX:-:154353117	BID_exclusive_reported	1	0	GGUGG	GGUGG		-0.4453125
HEK293T	chrX:-:155064009	ELAP_exclusive_reported	0	1	GAUCC		GAUCC	0.34375
HEK293T	chrX:-:47657273	ELAP_exclusive_reported	0	1	CAUCU		CAUCU	-0.0703125
HEK293T	chrX:-:53647486	BID_exclusive_reported	1	0	GAUGC	GAUGC		0.24609375
HEK293T	chrX:-:72272673	ELAP_exclusive_reported	0	1	GGUGA		GGUGA	-0.109375
HEK293T	chrX:-:72272760	ELAP_exclusive_reported	0	1	CAUGG		CAUGG	-0.40234375
HEK293T	chrX:-:72275567	ELAP_exclusive_reported	0	1	UAUAA		UAUAA	-0.37109375
HEK293T	chrX:-:73822277	ELAP_exclusive_reported	0	1	UGUAG		UGUAG	-0.078125
HEK293T	chrX:-:73841505	ELAP_exclusive_reported	0	1	AAUAA		AAUAA	-0.1953125
HEK293T	chrX:-:73846489	ELAP_exclusive_reported	0	1	GCUGA		GCUGA	-0.25390625
HEK293T	chrX:-:77826433	ELAP_exclusive_reported	0	1	UGUAG		UGUAG	-0.078125
HEK293T	chrX:-:87703627	ELAP_exclusive_reported	0	1	UCUAC		UCUAC	-0.28125
HEK293T	chrX:-:87703999	ELAP_exclusive_reported	0	1	UAUCC		UAUCC	0.53125
HeLa	chr10:+:100356760	BID_exclusive_reported	1	0	GCUGU	GCUGU		-0.26171875
HeLa	chr10:+:102162356	BID_exclusive_reported	1	0	GGUGA	GGUGA		-0.109375
HeLa	chr10:+:133309011	BID_exclusive_reported	1	0	UGUAG	UGUAG		-0.078125
HeLa	chr10:+:68977607	BID_exclusive_reported	1	0	GCUGU	GCUGU		-0.26171875
HeLa	chr10:+:74118079	ELAP_exclusive_reported	0	1	ACUGU		ACUGU	-0.16796875
HeLa	chr10:+:74119794	ELAP_exclusive_reported	0	1	UAUAG		UAUAG	0.26171875
HeLa	chr10:+:84141542	BID_exclusive_reported	1	0	UCUAG	UCUAG		-0.33984375
HeLa	chr10:+:96750367	ELAP_exclusive_reported	0	1	GGUAC		GGUAC	-0.6640625
HeLa	chr10:+:97431121	ELAP_exclusive_reported	0	1	UGUCA		UGUCA	-0.4375
HeLa	chr10:+:97433373	BID_exclusive_reported	1	0	AGUGU	AGUGU		-0.6484375
HeLa	chr10:-:128104203	BID_exclusive_reported	1	0	GCUGA	GCUGA		-0.25390625
HeLa	chr10:-:27110958	BID_exclusive_reported	1	0	GGUGG	GGUGG		-0.4453125
HeLa	chr10:-:49703075	ELAP_exclusive_reported	0	1	UGUAG		UGUAG	-0.078125
HeLa	chr10:-:4989916	ELAP_exclusive_reported	0	1	ACUGG		ACUGG	-0.234375
HeLa	chr10:-:71816664	shared	1	1	GCUGU	GCUGU	GCUGU	-0.26171875
HeLa	chr10:-:71819612	ELAP_exclusive_reported	0	1	ACUCA		ACUCA	-0.41015625
HeLa	chr10:-:71821964	shared	1	1	GGUGA	GGUGA	GGUGA	-0.109375
HeLa	chr10:-:80167294	ELAP_exclusive_reported	0	1	CAUCA		CAUCA	-0.2734375
HeLa	chr10:-:88941381	ELAP_exclusive_reported	0	1	GCUGG		GCUGG	-0.46875
HeLa	chr10:-:93319885	BID_exclusive_reported	1	0	UAUCG	UAUCG		-0.01171875
HeLa	chr10:-:95611409	ELAP_exclusive_reported	0	1	CCUAU		CCUAU	-0.05078125
HeLa	chr11:+:117203114	ELAP_exclusive_reported	0	1	GAUCA		GAUCA	0.20703125
HeLa	chr11:+:123003619	ELAP_exclusive_reported	0	1	GAUGG		GAUGG	-0.19921875
HeLa	chr11:+:12940300	BID_exclusive_reported	1	0	UGUAG	UGUAG		-0.078125
HeLa	chr11:+:16756617	BID_exclusive_reported	1	0	UGUAG	UGUAG		-0.078125
HeLa	chr11:+:18399537	shared	1	1	UGUCU	UGUCU	UGUCU	-0.4296875
HeLa	chr11:+:18407459	ELAP_exclusive_reported	0	1	UAUAU		UAUAU	0.26953125
HeLa	chr11:+:239043	BID_exclusive_reported	1	0	GAUCC	GAUCC		0.34375
HeLa	chr11:+:35807261	BID_exclusive_reported	1	0	UGUAG	UGUAG		-0.078125
HeLa	chr11:+:4092507	BID_exclusive_reported	1	0	UGUAG	UGUAG		-0.078125
HeLa	chr11:+:4127108	BID_exclusive_reported	1	0	GAUGA	GAUGA		-0.31640625
HeLa	chr11:+:47282497	shared	1	1	UCUAG	UCUAG	UCUAG	-0.33984375
HeLa	chr11:+:48170025	BID_exclusive_reported	1	0	GGUCA	GGUCA		-0.57421875
HeLa	chr11:+:57741586	ELAP_exclusive_reported	0	1	GCUCU		GCUCU	0.26953125
HeLa	chr11:+:60922846	BID_exclusive_reported	1	0	UGUAG	UGUAG		-0.078125
HeLa	chr11:+:60923252	shared	1	1	UCUAG	UCUAG	UCUAG	-0.33984375
HeLa	chr11:+:61337979	ELAP_exclusive_reported	0	1	GCUGA		GCUGA	-0.25390625
HeLa	chr11:+:63759781	BID_exclusive_reported	1	0	CGUGU	CGUGU		-0.01953125
HeLa	chr11:+:64236323	BID_exclusive_reported	1	0	AAUGC	AAUGC		-0.0078125
HeLa	chr11:+:65501135	ELAP_exclusive_reported	0	1	AAUAG		AAUAG	0.125
HeLa	chr11:+:65503351	ELAP_exclusive_reported	0	1	UGUAG		UGUAG	-0.078125
HeLa	chr11:+:65583683	BID_exclusive_reported	1	0	GGUGG	GGUGG		-0.4453125
HeLa	chr11:+:66348152	ELAP_exclusive_reported	0	1	ACUGC		ACUGC	-0.12109375
HeLa	chr11:+:67050061	BID_exclusive_reported	1	0	GAUCC	GAUCC		0.34375
HeLa	chr11:+:70415670	ELAP_exclusive_reported	0	1	UGUAG		UGUAG	-0.078125
HeLa	chr11:+:73844904	ELAP_exclusive_reported	0	1	UAUGA		UAUGA	-0.46875
HeLa	chr11:+:75400720	ELAP_exclusive_reported	0	1	GCUGA		GCUGA	-0.25390625
HeLa	chr11:+:75404118	ELAP_exclusive_reported	0	1	CAUGA		CAUGA	-0.53125
HeLa	chr11:+:75404778	ELAP_exclusive_reported	0	1	GAUGA		GAUGA	-0.31640625
HeLa	chr11:+:75404852	ELAP_exclusive_reported	0	1	AGUCC		AGUCC	-0.0078125
HeLa	chr11:+:77886540	ELAP_exclusive_reported	0	1	ACUCU		ACUCU	-0.296875
HeLa	chr11:+:77886616	ELAP_exclusive_reported	0	1	CCUAC		CCUAC	-0.109375
HeLa	chr11:+:7987668	ELAP_exclusive_reported	0	1	GCUAC		GCUAC	-0.140625
HeLa	chr11:+:7996052	ELAP_exclusive_reported	0	1	UCUAG		UCUAG	-0.33984375
HeLa	chr11:+:810257	ELAP_exclusive_reported	0	1	CCUGC		CCUGC	-0.0078125
HeLa	chr11:+:811610	ELAP_exclusive_reported	0	1	GCUGA		GCUGA	-0.25390625
HeLa	chr11:+:838468	ELAP_exclusive_reported	0	1	GCUGA		GCUGA	-0.25390625
HeLa	chr11:+:86808218	BID_exclusive_reported	1	0	AGUGG	AGUGG		-0.546875
HeLa	chr11:+:8684037	ELAP_exclusive_reported	0	1	GGUAA		GGUAA	-0.66796875
HeLa	chr11:+:9445686	shared	1	1	GGUCA	GGUCA	GGUCA	-0.57421875
HeLa	chr11:-:10507956	ELAP_exclusive_reported	0	1	AAUAA		AAUAA	-0.1953125
HeLa	chr11:-:10799032	ELAP_exclusive_reported	0	1	UAUAA		UAUAA	-0.37109375
HeLa	chr11:-:111889352	ELAP_exclusive_reported	0	1	UGUGG		UGUGG	-0.35546875
HeLa	chr11:-:118897879	BID_exclusive_reported	1	0	CCUGC	CCUGC		-0.0078125
HeLa	chr11:-:119055266	BID_exclusive_reported	1	0	UGUAG	UGUAG		-0.078125
HeLa	chr11:-:119309058	BID_exclusive_reported	1	0	GGUGG	GGUGG		-0.4453125
HeLa	chr11:-:17075601	ELAP_exclusive_reported	0	1	CAUGG		CAUGG	-0.40234375
HeLa	chr11:-:33709454	ELAP_exclusive_reported	0	1	CAUCA		CAUCA	-0.2734375
HeLa	chr11:-:33709687	ELAP_exclusive_reported	0	1	GAUCC		GAUCC	0.34375
HeLa	chr11:-:46428818	ELAP_exclusive_reported	0	1	GGUGA		GGUGA	-0.109375
HeLa	chr11:-:46743829	shared	1	1	UCUAG	UCUAG	UCUAG	-0.33984375
HeLa	chr11:-:47177982	BID_exclusive_reported	1	0	AGUGG	AGUGG		-0.546875
HeLa	chr11:-:47467164	BID_exclusive_reported	1	0	GGUGG	GGUGG		-0.4453125
HeLa	chr11:-:47468475	BID_exclusive_reported	1	0	UCUAG	UCUAG		-0.33984375
HeLa	chr11:-:57312681	BID_exclusive_reported	1	0	UGUAG	UGUAG		-0.078125
HeLa	chr11:-:62522747	ELAP_exclusive_reported	0	1	GAUAU		GAUAU	0.2109375
HeLa	chr11:-:62523737	shared	1	1	GAUGU	GAUGU	GAUGU	0.0390625
HeLa	chr11:-:62571881	BID_exclusive_reported	1	0	GAUGA	GAUGA		-0.31640625
HeLa	chr11:-:62616705	BID_exclusive_reported	1	0	AGUGG	AGUGG		-0.546875
HeLa	chr11:-:62628959	ELAP_exclusive_reported	0	1	GGUAC		GGUAC	-0.6640625
HeLa	chr11:-:62841810	ELAP_exclusive_reported	0	1	GGUAU		GGUAU	-0.41796875
HeLa	chr11:-:64270107	shared	1	1	GAUCC	GAUCC	GAUCC	0.34375
HeLa	chr11:-:64767695	BID_exclusive_reported	1	0	GGUGG	GGUGG		-0.4453125
HeLa	chr11:-:65546561	BID_exclusive_reported	1	0	CGUGA	CGUGA		0.16015625
HeLa	chr11:-:65856055	ELAP_exclusive_reported	0	1	UGUCG		UGUCG	-0.38671875
HeLa	chr11:-:66871438	BID_exclusive_reported	1	0	UCUCU	UCUCU		-0.1953125
HeLa	chr11:-:67628214	ELAP_exclusive_reported	0	1	GCUGC		GCUGC	-0.203125
HeLa	chr11:-:72109865	BID_exclusive_reported	1	0	GGUGG	GGUGG		-0.4453125
HeLa	chr11:-:88294008	BID_exclusive_reported	1	0	UGUAG	UGUAG		-0.078125
HeLa	chr11:-:93732416	ELAP_exclusive_reported	0	1	CAUCG		CAUCG	-0.046875
HeLa	chr12:+:104031359	ELAP_exclusive_reported	0	1	UGUCA		UGUCA	-0.4375
HeLa	chr12:+:104265508	ELAP_exclusive_reported	0	1	GGUGU		GGUGU	-0.046875
HeLa	chr12:+:104265685	ELAP_exclusive_reported	0	1	GAUCA		GAUCA	0.20703125
HeLa	chr12:+:104348936	ELAP_exclusive_reported	0	1	UGUAG		UGUAG	-0.078125
HeLa	chr12:+:110340906	ELAP_exclusive_reported	0	1	CCUGA		CCUGA	-0.12890625
HeLa	chr12:+:110349596	BID_exclusive_reported	1	0	CCUCG	CCUCG		-0.0859375
HeLa	chr12:+:118246354	ELAP_exclusive_reported	0	1	AAUCA		AAUCA	0.02734375
HeLa	chr12:+:132825747	ELAP_exclusive_reported	0	1	CAUCU		CAUCU	-0.0703125
HeLa	chr12:+:16363985	ELAP_exclusive_reported	0	1	GAUAU		GAUAU	0.2109375
HeLa	chr12:+:49758718	ELAP_exclusive_reported	0	1	UGUCU		UGUCU	-0.4296875
HeLa	chr12:+:52952183	ELAP_exclusive_reported	0	1	GCUCA		GCUCA	0.07421875
HeLa	chr12:+:53299330	ELAP_exclusive_reported	0	1	GCUAC		GCUAC	-0.140625
HeLa	chr12:+:56160289	ELAP_exclusive_reported	0	1	CAUGA		CAUGA	-0.53125
HeLa	chr12:+:56160307	ELAP_exclusive_reported	0	1	UGUAU		UGUAU	-0.06640625
HeLa	chr12:+:57234601	shared	1	1	CAUGA	CAUGA	CAUGA	-0.53125
HeLa	chr12:+:57525002	BID_exclusive_reported	1	0	GGUGG	GGUGG		-0.4453125
HeLa	chr12:+:6238128	ELAP_exclusive_reported	0	1	GCUAG		GCUAG	-0.70703125
HeLa	chr12:+:6238169	ELAP_exclusive_reported	0	1	UGUCU		UGUCU	-0.4296875
HeLa	chr12:+:62965407	ELAP_exclusive_reported	0	1	UGUAG		UGUAG	-0.078125
HeLa	chr12:+:6526537	BID_exclusive_reported	1	0	UCUGU	UCUGU		0.03125
HeLa	chr12:+:6536781	ELAP_exclusive_reported	0	1	CAUCU		CAUCU	-0.0703125
HeLa	chr12:+:6537729	ELAP_exclusive_reported	0	1	GCUGA		GCUGA	-0.25390625
HeLa	chr12:+:6537804	ELAP_exclusive_reported	0	1	UCUAG		UCUAG	-0.33984375
HeLa	chr12:+:6834025	BID_exclusive_reported	1	0	UGUGG	UGUGG		-0.35546875
HeLa	chr12:+:6870079	shared	1	1	GAUGG	GAUGG	GAUGG	-0.19921875
HeLa	chr12:+:6944055	ELAP_exclusive_reported	0	1	UGUAG		UGUAG	-0.078125
HeLa	chr12:+:6944567	ELAP_exclusive_reported	0	1	GGUAA		GGUAA	-0.66796875
HeLa	chr12:+:69589587	BID_exclusive_reported	1	0	GCUGU	GCUGU		-0.26171875
HeLa	chr12:+:98548592	ELAP_exclusive_reported	0	1	GCUAU		GCUAU	-0.04296875
HeLa	chr12:+:98600056	ELAP_exclusive_reported	0	1	UGUGG		UGUGG	-0.35546875
HeLa	chr12:-:107093480	BID_exclusive_reported	1	0	UCUAG	UCUAG		-0.33984375
HeLa	chr12:-:120196775	ELAP_exclusive_reported	0	1	ACUAA		ACUAA	-0.33984375
HeLa	chr12:-:120198630	ELAP_exclusive_reported	0	1	GGUGU		GGUGU	-0.046875
HeLa	chr12:-:120198675	ELAP_exclusive_reported	0	1	CAUGC		CAUGC	0.5625
HeLa	chr12:-:120199451	shared	1	1	UGUGG	UGUGG	UGUGG	-0.35546875
HeLa	chr12:-:120291825	ELAP_exclusive_reported	0	1	AAUAC		AAUAC	0.32421875
HeLa	chr12:-:120444053	BID_exclusive_reported	1	0	GGUGC	GGUGC		-0.046875
HeLa	chr12:-:124786376	BID_exclusive_reported	1	0	CAUCU	CAUCU		-0.0703125
HeLa	chr12:-:21644078	ELAP_exclusive_reported	0	1	UGUAG		UGUAG	-0.078125
HeLa	chr12:-:2859149	BID_exclusive_reported	1	0	AGUGG	AGUGG		-0.546875
HeLa	chr12:-:2868691	ELAP_exclusive_reported	0	1	ACUCU		ACUCU	-0.296875
HeLa	chr12:-:31252521	ELAP_exclusive_reported	0	1	GGUAC		GGUAC	-0.6640625
HeLa	chr12:-:45554660	ELAP_exclusive_reported	0	1	CAUGU		CAUGU	-0.421875
HeLa	chr12:-:48938164	BID_exclusive_reported	1	0	UCUAG	UCUAG		-0.33984375
HeLa	chr12:-:49128048	shared	1	1	CGUGA	CGUGA	CGUGA	0.16015625
HeLa	chr12:-:52171341	BID_exclusive_reported	1	0	GCUAG	GCUAG		-0.70703125
HeLa	chr12:-:52898496	ELAP_exclusive_reported	0	1	CAUGA		CAUGA	-0.53125
HeLa	chr12:-:52904779	ELAP_exclusive_reported	0	1	GGUCA		GGUCA	-0.57421875
HeLa	chr12:-:56241925	BID_exclusive_reported	1	0	GGUCC	GGUCC		-0.12109375
HeLa	chr12:-:56311251	shared	1	1	CAUCC	CAUCC	CAUCC	0.578125
HeLa	chr12:-:56642775	ELAP_exclusive_reported	0	1	GCUCU		GCUCU	0.26953125
HeLa	chr12:-:56643551	ELAP_exclusive_reported	0	1	ACUGA		ACUGA	-0.1640625
HeLa	chr12:-:56673038	ELAP_exclusive_reported	0	1	GAUCG		GAUCG	0.15625
HeLa	chr12:-:57820227	BID_exclusive_reported	1	0	UGUAG	UGUAG		-0.078125
HeLa	chr12:-:6329232	BID_exclusive_reported	1	0	GGUCC	GGUCC		-0.12109375
HeLa	chr12:-:64737047	BID_exclusive_reported	1	0	ACUGU	ACUGU		-0.16796875
HeLa	chr12:-:64759154	ELAP_exclusive_reported	0	1	GCUGC		GCUGC	-0.203125
HeLa	chr12:-:9072718	ELAP_exclusive_reported	0	1	UCUCA		UCUCA	-0.09765625
HeLa	chr12:-:9076853	ELAP_exclusive_reported	0	1	UAUAC		UAUAC	0.23828125
HeLa	chr12:-:9090481	ELAP_exclusive_reported	0	1	GGUCA		GGUCA	-0.57421875
HeLa	chr12:-:9113451	ELAP_exclusive_reported	0	1	UGUAA		UGUAA	-0.14453125
HeLa	chr12:-:93639969	ELAP_exclusive_reported	0	1	AGUGU		AGUGU	-0.6484375
HeLa	chr12:-:93641006	ELAP_exclusive_reported	0	1	UGUCA		UGUCA	-0.4375
HeLa	chr13:+:110472962	BID_exclusive_reported	1	0	AGUGG	AGUGG		-0.546875
HeLa	chr13:+:110484959	BID_exclusive_reported	1	0	AAUGA	AAUGA		-0.51171875
HeLa	chr13:+:110512877	BID_exclusive_reported	1	0	GGUAC	GGUAC		-0.6640625
HeLa	chr13:+:27945283	ELAP_exclusive_reported	0	1	GCUGG		GCUGG	-0.46875
HeLa	chr13:+:99559460	ELAP_exclusive_reported	0	1	GAUCA		GAUCA	0.20703125
HeLa	chr13:-:113978646	BID_exclusive_reported	1	0	GGUGU	GGUGU		-0.046875
HeLa	chr13:-:31138811	BID_exclusive_reported	1	0	UAUGC	UAUGC		0.04296875
HeLa	chr13:-:45338742	ELAP_exclusive_reported	0	1	CAUGG		CAUGG	-0.40234375
HeLa	chr13:-:45340164	ELAP_exclusive_reported	0	1	GGUAA		GGUAA	-0.66796875
HeLa	chr13:-:54441236	ELAP_exclusive_reported	0	1	GGUAC		GGUAC	-0.6640625
HeLa	chr14:+:103136179	BID_exclusive_reported	1	0	GGUCU	GGUCU		-0.1875
HeLa	chr14:+:103342746	ELAP_exclusive_reported	0	1	CCUGG		CCUGG	-0.12890625
HeLa	chr14:+:103342863	BID_exclusive_reported	1	0	UGUAG	UGUAG		-0.078125
HeLa	chr14:+:104177228	BID_exclusive_reported	1	0	UGUAG	UGUAG		-0.078125
HeLa	chr14:+:104895759	BID_exclusive_reported	1	0	UGUAG	UGUAG		-0.078125
HeLa	chr14:+:105479813	ELAP_exclusive_reported	0	1	CAUCC		CAUCC	0.578125
HeLa	chr14:+:23307820	BID_exclusive_reported	1	0	UGUAG	UGUAG		-0.078125
HeLa	chr14:+:49586805	ELAP_exclusive_reported	0	1	GCUGA		GCUGA	-0.25390625
HeLa	chr14:+:60968325	BID_exclusive_reported	1	0	AGUGG	AGUGG		-0.546875
HeLa	chr14:+:69992418	ELAP_exclusive_reported	0	1	GAUGA		GAUGA	-0.31640625
HeLa	chr14:+:70032218	shared	1	1	UGUAG	UGUAG	UGUAG	-0.078125
HeLa	chr14:+:84172591	ELAP_exclusive_reported	0	1	UCUGA		UCUGA	-0.3125
HeLa	chr14:+:90405289	ELAP_exclusive_reported	0	1	CAUGG		CAUGG	-0.40234375
HeLa	chr14:+:94726519	ELAP_exclusive_reported	0	1	UAUCC		UAUCC	0.53125
HeLa	chr14:-:103912536	ELAP_exclusive_reported	0	1	AAUAA		AAUAA	-0.1953125
HeLa	chr14:-:103912631	shared	1	1	CGUCA	CGUCA	CGUCA	0.22265625
HeLa	chr14:-:21210231	ELAP_exclusive_reported	0	1	GCUAA		GCUAA	-0.28125
HeLa	chr14:-:21351900	BID_exclusive_reported	1	0	UGUAG	UGUAG		-0.078125
HeLa	chr14:-:21428217	BID_exclusive_reported	1	0	UGUAG	UGUAG		-0.078125
HeLa	chr14:-:23048212	ELAP_exclusive_reported	0	1	GCUCC		GCUCC	0.421875
HeLa	chr14:-:23058876	BID_exclusive_reported	1	0	GAUGG	GAUGG		-0.19921875
HeLa	chr14:-:32484411	ELAP_exclusive_reported	0	1	CCUCC		CCUCC	-0.203125
HeLa	chr14:-:49583635	ELAP_exclusive_reported	0	1	CAUCU		CAUCU	-0.0703125
HeLa	chr14:-:49586328	ELAP_exclusive_reported	0	1	UGUAC		UGUAC	0.19921875
HeLa	chr14:-:49862624	ELAP_exclusive_reported	0	1	GCUGA		GCUGA	-0.25390625
HeLa	chr14:-:68339254	ELAP_exclusive_reported	0	1	GCUAC		GCUAC	-0.140625
HeLa	chr14:-:69885865	ELAP_exclusive_reported	0	1	GCUAC		GCUAC	-0.140625
HeLa	chr14:-:69885959	ELAP_exclusive_reported	0	1	UAUCA		UAUCA	-0.0546875
HeLa	chr14:-:74480255	ELAP_exclusive_reported	0	1	GGUGC		GGUGC	-0.046875
HeLa	chr14:-:75176445	BID_exclusive_reported	1	0	CGUGA	CGUGA		0.16015625
HeLa	chr14:-:98973124	ELAP_exclusive_reported	0	1	ACUAU		ACUAU	-0.07421875
HeLa	chr14:-:98973170	ELAP_exclusive_reported	0	1	UAUGA		UAUGA	-0.46875
HeLa	chr14:-:99603916	BID_exclusive_reported	1	0	GCUGA	GCUGA		-0.25390625
HeLa	chr15:+:34229858	ELAP_exclusive_reported	0	1	GCUCC		GCUCC	0.421875
HeLa	chr15:+:39934210	BID_exclusive_reported	1	0	CGUGG	CGUGG		0.04296875
HeLa	chr15:+:40767599	shared	1	1	UGUAG	UGUAG	UGUAG	-0.078125
HeLa	chr15:+:44711552	ELAP_exclusive_reported	0	1	UCUCG		UCUCG	-0.44140625
HeLa	chr15:+:44711608	ELAP_exclusive_reported	0	1	UAUCC		UAUCC	0.53125
HeLa	chr15:+:59768816	ELAP_exclusive_reported	0	1	UAUGC		UAUGC	0.04296875
HeLa	chr15:+:63071753	BID_exclusive_reported	1	0	UGUAG	UGUAG		-0.078125
HeLa	chr15:+:69453661	ELAP_exclusive_reported	0	1	AAUGC		AAUGC	-0.0078125
HeLa	chr15:+:69453682	ELAP_exclusive_reported	0	1	GGUGU		GGUGU	-0.046875
HeLa	chr15:+:69455210	ELAP_exclusive_reported	0	1	UGUAG		UGUAG	-0.078125
HeLa	chr15:+:69455463	ELAP_exclusive_reported	0	1	AAUCC		AAUCC	0.3359375
HeLa	chr15:-:43116263	ELAP_exclusive_reported	0	1	GAUGA		GAUGA	-0.31640625
HeLa	chr15:-:48505110	BID_exclusive_reported	1	0	AAUGG	AAUGG		-0.1484375
HeLa	chr15:-:59136776	BID_exclusive_reported	1	0	GGUCA	GGUCA		-0.57421875
HeLa	chr15:-:60347632	ELAP_exclusive_reported	0	1	ACUGA		ACUGA	-0.1640625
HeLa	chr15:-:60364520	ELAP_exclusive_reported	0	1	UGUGG		UGUGG	-0.35546875
HeLa	chr15:-:65029572	ELAP_exclusive_reported	0	1	GCUCA		GCUCA	0.07421875
HeLa	chr15:-:66501047	ELAP_exclusive_reported	0	1	CAUGU		CAUGU	-0.421875
HeLa	chr15:-:72199475	shared	1	1	UCUAG	UCUAG	UCUAG	-0.33984375
HeLa	chr15:-:72199574	ELAP_exclusive_reported	0	1	UGUAG		UGUAG	-0.078125
HeLa	chr15:-:72200595	ELAP_exclusive_reported	0	1	AAUCC		AAUCC	0.3359375
HeLa	chr15:-:72344047	BID_exclusive_reported	1	0	UGUAG	UGUAG		-0.078125
HeLa	chr15:-:74632747	BID_exclusive_reported	1	0	CCUCU	CCUCU		0.00390625
HeLa	chr15:-:77046311	BID_exclusive_reported	1	0	UGUAG	UGUAG		-0.078125
HeLa	chr15:-:78285309	BID_exclusive_reported	1	0	GAUGU	GAUGU		0.0390625
HeLa	chr16:+:1311582	ELAP_exclusive_reported	0	1	CCUCU		CCUCU	0.00390625
HeLa	chr16:+:16232743	BID_exclusive_reported	1	0	CGUGG	CGUGG		0.04296875
HeLa	chr16:+:1828380	BID_exclusive_reported	1	0	GGUGG	GGUGG		-0.4453125
HeLa	chr16:+:23687533	BID_exclusive_reported	1	0	GGUGA	GGUGA		-0.109375
HeLa	chr16:+:2760352	BID_exclusive_reported	1	0	AGUCC	AGUCC		-0.0078125
HeLa	chr16:+:29808677	ELAP_exclusive_reported	0	1	UAUAU		UAUAU	0.26953125
HeLa	chr16:+:29810736	ELAP_exclusive_reported	0	1	GGUGA		GGUGA	-0.109375
HeLa	chr16:+:29971528	shared	1	1	GGUCU	GGUCU	GGUCU	-0.1875
HeLa	chr16:+:30067242	ELAP_exclusive_reported	0	1	GCUAC		GCUAC	-0.140625
HeLa	chr16:+:30068834	ELAP_exclusive_reported	0	1	UCUGA		UCUGA	-0.3125
HeLa	chr16:+:30070342	ELAP_exclusive_reported	0	1	UGUGG		UGUGG	-0.35546875
HeLa	chr16:+:30084684	BID_exclusive_reported	1	0	CGUGA	CGUGA		0.16015625
HeLa	chr16:+:31183871	ELAP_exclusive_reported	0	1	ACUCA		ACUCA	-0.41015625
HeLa	chr16:+:31184944	ELAP_exclusive_reported	0	1	ACUAU		ACUAU	-0.07421875
HeLa	chr16:+:34160895	ELAP_exclusive_reported	0	1	AAUGG		AAUGG	-0.1484375
HeLa	chr16:+:34161061	ELAP_exclusive_reported	0	1	AAUGA		AAUGA	-0.51171875
HeLa	chr16:+:4337700	BID_exclusive_reported	1	0	GGUGG	GGUGG		-0.4453125
HeLa	chr16:+:56607	ELAP_exclusive_reported	0	1	GCUCC		GCUCC	0.421875
HeLa	chr16:+:69463546	shared	1	1	UGUAG	UGUAG	UGUAG	-0.078125
HeLa	chr16:+:765126	ELAP_exclusive_reported	0	1	UCUGC		UCUGC	-0.1015625
HeLa	chr16:+:85665	BID_exclusive_reported	1	0	GGUGG	GGUGG		-0.4453125
HeLa	chr16:+:89561230	ELAP_exclusive_reported	0	1	CGUAA		CGUAA	0.2890625
HeLa	chr16:+:89563093	ELAP_exclusive_reported	0	1	CGUGG		CGUGG	0.04296875
HeLa	chr16:-:1350120	BID_exclusive_reported	1	0	GGUGC	GGUGC		-0.046875
HeLa	chr16:-:15932305	ELAP_exclusive_reported	0	1	GGUAA		GGUAA	-0.66796875
HeLa	chr16:-:1773137	ELAP_exclusive_reported	0	1	GCUGA		GCUGA	-0.25390625
HeLa	chr16:-:18784816	ELAP_exclusive_reported	0	1	GGUGA		GGUGA	-0.109375
HeLa	chr16:-:1963253	ELAP_exclusive_reported	0	1	AAUCA		AAUCA	0.02734375
HeLa	chr16:-:1998500	BID_exclusive_reported	1	0	GGUCC	GGUCC		-0.12109375
HeLa	chr16:-:2002419	ELAP_exclusive_reported	0	1	ACUAU		ACUAU	-0.07421875
HeLa	chr16:-:2046255	BID_exclusive_reported	1	0	GGUGC	GGUGC		-0.046875
HeLa	chr16:-:2276121	BID_exclusive_reported	1	0	GCUCU	GCUCU		0.26953125
HeLa	chr16:-:2775471	BID_exclusive_reported	1	0	AGUGG	AGUGG		-0.546875
HeLa	chr16:-:29453648	BID_exclusive_reported	1	0	CGUGA	CGUGA		0.16015625
HeLa	chr16:-:30192990	BID_exclusive_reported	1	0	CGUGA	CGUGA		0.16015625
HeLa	chr16:-:30352962	BID_exclusive_reported	1	0	GGUGG	GGUGG		-0.4453125
HeLa	chr16:-:30423988	ELAP_exclusive_reported	0	1	GGUGA		GGUGA	-0.109375
HeLa	chr16:-:30892868	BID_exclusive_reported	1	0	GGUGG	GGUGG		-0.4453125
HeLa	chr16:-:57761476	BID_exclusive_reported	1	0	AGUGG	AGUGG		-0.546875
HeLa	chr16:-:69709735	shared	1	1	ACUGU	ACUGU	ACUGU	-0.16796875
HeLa	chr16:-:75629517	ELAP_exclusive_reported	0	1	ACUGA		ACUGA	-0.1640625
HeLa	chr16:-:75641654	BID_exclusive_reported	1	0	AGUGA	AGUGA		-0.6796875
HeLa	chr16:-:785793	BID_exclusive_reported	1	0	GGUGG	GGUGG		-0.4453125
HeLa	chr16:-:84054097	ELAP_exclusive_reported	0	1	GCUAA		GCUAA	-0.28125
HeLa	chr17:+:16439247	ELAP_exclusive_reported	0	1	GGUAU		GGUAU	-0.41796875
HeLa	chr17:+:16439334	ELAP_exclusive_reported	0	1	CAUCU		CAUCU	-0.0703125
HeLa	chr17:+:17161310	BID_exclusive_reported	1	0	GGUGG	GGUGG		-0.4453125
HeLa	chr17:+:17185257	BID_exclusive_reported	1	0	UGUGG	UGUGG		-0.35546875
HeLa	chr17:+:17185372	BID_exclusive_reported	1	0	GCUAG	GCUAG		-0.70703125
HeLa	chr17:+:18107480	BID_exclusive_reported	1	0	UGUAG	UGUAG		-0.078125
HeLa	chr17:+:18183933	BID_exclusive_reported	1	0	GGUCG	GGUCG		-0.21484375
HeLa	chr17:+:18677416	ELAP_exclusive_reported	0	1	CAUCC		CAUCC	0.578125
HeLa	chr17:+:22524496	ELAP_exclusive_reported	0	1	UCUGA		UCUGA	-0.3125
HeLa	chr17:+:28344969	BID_exclusive_reported	1	0	UGUAG	UGUAG		-0.078125
HeLa	chr17:+:28468181	ELAP_exclusive_reported	0	1	CGUAC		CGUAC	0.55078125
HeLa	chr17:+:28720861	ELAP_exclusive_reported	0	1	UAUCC		UAUCC	0.53125
HeLa	chr17:+:35724244	shared	1	1	UGUAG	UGUAG	UGUAG	-0.078125
HeLa	chr17:+:35724705	BID_exclusive_reported	1	0	UGUAG	UGUAG		-0.078125
HeLa	chr17:+:38510280	BID_exclusive_reported	1	0	GCUCG	GCUCG		0.04296875
HeLa	chr17:+:38855569	ELAP_exclusive_reported	0	1	AGUGA		AGUGA	-0.6796875
HeLa	chr17:+:39202990	ELAP_exclusive_reported	0	1	GGUAA		GGUAA	-0.66796875
HeLa	chr17:+:40122632	BID_exclusive_reported	1	0	GGUGU	GGUGU		-0.046875
HeLa	chr17:+:40457548	ELAP_exclusive_reported	0	1	GCUCU		GCUCU	0.26953125
HeLa	chr17:+:41691502	BID_exclusive_reported	1	0	GCUGU	GCUGU		-0.26171875
HeLa	chr17:+:41817138	BID_exclusive_reported	1	0	CAUGU	CAUGU		-0.421875
HeLa	chr17:+:41968498	BID_exclusive_reported	1	0	GGUGG	GGUGG		-0.4453125
HeLa	chr17:+:42998795	ELAP_exclusive_reported	0	1	GCUGG		GCUGG	-0.46875
HeLa	chr17:+:42999996	ELAP_exclusive_reported	0	1	GCUAC		GCUAC	-0.140625
HeLa	chr17:+:43000093	ELAP_exclusive_reported	0	1	AAUGC		AAUGC	-0.0078125
HeLa	chr17:+:45246968	ELAP_exclusive_reported	0	1	UGUAG		UGUAG	-0.078125
HeLa	chr17:+:4572378	ELAP_exclusive_reported	0	1	GAUGU		GAUGU	0.0390625
HeLa	chr17:+:47657059	ELAP_exclusive_reported	0	1	UAUAG		UAUAG	0.26171875
HeLa	chr17:+:48051378	BID_exclusive_reported	1	0	GGUGA	GGUGA		-0.109375
HeLa	chr17:+:50079077	BID_exclusive_reported	1	0	GGUGG	GGUGG		-0.4453125
HeLa	chr17:+:50482197	BID_exclusive_reported	1	0	UGUAG	UGUAG		-0.078125
HeLa	chr17:+:62692358	BID_exclusive_reported	1	0	GGUGC	GGUGC		-0.046875
HeLa	chr17:+:67378048	ELAP_exclusive_reported	0	1	GCUCC		GCUCC	0.421875
HeLa	chr17:+:7311906	ELAP_exclusive_reported	0	1	GCUGG		GCUGG	-0.46875
HeLa	chr17:+:75209828	ELAP_exclusive_reported	0	1	AAUCA		AAUCA	0.02734375
HeLa	chr17:+:7576582	ELAP_exclusive_reported	0	1	UAUCG		UAUCG	-0.01171875
HeLa	chr17:+:75794014	ELAP_exclusive_reported	0	1	CAUCU		CAUCU	-0.0703125
HeLa	chr17:+:7588024	BID_exclusive_reported	1	0	GGUGG	GGUGG		-0.4453125
HeLa	chr17:+:77499072	ELAP_exclusive_reported	0	1	CAUCC		CAUCC	0.578125
HeLa	chr17:+:78224666	shared	1	1	GCUGU	GCUGU	GCUGU	-0.26171875
HeLa	chr17:-:1364989	ELAP_exclusive_reported	0	1	CCUAU		CCUAU	-0.05078125
HeLa	chr17:-:1464899	BID_exclusive_reported	1	0	AGUGG	AGUGG		-0.546875
HeLa	chr17:-:1676677	BID_exclusive_reported	1	0	GAUCC	GAUCC		0.34375
HeLa	chr17:-:18328177	BID_exclusive_reported	1	0	UGUAG	UGUAG		-0.078125
HeLa	chr17:-:18328415	shared	1	1	UGUAG	UGUAG	UGUAG	-0.078125
HeLa	chr17:-:19446581	ELAP_exclusive_reported	0	1	AAUCA		AAUCA	0.02734375
HeLa	chr17:-:19741151	ELAP_exclusive_reported	0	1	CAUCC		CAUCC	0.578125
HeLa	chr17:-:19742208	ELAP_exclusive_reported	0	1	UCUGU		UCUGU	0.03125
HeLa	chr17:-:2690398	ELAP_exclusive_reported	0	1	AAUAG		AAUAG	0.125
HeLa	chr17:-:28347697	BID_exclusive_reported	1	0	GCUGC	GCUGC		-0.203125
HeLa	chr17:-:28592955	BID_exclusive_reported	1	0	AAUCA	AAUCA		0.02734375
HeLa	chr17:-:31034482	ELAP_exclusive_reported	0	1	ACUGU		ACUGU	-0.16796875
HeLa	chr17:-:38850435	ELAP_exclusive_reported	0	1	CGUAG		CGUAG	0.4296875
HeLa	chr17:-:41524503	BID_exclusive_reported	1	0	GGUCA	GGUCA		-0.57421875
HeLa	chr17:-:41620815	ELAP_exclusive_reported	0	1	GAUCC		GAUCC	0.34375
HeLa	chr17:-:42403713	BID_exclusive_reported	1	0	GGUGG	GGUGG		-0.4453125
HeLa	chr17:-:44322483	ELAP_exclusive_reported	0	1	CCUGU		CCUGU	-0.09375
HeLa	chr17:-:50150589	BID_exclusive_reported	1	0	GGUGG	GGUGG		-0.4453125
HeLa	chr17:-:64503506	ELAP_exclusive_reported	0	1	UGUAG		UGUAG	-0.078125
HeLa	chr17:-:73285645	BID_exclusive_reported	1	0	GGUGG	GGUGG		-0.4453125
HeLa	chr17:-:746895	BID_exclusive_reported	1	0	UGUCA	UGUCA		-0.4375
HeLa	chr17:-:81510126	ELAP_exclusive_reported	0	1	UGUAU		UGUAU	-0.06640625
HeLa	chr17:-:81843621	ELAP_exclusive_reported	0	1	GGUAU		GGUAU	-0.41796875
HeLa	chr17:-:81845936	BID_exclusive_reported	1	0	GGUGC	GGUGC		-0.046875
HeLa	chr18:+:3253289	ELAP_exclusive_reported	0	1	CCUCA		CCUCA	-0.46875
HeLa	chr18:+:36188384	ELAP_exclusive_reported	0	1	CCUCA		CCUCA	-0.46875
HeLa	chr18:-:39335397	ELAP_exclusive_reported	0	1	GCUAC		GCUAC	-0.140625
HeLa	chr18:-:6462504	ELAP_exclusive_reported	0	1	GCUAG		GCUAG	-0.70703125
HeLa	chr18:-:7038927	BID_exclusive_reported	1	0	UGUGA	UGUGA		-0.4921875
HeLa	chr18:-:76759771	ELAP_exclusive_reported	0	1	GAUGA		GAUGA	-0.31640625
HeLa	chr19:+:10111120	BID_exclusive_reported	1	0	GGUGG	GGUGG		-0.4453125
HeLa	chr19:+:11436069	BID_exclusive_reported	1	0	UGUAG	UGUAG		-0.078125
HeLa	chr19:+:1242478	BID_exclusive_reported	1	0	CGUCC	CGUCC		0.6640625
HeLa	chr19:+:12940843	ELAP_exclusive_reported	0	1	UCUAU		UCUAU	-0.203125
HeLa	chr19:+:13140205	BID_exclusive_reported	1	0	AGUGG	AGUGG		-0.546875
HeLa	chr19:+:13778330	BID_exclusive_reported	1	0	AGUGG	AGUGG		-0.546875
HeLa	chr19:+:14441289	BID_exclusive_reported	1	0	GCUGA	GCUGA		-0.25390625
HeLa	chr19:+:14564025	ELAP_exclusive_reported	0	1	GCUCU		GCUCU	0.26953125
HeLa	chr19:+:16102417	BID_exclusive_reported	1	0	GGUGG	GGUGG		-0.4453125
HeLa	chr19:+:16102763	BID_exclusive_reported	1	0	UGUGG	UGUGG		-0.35546875
HeLa	chr19:+:16197952	ELAP_exclusive_reported	0	1	GCUCA		GCUCA	0.07421875
HeLa	chr19:+:17862095	ELAP_exclusive_reported	0	1	GGUGU		GGUGU	-0.046875
HeLa	chr19:+:17862966	ELAP_exclusive_reported	0	1	GAUCA		GAUCA	0.20703125
HeLa	chr19:+:18169212	BID_exclusive_reported	1	0	GGUGC	GGUGC		-0.046875
HeLa	chr19:+:18574888	ELAP_exclusive_reported	0	1	GGUGU		GGUGU	-0.046875
HeLa	chr19:+:1980886	BID_exclusive_reported	1	0	GGUGG	GGUGG		-0.4453125
HeLa	chr19:+:2271393	BID_exclusive_reported	1	0	GGUCU	GGUCU		-0.1875
HeLa	chr19:+:2273438	ELAP_exclusive_reported	0	1	GGUAU		GGUAU	-0.41796875
HeLa	chr19:+:23827393	shared	1	1	UAUCC	UAUCC	UAUCC	0.53125
HeLa	chr19:+:23827881	ELAP_exclusive_reported	0	1	GCUAC		GCUAC	-0.140625
HeLa	chr19:+:35279516	BID_exclusive_reported	1	0	UCUAG	UCUAG		-0.33984375
HeLa	chr19:+:3535359	BID_exclusive_reported	1	0	GGUGG	GGUGG		-0.4453125
HeLa	chr19:+:36142701	BID_exclusive_reported	1	0	GGUCC	GGUCC		-0.12109375
HeLa	chr19:+:36143121	BID_exclusive_reported	1	0	CGUGA	CGUGA		0.16015625
HeLa	chr19:+:36901839	ELAP_exclusive_reported	0	1	CAUCC		CAUCC	0.578125
HeLa	chr19:+:38383622	BID_exclusive_reported	1	0	GGUCU	GGUCU		-0.1875
HeLa	chr19:+:38635010	ELAP_exclusive_reported	0	1	UGUGG		UGUGG	-0.35546875
HeLa	chr19:+:38724254	ELAP_exclusive_reported	0	1	GAUCG		GAUCG	0.15625
HeLa	chr19:+:40366654	shared	1	1	AAUGA	AAUGA	AAUGA	-0.51171875
HeLa	chr19:+:40377821	ELAP_exclusive_reported	0	1	GCUCG		GCUCG	0.04296875
HeLa	chr19:+:40377866	ELAP_exclusive_reported	0	1	ACUGA		ACUGA	-0.1640625
HeLa	chr19:+:40378040	shared	1	1	GCUGG	GCUGG	GCUGG	-0.46875
HeLa	chr19:+:40629729	ELAP_exclusive_reported	0	1	ACUGA		ACUGA	-0.1640625
HeLa	chr19:+:4258306	BID_exclusive_reported	1	0	GCUGA	GCUGA		-0.25390625
HeLa	chr19:+:44812269	shared	1	1	GCUGG	GCUGG	GCUGG	-0.46875
HeLa	chr19:+:44991352	BID_exclusive_reported	1	0	UCUAC	UCUAC		-0.28125
HeLa	chr19:+:48330485	BID_exclusive_reported	1	0	GCUCG	GCUCG		0.04296875
HeLa	chr19:+:48966704	ELAP_exclusive_reported	0	1	UCUCU		UCUCU	-0.1953125
HeLa	chr19:+:48966722	ELAP_exclusive_reported	0	1	UCUCA		UCUCA	-0.09765625
HeLa	chr19:+:49489906	ELAP_exclusive_reported	0	1	GCUAA		GCUAA	-0.28125
HeLa	chr19:+:49489914	ELAP_exclusive_reported	0	1	GGUAC		GGUAC	-0.6640625
HeLa	chr19:+:49492133	ELAP_exclusive_reported	0	1	UAUAC		UAUAC	0.23828125
HeLa	chr19:+:49492263	ELAP_exclusive_reported	0	1	GCUCC		GCUCC	0.421875
HeLa	chr19:+:49497297	ELAP_exclusive_reported	0	1	CAUCG		CAUCG	-0.046875
HeLa	chr19:+:49497564	ELAP_exclusive_reported	0	1	GGUAA		GGUAA	-0.66796875
HeLa	chr19:+:49625507	BID_exclusive_reported	1	0	GGUGG	GGUGG		-0.4453125
HeLa	chr19:+:50482405	BID_exclusive_reported	1	0	UGUCC	UGUCC		-0.15625
HeLa	chr19:+:54201512	ELAP_exclusive_reported	0	1	CGUGA		CGUGA	0.16015625
HeLa	chr19:+:54206459	ELAP_exclusive_reported	0	1	UAUCA		UAUCA	-0.0546875
HeLa	chr19:+:581330	ELAP_exclusive_reported	0	1	GCUCC		GCUCC	0.421875
HeLa	chr19:+:583138	ELAP_exclusive_reported	0	1	UCUGG		UCUGG	-0.4296875
HeLa	chr19:+:583308	ELAP_exclusive_reported	0	1	UGUGC		UGUGC	0.0234375
HeLa	chr19:+:58393145	ELAP_exclusive_reported	0	1	CGUCA		CGUCA	0.22265625
HeLa	chr19:+:6368667	shared	1	1	UGUAG	UGUAG	UGUAG	-0.078125
HeLa	chr19:+:7519307	BID_exclusive_reported	1	0	GCUCG	GCUCG		0.04296875
HeLa	chr19:+:811804	BID_exclusive_reported	1	0	AGUCG	AGUCG		-0.5859375
HeLa	chr19:+:8322352	ELAP_exclusive_reported	0	1	CGUAA		CGUAA	0.2890625
HeLa	chr19:+:990305	BID_exclusive_reported	1	0	ACUGC	ACUGC		-0.12109375
HeLa	chr19:+:994416	BID_exclusive_reported	1	0	UGUGG	UGUGG		-0.35546875
HeLa	chr19:-:10140311	BID_exclusive_reported	1	0	UGUGG	UGUGG		-0.35546875
HeLa	chr19:-:10391186	BID_exclusive_reported	1	0	UGUGU	UGUGU		-0.4375
HeLa	chr19:-:11147223	ELAP_exclusive_reported	0	1	CAUCA		CAUCA	-0.2734375
HeLa	chr19:-:12643690	ELAP_exclusive_reported	0	1	GGUAA		GGUAA	-0.66796875
HeLa	chr19:-:12643845	ELAP_exclusive_reported	0	1	GGUGU		GGUGU	-0.046875
HeLa	chr19:-:14478100	BID_exclusive_reported	1	0	GCUGC	GCUGC		-0.203125
HeLa	chr19:-:18539437	ELAP_exclusive_reported	0	1	ACUCA		ACUCA	-0.41015625
HeLa	chr19:-:1881594	BID_exclusive_reported	1	0	GGUGG	GGUGG		-0.4453125
HeLa	chr19:-:19119830	BID_exclusive_reported	1	0	GGUGG	GGUGG		-0.4453125
HeLa	chr19:-:19654662	BID_exclusive_reported	1	0	UGUAG	UGUAG		-0.078125
HeLa	chr19:-:1986280	BID_exclusive_reported	1	0	GGUGG	GGUGG		-0.4453125
HeLa	chr19:-:2426910	shared	1	1	CAUAA	CAUAA	CAUAA	-0.18359375
HeLa	chr19:-:2430782	BID_exclusive_reported	1	0	GGUGG	GGUGG		-0.4453125
HeLa	chr19:-:39435684	ELAP_exclusive_reported	0	1	ACUGC		ACUGC	-0.12109375
HeLa	chr19:-:3964860	BID_exclusive_reported	1	0	GGUGA	GGUGA		-0.109375
HeLa	chr19:-:42250389	BID_exclusive_reported	1	0	UGUGG	UGUGG		-0.35546875
HeLa	chr19:-:48615358	ELAP_exclusive_reported	0	1	ACUCU		ACUCU	-0.296875
HeLa	chr19:-:48617374	ELAP_exclusive_reported	0	1	UGUGU		UGUGU	-0.4375
HeLa	chr19:-:48617813	ELAP_exclusive_reported	0	1	UAUCU		UAUCU	0.265625
HeLa	chr19:-:48720707	shared	1	1	UGUAG	UGUAG	UGUAG	-0.078125
HeLa	chr19:-:54174119	BID_exclusive_reported	1	0	GGUGG	GGUGG		-0.4453125
HeLa	chr19:-:55262614	BID_exclusive_reported	1	0	GAUCG	GAUCG		0.15625
HeLa	chr19:-:55384075	BID_exclusive_reported	1	0	GGUGC	GGUGC		-0.046875
HeLa	chr19:-:55401644	ELAP_exclusive_reported	0	1	GAUCC		GAUCC	0.34375
HeLa	chr19:-:6211746	BID_exclusive_reported	1	0	GGUCC	GGUCC		-0.12109375
HeLa	chr19:-:6418763	BID_exclusive_reported	1	0	GAUCC	GAUCC		0.34375
HeLa	chr19:-:6456440	BID_exclusive_reported	1	0	UGUAU	UGUAU		-0.06640625
HeLa	chr19:-:6680208	shared	1	1	UGUAG	UGUAG	UGUAG	-0.078125
HeLa	chr1:+:10413090	BID_exclusive_reported	1	0	GCUAG	GCUAG		-0.70703125
HeLa	chr1:+:10417451	ELAP_exclusive_reported	0	1	GCUGG		GCUGG	-0.46875
HeLa	chr1:+:1042117	BID_exclusive_reported	1	0	AGUGC	AGUGC		0.01953125
HeLa	chr1:+:1043431	BID_exclusive_reported	1	0	GAUCC	GAUCC		0.34375
HeLa	chr1:+:1043958	ELAP_exclusive_reported	0	1	GCUAC		GCUAC	-0.140625
HeLa	chr1:+:1045781	shared	1	1	GAUGA	GAUGA	GAUGA	-0.31640625
HeLa	chr1:+:110018427	ELAP_exclusive_reported	0	1	UAUCG		UAUCG	-0.01171875
HeLa	chr1:+:111704439	BID_exclusive_reported	1	0	ACUGU	ACUGU		-0.16796875
HeLa	chr1:+:116389662	ELAP_exclusive_reported	0	1	GGUAU		GGUAU	-0.41796875
HeLa	chr1:+:116403915	ELAP_exclusive_reported	0	1	ACUCU		ACUCU	-0.296875
HeLa	chr1:+:116404439	ELAP_exclusive_reported	0	1	ACUAU		ACUAU	-0.07421875
HeLa	chr1:+:116941892	BID_exclusive_reported	1	0	GGUGG	GGUGG		-0.4453125
HeLa	chr1:+:119712051	ELAP_exclusive_reported	0	1	GCUCA		GCUCA	0.07421875
HeLa	chr1:+:119737221	ELAP_exclusive_reported	0	1	GCUGU		GCUGU	-0.26171875
HeLa	chr1:+:12011566	BID_exclusive_reported	1	0	AGUGG	AGUGG		-0.546875
HeLa	chr1:+:12012122	BID_exclusive_reported	1	0	GGUGA	GGUGA		-0.109375
HeLa	chr1:+:151265180	ELAP_exclusive_reported	0	1	GCUAA		GCUAA	-0.28125
HeLa	chr1:+:153990774	ELAP_exclusive_reported	0	1	GGUGA		GGUGA	-0.109375
HeLa	chr1:+:154234644	BID_exclusive_reported	1	0	GGUGG	GGUGG		-0.4453125
HeLa	chr1:+:15828304	ELAP_exclusive_reported	0	1	ACUGC		ACUGC	-0.12109375
HeLa	chr1:+:161214191	BID_exclusive_reported	1	0	GGUGA	GGUGA		-0.109375
HeLa	chr1:+:175921993	ELAP_exclusive_reported	0	1	UGUAC		UGUAC	0.19921875
HeLa	chr1:+:183134689	BID_exclusive_reported	1	0	GCUGA	GCUGA		-0.25390625
HeLa	chr1:+:206528988	ELAP_exclusive_reported	0	1	GGUGA		GGUGA	-0.109375
HeLa	chr1:+:207331163	ELAP_exclusive_reported	0	1	CGUGA		CGUGA	0.16015625
HeLa	chr1:+:22092496	shared	1	1	UGUAG	UGUAG	UGUAG	-0.078125
HeLa	chr1:+:228494171	BID_exclusive_reported	1	0	GCUCU	GCUCU		0.26953125
HeLa	chr1:+:230236037	shared	1	1	GGUGG	GGUGG	GGUGG	-0.4453125
HeLa	chr1:+:230281219	ELAP_exclusive_reported	0	1	UGUAG		UGUAG	-0.078125
HeLa	chr1:+:237603113	ELAP_exclusive_reported	0	1	ACUAU		ACUAU	-0.07421875
HeLa	chr1:+:237603173	ELAP_exclusive_reported	0	1	GAUGA		GAUGA	-0.31640625
HeLa	chr1:+:248874260	ELAP_exclusive_reported	0	1	UCUAG		UCUAG	-0.33984375
HeLa	chr1:+:26864058	BID_exclusive_reported	1	0	GCUGU	GCUGU		-0.26171875
HeLa	chr1:+:38710629	ELAP_exclusive_reported	0	1	GCUAU		GCUAU	-0.04296875
HeLa	chr1:+:42696242	BID_exclusive_reported	1	0	UGUAG	UGUAG		-0.078125
HeLa	chr1:+:42700970	ELAP_exclusive_reported	0	1	GCUGA		GCUGA	-0.25390625
HeLa	chr1:+:43360868	shared	1	1	GGUAA	GGUAA	GGUAA	-0.66796875
HeLa	chr1:+:43597926	BID_exclusive_reported	1	0	CGUGA	CGUGA		0.16015625
HeLa	chr1:+:43606898	BID_exclusive_reported	1	0	UGUGG	UGUGG		-0.35546875
HeLa	chr1:+:44776731	ELAP_exclusive_reported	0	1	CGUGC		CGUGC	-0.0078125
HeLa	chr1:+:44778620	ELAP_exclusive_reported	0	1	GCUAU		GCUAU	-0.04296875
HeLa	chr1:+:46316626	ELAP_exclusive_reported	0	1	CAUCA		CAUCA	-0.2734375
HeLa	chr1:+:46316692	ELAP_exclusive_reported	0	1	CAUGA		CAUGA	-0.53125
HeLa	chr1:+:632828	ELAP_exclusive_reported	0	1	CAUGA		CAUGA	-0.53125
HeLa	chr1:+:76700247	ELAP_exclusive_reported	0	1	GAUAA		GAUAA	-0.45703125
HeLa	chr1:+:92834813	ELAP_exclusive_reported	0	1	AGUCU		AGUCU	-0.6875
HeLa	chr1:+:92836246	ELAP_exclusive_reported	0	1	GGUGA		GGUGA	-0.109375
HeLa	chr1:+:96447124	ELAP_exclusive_reported	0	1	GCUGA		GCUGA	-0.25390625
HeLa	chr1:-:101786504	ELAP_exclusive_reported	0	1	GCUAC		GCUAC	-0.140625
HeLa	chr1:-:101786992	ELAP_exclusive_reported	0	1	UAUCC		UAUCC	0.53125
HeLa	chr1:-:11676139	ELAP_exclusive_reported	0	1	GCUCA		GCUCA	0.07421875
HeLa	chr1:-:1217212	shared	1	1	ACUCU	ACUCU	ACUCU	-0.296875
HeLa	chr1:-:1254957	BID_exclusive_reported	1	0	UGUAG	UGUAG		-0.078125
HeLa	chr1:-:12568086	BID_exclusive_reported	1	0	UGUAG	UGUAG		-0.078125
HeLa	chr1:-:1336110	BID_exclusive_reported	1	0	GGUGG	GGUGG		-0.4453125
HeLa	chr1:-:1390995	ELAP_exclusive_reported	0	1	UCUAG		UCUAG	-0.33984375
HeLa	chr1:-:150622412	BID_exclusive_reported	1	0	UGUAG	UGUAG		-0.078125
HeLa	chr1:-:153535282	ELAP_exclusive_reported	0	1	ACUCC		ACUCC	-0.296875
HeLa	chr1:-:153535990	ELAP_exclusive_reported	0	1	CAUCC		CAUCC	0.578125
HeLa	chr1:-:153543809	ELAP_exclusive_reported	0	1	UGUGU		UGUGU	-0.4375
HeLa	chr1:-:153662783	ELAP_exclusive_reported	0	1	GCUAU		GCUAU	-0.04296875
HeLa	chr1:-:153959729	shared	1	1	CAUAA	CAUAA	CAUAA	-0.18359375
HeLa	chr1:-:155234686	BID_exclusive_reported	1	0	CGUAC	CGUAC		0.55078125
HeLa	chr1:-:156009266	BID_exclusive_reported	1	0	GGUGC	GGUGC		-0.046875
HeLa	chr1:-:156051168	BID_exclusive_reported	1	0	GGUGG	GGUGG		-0.4453125
HeLa	chr1:-:156742162	ELAP_exclusive_reported	0	1	GCUCU		GCUCU	0.26953125
HeLa	chr1:-:156743266	ELAP_exclusive_reported	0	1	CCUGG		CCUGG	-0.12890625
HeLa	chr1:-:159920385	BID_exclusive_reported	1	0	UGUGG	UGUGG		-0.35546875
HeLa	chr1:-:161171595	ELAP_exclusive_reported	0	1	AAUCC		AAUCC	0.3359375
HeLa	chr1:-:161171614	BID_exclusive_reported	1	0	UGUAG	UGUAG		-0.078125
HeLa	chr1:-:17407950	BID_exclusive_reported	1	0	CGUGU	CGUGU		-0.01953125
HeLa	chr1:-:180502431	BID_exclusive_reported	1	0	AGUGG	AGUGG		-0.546875
HeLa	chr1:-:182385406	BID_exclusive_reported	1	0	GCUGC	GCUGC		-0.203125
HeLa	chr1:-:19244941	BID_exclusive_reported	1	0	UGUGA	UGUGA		-0.4921875
HeLa	chr1:-:20744168	BID_exclusive_reported	1	0	UCUAG	UCUAG		-0.33984375
HeLa	chr1:-:21217626	BID_exclusive_reported	1	0	UGUAG	UGUAG		-0.078125
HeLa	chr1:-:230843764	BID_exclusive_reported	1	0	GGUCC	GGUCC		-0.12109375
HeLa	chr1:-:231422037	BID_exclusive_reported	1	0	GGUGC	GGUGC		-0.046875
HeLa	chr1:-:23310305	ELAP_exclusive_reported	0	1	UAUAC		UAUAC	0.23828125
HeLa	chr1:-:246507261	ELAP_exclusive_reported	0	1	GCUGC		GCUGC	-0.203125
HeLa	chr1:-:40073767	ELAP_exclusive_reported	0	1	ACUGU		ACUGU	-0.16796875
HeLa	chr1:-:45515689	ELAP_exclusive_reported	0	1	GGUGC		GGUGC	-0.046875
HeLa	chr1:-:51791640	BID_exclusive_reported	1	0	UGUAG	UGUAG		-0.078125
HeLa	chr1:-:52772475	ELAP_exclusive_reported	0	1	CAUGG		CAUGG	-0.40234375
HeLa	chr1:-:54851248	BID_exclusive_reported	1	0	UGUAG	UGUAG		-0.078125
HeLa	chr1:-:54852306	ELAP_exclusive_reported	0	1	GCUGC		GCUGC	-0.203125
HeLa	chr1:-:54875984	ELAP_exclusive_reported	0	1	GCUGG		GCUGG	-0.46875
HeLa	chr1:-:6185970	shared	1	1	UGUAG	UGUAG	UGUAG	-0.078125
HeLa	chr1:-:6186768	shared	1	1	CGUGA	CGUGA	CGUGA	0.16015625
HeLa	chr1:-:6197683	shared	1	1	UGUAG	UGUAG	UGUAG	-0.078125
HeLa	chr1:-:67703160	BID_exclusive_reported	1	0	UGUAG	UGUAG		-0.078125
HeLa	chr1:-:8865342	ELAP_exclusive_reported	0	1	GGUAC		GGUAC	-0.6640625
HeLa	chr1:-:8868047	ELAP_exclusive_reported	0	1	CGUCA		CGUCA	0.22265625
HeLa	chr1:-:8878684	ELAP_exclusive_reported	0	1	AGUAU		AGUAU	-0.3125
HeLa	chr1:-:88983617	BID_exclusive_reported	1	0	AAUGG	AAUGG		-0.1484375
HeLa	chr20:+:31514487	ELAP_exclusive_reported	0	1	GGUGU		GGUGU	-0.046875
HeLa	chr20:+:3223583	ELAP_exclusive_reported	0	1	UGUCG		UGUCG	-0.38671875
HeLa	chr20:+:326481	BID_exclusive_reported	1	0	GCUGU	GCUGU		-0.26171875
HeLa	chr20:+:35542868	shared	1	1	GAUGU	GAUGU	GAUGU	0.0390625
HeLa	chr20:+:36548056	ELAP_exclusive_reported	0	1	CCUGG		CCUGG	-0.12890625
HeLa	chr20:+:36549611	BID_exclusive_reported	1	0	AGUCC	AGUCC		-0.0078125
HeLa	chr20:+:37225723	shared	1	1	CAUCG	CAUCG	CAUCG	-0.046875
HeLa	chr20:+:3797704	BID_exclusive_reported	1	0	CAUCC	CAUCC		0.578125
HeLa	chr20:+:44720091	BID_exclusive_reported	1	0	GGUGG	GGUGG		-0.4453125
HeLa	chr20:+:44750936	shared	1	1	UCUAG	UCUAG	UCUAG	-0.33984375
HeLa	chr20:+:45410529	shared	1	1	GGUAC	GGUAC	GGUAC	-0.6640625
HeLa	chr20:+:45419306	ELAP_exclusive_reported	0	1	ACUAC		ACUAC	-0.6328125
HeLa	chr20:+:45426032	ELAP_exclusive_reported	0	1	CCUCA		CCUCA	-0.46875
HeLa	chr20:+:56365194	ELAP_exclusive_reported	0	1	ACUGU		ACUGU	-0.16796875
HeLa	chr20:+:58910759	ELAP_exclusive_reported	0	1	CAUCC		CAUCC	0.578125
HeLa	chr20:+:62387123	ELAP_exclusive_reported	0	1	GGUGU		GGUGU	-0.046875
HeLa	chr20:+:62387128	ELAP_exclusive_reported	0	1	GGUGG		GGUGG	-0.4453125
HeLa	chr20:+:62387628	ELAP_exclusive_reported	0	1	CAUCA		CAUCA	-0.2734375
HeLa	chr20:+:62388360	ELAP_exclusive_reported	0	1	UCUCA		UCUCA	-0.09765625
HeLa	chr20:+:63742413	shared	1	1	GCUGA	GCUGA	GCUGA	-0.25390625
HeLa	chr20:-:2463146	ELAP_exclusive_reported	0	1	AGUAC		AGUAC	0.0390625
HeLa	chr20:-:30512677	ELAP_exclusive_reported	0	1	UGUAG		UGUAG	-0.078125
HeLa	chr20:-:35284418	ELAP_exclusive_reported	0	1	ACUGU		ACUGU	-0.16796875
HeLa	chr20:-:3755495	ELAP_exclusive_reported	0	1	GCUCC		GCUCC	0.421875
HeLa	chr20:-:44466717	ELAP_exclusive_reported	0	1	UGUGG		UGUGG	-0.35546875
HeLa	chr20:-:59007029	ELAP_exclusive_reported	0	1	GCUAC		GCUAC	-0.140625
HeLa	chr20:-:59030428	ELAP_exclusive_reported	0	1	GCUAC		GCUAC	-0.140625
HeLa	chr20:-:62323581	ELAP_exclusive_reported	0	1	GCUCU		GCUCU	0.26953125
HeLa	chr20:-:62325413	BID_exclusive_reported	1	0	GGUGG	GGUGG		-0.4453125
HeLa	chr21:+:34388999	BID_exclusive_reported	1	0	GGUGG	GGUGG		-0.4453125
HeLa	chr21:+:43757122	BID_exclusive_reported	1	0	GGUGG	GGUGG		-0.4453125
HeLa	chr21:+:43761229	BID_exclusive_reported	1	0	GGUGG	GGUGG		-0.4453125
HeLa	chr21:+:43982621	BID_exclusive_reported	1	0	GGUGG	GGUGG		-0.4453125
HeLa	chr21:+:44316470	BID_exclusive_reported	1	0	ACUGU	ACUGU		-0.16796875
HeLa	chr21:+:8218393	ELAP_exclusive_reported	0	1	CGUGA		CGUGA	0.16015625
HeLa	chr21:+:8400869	ELAP_exclusive_reported	0	1	UGUAG		UGUAG	-0.078125
HeLa	chr21:+:8401431	ELAP_exclusive_reported	0	1	CGUGA		CGUGA	0.16015625
HeLa	chr21:+:8401599	ELAP_exclusive_reported	0	1	ACUGA		ACUGA	-0.1640625
HeLa	chr21:+:8442822	ELAP_exclusive_reported	0	1	CCUCA		CCUCA	-0.46875
HeLa	chr21:+:8442828	ELAP_exclusive_reported	0	1	GAUAG		GAUAG	0.203125
HeLa	chr21:+:8445831	ELAP_exclusive_reported	0	1	ACUGA		ACUGA	-0.1640625
HeLa	chr21:-:25881387	shared	1	1	AAUAG	AAUAG	AAUAG	0.125
HeLa	chr21:-:25891798	ELAP_exclusive_reported	0	1	CAUAG		CAUAG	0.234375
HeLa	chr21:-:25955661	ELAP_exclusive_reported	0	1	GGUGG		GGUGG	-0.4453125
HeLa	chr21:-:29062177	ELAP_exclusive_reported	0	1	CAUAG		CAUAG	0.234375
HeLa	chr21:-:33907381	ELAP_exclusive_reported	0	1	UGUCC		UGUCC	-0.15625
HeLa	chr22:+:29298859	BID_exclusive_reported	1	0	CGUCC	CGUCC		0.6640625
HeLa	chr22:+:29603684	ELAP_exclusive_reported	0	1	UCUAG		UCUAG	-0.33984375
HeLa	chr22:+:31420277	shared	1	1	GAUCU	GAUCU	GAUCU	0.2578125
HeLa	chr22:+:35424407	shared	1	1	UGUAG	UGUAG	UGUAG	-0.078125
HeLa	chr22:+:37878111	ELAP_exclusive_reported	0	1	GGUAU		GGUAU	-0.41796875
HeLa	chr22:+:39521800	ELAP_exclusive_reported	0	1	GAUGU		GAUGU	0.0390625
HeLa	chr22:+:41906158	ELAP_exclusive_reported	0	1	UGUAG		UGUAG	-0.078125
HeLa	chr22:+:43159338	ELAP_exclusive_reported	0	1	GGUAC		GGUAC	-0.6640625
HeLa	chr22:+:43957026	ELAP_exclusive_reported	0	1	AAUAU		AAUAU	0.2421875
HeLa	chr22:+:44119087	BID_exclusive_reported	1	0	UGUGA	UGUGA		-0.4921875
HeLa	chr22:+:45525645	ELAP_exclusive_reported	0	1	GGUGA		GGUGA	-0.109375
HeLa	chr22:+:45533856	ELAP_exclusive_reported	0	1	GCUGC		GCUGC	-0.203125
HeLa	chr22:+:45600473	ELAP_exclusive_reported	0	1	GGUGC		GGUGC	-0.046875
HeLa	chr22:-:26887501	ELAP_exclusive_reported	0	1	UCUGA		UCUGA	-0.3125
HeLa	chr22:-:39315476	ELAP_exclusive_reported	0	1	GCUGG		GCUGG	-0.46875
HeLa	chr22:-:39317493	ELAP_exclusive_reported	0	1	AGUGA		AGUGA	-0.6796875
HeLa	chr22:-:39317505	ELAP_exclusive_reported	0	1	GCUGA		GCUGA	-0.25390625
HeLa	chr22:-:41675036	BID_exclusive_reported	1	0	GGUCU	GGUCU		-0.1875
HeLa	chr22:-:44494829	BID_exclusive_reported	1	0	GGUGG	GGUGG		-0.4453125
HeLa	chr22:-:50466388	BID_exclusive_reported	1	0	UGUAG	UGUAG		-0.078125
HeLa	chr22:-:50503113	BID_exclusive_reported	1	0	UGUGG	UGUGG		-0.35546875
HeLa	chr22_KI270733v1_random:+:133944	ELAP_exclusive_reported	0	1	AAUGA		AAUGA	-0.51171875
HeLa	chr22_KI270733v1_random:+:134731	ELAP_exclusive_reported	0	1	CGUGA		CGUGA	0.16015625
HeLa	chr22_KI270733v1_random:+:134899	ELAP_exclusive_reported	0	1	ACUGA		ACUGA	-0.1640625
HeLa	chr22_KI270733v1_random:+:176959	ELAP_exclusive_reported	0	1	CCUCA		CCUCA	-0.46875
HeLa	chr22_KI270733v1_random:+:177026	ELAP_exclusive_reported	0	1	AAUGA		AAUGA	-0.51171875
HeLa	chr2:+:101006001	ELAP_exclusive_reported	0	1	CGUAA		CGUAA	0.2890625
HeLa	chr2:+:130182432	ELAP_exclusive_reported	0	1	GCUAU		GCUAU	-0.04296875
HeLa	chr2:+:181901822	ELAP_exclusive_reported	0	1	UAUAU		UAUAU	0.26953125
HeLa	chr2:+:188984855	ELAP_exclusive_reported	0	1	GAUCC		GAUCC	0.34375
HeLa	chr2:+:189661516	BID_exclusive_reported	1	0	GGUGG	GGUGG		-0.4453125
HeLa	chr2:+:190933796	ELAP_exclusive_reported	0	1	UGUGA		UGUGA	-0.4921875
HeLa	chr2:+:200472887	BID_exclusive_reported	1	0	CCUCU	CCUCU		0.00390625
HeLa	chr2:+:201085563	BID_exclusive_reported	1	0	UGUAG	UGUAG		-0.078125
HeLa	chr2:+:206160053	ELAP_exclusive_reported	0	1	CAUCG		CAUCG	-0.046875
HeLa	chr2:+:215326117	BID_exclusive_reported	1	0	ACUAG	ACUAG		-0.5625
HeLa	chr2:+:216205276	ELAP_exclusive_reported	0	1	GAUGC		GAUGC	0.24609375
HeLa	chr2:+:216499392	BID_exclusive_reported	1	0	UGUGG	UGUGG		-0.35546875
HeLa	chr2:+:216501361	ELAP_exclusive_reported	0	1	GGUAA		GGUAA	-0.66796875
HeLa	chr2:+:236580659	BID_exclusive_reported	1	0	GGUGG	GGUGG		-0.4453125
HeLa	chr2:+:240467960	BID_exclusive_reported	1	0	GGUCA	GGUCA		-0.57421875
HeLa	chr2:+:241335180	BID_exclusive_reported	1	0	UCUGU	UCUGU		0.03125
HeLa	chr2:+:3580113	ELAP_exclusive_reported	0	1	CGUAC		CGUAC	0.55078125
HeLa	chr2:+:38482177	ELAP_exclusive_reported	0	1	GCUGC		GCUGC	-0.203125
HeLa	chr2:+:38482380	ELAP_exclusive_reported	0	1	CAUGC		CAUGC	0.5625
HeLa	chr2:+:58251767	ELAP_exclusive_reported	0	1	GCUAC		GCUAC	-0.140625
HeLa	chr2:+:65239943	BID_exclusive_reported	1	0	AGUGG	AGUGG		-0.546875
HeLa	chr2:+:65270551	BID_exclusive_reported	1	0	UGUAG	UGUAG		-0.078125
HeLa	chr2:+:73227115	ELAP_exclusive_reported	0	1	GGUGA		GGUGA	-0.109375
HeLa	chr2:+:73252776	shared	1	1	UGUAG	UGUAG	UGUAG	-0.078125
HeLa	chr2:-:11211766	BID_exclusive_reported	1	0	GCUGA	GCUGA		-0.25390625
HeLa	chr2:-:127063629	ELAP_exclusive_reported	0	1	CGUCA		CGUCA	0.22265625
HeLa	chr2:-:131049504	BID_exclusive_reported	1	0	UGUGA	UGUGA		-0.4921875
HeLa	chr2:-:1633782	BID_exclusive_reported	1	0	UGUCA	UGUCA		-0.4375
HeLa	chr2:-:171517260	ELAP_exclusive_reported	0	1	GCUAA		GCUAA	-0.28125
HeLa	chr2:-:176201191	ELAP_exclusive_reported	0	1	GGUGA		GGUGA	-0.109375
HeLa	chr2:-:197498750	ELAP_exclusive_reported	0	1	GGUGC		GGUGC	-0.046875
HeLa	chr2:-:215391813	BID_exclusive_reported	1	0	GCUGU	GCUGU		-0.26171875
HeLa	chr2:-:229591647	BID_exclusive_reported	1	0	GGUGA	GGUGA		-0.109375
HeLa	chr2:-:232482574	BID_exclusive_reported	1	0	ACUAU	ACUAU		-0.07421875
HeLa	chr2:-:54972477	ELAP_exclusive_reported	0	1	UCUAG		UCUAG	-0.33984375
HeLa	chr2:-:55867137	ELAP_exclusive_reported	0	1	UAUAG		UAUAG	0.26171875
HeLa	chr2:-:74369480	BID_exclusive_reported	1	0	AAUGA	AAUGA		-0.51171875
HeLa	chr2:-:86179518	BID_exclusive_reported	1	0	UGUAG	UGUAG		-0.078125
HeLa	chr2:-:96274949	shared	1	1	UGUAG	UGUAG	UGUAG	-0.078125
HeLa	chr2:-:96283266	BID_exclusive_reported	1	0	GGUGG	GGUGG		-0.4453125
HeLa	chr2:-:96305463	BID_exclusive_reported	1	0	GGUCU	GGUCU		-0.1875
HeLa	chr3:+:121494289	ELAP_exclusive_reported	0	1	UAUCA		UAUCA	-0.0546875
HeLa	chr3:+:128064896	ELAP_exclusive_reported	0	1	GCUAU		GCUAU	-0.04296875
HeLa	chr3:+:128071579	BID_exclusive_reported	1	0	GGUGG	GGUGG		-0.4453125
HeLa	chr3:+:197950967	shared	1	1	ACUAU	ACUAU	ACUAU	-0.07421875
HeLa	chr3:+:23917907	ELAP_exclusive_reported	0	1	UCUGA		UCUGA	-0.3125
HeLa	chr3:+:23918437	ELAP_exclusive_reported	0	1	UGUAG		UGUAG	-0.078125
HeLa	chr3:+:23919567	BID_exclusive_reported	1	0	GGUGU	GGUGU		-0.046875
HeLa	chr3:+:39408704	ELAP_exclusive_reported	0	1	UAUCC		UAUCC	0.53125
HeLa	chr3:+:39411955	ELAP_exclusive_reported	0	1	GGUGA		GGUGA	-0.109375
HeLa	chr3:+:40457969	ELAP_exclusive_reported	0	1	UGUAG		UGUAG	-0.078125
HeLa	chr3:+:41234198	BID_exclusive_reported	1	0	CGUGA	CGUGA		0.16015625
HeLa	chr3:+:41234276	BID_exclusive_reported	1	0	GGUGG	GGUGG		-0.4453125
HeLa	chr3:+:41238036	ELAP_exclusive_reported	0	1	GAUAU		GAUAU	0.2109375
HeLa	chr3:+:41240100	BID_exclusive_reported	1	0	GGUGU	GGUGU		-0.046875
HeLa	chr3:+:47846614	shared	1	1	AAUGU	AAUGU	AAUGU	-0.08984375
HeLa	chr3:-:101682844	ELAP_exclusive_reported	0	1	CAUCU		CAUCU	-0.0703125
HeLa	chr3:-:112561618	BID_exclusive_reported	1	0	GGUGG	GGUGG		-0.4453125
HeLa	chr3:-:120395859	ELAP_exclusive_reported	0	1	UAUGC		UAUGC	0.04296875
HeLa	chr3:-:120396049	ELAP_exclusive_reported	0	1	AGUCC		AGUCC	-0.0078125
HeLa	chr3:-:120396118	ELAP_exclusive_reported	0	1	AAUAA		AAUAA	-0.1953125
HeLa	chr3:-:128622242	ELAP_exclusive_reported	0	1	ACUGA		ACUGA	-0.1640625
HeLa	chr3:-:131498207	shared	1	1	UGUAG	UGUAG	UGUAG	-0.078125
HeLa	chr3:-:134478147	BID_exclusive_reported	1	0	UGUAG	UGUAG		-0.078125
HeLa	chr3:-:142827635	ELAP_exclusive_reported	0	1	GCUGC		GCUGC	-0.203125
HeLa	chr3:-:161429418	ELAP_exclusive_reported	0	1	UAUCC		UAUCC	0.53125
HeLa	chr3:-:169483767	ELAP_exclusive_reported	0	1	CGUGA		CGUGA	0.16015625
HeLa	chr3:-:37016655	ELAP_exclusive_reported	0	1	CGUAU		CGUAU	0.390625
HeLa	chr3:-:44749581	BID_exclusive_reported	1	0	AGUCU	AGUCU		-0.6875
HeLa	chr3:-:47710766	BID_exclusive_reported	1	0	AAUGG	AAUGG		-0.1484375
HeLa	chr3:-:48600514	ELAP_exclusive_reported	0	1	CAUCC		CAUCC	0.578125
HeLa	chr3:-:49024707	ELAP_exclusive_reported	0	1	CAUCC		CAUCC	0.578125
HeLa	chr3:-:49104394	ELAP_exclusive_reported	0	1	GAUAC		GAUAC	0.17578125
HeLa	chr3:-:49360211	ELAP_exclusive_reported	0	1	UGUGA		UGUGA	-0.4921875
HeLa	chr3:-:49411842	ELAP_exclusive_reported	0	1	GCUGG		GCUGG	-0.46875
HeLa	chr3:-:51993896	shared	1	1	CGUAU	CGUAU	CGUAU	0.390625
HeLa	chr3:-:53229396	ELAP_exclusive_reported	0	1	GGUGC		GGUGC	-0.046875
HeLa	chr3:-:53235164	ELAP_exclusive_reported	0	1	UCUAU		UCUAU	-0.203125
HeLa	chr3:-:53255959	ELAP_exclusive_reported	0	1	GGUCC		GGUCC	-0.12109375
HeLa	chr3:-:53891816	BID_exclusive_reported	1	0	GGUGG	GGUGG		-0.4453125
HeLa	chr3:-:9780336	ELAP_exclusive_reported	0	1	GCUGA		GCUGA	-0.25390625
HeLa	chr4:+:105485641	ELAP_exclusive_reported	0	1	UGUCA		UGUCA	-0.4375
HeLa	chr4:+:105937102	BID_exclusive_reported	1	0	UAUGC	UAUGC		0.04296875
HeLa	chr4:+:108622141	ELAP_exclusive_reported	0	1	UAUAC		UAUAC	0.23828125
HeLa	chr4:+:108622180	ELAP_exclusive_reported	0	1	GGUGU		GGUGU	-0.046875
HeLa	chr4:+:108622601	ELAP_exclusive_reported	0	1	GCUAA		GCUAA	-0.28125
HeLa	chr4:+:151102981	ELAP_exclusive_reported	0	1	UAUGC		UAUGC	0.04296875
HeLa	chr4:+:168832124	ELAP_exclusive_reported	0	1	GCUCC		GCUCC	0.421875
HeLa	chr4:+:17607509	ELAP_exclusive_reported	0	1	CCUAU		CCUAU	-0.05078125
HeLa	chr4:+:176320129	BID_exclusive_reported	1	0	CGUGA	CGUGA		0.16015625
HeLa	chr4:+:39081193	BID_exclusive_reported	1	0	GGUGU	GGUGU		-0.046875
HeLa	chr4:+:47706419	ELAP_exclusive_reported	0	1	UCUGA		UCUGA	-0.3125
HeLa	chr4:+:65573521	ELAP_exclusive_reported	0	1	ACUGA		ACUGA	-0.1640625
HeLa	chr4:+:94654552	BID_exclusive_reported	1	0	UGUAG	UGUAG		-0.078125
HeLa	chr4:-:10083082	ELAP_exclusive_reported	0	1	GCUCA		GCUCA	0.07421875
HeLa	chr4:-:2932661	BID_exclusive_reported	1	0	CGUCA	CGUCA		0.22265625
HeLa	chr4:-:57040894	shared	1	1	UGUCA	UGUCA	UGUCA	-0.4375
HeLa	chr4:-:57110339	shared	1	1	CGUCG	CGUCG	CGUCG	0.25390625
HeLa	chr4:-:70825360	BID_exclusive_reported	1	0	GCUGA	GCUGA		-0.25390625
HeLa	chr5:+:10250295	ELAP_exclusive_reported	0	1	CGUAG		CGUAG	0.4296875
HeLa	chr5:+:10391615	BID_exclusive_reported	1	0	AGUGG	AGUGG		-0.546875
HeLa	chr5:+:132866680	ELAP_exclusive_reported	0	1	GCUGA		GCUGA	-0.25390625
HeLa	chr5:+:132867597	ELAP_exclusive_reported	0	1	GAUGA		GAUGA	-0.31640625
HeLa	chr5:+:134858824	BID_exclusive_reported	1	0	AGUAU	AGUAU		-0.3125
HeLa	chr5:+:134924078	ELAP_exclusive_reported	0	1	GAUGG		GAUGG	-0.19921875
HeLa	chr5:+:136059177	ELAP_exclusive_reported	0	1	GCUAA		GCUAA	-0.28125
HeLa	chr5:+:136060866	ELAP_exclusive_reported	0	1	CCUGU		CCUGU	-0.09375
HeLa	chr5:+:136063751	BID_exclusive_reported	1	0	UGUAG	UGUAG		-0.078125
HeLa	chr5:+:138182935	BID_exclusive_reported	1	0	AGUGG	AGUGG		-0.546875
HeLa	chr5:+:138185154	BID_exclusive_reported	1	0	UAUCC	UAUCC		0.53125
HeLa	chr5:+:139623411	BID_exclusive_reported	1	0	GAUGA	GAUGA		-0.31640625
HeLa	chr5:+:148214972	ELAP_exclusive_reported	0	1	GGUGA		GGUGA	-0.109375
HeLa	chr5:+:148215059	ELAP_exclusive_reported	0	1	ACUCU		ACUCU	-0.296875
HeLa	chr5:+:150094786	ELAP_exclusive_reported	0	1	AAUCA		AAUCA	0.02734375
HeLa	chr5:+:154815705	BID_exclusive_reported	1	0	UGUGG	UGUGG		-0.35546875
HeLa	chr5:+:168616581	ELAP_exclusive_reported	0	1	GGUAA		GGUAA	-0.66796875
HeLa	chr5:+:172909723	shared	1	1	CGUCA	CGUCA	CGUCA	0.22265625
HeLa	chr5:+:177305904	BID_exclusive_reported	1	0	ACUCU	ACUCU		-0.296875
HeLa	chr5:+:177596002	ELAP_exclusive_reported	0	1	AGUAG		AGUAG	-0.0078125
HeLa	chr5:+:179720419	ELAP_exclusive_reported	0	1	GAUGG		GAUGG	-0.19921875
HeLa	chr5:+:33162346	ELAP_exclusive_reported	0	1	CGUGC		CGUGC	-0.0078125
HeLa	chr5:+:37085291	ELAP_exclusive_reported	0	1	UAUAA		UAUAA	-0.37109375
HeLa	chr5:+:55945018	ELAP_exclusive_reported	0	1	GCUGU		GCUGU	-0.26171875
HeLa	chr5:+:79529571	ELAP_exclusive_reported	0	1	GCUAC		GCUAC	-0.140625
HeLa	chr5:-:116051908	ELAP_exclusive_reported	0	1	AAUAG		AAUAG	0.125
HeLa	chr5:-:122077486	BID_exclusive_reported	1	0	GGUGG	GGUGG		-0.4453125
HeLa	chr5:-:128527939	BID_exclusive_reported	1	0	AAUGG	AAUGG		-0.1484375
HeLa	chr5:-:134926635	ELAP_exclusive_reported	0	1	CAUCA		CAUCA	-0.2734375
HeLa	chr5:-:134927314	ELAP_exclusive_reported	0	1	UAUGG		UAUGG	-0.140625
HeLa	chr5:-:137140623	ELAP_exclusive_reported	0	1	ACUAC		ACUAC	-0.6328125
HeLa	chr5:-:138506557	ELAP_exclusive_reported	0	1	GCUAU		GCUAU	-0.04296875
HeLa	chr5:-:140645503	ELAP_exclusive_reported	0	1	CCUAU		CCUAU	-0.05078125
HeLa	chr5:-:140676787	BID_exclusive_reported	1	0	UGUGG	UGUGG		-0.35546875
HeLa	chr5:-:141529173	BID_exclusive_reported	1	0	GGUGG	GGUGG		-0.4453125
HeLa	chr5:-:147415784	ELAP_exclusive_reported	0	1	ACUAU		ACUAU	-0.07421875
HeLa	chr5:-:150444338	ELAP_exclusive_reported	0	1	CAUCC		CAUCC	0.578125
HeLa	chr5:-:150445626	ELAP_exclusive_reported	0	1	UAUGA		UAUGA	-0.46875
HeLa	chr5:-:151030284	BID_exclusive_reported	1	0	UGUAG	UGUAG		-0.078125
HeLa	chr5:-:157931427	ELAP_exclusive_reported	0	1	GCUGA		GCUGA	-0.25390625
HeLa	chr5:-:166530447	ELAP_exclusive_reported	0	1	CAUCA		CAUCA	-0.2734375
HeLa	chr5:-:173317666	BID_exclusive_reported	1	0	CGUGG	CGUGG		0.04296875
HeLa	chr5:-:175968201	BID_exclusive_reported	1	0	GGUCC	GGUCC		-0.12109375
HeLa	chr5:-:178149556	shared	1	1	GGUAA	GGUAA	GGUAA	-0.66796875
HeLa	chr5:-:179797663	BID_exclusive_reported	1	0	CGUAA	CGUAA		0.2890625
HeLa	chr5:-:179799600	BID_exclusive_reported	1	0	UGUAG	UGUAG		-0.078125
HeLa	chr5:-:181237011	ELAP_exclusive_reported	0	1	GGUGC		GGUGC	-0.046875
HeLa	chr5:-:181237027	ELAP_exclusive_reported	0	1	GCUAC		GCUAC	-0.140625
HeLa	chr5:-:181239090	ELAP_exclusive_reported	0	1	GAUCC		GAUCC	0.34375
HeLa	chr5:-:181241559	ELAP_exclusive_reported	0	1	UGUCU		UGUCU	-0.4296875
HeLa	chr5:-:32126210	ELAP_exclusive_reported	0	1	ACUCU		ACUCU	-0.296875
HeLa	chr5:-:40834222	ELAP_exclusive_reported	0	1	ACUGG		ACUGG	-0.234375
HeLa	chr5:-:40834246	ELAP_exclusive_reported	0	1	GCUAA		GCUAA	-0.28125
HeLa	chr5:-:40834594	ELAP_exclusive_reported	0	1	CGUCA		CGUCA	0.22265625
HeLa	chr5:-:41850160	BID_exclusive_reported	1	0	GAUCC	GAUCC		0.34375
HeLa	chr5:-:62403792	BID_exclusive_reported	1	0	UGUGG	UGUGG		-0.35546875
HeLa	chr5:-:80650713	BID_exclusive_reported	1	0	AGUCU	AGUCU		-0.6875
HeLa	chr5:-:82276202	ELAP_exclusive_reported	0	1	GGUGA		GGUGA	-0.109375
HeLa	chr5:-:94569499	ELAP_exclusive_reported	0	1	UAUCA		UAUCA	-0.0546875
HeLa	chr6:+:12514157	ELAP_exclusive_reported	0	1	UCUGA		UCUGA	-0.3125
HeLa	chr6:+:12514295	ELAP_exclusive_reported	0	1	UAUAG		UAUAG	0.26171875
HeLa	chr6:+:150898903	ELAP_exclusive_reported	0	1	GAUCU		GAUCU	0.2578125
HeLa	chr6:+:29942588	ELAP_exclusive_reported	0	1	GCUAC		GCUAC	-0.140625
HeLa	chr6:+:29944521	ELAP_exclusive_reported	0	1	CAUCC		CAUCC	0.578125
HeLa	chr6:+:29945661	ELAP_exclusive_reported	0	1	CAUCU		CAUCU	-0.0703125
HeLa	chr6:+:31281274	ELAP_exclusive_reported	0	1	ACUAU		ACUAU	-0.07421875
HeLa	chr6:+:43770912	BID_exclusive_reported	1	0	GGUCC	GGUCC		-0.12109375
HeLa	chr6:-:144371081	ELAP_exclusive_reported	0	1	UGUAG		UGUAG	-0.078125
HeLa	chr6:-:149917036	BID_exclusive_reported	1	0	CGUGA	CGUGA		0.16015625
HeLa	chr6:-:153282635	ELAP_exclusive_reported	0	1	GGUAA		GGUAA	-0.66796875
HeLa	chr6:-:169659185	ELAP_exclusive_reported	0	1	CCUCU		CCUCU	0.00390625
HeLa	chr6:-:30556218	BID_exclusive_reported	1	0	GGUGA	GGUGA		-0.109375
HeLa	chr6:-:31271141	ELAP_exclusive_reported	0	1	CCUGG		CCUGG	-0.12890625
HeLa	chr6:-:31271323	ELAP_exclusive_reported	0	1	UCUGG		UCUGG	-0.4296875
HeLa	chr6:-:31355123	ELAP_exclusive_reported	0	1	UGUAG		UGUAG	-0.078125
HeLa	chr6:-:31381980	ELAP_exclusive_reported	0	1	CAUCU		CAUCU	-0.0703125
HeLa	chr6:-:31642970	ELAP_exclusive_reported	0	1	GAUCU		GAUCU	0.2578125
HeLa	chr6:-:31784245	BID_exclusive_reported	1	0	UGUAG	UGUAG		-0.078125
HeLa	chr6:-:31971508	ELAP_exclusive_reported	0	1	GCUCA		GCUCA	0.07421875
HeLa	chr6:-:34426054	ELAP_exclusive_reported	0	1	GGUAC		GGUAC	-0.6640625
HeLa	chr6:-:36856640	ELAP_exclusive_reported	0	1	CAUCU		CAUCU	-0.0703125
HeLa	chr6:-:43622772	BID_exclusive_reported	1	0	GGUGG	GGUGG		-0.4453125
HeLa	chr6:-:73518433	ELAP_exclusive_reported	0	1	UGUCA		UGUCA	-0.4375
HeLa	chr6:-:96648535	ELAP_exclusive_reported	0	1	GCUCA		GCUCA	0.07421875
HeLa	chr7:+:100873195	shared	1	1	UCUGA	UCUGA	UCUGA	-0.3125
HeLa	chr7:+:127887946	shared	1	1	GAUCA	GAUCA	GAUCA	0.20703125
HeLa	chr7:+:134661621	BID_exclusive_reported	1	0	GCUCG	GCUCG		0.04296875
HeLa	chr7:+:134947547	ELAP_exclusive_reported	0	1	GCUGA		GCUGA	-0.25390625
HeLa	chr7:+:135660086	ELAP_exclusive_reported	0	1	UCUGA		UCUGA	-0.3125
HeLa	chr7:+:139423038	BID_exclusive_reported	1	0	GGUGG	GGUGG		-0.4453125
HeLa	chr7:+:1540545	BID_exclusive_reported	1	0	AGUGG	AGUGG		-0.546875
HeLa	chr7:+:2250988	BID_exclusive_reported	1	0	GGUGG	GGUGG		-0.4453125
HeLa	chr7:+:2360773	BID_exclusive_reported	1	0	UGUAG	UGUAG		-0.078125
HeLa	chr7:+:2369496	shared	1	1	GGUAA	GGUAA	GGUAA	-0.66796875
HeLa	chr7:+:2380633	BID_exclusive_reported	1	0	UGUCC	UGUCC		-0.15625
HeLa	chr7:+:32974721	BID_exclusive_reported	1	0	CGUGA	CGUGA		0.16015625
HeLa	chr7:+:44697649	BID_exclusive_reported	1	0	CCUCU	CCUCU		0.00390625
HeLa	chr7:+:5606283	shared	1	1	UGUAG	UGUAG	UGUAG	-0.078125
HeLa	chr7:+:6387215	BID_exclusive_reported	1	0	GCUGU	GCUGU		-0.26171875
HeLa	chr7:+:75888787	ELAP_exclusive_reported	0	1	UGUAG		UGUAG	-0.078125
HeLa	chr7:+:76066289	ELAP_exclusive_reported	0	1	CAUCG		CAUCG	-0.046875
HeLa	chr7:-:100807537	BID_exclusive_reported	1	0	GCUGC	GCUGC		-0.203125
HeLa	chr7:-:101245032	shared	1	1	UGUAG	UGUAG	UGUAG	-0.078125
HeLa	chr7:-:103141703	ELAP_exclusive_reported	0	1	GGUAA		GGUAA	-0.66796875
HeLa	chr7:-:107975808	shared	1	1	CGUCA	CGUCA	CGUCA	0.22265625
HeLa	chr7:-:139227707	ELAP_exclusive_reported	0	1	UGUGG		UGUGG	-0.35546875
HeLa	chr7:-:1487901	BID_exclusive_reported	1	0	GCUGA	GCUGA		-0.25390625
HeLa	chr7:-:1499581	shared	1	1	ACUGU	ACUGU	ACUGU	-0.16796875
HeLa	chr7:-:158829321	BID_exclusive_reported	1	0	GCUGC	GCUGC		-0.203125
HeLa	chr7:-:43866832	ELAP_exclusive_reported	0	1	CCUGA		CCUGA	-0.12890625
HeLa	chr7:-:45101905	BID_exclusive_reported	1	0	GCUGC	GCUGC		-0.203125
HeLa	chr7:-:5528615	BID_exclusive_reported	1	0	GGUGA	GGUGA		-0.109375
HeLa	chr7:-:7636999	ELAP_exclusive_reported	0	1	GAUCU		GAUCU	0.2578125
HeLa	chr8:+:118976512	ELAP_exclusive_reported	0	1	ACUGU		ACUGU	-0.16796875
HeLa	chr8:+:127736351	ELAP_exclusive_reported	0	1	AAUAG		AAUAG	0.125
HeLa	chr8:+:127740677	BID_exclusive_reported	1	0	GGUCC	GGUCC		-0.12109375
HeLa	chr8:+:143021635	ELAP_exclusive_reported	0	1	CGUCA		CGUCA	0.22265625
HeLa	chr8:+:144095936	ELAP_exclusive_reported	0	1	UCUGC		UCUGC	-0.1015625
HeLa	chr8:+:144097068	shared	1	1	GAUGU	GAUGU	GAUGU	0.0390625
HeLa	chr8:+:41510629	ELAP_exclusive_reported	0	1	GCUCU		GCUCU	0.26953125
HeLa	chr8:+:58579720	ELAP_exclusive_reported	0	1	GCUCU		GCUCU	0.26953125
HeLa	chr8:-:116726168	ELAP_exclusive_reported	0	1	GGUAU		GGUAU	-0.41796875
HeLa	chr8:-:142658754	ELAP_exclusive_reported	0	1	UCUCC		UCUCC	-0.2421875
HeLa	chr8:-:143586238	ELAP_exclusive_reported	0	1	CAUCC		CAUCC	0.578125
HeLa	chr8:-:143726175	BID_exclusive_reported	1	0	GCUCG	GCUCG		0.04296875
HeLa	chr8:-:143727317	BID_exclusive_reported	1	0	GGUCA	GGUCA		-0.57421875
HeLa	chr8:-:143808631	ELAP_exclusive_reported	0	1	CGUGG		CGUGG	0.04296875
HeLa	chr8:-:143916826	BID_exclusive_reported	1	0	UGUCA	UGUCA		-0.4375
HeLa	chr8:-:143925516	BID_exclusive_reported	1	0	GCUGA	GCUGA		-0.25390625
HeLa	chr8:-:144264006	BID_exclusive_reported	1	0	CCUGU	CCUGU		-0.09375
HeLa	chr8:-:144789849	ELAP_exclusive_reported	0	1	ACUGG		ACUGG	-0.234375
HeLa	chr8:-:144790359	ELAP_exclusive_reported	0	1	CAUGA		CAUGA	-0.53125
HeLa	chr8:-:144791379	ELAP_exclusive_reported	0	1	ACUAU		ACUAU	-0.07421875
HeLa	chr8:-:144792061	ELAP_exclusive_reported	0	1	CGUAA		CGUAA	0.2890625
HeLa	chr8:-:27598037	ELAP_exclusive_reported	0	1	GCUCC		GCUCC	0.421875
HeLa	chr8:-:27598538	ELAP_exclusive_reported	0	1	UGUAG		UGUAG	-0.078125
HeLa	chr8:-:27599800	ELAP_exclusive_reported	0	1	AGUAC		AGUAC	0.0390625
HeLa	chr8:-:27599886	ELAP_exclusive_reported	0	1	GCUCA		GCUCA	0.07421875
HeLa	chr8:-:27606454	ELAP_exclusive_reported	0	1	CAUGA		CAUGA	-0.53125
HeLa	chr8:-:27606500	ELAP_exclusive_reported	0	1	AAUCA		AAUCA	0.02734375
HeLa	chr8:-:38434477	ELAP_exclusive_reported	0	1	ACUGA		ACUGA	-0.1640625
HeLa	chr8:-:39157775	ELAP_exclusive_reported	0	1	ACUAU		ACUAU	-0.07421875
HeLa	chr8:-:47789220	shared	1	1	GAUCA	GAUCA	GAUCA	0.20703125
HeLa	chr8:-:47826751	BID_exclusive_reported	1	0	GCUCU	GCUCU		0.26953125
HeLa	chr8:-:69690199	ELAP_exclusive_reported	0	1	CCUAC		CCUAC	-0.109375
HeLa	chr8:-:73292773	ELAP_exclusive_reported	0	1	GCUGU		GCUGU	-0.26171875
HeLa	chr9:+:123104146	BID_exclusive_reported	1	0	CCUGC	CCUGC		-0.0078125
HeLa	chr9:+:124312596	BID_exclusive_reported	1	0	UGUAC	UGUAC		0.19921875
HeLa	chr9:+:124869268	ELAP_exclusive_reported	0	1	GCUGA		GCUGA	-0.25390625
HeLa	chr9:+:128575245	BID_exclusive_reported	1	0	UGUAG	UGUAG		-0.078125
HeLa	chr9:+:128594342	BID_exclusive_reported	1	0	GGUGC	GGUGC		-0.046875
HeLa	chr9:+:128692662	ELAP_exclusive_reported	0	1	AGUGU		AGUGU	-0.6484375
HeLa	chr9:+:128988133	BID_exclusive_reported	1	0	GCUGA	GCUGA		-0.25390625
HeLa	chr9:+:129006898	BID_exclusive_reported	1	0	GGUCC	GGUCC		-0.12109375
HeLa	chr9:+:133020435	ELAP_exclusive_reported	0	1	UGUCA		UGUCA	-0.4375
HeLa	chr9:+:133348990	ELAP_exclusive_reported	0	1	GCUAA		GCUAA	-0.28125
HeLa	chr9:+:133349001	ELAP_exclusive_reported	0	1	GGUGA		GGUGA	-0.109375
HeLa	chr9:+:133349608	ELAP_exclusive_reported	0	1	UAUCA		UAUCA	-0.0546875
HeLa	chr9:+:133349913	ELAP_exclusive_reported	0	1	GCUAC		GCUAC	-0.140625
HeLa	chr9:+:134843320	BID_exclusive_reported	1	0	UGUAG	UGUAG		-0.078125
HeLa	chr9:+:134843485	BID_exclusive_reported	1	0	UCUGU	UCUGU		0.03125
HeLa	chr9:+:135098482	ELAP_exclusive_reported	0	1	GCUCC		GCUCC	0.421875
HeLa	chr9:+:135504609	BID_exclusive_reported	1	0	GGUGG	GGUGG		-0.4453125
HeLa	chr9:+:136850129	ELAP_exclusive_reported	0	1	GCUAU		GCUAU	-0.04296875
HeLa	chr9:+:137242925	ELAP_exclusive_reported	0	1	GGUCA		GGUCA	-0.57421875
HeLa	chr9:+:32440482	BID_exclusive_reported	1	0	GCUGC	GCUGC		-0.203125
HeLa	chr9:+:33038978	ELAP_exclusive_reported	0	1	UAUGC		UAUGC	0.04296875
HeLa	chr9:+:33313726	BID_exclusive_reported	1	0	GGUCA	GGUCA		-0.57421875
HeLa	chr9:+:36191002	BID_exclusive_reported	1	0	GGUGG	GGUGG		-0.4453125
HeLa	chr9:+:79391843	ELAP_exclusive_reported	0	1	GGUAU		GGUAU	-0.41796875
HeLa	chr9:+:87726214	BID_exclusive_reported	1	0	UGUGG	UGUGG		-0.35546875
HeLa	chr9:+:98076969	BID_exclusive_reported	1	0	GAUCU	GAUCU		0.2578125
HeLa	chr9:-:110250835	BID_exclusive_reported	1	0	GAUGU	GAUGU		0.0390625
HeLa	chr9:-:117180670	ELAP_exclusive_reported	0	1	ACUCA		ACUCA	-0.41015625
HeLa	chr9:-:125238731	ELAP_exclusive_reported	0	1	GCUCG		GCUCG	0.04296875
HeLa	chr9:-:125273717	ELAP_exclusive_reported	0	1	ACUGU		ACUGU	-0.16796875
HeLa	chr9:-:127506478	shared	1	1	GGUGU	GGUGU	GGUGU	-0.046875
HeLa	chr9:-:127568957	ELAP_exclusive_reported	0	1	GCUCC		GCUCC	0.421875
HeLa	chr9:-:128121182	BID_exclusive_reported	1	0	GGUGG	GGUGG		-0.4453125
HeLa	chr9:-:128180778	BID_exclusive_reported	1	0	AGUCA	AGUCA		-0.64453125
HeLa	chr9:-:128640848	shared	1	1	CGUGC	CGUGC	CGUGC	-0.0078125
HeLa	chr9:-:136475440	BID_exclusive_reported	1	0	UGUGG	UGUGG		-0.35546875
HeLa	chr9:-:136862940	ELAP_exclusive_reported	0	1	AAUAA		AAUAA	-0.1953125
HeLa	chr9:-:19378771	ELAP_exclusive_reported	0	1	AAUCA		AAUCA	0.02734375
HeLa	chr9:-:32573089	ELAP_exclusive_reported	0	1	CGUGU		CGUGU	-0.01953125
HeLa	chr9:-:33113266	ELAP_exclusive_reported	0	1	CAUGU		CAUGU	-0.421875
HeLa	chr9:-:33255092	ELAP_exclusive_reported	0	1	ACUCU		ACUCU	-0.296875
HeLa	chr9:-:33465307	BID_exclusive_reported	1	0	GGUGG	GGUGG		-0.4453125
HeLa	chr9:-:35101952	ELAP_exclusive_reported	0	1	ACUCU		ACUCU	-0.296875
HeLa	chr9:-:35714357	BID_exclusive_reported	1	0	GGUGG	GGUGG		-0.4453125
HeLa	chr9:-:35943391	ELAP_exclusive_reported	0	1	UGUCA		UGUCA	-0.4375
HeLa	chr9:-:83677803	BID_exclusive_reported	1	0	GGUGG	GGUGG		-0.4453125
HeLa	chrM:+:11154	ELAP_exclusive_reported	0	1	UAUCA		UAUCA	-0.0546875
HeLa	chrM:+:11482	ELAP_exclusive_reported	0	1	UAUGG		UAUGG	-0.140625
HeLa	chrM:+:12161	ELAP_exclusive_reported	0	1	CAUCA		CAUCA	-0.2734375
HeLa	chrM:+:12173	ELAP_exclusive_reported	0	1	AAUCU		AAUCU	0.234375
HeLa	chrM:+:1257	ELAP_exclusive_reported	0	1	UAUAU		UAUAU	0.26953125
HeLa	chrM:+:12776	ELAP_exclusive_reported	0	1	CGUAG		CGUAG	0.4296875
HeLa	chrM:+:13392	ELAP_exclusive_reported	0	1	AAUGA		AAUGA	-0.51171875
HeLa	chrM:+:14868	ELAP_exclusive_reported	0	1	CCUGA		CCUGA	-0.12890625
HeLa	chrM:+:2887	ELAP_exclusive_reported	0	1	UAUAC		UAUAC	0.23828125
HeLa	chrM:+:2936	ELAP_exclusive_reported	0	1	GAUAA		GAUAA	-0.45703125
HeLa	chrM:+:3067	ELAP_exclusive_reported	0	1	UCUGA		UCUGA	-0.3125
HeLa	chrM:+:3250	ELAP_exclusive_reported	0	1	GGUAA		GGUAA	-0.66796875
HeLa	chrM:+:3258	ELAP_exclusive_reported	0	1	CAUAA		CAUAA	-0.18359375
HeLa	chrM:+:3667	ELAP_exclusive_reported	0	1	GGUGA		GGUGA	-0.109375
HeLa	chrM:+:4425	ELAP_exclusive_reported	0	1	UAUCG		UAUCG	-0.01171875
HeLa	chrM:+:605	ELAP_exclusive_reported	0	1	AAUAC		AAUAC	0.32421875
HeLa	chrM:+:6293	ELAP_exclusive_reported	0	1	CCUCC		CCUCC	-0.203125
HeLa	chrM:+:7541	ELAP_exclusive_reported	0	1	CAUAA		CAUAA	-0.18359375
HeLa	chrM:+:7657	ELAP_exclusive_reported	0	1	CAUGA		CAUGA	-0.53125
HeLa	chrM:+:8159	ELAP_exclusive_reported	0	1	UAUAC		UAUAC	0.23828125
HeLa	chrM:+:838	ELAP_exclusive_reported	0	1	AAUAA		AAUAA	-0.1953125
HeLa	chrM:-:11388	ELAP_exclusive_reported	0	1	CGUAA		CGUAA	0.2890625
HeLa	chrM:-:11620	ELAP_exclusive_reported	0	1	UAUGC		UAUGC	0.04296875
HeLa	chrM:-:13302	ELAP_exclusive_reported	0	1	UGUGG		UGUGG	-0.35546875
HeLa	chrM:-:13495	ELAP_exclusive_reported	0	1	UGUGA		UGUGA	-0.4921875
HeLa	chrM:-:14706	ELAP_exclusive_reported	0	1	UAUCA		UAUCA	-0.0546875
HeLa	chrM:-:390	ELAP_exclusive_reported	0	1	AAUCU		AAUCU	0.234375
HeLa	chrX:+:119243975	BID_exclusive_reported	1	0	UGUAG	UGUAG		-0.078125
HeLa	chrX:+:119470912	ELAP_exclusive_reported	0	1	UGUAC		UGUAC	0.19921875
HeLa	chrX:+:135033188	ELAP_exclusive_reported	0	1	GAUCU		GAUCU	0.2578125
HeLa	chrX:+:154399389	ELAP_exclusive_reported	0	1	GGUGU		GGUGU	-0.046875
HeLa	chrX:+:154399842	ELAP_exclusive_reported	0	1	GGUAA		GGUAA	-0.66796875
HeLa	chrX:+:21839736	BID_exclusive_reported	1	0	CAUGA	CAUGA		-0.53125
HeLa	chrX:+:23686302	ELAP_exclusive_reported	0	1	GCUGG		GCUGG	-0.46875
HeLa	chrX:+:48823353	BID_exclusive_reported	1	0	UGUAG	UGUAG		-0.078125
HeLa	chrX:+:49173407	ELAP_exclusive_reported	0	1	CAUAG		CAUAG	0.234375
HeLa	chrX:+:49174692	BID_exclusive_reported	1	0	UGUAG	UGUAG		-0.078125
HeLa	chrX:+:49174809	ELAP_exclusive_reported	0	1	GGUAA		GGUAA	-0.66796875
HeLa	chrX:+:56817385	BID_exclusive_reported	1	0	GAUCG	GAUCG		0.15625
HeLa	chrX:+:70301974	BID_exclusive_reported	1	0	UCUAG	UCUAG		-0.33984375
HeLa	chrX:-:135051158	BID_exclusive_reported	1	0	GCUGC	GCUGC		-0.203125
HeLa	chrX:-:1386312	shared	1	1	UGUAG	UGUAG	UGUAG	-0.078125
HeLa	chrX:-:1386538	ELAP_exclusive_reported	0	1	CCUCA		CCUCA	-0.46875
HeLa	chrX:-:1386546	ELAP_exclusive_reported	0	1	CGUAG		CGUAG	0.4296875
HeLa	chrX:-:1386748	ELAP_exclusive_reported	0	1	UGUAC		UGUAC	0.19921875
HeLa	chrX:-:153703029	BID_exclusive_reported	1	0	GAUGU	GAUGU		0.0390625
HeLa	chrX:-:153875761	ELAP_exclusive_reported	0	1	AAUGU		AAUGU	-0.08984375
HeLa	chrX:-:154350197	ELAP_exclusive_reported	0	1	GCUGU		GCUGU	-0.26171875
HeLa	chrX:-:154353114	ELAP_exclusive_reported	0	1	GGUGA		GGUGA	-0.109375
HeLa	chrX:-:154353117	BID_exclusive_reported	1	0	GGUGG	GGUGG		-0.4453125
HeLa	chrX:-:154353161	ELAP_exclusive_reported	0	1	CAUGU		CAUGU	-0.421875
HeLa	chrX:-:154353370	ELAP_exclusive_reported	0	1	GCUGA		GCUGA	-0.25390625
HeLa	chrX:-:154358203	ELAP_exclusive_reported	0	1	GAUCA		GAUCA	0.20703125
HeLa	chrX:-:154361747	ELAP_exclusive_reported	0	1	CAUCC		CAUCC	0.578125
HeLa	chrX:-:154364041	BID_exclusive_reported	1	0	CAUCC	CAUCC		0.578125
HeLa	chrX:-:154364105	ELAP_exclusive_reported	0	1	GCUGC		GCUGC	-0.203125
HeLa	chrX:-:154366578	ELAP_exclusive_reported	0	1	GGUGA		GGUGA	-0.109375
HeLa	chrX:-:53142127	ELAP_exclusive_reported	0	1	GGUAA		GGUAA	-0.66796875
HeLa	chrX:-:55181692	ELAP_exclusive_reported	0	1	GAUAA		GAUAA	-0.45703125
HeLa	chrX:-:72275722	ELAP_exclusive_reported	0	1	GCUCC		GCUCC	0.421875
HeLa	chrX:-:72276182	ELAP_exclusive_reported	0	1	GAUGC		GAUGC	0.24609375
HeLa	chrX:-:73846489	ELAP_exclusive_reported	0	1	GCUGA		GCUGA	-0.25390625
