permutation	statistic
1	0.12668479223735
2	0.135754391703122
3	0.12668479223735
4	0.122149992504463
5	0.12668479223735
6	0.0858715946413726
7	0.113080393038691
8	0.12668479223735
9	0.117615192771577
10	0.12668479223735
11	0.113080393038691
12	0.176567589299099
13	0.117615192771577
14	0.122149992504463
15	0.16296319010044
16	0.0949411941071452
17	0.158428390367554
18	0.149358790901781
19	0.144823991168895
20	0.153893590634667
21	0.122149992504463
22	0.135754391703122
23	0.0949411941071452
24	0.185637188764872
25	0.117615192771577
26	0.16296319010044
27	0.12668479223735
28	0.090406394374259
29	0.104010793572918
30	0.0813367949084862
31	0.21284598716219
32	0.144823991168895
33	0.135754391703122
34	0.135754391703122
35	0.0949411941071452
36	0.0722671954427137
37	0.117615192771577
38	0.113080393038691
39	0.153893590634667
40	0.158428390367554
41	0.158428390367554
42	0.0677323957098273
43	0.0541279965111683
44	0.0768019951756001
45	0.0994759938400316
46	0.144823991168895
47	0.0541279965111683
48	0.108545593305804
49	0.131219591970236
50	0.199241587963531
51	0.190171988497758
52	0.090406394374259
53	0.104010793572918
54	0.135754391703122
55	0.140289191436008
56	0.104010793572918
57	0.12668479223735
58	0.12668479223735
59	0.090406394374259
60	0.12668479223735
61	0.140289191436008
62	0.140289191436008
63	0.144823991168895
64	0.108545593305804
65	0.149358790901781
66	0.12668479223735
67	0.117615192771577
68	0.0858715946413726
69	0.117615192771577
70	0.131219591970236
71	0.149358790901781
72	0.0949411941071452
73	0.122149992504463
74	0.140289191436008
75	0.117615192771577
76	0.117615192771577
77	0.140289191436008
78	0.104010793572918
79	0.140289191436008
80	0.122149992504463
81	0.12668479223735
82	0.113080393038691
83	0.113080393038691
84	0.135754391703122
85	0.144823991168895
86	0.0858715946413726
87	0.153893590634667
88	0.0541279965111683
89	0.117615192771577
90	0.0768019951756001
91	0.122149992504463
92	0.108545593305804
93	0.122149992504463
94	0.122149992504463
95	0.113080393038691
96	0.153893590634667
97	0.153893590634667
98	0.108545593305804
99	0.158428390367554
100	0.144823991168895
101	0.135754391703122
102	0.190171988497758
103	0.104010793572918
104	0.158428390367554
105	0.135754391703122
106	0.153893590634667
107	0.0813367949084862
108	0.090406394374259
109	0.153893590634667
110	0.0813367949084862
111	0.0858715946413726
112	0.140289191436008
113	0.117615192771577
114	0.12668479223735
115	0.12668479223735
116	0.158428390367554
117	0.104010793572918
118	0.090406394374259
119	0.140289191436008
120	0.0813367949084862
121	0.0949411941071452
122	0.0858715946413726
123	0.104010793572918
124	0.113080393038691
125	0.090406394374259
126	0.090406394374259
127	0.0994759938400316
128	0.140289191436008
129	0.090406394374259
130	0.0858715946413726
131	0.12668479223735
132	0.117615192771577
133	0.167497989833326
134	0.153893590634667
135	0.0949411941071452
136	0.12668479223735
137	0.149358790901781
138	0.104010793572918
139	0.0858715946413726
140	0.135754391703122
141	0.172032789566213
142	0.0768019951756001
143	0.135754391703122
144	0.113080393038691
145	0.0631975959769411
146	0.117615192771577
147	0.108545593305804
148	0.0949411941071452
149	0.0586627962440547
150	0.208311187429303
151	0.108545593305804
152	0.0677323957098273
153	0.104010793572918
154	0.117615192771577
155	0.0994759938400316
156	0.0949411941071452
157	0.122149992504463
158	0.122149992504463
159	0.153893590634667
160	0.185637188764872
161	0.172032789566213
162	0.144823991168895
163	0.167497989833326
164	0.0994759938400316
165	0.090406394374259
166	0.185637188764872
167	0.158428390367554
168	0.167497989833326
169	0.158428390367554
170	0.153893590634667
171	0.0949411941071452
172	0.149358790901781
173	0.12668479223735
174	0.135754391703122
175	0.0722671954427137
176	0.153893590634667
177	0.0813367949084862
178	0.158428390367554
179	0.0994759938400316
180	0.122149992504463
181	0.140289191436008
182	0.108545593305804
183	0.12668479223735
184	0.12668479223735
185	0.158428390367554
186	0.0495931967782821
187	0.131219591970236
188	0.122149992504463
189	0.0768019951756001
190	0.0631975959769411
191	0.181102389031985
192	0.131219591970236
193	0.104010793572918
194	0.158428390367554
195	0.153893590634667
196	0.16296319010044
197	0.0949411941071452
198	0.12668479223735
199	0.0813367949084862
200	0.135754391703122
201	0.12668479223735
202	0.0949411941071452
203	0.16296319010044
204	0.0722671954427137
205	0.16296319010044
206	0.117615192771577
207	0.135754391703122
208	0.0858715946413726
209	0.090406394374259
210	0.104010793572918
211	0.176567589299099
212	0.0677323957098273
213	0.0949411941071452
214	0.0858715946413726
215	0.0994759938400316
216	0.0722671954427137
217	0.108545593305804
218	0.16296319010044
219	0.131219591970236
220	0.144823991168895
221	0.0677323957098273
222	0.117615192771577
223	0.108545593305804
224	0.117615192771577
225	0.12668479223735
226	0.122149992504463
227	0.194706788230644
228	0.0994759938400316
229	0.131219591970236
230	0.158428390367554
231	0.0813367949084862
232	0.12668479223735
233	0.104010793572918
234	0.0858715946413726
235	0.113080393038691
236	0.090406394374259
237	0.113080393038691
238	0.108545593305804
239	0.135754391703122
240	0.153893590634667
241	0.153893590634667
242	0.153893590634667
243	0.090406394374259
244	0.0994759938400316
245	0.108545593305804
246	0.190171988497758
247	0.117615192771577
248	0.12668479223735
249	0.140289191436008
250	0.135754391703122
251	0.158428390367554
252	0.153893590634667
253	0.0858715946413726
254	0.135754391703122
255	0.117615192771577
256	0.16296319010044
257	0.0994759938400316
258	0.113080393038691
259	0.190171988497758
260	0.090406394374259
261	0.144823991168895
262	0.108545593305804
263	0.131219591970236
264	0.12668479223735
265	0.108545593305804
266	0.172032789566213
267	0.12668479223735
268	0.122149992504463
269	0.158428390367554
270	0.0994759938400316
271	0.0813367949084862
272	0.135754391703122
273	0.104010793572918
274	0.0768019951756001
275	0.167497989833326
276	0.135754391703122
277	0.108545593305804
278	0.194706788230644
279	0.131219591970236
280	0.0586627962440547
281	0.0949411941071452
282	0.104010793572918
283	0.176567589299099
284	0.153893590634667
285	0.167497989833326
286	0.131219591970236
287	0.131219591970236
288	0.0949411941071452
289	0.158428390367554
290	0.122149992504463
291	0.167497989833326
292	0.0631975959769411
293	0.149358790901781
294	0.117615192771577
295	0.144823991168895
296	0.0858715946413726
297	0.190171988497758
298	0.131219591970236
299	0.185637188764872
300	0.108545593305804
301	0.104010793572918
302	0.149358790901781
303	0.190171988497758
304	0.144823991168895
305	0.108545593305804
306	0.21284598716219
307	0.140289191436008
308	0.176567589299099
309	0.12668479223735
310	0.108545593305804
311	0.090406394374259
312	0.12668479223735
313	0.12668479223735
314	0.0949411941071452
315	0.167497989833326
316	0.108545593305804
317	0.108545593305804
318	0.12668479223735
319	0.131219591970236
320	0.104010793572918
321	0.194706788230644
322	0.122149992504463
323	0.135754391703122
324	0.117615192771577
325	0.113080393038691
326	0.0949411941071452
327	0.0994759938400316
328	0.144823991168895
329	0.140289191436008
330	0.0949411941071452
331	0.181102389031985
332	0.16296319010044
333	0.203776387696417
334	0.140289191436008
335	0.113080393038691
336	0.113080393038691
337	0.0722671954427137
338	0.144823991168895
339	0.172032789566213
340	0.117615192771577
341	0.144823991168895
342	0.0949411941071452
343	0.135754391703122
344	0.0813367949084862
345	0.090406394374259
346	0.135754391703122
347	0.190171988497758
348	0.181102389031985
349	0.12668479223735
350	0.12668479223735
351	0.140289191436008
352	0.12668479223735
353	0.181102389031985
354	0.0768019951756001
355	0.108545593305804
356	0.0994759938400316
357	0.113080393038691
358	0.104010793572918
359	0.117615192771577
360	0.090406394374259
361	0.0949411941071452
362	0.0677323957098273
363	0.0858715946413726
364	0.131219591970236
365	0.0768019951756001
366	0.135754391703122
367	0.131219591970236
368	0.0586627962440547
369	0.090406394374259
370	0.181102389031985
371	0.153893590634667
372	0.104010793572918
373	0.122149992504463
374	0.16296319010044
375	0.108545593305804
376	0.12668479223735
377	0.135754391703122
378	0.0858715946413726
379	0.176567589299099
380	0.153893590634667
381	0.194706788230644
382	0.090406394374259
383	0.0949411941071452
384	0.12668479223735
385	0.144823991168895
386	0.113080393038691
387	0.199241587963531
388	0.16296319010044
389	0.0858715946413726
390	0.108545593305804
391	0.090406394374259
392	0.172032789566213
393	0.131219591970236
394	0.135754391703122
395	0.181102389031985
396	0.117615192771577
397	0.0994759938400316
398	0.176567589299099
399	0.144823991168895
400	0.122149992504463
401	0.117615192771577
402	0.0722671954427137
403	0.0858715946413726
404	0.117615192771577
405	0.158428390367554
406	0.167497989833326
407	0.144823991168895
408	0.153893590634667
409	0.12668479223735
410	0.172032789566213
411	0.149358790901781
412	0.0949411941071452
413	0.117615192771577
414	0.144823991168895
415	0.172032789566213
416	0.12668479223735
417	0.12668479223735
418	0.131219591970236
419	0.190171988497758
420	0.135754391703122
421	0.167497989833326
422	0.158428390367554
423	0.122149992504463
424	0.153893590634667
425	0.090406394374259
426	0.149358790901781
427	0.0949411941071452
428	0.167497989833326
429	0.153893590634667
430	0.199241587963531
431	0.172032789566213
432	0.122149992504463
433	0.12668479223735
434	0.140289191436008
435	0.167497989833326
436	0.0586627962440547
437	0.135754391703122
438	0.194706788230644
439	0.131219591970236
440	0.122149992504463
441	0.0541279965111683
442	0.113080393038691
443	0.122149992504463
444	0.158428390367554
445	0.131219591970236
446	0.131219591970236
447	0.104010793572918
448	0.12668479223735
449	0.144823991168895
450	0.149358790901781
451	0.149358790901781
452	0.108545593305804
453	0.167497989833326
454	0.158428390367554
455	0.0994759938400316
456	0.12668479223735
457	0.104010793572918
458	0.090406394374259
459	0.0949411941071452
460	0.131219591970236
461	0.108545593305804
462	0.0949411941071452
463	0.167497989833326
464	0.122149992504463
465	0.12668479223735
466	0.140289191436008
467	0.135754391703122
468	0.108545593305804
469	0.140289191436008
470	0.113080393038691
471	0.0813367949084862
472	0.131219591970236
473	0.181102389031985
474	0.104010793572918
475	0.181102389031985
476	0.131219591970236
477	0.117615192771577
478	0.194706788230644
479	0.144823991168895
480	0.172032789566213
481	0.135754391703122
482	0.0858715946413726
483	0.203776387696417
484	0.122149992504463
485	0.0994759938400316
486	0.0949411941071452
487	0.108545593305804
488	0.21284598716219
489	0.181102389031985
490	0.144823991168895
491	0.149358790901781
492	0.0949411941071452
493	0.149358790901781
494	0.113080393038691
495	0.185637188764872
496	0.135754391703122
497	0.140289191436008
498	0.104010793572918
499	0.0949411941071452
500	0.0677323957098273
501	0.149358790901781
502	0.185637188764872
503	0.090406394374259
504	0.0677323957098273
505	0.117615192771577
506	0.153893590634667
507	0.153893590634667
508	0.140289191436008
509	0.117615192771577
510	0.0858715946413726
511	0.108545593305804
512	0.172032789566213
513	0.090406394374259
514	0.0994759938400316
515	0.144823991168895
516	0.117615192771577
517	0.122149992504463
518	0.122149992504463
519	0.149358790901781
520	0.185637188764872
521	0.117615192771577
522	0.144823991168895
523	0.0858715946413726
524	0.090406394374259
525	0.140289191436008
526	0.0405235973125093
527	0.104010793572918
528	0.117615192771577
529	0.12668479223735
530	0.153893590634667
531	0.0949411941071452
532	0.0813367949084862
533	0.140289191436008
534	0.0813367949084862
535	0.12668479223735
536	0.122149992504463
537	0.0722671954427137
538	0.113080393038691
539	0.140289191436008
540	0.135754391703122
541	0.167497989833326
542	0.167497989833326
543	0.0722671954427137
544	0.090406394374259
545	0.090406394374259
546	0.185637188764872
547	0.12668479223735
548	0.199241587963531
549	0.153893590634667
550	0.167497989833326
551	0.122149992504463
552	0.0858715946413726
553	0.108545593305804
554	0.16296319010044
555	0.0586627962440547
556	0.117615192771577
557	0.131219591970236
558	0.131219591970236
559	0.122149992504463
560	0.167497989833326
561	0.135754391703122
562	0.0994759938400316
563	0.144823991168895
564	0.0858715946413726
565	0.0631975959769411
566	0.185637188764872
567	0.0677323957098273
568	0.131219591970236
569	0.140289191436008
570	0.108545593305804
571	0.131219591970236
572	0.181102389031985
573	0.149358790901781
574	0.122149992504463
575	0.135754391703122
576	0.0813367949084862
577	0.113080393038691
578	0.113080393038691
579	0.144823991168895
580	0.149358790901781
581	0.113080393038691
582	0.12668479223735
583	0.144823991168895
584	0.117615192771577
585	0.185637188764872
586	0.108545593305804
587	0.131219591970236
588	0.131219591970236
589	0.0768019951756001
590	0.176567589299099
591	0.176567589299099
592	0.0586627962440547
593	0.140289191436008
594	0.149358790901781
595	0.144823991168895
596	0.181102389031985
597	0.140289191436008
598	0.135754391703122
599	0.113080393038691
600	0.0541279965111683
601	0.0677323957098273
602	0.0768019951756001
603	0.135754391703122
604	0.131219591970236
605	0.104010793572918
606	0.131219591970236
607	0.12668479223735
608	0.208311187429303
609	0.113080393038691
610	0.0994759938400316
611	0.122149992504463
612	0.090406394374259
613	0.153893590634667
614	0.144823991168895
615	0.113080393038691
616	0.113080393038691
617	0.0858715946413726
618	0.122149992504463
619	0.131219591970236
620	0.122149992504463
621	0.0586627962440547
622	0.0677323957098273
623	0.131219591970236
624	0.135754391703122
625	0.0994759938400316
626	0.0631975959769411
627	0.0495931967782821
628	0.172032789566213
629	0.172032789566213
630	0.140289191436008
631	0.167497989833326
632	0.135754391703122
633	0.194706788230644
634	0.158428390367554
635	0.0768019951756001
636	0.12668479223735
637	0.104010793572918
638	0.12668479223735
639	0.144823991168895
640	0.140289191436008
641	0.149358790901781
642	0.0677323957098273
643	0.176567589299099
644	0.153893590634667
645	0.172032789566213
646	0.0631975959769411
647	0.144823991168895
648	0.131219591970236
649	0.131219591970236
650	0.16296319010044
651	0.0768019951756001
652	0.122149992504463
653	0.158428390367554
654	0.122149992504463
655	0.0949411941071452
656	0.0949411941071452
657	0.16296319010044
658	0.176567589299099
659	0.113080393038691
660	0.158428390367554
661	0.131219591970236
662	0.0858715946413726
663	0.149358790901781
664	0.104010793572918
665	0.135754391703122
666	0.16296319010044
667	0.0949411941071452
668	0.185637188764872
669	0.0858715946413726
670	0.185637188764872
671	0.117615192771577
672	0.153893590634667
673	0.12668479223735
674	0.117615192771577
675	0.0722671954427137
676	0.113080393038691
677	0.144823991168895
678	0.172032789566213
679	0.12668479223735
680	0.0994759938400316
681	0.113080393038691
682	0.108545593305804
683	0.117615192771577
684	0.117615192771577
685	0.135754391703122
686	0.090406394374259
687	0.144823991168895
688	0.113080393038691
689	0.153893590634667
690	0.16296319010044
691	0.117615192771577
692	0.0722671954427137
693	0.131219591970236
694	0.135754391703122
695	0.131219591970236
696	0.090406394374259
697	0.16296319010044
698	0.0994759938400316
699	0.0994759938400316
700	0.144823991168895
701	0.12668479223735
702	0.122149992504463
703	0.113080393038691
704	0.0994759938400316
705	0.117615192771577
706	0.0768019951756001
707	0.185637188764872
708	0.117615192771577
709	0.104010793572918
710	0.0722671954427137
711	0.131219591970236
712	0.108545593305804
713	0.149358790901781
714	0.0949411941071452
715	0.149358790901781
716	0.167497989833326
717	0.135754391703122
718	0.113080393038691
719	0.0586627962440547
720	0.108545593305804
721	0.0405235973125093
722	0.167497989833326
723	0.0994759938400316
724	0.104010793572918
725	0.117615192771577
726	0.0541279965111683
727	0.221915586627962
728	0.113080393038691
729	0.113080393038691
730	0.12668479223735
731	0.131219591970236
732	0.12668479223735
733	0.0677323957098273
734	0.158428390367554
735	0.0768019951756001
736	0.0586627962440547
737	0.0813367949084862
738	0.0813367949084862
739	0.117615192771577
740	0.0994759938400316
741	0.12668479223735
742	0.0858715946413726
743	0.0768019951756001
744	0.158428390367554
745	0.217380786895076
746	0.199241587963531
747	0.090406394374259
748	0.158428390367554
749	0.144823991168895
750	0.113080393038691
751	0.149358790901781
752	0.16296319010044
753	0.185637188764872
754	0.0405235973125093
755	0.117615192771577
756	0.104010793572918
757	0.140289191436008
758	0.0495931967782821
759	0.104010793572918
760	0.158428390367554
761	0.12668479223735
762	0.194706788230644
763	0.122149992504463
764	0.108545593305804
765	0.0722671954427137
766	0.0768019951756001
767	0.108545593305804
768	0.158428390367554
769	0.144823991168895
770	0.140289191436008
771	0.135754391703122
772	0.172032789566213
773	0.104010793572918
774	0.135754391703122
775	0.113080393038691
776	0.0813367949084862
777	0.144823991168895
778	0.0949411941071452
779	0.0631975959769411
780	0.158428390367554
781	0.0994759938400316
782	0.131219591970236
783	0.167497989833326
784	0.117615192771577
785	0.113080393038691
786	0.194706788230644
787	0.135754391703122
788	0.135754391703122
789	0.108545593305804
790	0.104010793572918
791	0.108545593305804
792	0.190171988497758
793	0.167497989833326
794	0.090406394374259
795	0.0631975959769411
796	0.12668479223735
797	0.149358790901781
798	0.12668479223735
799	0.12668479223735
800	0.104010793572918
801	0.104010793572918
802	0.140289191436008
803	0.158428390367554
804	0.122149992504463
805	0.149358790901781
806	0.090406394374259
807	0.135754391703122
808	0.122149992504463
809	0.149358790901781
810	0.104010793572918
811	0.158428390367554
812	0.0586627962440547
813	0.117615192771577
814	0.135754391703122
815	0.0677323957098273
816	0.0722671954427137
817	0.122149992504463
818	0.131219591970236
819	0.135754391703122
820	0.131219591970236
821	0.0949411941071452
822	0.117615192771577
823	0.0768019951756001
824	0.0768019951756001
825	0.104010793572918
826	0.122149992504463
827	0.158428390367554
828	0.144823991168895
829	0.140289191436008
830	0.158428390367554
831	0.140289191436008
832	0.113080393038691
833	0.0858715946413726
834	0.158428390367554
835	0.113080393038691
836	0.113080393038691
837	0.122149992504463
838	0.140289191436008
839	0.117615192771577
840	0.167497989833326
841	0.158428390367554
842	0.0858715946413726
843	0.181102389031985
844	0.0722671954427137
845	0.108545593305804
846	0.16296319010044
847	0.144823991168895
848	0.090406394374259
849	0.0858715946413726
850	0.16296319010044
851	0.158428390367554
852	0.0949411941071452
853	0.104010793572918
854	0.144823991168895
855	0.104010793572918
856	0.135754391703122
857	0.176567589299099
858	0.190171988497758
859	0.12668479223735
860	0.140289191436008
861	0.144823991168895
862	0.108545593305804
863	0.167497989833326
864	0.135754391703122
865	0.104010793572918
866	0.12668479223735
867	0.135754391703122
868	-0.000289600283467584
869	0.0813367949084862
870	0.117615192771577
871	0.122149992504463
872	0.144823991168895
873	0.167497989833326
874	0.0994759938400316
875	0.190171988497758
876	0.153893590634667
877	0.0631975959769411
878	0.117615192771577
879	0.140289191436008
880	0.144823991168895
881	0.153893590634667
882	0.149358790901781
883	0.108545593305804
884	0.113080393038691
885	0.131219591970236
886	0.131219591970236
887	0.090406394374259
888	0.0768019951756001
889	0.176567589299099
890	0.131219591970236
891	0.108545593305804
892	0.0994759938400316
893	0.131219591970236
894	0.135754391703122
895	0.122149992504463
896	0.104010793572918
897	0.113080393038691
898	0.153893590634667
899	0.0858715946413726
900	0.117615192771577
901	0.140289191436008
902	0.0858715946413726
903	0.158428390367554
904	0.0949411941071452
905	0.122149992504463
906	0.0994759938400316
907	0.226450386360849
908	0.199241587963531
909	0.122149992504463
910	0.131219591970236
911	0.135754391703122
912	0.122149992504463
913	0.0858715946413726
914	0.12668479223735
915	0.190171988497758
916	0.113080393038691
917	0.117615192771577
918	0.108545593305804
919	0.0631975959769411
920	0.135754391703122
921	0.131219591970236
922	0.117615192771577
923	0.158428390367554
924	0.16296319010044
925	0.172032789566213
926	0.149358790901781
927	0.140289191436008
928	0.117615192771577
929	0.117615192771577
930	0.090406394374259
931	0.108545593305804
932	0.149358790901781
933	0.12668479223735
934	0.122149992504463
935	0.0541279965111683
936	0.158428390367554
937	0.117615192771577
938	0.113080393038691
939	0.113080393038691
940	0.199241587963531
941	0.0495931967782821
942	0.108545593305804
943	0.158428390367554
944	0.176567589299099
945	0.153893590634667
946	0.0631975959769411
947	0.131219591970236
948	0.158428390367554
949	0.16296319010044
950	0.149358790901781
951	0.104010793572918
952	0.140289191436008
953	0.104010793572918
954	0.0994759938400316
955	0.12668479223735
956	0.135754391703122
957	0.158428390367554
958	0.117615192771577
959	0.090406394374259
960	0.108545593305804
961	0.0768019951756001
962	0.0949411941071452
963	0.167497989833326
964	0.0722671954427137
965	0.149358790901781
966	0.0677323957098273
967	0.0677323957098273
968	0.117615192771577
969	0.172032789566213
970	0.131219591970236
971	0.172032789566213
972	0.117615192771577
973	0.131219591970236
974	0.135754391703122
975	0.113080393038691
976	0.0631975959769411
977	0.117615192771577
978	0.135754391703122
979	0.131219591970236
980	0.199241587963531
981	0.190171988497758
982	0.12668479223735
983	0.0405235973125093
984	0.0813367949084862
985	0.104010793572918
986	0.113080393038691
987	0.172032789566213
988	0.181102389031985
989	0.113080393038691
990	0.108545593305804
991	0.122149992504463
992	0.113080393038691
993	0.090406394374259
994	0.0994759938400316
995	0.113080393038691
996	0.12668479223735
997	0.0949411941071452
998	0.144823991168895
999	0.0813367949084862
1000	0.0450583970453957
1001	0.149358790901781
1002	0.144823991168895
1003	0.144823991168895
1004	0.108545593305804
1005	0.12668479223735
1006	0.16296319010044
1007	0.0994759938400316
1008	0.108545593305804
1009	0.0768019951756001
1010	0.153893590634667
1011	0.176567589299099
1012	0.117615192771577
1013	0.108545593305804
1014	0.0858715946413726
1015	0.113080393038691
1016	0.131219591970236
1017	0.0858715946413726
1018	0.144823991168895
1019	0.131219591970236
1020	0.090406394374259
1021	0.194706788230644
1022	0.0949411941071452
1023	0.104010793572918
1024	0.172032789566213
1025	0.194706788230644
1026	0.117615192771577
1027	0.090406394374259
1028	0.0949411941071452
1029	0.158428390367554
1030	0.176567589299099
1031	0.12668479223735
1032	0.122149992504463
1033	0.16296319010044
1034	0.194706788230644
1035	0.108545593305804
1036	0.0949411941071452
1037	0.149358790901781
1038	0.167497989833326
1039	0.176567589299099
1040	0.135754391703122
1041	0.135754391703122
1042	0.135754391703122
1043	0.0949411941071452
1044	0.172032789566213
1045	0.090406394374259
1046	0.185637188764872
1047	0.0949411941071452
1048	0.153893590634667
1049	0.149358790901781
1050	0.0631975959769411
1051	0.167497989833326
1052	0.104010793572918
1053	0.122149992504463
1054	0.113080393038691
1055	0.104010793572918
1056	0.113080393038691
1057	0.122149992504463
1058	0.0768019951756001
1059	0.122149992504463
1060	0.181102389031985
1061	0.117615192771577
1062	0.176567589299099
1063	0.131219591970236
1064	0.144823991168895
1065	0.131219591970236
1066	0.0813367949084862
1067	0.12668479223735
1068	0.0768019951756001
1069	0.131219591970236
1070	0.131219591970236
1071	0.149358790901781
1072	0.108545593305804
1073	0.149358790901781
1074	0.108545593305804
1075	0.190171988497758
1076	0.0994759938400316
1077	0.176567589299099
1078	0.158428390367554
1079	0.113080393038691
1080	0.140289191436008
1081	0.144823991168895
1082	0.0722671954427137
1083	0.122149992504463
1084	0.0949411941071452
1085	0.113080393038691
1086	0.108545593305804
1087	0.113080393038691
1088	0.12668479223735
1089	0.12668479223735
1090	0.0949411941071452
1091	0.108545593305804
1092	0.0949411941071452
1093	0.12668479223735
1094	0.0949411941071452
1095	0.12668479223735
1096	0.0768019951756001
1097	0.0994759938400316
1098	0.104010793572918
1099	0.131219591970236
1100	0.113080393038691
1101	0.122149992504463
1102	0.0949411941071452
1103	0.0949411941071452
1104	0.135754391703122
1105	0.12668479223735
1106	0.0994759938400316
1107	0.090406394374259
1108	0.113080393038691
1109	0.108545593305804
1110	0.108545593305804
1111	0.199241587963531
1112	0.16296319010044
1113	0.16296319010044
1114	0.172032789566213
1115	0.149358790901781
1116	0.131219591970236
1117	0.108545593305804
1118	0.117615192771577
1119	0.113080393038691
1120	0.153893590634667
1121	0.12668479223735
1122	0.158428390367554
1123	0.140289191436008
1124	0.0813367949084862
1125	0.0994759938400316
1126	0.0813367949084862
1127	0.104010793572918
1128	0.185637188764872
1129	0.113080393038691
1130	0.181102389031985
1131	0.113080393038691
1132	0.0813367949084862
1133	0.203776387696417
1134	0.167497989833326
1135	0.149358790901781
1136	0.149358790901781
1137	0.131219591970236
1138	0.12668479223735
1139	0.0858715946413726
1140	0.108545593305804
1141	0.131219591970236
1142	0.104010793572918
1143	0.140289191436008
1144	0.153893590634667
1145	0.153893590634667
1146	0.158428390367554
1147	0.158428390367554
1148	0.0631975959769411
1149	0.108545593305804
1150	0.172032789566213
1151	0.0949411941071452
1152	0.16296319010044
1153	0.158428390367554
1154	0.158428390367554
1155	0.117615192771577
1156	0.090406394374259
1157	0.140289191436008
1158	0.12668479223735
1159	0.090406394374259
1160	0.149358790901781
1161	0.122149992504463
1162	0.12668479223735
1163	0.108545593305804
1164	0.104010793572918
1165	0.149358790901781
1166	0.090406394374259
1167	0.176567589299099
1168	0.122149992504463
1169	0.135754391703122
1170	0.0631975959769411
1171	0.12668479223735
1172	0.140289191436008
1173	0.135754391703122
1174	0.104010793572918
1175	0.122149992504463
1176	0.158428390367554
1177	0.16296319010044
1178	0.0949411941071452
1179	0.181102389031985
1180	0.0722671954427137
1181	0.167497989833326
1182	0.0768019951756001
1183	0.0994759938400316
1184	0.0949411941071452
1185	0.16296319010044
1186	0.104010793572918
1187	0.131219591970236
1188	0.108545593305804
1189	0.131219591970236
1190	0.0586627962440547
1191	0.153893590634667
1192	0.104010793572918
1193	0.140289191436008
1194	0.117615192771577
1195	0.0858715946413726
1196	0.108545593305804
1197	0.181102389031985
1198	0.12668479223735
1199	0.149358790901781
1200	0.0722671954427137
1201	0.108545593305804
1202	0.104010793572918
1203	0.153893590634667
1204	0.104010793572918
1205	0.117615192771577
1206	0.12668479223735
1207	0.131219591970236
1208	0.131219591970236
1209	0.144823991168895
1210	0.16296319010044
1211	0.153893590634667
1212	0.153893590634667
1213	0.104010793572918
1214	0.158428390367554
1215	0.104010793572918
1216	0.153893590634667
1217	0.122149992504463
1218	0.158428390367554
1219	0.153893590634667
1220	0.0994759938400316
1221	0.0677323957098273
1222	0.140289191436008
1223	0.117615192771577
1224	0.0813367949084862
1225	0.135754391703122
1226	0.113080393038691
1227	0.122149992504463
1228	0.0586627962440547
1229	0.140289191436008
1230	0.122149992504463
1231	0.117615192771577
1232	0.0994759938400316
1233	0.144823991168895
1234	0.113080393038691
1235	0.0495931967782821
1236	0.090406394374259
1237	0.122149992504463
1238	0.117615192771577
1239	0.122149992504463
1240	0.117615192771577
1241	0.185637188764872
1242	0.122149992504463
1243	0.153893590634667
1244	0.108545593305804
1245	0.0858715946413726
1246	0.135754391703122
1247	0.0813367949084862
1248	0.108545593305804
1249	0.12668479223735
1250	0.0858715946413726
1251	0.144823991168895
1252	0.0677323957098273
1253	0.122149992504463
1254	0.0994759938400316
1255	0.0949411941071452
1256	0.153893590634667
1257	0.16296319010044
1258	0.144823991168895
1259	0.144823991168895
1260	0.16296319010044
1261	0.0722671954427137
1262	0.122149992504463
1263	0.104010793572918
1264	0.12668479223735
1265	0.0994759938400316
1266	0.0858715946413726
1267	0.217380786895076
1268	0.185637188764872
1269	0.117615192771577
1270	0.122149992504463
1271	0.0813367949084862
1272	0.12668479223735
1273	0.0949411941071452
1274	0.140289191436008
1275	0.0631975959769411
1276	0.104010793572918
1277	0.12668479223735
1278	0.0586627962440547
1279	0.108545593305804
1280	0.149358790901781
1281	0.208311187429303
1282	0.131219591970236
1283	0.108545593305804
1284	0.117615192771577
1285	0.122149992504463
1286	0.167497989833326
1287	0.12668479223735
1288	0.0586627962440547
1289	0.131219591970236
1290	0.16296319010044
1291	0.12668479223735
1292	0.122149992504463
1293	0.149358790901781
1294	0.0677323957098273
1295	0.122149992504463
1296	0.090406394374259
1297	0.181102389031985
1298	0.158428390367554
1299	0.0722671954427137
1300	0.16296319010044
1301	0.122149992504463
1302	0.113080393038691
1303	0.153893590634667
1304	0.0813367949084862
1305	0.153893590634667
1306	0.135754391703122
1307	0.0813367949084862
1308	0.144823991168895
1309	0.16296319010044
1310	0.158428390367554
1311	0.0949411941071452
1312	0.185637188764872
1313	0.108545593305804
1314	0.135754391703122
1315	0.140289191436008
1316	0.122149992504463
1317	0.149358790901781
1318	0.0450583970453957
1319	0.190171988497758
1320	0.131219591970236
1321	0.113080393038691
1322	0.12668479223735
1323	0.12668479223735
1324	0.149358790901781
1325	0.122149992504463
1326	0.172032789566213
1327	0.104010793572918
1328	0.0994759938400316
1329	0.122149992504463
1330	0.140289191436008
1331	0.194706788230644
1332	0.0722671954427137
1333	0.104010793572918
1334	0.117615192771577
1335	0.140289191436008
1336	0.153893590634667
1337	0.0994759938400316
1338	0.149358790901781
1339	0.113080393038691
1340	0.117615192771577
1341	0.131219591970236
1342	0.0541279965111683
1343	0.0994759938400316
1344	0.149358790901781
1345	0.131219591970236
1346	0.0949411941071452
1347	0.172032789566213
1348	0.122149992504463
1349	0.0994759938400316
1350	0.122149992504463
1351	0.117615192771577
1352	0.0858715946413726
1353	0.12668479223735
1354	0.16296319010044
1355	0.0768019951756001
1356	0.108545593305804
1357	0.181102389031985
1358	0.090406394374259
1359	0.172032789566213
1360	0.104010793572918
1361	0.12668479223735
1362	0.0677323957098273
1363	0.113080393038691
1364	0.12668479223735
1365	0.131219591970236
1366	0.0994759938400316
1367	0.122149992504463
1368	0.122149992504463
1369	0.140289191436008
1370	0.135754391703122
1371	0.153893590634667
1372	0.131219591970236
1373	0.113080393038691
1374	0.117615192771577
1375	0.113080393038691
1376	0.0722671954427137
1377	0.208311187429303
1378	0.0768019951756001
1379	0.108545593305804
1380	0.0768019951756001
1381	0.140289191436008
1382	0.108545593305804
1383	0.140289191436008
1384	0.104010793572918
1385	0.0949411941071452
1386	0.149358790901781
1387	0.135754391703122
1388	0.16296319010044
1389	0.135754391703122
1390	0.0722671954427137
1391	0.0949411941071452
1392	0.135754391703122
1393	0.149358790901781
1394	0.176567589299099
1395	0.0405235973125093
1396	0.113080393038691
1397	0.0949411941071452
1398	0.153893590634667
1399	0.122149992504463
1400	0.117615192771577
1401	0.190171988497758
1402	0.0994759938400316
1403	0.135754391703122
1404	0.172032789566213
1405	0.0677323957098273
1406	0.0994759938400316
1407	0.0677323957098273
1408	0.140289191436008
1409	0.190171988497758
1410	0.140289191436008
1411	0.117615192771577
1412	0.0994759938400316
1413	0.108545593305804
1414	0.12668479223735
1415	0.104010793572918
1416	0.149358790901781
1417	0.122149992504463
1418	0.194706788230644
1419	0.131219591970236
1420	0.0677323957098273
1421	0.135754391703122
1422	0.172032789566213
1423	0.167497989833326
1424	0.149358790901781
1425	0.090406394374259
1426	0.122149992504463
1427	0.140289191436008
1428	0.104010793572918
1429	0.122149992504463
1430	0.117615192771577
1431	0.0994759938400316
1432	0.0495931967782821
1433	0.135754391703122
1434	0.090406394374259
1435	0.185637188764872
1436	0.104010793572918
1437	0.181102389031985
1438	0.108545593305804
1439	0.113080393038691
1440	0.122149992504463
1441	0.158428390367554
1442	0.167497989833326
1443	0.176567589299099
1444	0.140289191436008
1445	0.176567589299099
1446	0.131219591970236
1447	0.176567589299099
1448	0.0858715946413726
1449	0.144823991168895
1450	0.0768019951756001
1451	0.12668479223735
1452	0.131219591970236
1453	0.140289191436008
1454	0.190171988497758
1455	0.113080393038691
1456	0.144823991168895
1457	0.090406394374259
1458	0.090406394374259
1459	0.108545593305804
1460	0.144823991168895
1461	0.144823991168895
1462	0.140289191436008
1463	0.135754391703122
1464	0.131219591970236
1465	0.131219591970236
1466	0.158428390367554
1467	0.176567589299099
1468	0.16296319010044
1469	0.122149992504463
1470	0.104010793572918
1471	0.0813367949084862
1472	0.122149992504463
1473	0.158428390367554
1474	0.0677323957098273
1475	0.108545593305804
1476	0.0586627962440547
1477	0.144823991168895
1478	0.167497989833326
1479	0.176567589299099
1480	0.158428390367554
1481	0.108545593305804
1482	0.108545593305804
1483	0.0858715946413726
1484	0.144823991168895
1485	0.108545593305804
1486	0.144823991168895
1487	0.104010793572918
1488	0.104010793572918
1489	0.16296319010044
1490	0.0813367949084862
1491	0.158428390367554
1492	0.185637188764872
1493	0.0813367949084862
1494	0.108545593305804
1495	0.117615192771577
1496	0.135754391703122
1497	0.122149992504463
1498	0.090406394374259
1499	0.108545593305804
1500	0.122149992504463
1501	0.140289191436008
1502	0.149358790901781
1503	0.0858715946413726
1504	0.113080393038691
1505	0.113080393038691
1506	0.122149992504463
1507	0.12668479223735
1508	0.122149992504463
1509	0.153893590634667
1510	0.144823991168895
1511	0.0994759938400316
1512	0.122149992504463
1513	0.167497989833326
1514	0.113080393038691
1515	0.113080393038691
1516	0.108545593305804
1517	0.167497989833326
1518	0.167497989833326
1519	0.149358790901781
1520	0.172032789566213
1521	0.144823991168895
1522	0.16296319010044
1523	0.0677323957098273
1524	0.104010793572918
1525	0.122149992504463
1526	0.144823991168895
1527	0.158428390367554
1528	0.12668479223735
1529	0.122149992504463
1530	0.12668479223735
1531	0.113080393038691
1532	0.0768019951756001
1533	0.113080393038691
1534	0.0722671954427137
1535	0.140289191436008
1536	0.113080393038691
1537	0.176567589299099
1538	0.16296319010044
1539	0.0813367949084862
1540	0.221915586627962
1541	0.149358790901781
1542	0.0813367949084862
1543	0.153893590634667
1544	0.131219591970236
1545	0.108545593305804
1546	0.135754391703122
1547	0.135754391703122
1548	0.12668479223735
1549	0.113080393038691
1550	0.108545593305804
1551	0.104010793572918
1552	0.135754391703122
1553	0.122149992504463
1554	0.0631975959769411
1555	0.113080393038691
1556	0.144823991168895
1557	0.108545593305804
1558	0.104010793572918
1559	0.090406394374259
1560	0.0631975959769411
1561	0.0994759938400316
1562	0.0813367949084862
1563	0.0677323957098273
1564	0.140289191436008
1565	0.16296319010044
1566	0.16296319010044
1567	0.12668479223735
1568	0.0994759938400316
1569	0.0994759938400316
1570	0.149358790901781
1571	0.144823991168895
1572	0.158428390367554
1573	0.21284598716219
1574	0.0949411941071452
1575	0.144823991168895
1576	0.117615192771577
1577	0.0813367949084862
1578	0.113080393038691
1579	0.144823991168895
1580	0.104010793572918
1581	0.117615192771577
1582	0.108545593305804
1583	0.104010793572918
1584	0.144823991168895
1585	0.172032789566213
1586	0.122149992504463
1587	0.144823991168895
1588	0.122149992504463
1589	0.158428390367554
1590	0.176567589299099
1591	0.122149992504463
1592	0.12668479223735
1593	0.0813367949084862
1594	0.12668479223735
1595	0.090406394374259
1596	0.108545593305804
1597	0.135754391703122
1598	0.113080393038691
1599	0.144823991168895
1600	0.181102389031985
1601	0.0813367949084862
1602	0.108545593305804
1603	0.090406394374259
1604	0.0722671954427137
1605	0.0994759938400316
1606	0.113080393038691
1607	0.090406394374259
1608	0.12668479223735
1609	0.0631975959769411
1610	0.0722671954427137
1611	0.122149992504463
1612	0.185637188764872
1613	0.117615192771577
1614	0.0768019951756001
1615	0.12668479223735
1616	0.144823991168895
1617	0.113080393038691
1618	0.113080393038691
1619	0.0858715946413726
1620	0.113080393038691
1621	0.113080393038691
1622	0.149358790901781
1623	0.108545593305804
1624	0.090406394374259
1625	0.153893590634667
1626	0.104010793572918
1627	0.104010793572918
1628	0.0858715946413726
1629	0.0949411941071452
1630	0.140289191436008
1631	0.0586627962440547
1632	0.117615192771577
1633	0.135754391703122
1634	0.167497989833326
1635	0.0858715946413726
1636	0.158428390367554
1637	0.135754391703122
1638	0.0858715946413726
1639	0.167497989833326
1640	0.0495931967782821
1641	0.203776387696417
1642	0.144823991168895
1643	0.149358790901781
1644	0.140289191436008
1645	0.16296319010044
1646	0.113080393038691
1647	0.113080393038691
1648	0.12668479223735
1649	0.113080393038691
1650	0.135754391703122
1651	0.144823991168895
1652	0.12668479223735
1653	0.0813367949084862
1654	0.135754391703122
1655	0.0450583970453957
1656	0.0813367949084862
1657	0.153893590634667
1658	0.0994759938400316
1659	0.144823991168895
1660	0.0677323957098273
1661	0.144823991168895
1662	0.0994759938400316
1663	0.135754391703122
1664	0.0631975959769411
1665	0.0949411941071452
1666	0.0994759938400316
1667	0.113080393038691
1668	0.131219591970236
1669	0.0768019951756001
1670	0.0994759938400316
1671	0.0949411941071452
1672	0.153893590634667
1673	0.104010793572918
1674	0.0858715946413726
1675	0.135754391703122
1676	0.113080393038691
1677	0.176567589299099
1678	0.144823991168895
1679	0.12668479223735
1680	0.0949411941071452
1681	0.0495931967782821
1682	0.113080393038691
1683	0.117615192771577
1684	0.176567589299099
1685	0.117615192771577
1686	0.0631975959769411
1687	0.176567589299099
1688	0.0813367949084862
1689	0.122149992504463
1690	0.0631975959769411
1691	0.108545593305804
1692	0.0858715946413726
1693	0.149358790901781
1694	0.090406394374259
1695	0.149358790901781
1696	0.113080393038691
1697	0.185637188764872
1698	0.113080393038691
1699	0.158428390367554
1700	0.144823991168895
1701	0.090406394374259
1702	0.0949411941071452
1703	0.0858715946413726
1704	0.108545593305804
1705	0.149358790901781
1706	0.135754391703122
1707	0.0677323957098273
1708	0.12668479223735
1709	0.104010793572918
1710	0.131219591970236
1711	0.122149992504463
1712	0.0768019951756001
1713	0.0858715946413726
1714	0.0586627962440547
1715	0.0994759938400316
1716	0.167497989833326
1717	0.0858715946413726
1718	0.0677323957098273
1719	0.131219591970236
1720	0.181102389031985
1721	0.208311187429303
1722	0.104010793572918
1723	0.0768019951756001
1724	0.122149992504463
1725	0.113080393038691
1726	0.144823991168895
1727	0.122149992504463
1728	0.149358790901781
1729	0.181102389031985
1730	0.113080393038691
1731	0.144823991168895
1732	0.144823991168895
1733	0.0631975959769411
1734	0.153893590634667
1735	0.181102389031985
1736	0.104010793572918
1737	0.0949411941071452
1738	0.181102389031985
1739	0.117615192771577
1740	0.12668479223735
1741	0.0858715946413726
1742	0.190171988497758
1743	0.113080393038691
1744	0.0722671954427137
1745	0.16296319010044
1746	0.194706788230644
1747	0.12668479223735
1748	0.153893590634667
1749	0.0994759938400316
1750	0.144823991168895
1751	0.0541279965111683
1752	0.16296319010044
1753	0.153893590634667
1754	0.090406394374259
1755	0.117615192771577
1756	0.0541279965111683
1757	0.172032789566213
1758	0.104010793572918
1759	0.0949411941071452
1760	0.113080393038691
1761	0.122149992504463
1762	0.113080393038691
1763	0.140289191436008
1764	0.135754391703122
1765	0.0994759938400316
1766	0.135754391703122
1767	0.117615192771577
1768	0.167497989833326
1769	0.144823991168895
1770	0.113080393038691
1771	0.140289191436008
1772	0.158428390367554
1773	0.144823991168895
1774	0.176567589299099
1775	0.16296319010044
1776	0.158428390367554
1777	0.117615192771577
1778	0.140289191436008
1779	0.0858715946413726
1780	0.135754391703122
1781	0.135754391703122
1782	0.0586627962440547
1783	0.131219591970236
1784	0.117615192771577
1785	0.0949411941071452
1786	0.0994759938400316
1787	0.0994759938400316
1788	0.104010793572918
1789	0.158428390367554
1790	0.16296319010044
1791	0.144823991168895
1792	0.122149992504463
1793	0.0949411941071452
1794	0.0949411941071452
1795	0.12668479223735
1796	0.235519985826621
1797	0.131219591970236
1798	0.135754391703122
1799	0.140289191436008
1800	0.117615192771577
1801	0.167497989833326
1802	0.172032789566213
1803	0.158428390367554
1804	0.185637188764872
1805	0.122149992504463
1806	0.12668479223735
1807	0.149358790901781
1808	0.135754391703122
1809	0.090406394374259
1810	0.0813367949084862
1811	0.140289191436008
1812	0.0994759938400316
1813	0.194706788230644
1814	0.0994759938400316
1815	0.0994759938400316
1816	0.108545593305804
1817	0.0994759938400316
1818	0.0813367949084862
1819	0.208311187429303
1820	0.176567589299099
1821	0.140289191436008
1822	0.131219591970236
1823	0.144823991168895
1824	0.176567589299099
1825	0.149358790901781
1826	0.108545593305804
1827	0.167497989833326
1828	0.12668479223735
1829	0.122149992504463
1830	0.0722671954427137
1831	0.0949411941071452
1832	0.113080393038691
1833	0.0858715946413726
1834	0.0949411941071452
1835	0.122149992504463
1836	0.113080393038691
1837	0.113080393038691
1838	0.0994759938400316
1839	0.12668479223735
1840	0.108545593305804
1841	0.117615192771577
1842	0.122149992504463
1843	0.149358790901781
1844	0.16296319010044
1845	0.12668479223735
1846	0.117615192771577
1847	0.140289191436008
1848	0.181102389031985
1849	0.135754391703122
1850	0.108545593305804
1851	0.16296319010044
1852	0.144823991168895
1853	0.131219591970236
1854	0.113080393038691
1855	0.12668479223735
1856	0.104010793572918
1857	0.113080393038691
1858	0.0813367949084862
1859	0.108545593305804
1860	0.181102389031985
1861	0.181102389031985
1862	0.0858715946413726
1863	0.122149992504463
1864	0.104010793572918
1865	0.131219591970236
1866	0.108545593305804
1867	0.131219591970236
1868	0.153893590634667
1869	0.117615192771577
1870	0.108545593305804
1871	0.149358790901781
1872	0.0949411941071452
1873	0.0858715946413726
1874	0.090406394374259
1875	0.108545593305804
1876	0.122149992504463
1877	0.108545593305804
1878	0.122149992504463
1879	0.0949411941071452
1880	0.0722671954427137
1881	0.0631975959769411
1882	0.090406394374259
1883	0.090406394374259
1884	0.113080393038691
1885	0.140289191436008
1886	0.113080393038691
1887	0.0586627962440547
1888	0.0994759938400316
1889	0.108545593305804
1890	0.113080393038691
1891	0.240054785559508
1892	0.113080393038691
1893	0.135754391703122
1894	0.135754391703122
1895	0.0949411941071452
1896	0.117615192771577
1897	0.122149992504463
1898	0.0541279965111683
1899	0.0858715946413726
1900	0.149358790901781
1901	0.149358790901781
1902	0.108545593305804
1903	0.108545593305804
1904	0.108545593305804
1905	0.194706788230644
1906	0.108545593305804
1907	0.153893590634667
1908	0.090406394374259
1909	0.158428390367554
1910	0.113080393038691
1911	0.144823991168895
1912	0.108545593305804
1913	0.12668479223735
1914	0.117615192771577
1915	0.131219591970236
1916	0.0813367949084862
1917	0.108545593305804
1918	0.153893590634667
1919	0.16296319010044
1920	0.135754391703122
1921	0.0813367949084862
1922	0.181102389031985
1923	0.149358790901781
1924	0.113080393038691
1925	0.135754391703122
1926	0.104010793572918
1927	0.0994759938400316
1928	0.108545593305804
1929	0.149358790901781
1930	0.172032789566213
1931	0.144823991168895
1932	0.117615192771577
1933	0.0949411941071452
1934	0.153893590634667
1935	0.104010793572918
1936	0.149358790901781
1937	0.0768019951756001
1938	0.158428390367554
1939	0.0677323957098273
1940	0.135754391703122
1941	0.131219591970236
1942	0.16296319010044
1943	0.0994759938400316
1944	0.135754391703122
1945	0.0949411941071452
1946	0.122149992504463
1947	0.144823991168895
1948	0.16296319010044
1949	0.140289191436008
1950	0.140289191436008
1951	0.0541279965111683
1952	0.122149992504463
1953	0.144823991168895
1954	0.113080393038691
1955	0.158428390367554
1956	0.185637188764872
1957	0.172032789566213
1958	0.113080393038691
1959	0.135754391703122
1960	-0.00482440001635376
1961	0.144823991168895
1962	0.208311187429303
1963	0.104010793572918
1964	0.131219591970236
1965	0.199241587963531
1966	0.122149992504463
1967	0.108545593305804
1968	0.149358790901781
1969	0.0768019951756001
1970	0.0450583970453957
1971	0.122149992504463
1972	0.135754391703122
1973	0.131219591970236
1974	0.153893590634667
1975	0.153893590634667
1976	0.104010793572918
1977	0.122149992504463
1978	0.176567589299099
1979	0.140289191436008
1980	0.0994759938400316
1981	0.199241587963531
1982	0.140289191436008
1983	0.172032789566213
1984	0.0994759938400316
1985	0.0949411941071452
1986	0.12668479223735
1987	0.140289191436008
1988	0.12668479223735
1989	0.122149992504463
1990	0.0813367949084862
1991	0.140289191436008
1992	0.0813367949084862
1993	0.0813367949084862
1994	0.144823991168895
1995	0.149358790901781
1996	0.090406394374259
1997	0.140289191436008
1998	0.0677323957098273
1999	0.0949411941071452
2000	0.0858715946413726
2001	0.135754391703122
2002	0.0813367949084862
2003	0.203776387696417
2004	0.090406394374259
2005	0.117615192771577
2006	0.113080393038691
2007	0.122149992504463
2008	0.149358790901781
2009	0.108545593305804
2010	0.0949411941071452
2011	0.090406394374259
2012	0.113080393038691
2013	0.158428390367554
2014	0.104010793572918
2015	0.117615192771577
2016	0.0722671954427137
2017	0.140289191436008
2018	0.0949411941071452
2019	0.0994759938400316
2020	0.153893590634667
2021	0.0949411941071452
2022	0.140289191436008
2023	0.104010793572918
2024	0.117615192771577
2025	0.122149992504463
2026	0.190171988497758
2027	0.140289191436008
2028	0.135754391703122
2029	0.122149992504463
2030	0.122149992504463
2031	0.090406394374259
2032	0.122149992504463
2033	0.0813367949084862
2034	0.0768019951756001
2035	0.104010793572918
2036	0.0405235973125093
2037	0.113080393038691
2038	0.108545593305804
2039	0.158428390367554
2040	0.0813367949084862
2041	0.158428390367554
2042	0.190171988497758
2043	0.185637188764872
2044	0.144823991168895
2045	0.172032789566213
2046	0.0813367949084862
2047	0.176567589299099
2048	0.090406394374259
2049	0.0768019951756001
2050	0.144823991168895
2051	0.113080393038691
2052	0.144823991168895
2053	0.12668479223735
2054	0.104010793572918
2055	0.203776387696417
2056	0.135754391703122
2057	0.0949411941071452
2058	0.090406394374259
2059	0.0768019951756001
2060	0.113080393038691
2061	0.131219591970236
2062	0.108545593305804
2063	0.104010793572918
2064	0.149358790901781
2065	0.158428390367554
2066	0.149358790901781
2067	0.0768019951756001
2068	0.135754391703122
2069	0.131219591970236
2070	0.122149992504463
2071	0.0677323957098273
2072	0.0677323957098273
2073	0.144823991168895
2074	0.0949411941071452
2075	0.131219591970236
2076	0.122149992504463
2077	0.140289191436008
2078	0.0813367949084862
2079	0.131219591970236
2080	0.0677323957098273
2081	0.090406394374259
2082	0.135754391703122
2083	0.0994759938400316
2084	0.217380786895076
2085	0.090406394374259
2086	0.0858715946413726
2087	0.199241587963531
2088	0.090406394374259
2089	0.108545593305804
2090	0.0586627962440547
2091	0.122149992504463
2092	0.167497989833326
2093	0.131219591970236
2094	0.122149992504463
2095	0.185637188764872
2096	0.0949411941071452
2097	0.149358790901781
2098	0.0631975959769411
2099	0.167497989833326
2100	0.0994759938400316
2101	0.0813367949084862
2102	0.117615192771577
2103	0.172032789566213
2104	0.113080393038691
2105	0.185637188764872
2106	0.144823991168895
2107	0.149358790901781
2108	0.131219591970236
2109	0.108545593305804
2110	0.113080393038691
2111	0.190171988497758
2112	0.140289191436008
2113	0.0858715946413726
2114	0.108545593305804
2115	0.16296319010044
2116	0.104010793572918
2117	0.131219591970236
2118	0.167497989833326
2119	0.176567589299099
2120	0.12668479223735
2121	0.135754391703122
2122	0.122149992504463
2123	0.12668479223735
2124	0.12668479223735
2125	0.113080393038691
2126	0.113080393038691
2127	0.149358790901781
2128	0.131219591970236
2129	0.176567589299099
2130	0.113080393038691
2131	0.153893590634667
2132	0.153893590634667
2133	0.108545593305804
2134	0.131219591970236
2135	0.131219591970236
2136	0.0994759938400316
2137	0.149358790901781
2138	0.131219591970236
2139	0.167497989833326
2140	0.140289191436008
2141	0.108545593305804
2142	0.217380786895076
2143	0.090406394374259
2144	0.12668479223735
2145	0.0994759938400316
2146	0.194706788230644
2147	0.113080393038691
2148	0.122149992504463
2149	0.113080393038691
2150	0.140289191436008
2151	0.135754391703122
2152	0.135754391703122
2153	0.122149992504463
2154	0.104010793572918
2155	0.0722671954427137
2156	0.176567589299099
2157	0.122149992504463
2158	0.122149992504463
2159	0.122149992504463
2160	0.0994759938400316
2161	0.108545593305804
2162	0.199241587963531
2163	0.108545593305804
2164	0.135754391703122
2165	0.0994759938400316
2166	0.0949411941071452
2167	0.12668479223735
2168	0.158428390367554
2169	0.144823991168895
2170	0.12668479223735
2171	0.12668479223735
2172	0.113080393038691
2173	0.199241587963531
2174	0.131219591970236
2175	0.122149992504463
2176	0.0858715946413726
2177	0.144823991168895
2178	0.0813367949084862
2179	0.16296319010044
2180	0.122149992504463
2181	0.135754391703122
2182	0.135754391703122
2183	0.0994759938400316
2184	0.117615192771577
2185	0.122149992504463
2186	0.0858715946413726
2187	0.108545593305804
2188	0.122149992504463
2189	0.0949411941071452
2190	0.149358790901781
2191	0.131219591970236
2192	0.181102389031985
2193	0.172032789566213
2194	0.0405235973125093
2195	0.0949411941071452
2196	0.104010793572918
2197	0.0586627962440547
2198	0.0858715946413726
2199	0.104010793572918
2200	0.0768019951756001
2201	0.140289191436008
2202	0.117615192771577
2203	0.0813367949084862
2204	0.185637188764872
2205	0.16296319010044
2206	0.135754391703122
2207	0.176567589299099
2208	0.140289191436008
2209	0.158428390367554
2210	0.117615192771577
2211	0.144823991168895
2212	0.0994759938400316
2213	0.144823991168895
2214	0.0768019951756001
2215	0.0541279965111683
2216	0.153893590634667
2217	0.131219591970236
2218	0.12668479223735
2219	0.113080393038691
2220	0.16296319010044
2221	0.181102389031985
2222	0.122149992504463
2223	0.131219591970236
2224	0.144823991168895
2225	0.104010793572918
2226	0.21284598716219
2227	0.122149992504463
2228	0.0768019951756001
2229	0.12668479223735
2230	0.0858715946413726
2231	0.16296319010044
2232	0.0813367949084862
2233	0.122149992504463
2234	0.131219591970236
2235	0.149358790901781
2236	0.113080393038691
2237	0.0768019951756001
2238	0.131219591970236
2239	0.117615192771577
2240	0.144823991168895
2241	0.144823991168895
2242	0.131219591970236
2243	0.0722671954427137
2244	0.185637188764872
2245	0.113080393038691
2246	0.131219591970236
2247	0.144823991168895
2248	0.135754391703122
2249	0.0994759938400316
2250	0.117615192771577
2251	0.16296319010044
2252	0.0768019951756001
2253	0.131219591970236
2254	0.108545593305804
2255	0.12668479223735
2256	0.104010793572918
2257	0.122149992504463
2258	0.113080393038691
2259	0.12668479223735
2260	0.181102389031985
2261	0.0949411941071452
2262	0.12668479223735
2263	0.0722671954427137
2264	0.108545593305804
2265	0.140289191436008
2266	0.108545593305804
2267	0.0994759938400316
2268	0.0949411941071452
2269	0.144823991168895
2270	0.158428390367554
2271	0.140289191436008
2272	0.0677323957098273
2273	0.153893590634667
2274	0.135754391703122
2275	0.176567589299099
2276	0.122149992504463
2277	0.0677323957098273
2278	0.0813367949084862
2279	0.117615192771577
2280	0.108545593305804
2281	0.108545593305804
2282	0.0858715946413726
2283	0.117615192771577
2284	0.131219591970236
2285	0.117615192771577
2286	0.0813367949084862
2287	0.104010793572918
2288	0.0813367949084862
2289	0.144823991168895
2290	0.0858715946413726
2291	0.12668479223735
2292	0.135754391703122
2293	0.122149992504463
2294	0.149358790901781
2295	0.0586627962440547
2296	0.113080393038691
2297	0.0949411941071452
2298	0.108545593305804
2299	0.12668479223735
2300	0.0858715946413726
2301	0.0858715946413726
2302	0.149358790901781
2303	0.0677323957098273
2304	0.117615192771577
2305	0.090406394374259
2306	0.113080393038691
2307	0.117615192771577
2308	0.0994759938400316
2309	0.0586627962440547
2310	0.140289191436008
2311	0.0631975959769411
2312	0.0450583970453957
2313	0.108545593305804
2314	0.0858715946413726
2315	0.122149992504463
2316	0.181102389031985
2317	0.0994759938400316
2318	0.108545593305804
2319	0.12668479223735
2320	0.131219591970236
2321	0.158428390367554
2322	0.12668479223735
2323	0.0994759938400316
2324	0.140289191436008
2325	0.12668479223735
2326	0.153893590634667
2327	0.153893590634667
2328	0.12668479223735
2329	0.167497989833326
2330	0.135754391703122
2331	0.108545593305804
2332	0.0450583970453957
2333	0.0994759938400316
2334	0.0722671954427137
2335	0.113080393038691
2336	0.0314539978467368
2337	0.108545593305804
2338	0.108545593305804
2339	0.0949411941071452
2340	0.108545593305804
2341	0.113080393038691
2342	0.12668479223735
2343	0.140289191436008
2344	0.122149992504463
2345	0.140289191436008
2346	0.131219591970236
2347	0.117615192771577
2348	0.140289191436008
2349	0.0994759938400316
2350	0.0677323957098273
2351	0.144823991168895
2352	0.117615192771577
2353	0.0858715946413726
2354	0.0495931967782821
2355	0.144823991168895
2356	0.090406394374259
2357	0.158428390367554
2358	0.140289191436008
2359	0.149358790901781
2360	0.12668479223735
2361	0.0813367949084862
2362	0.122149992504463
2363	0.135754391703122
2364	0.149358790901781
2365	0.108545593305804
2366	0.113080393038691
2367	0.104010793572918
2368	0.0631975959769411
2369	0.158428390367554
2370	0.104010793572918
2371	0.131219591970236
2372	0.0768019951756001
2373	0.140289191436008
2374	0.0994759938400316
2375	0.0949411941071452
2376	0.172032789566213
2377	0.131219591970236
2378	0.149358790901781
2379	0.176567589299099
2380	0.0223843983809642
2381	0.0677323957098273
2382	0.113080393038691
2383	0.104010793572918
2384	0.12668479223735
2385	0.158428390367554
2386	0.113080393038691
2387	0.0949411941071452
2388	0.167497989833326
2389	0.140289191436008
2390	0.135754391703122
2391	0.12668479223735
2392	0.135754391703122
2393	0.12668479223735
2394	0.149358790901781
2395	0.149358790901781
2396	0.149358790901781
2397	0.149358790901781
2398	0.194706788230644
2399	0.131219591970236
2400	0.131219591970236
2401	0.16296319010044
2402	0.167497989833326
2403	0.0994759938400316
2404	0.0858715946413726
2405	0.176567589299099
2406	0.140289191436008
2407	0.0813367949084862
2408	0.135754391703122
2409	0.122149992504463
2410	0.117615192771577
2411	0.12668479223735
2412	0.153893590634667
2413	0.0677323957098273
2414	0.117615192771577
2415	0.0722671954427137
2416	0.199241587963531
2417	0.117615192771577
2418	0.104010793572918
2419	0.0858715946413726
2420	0.122149992504463
2421	0.104010793572918
2422	0.131219591970236
2423	0.153893590634667
2424	0.144823991168895
2425	0.122149992504463
2426	0.122149992504463
2427	0.0949411941071452
2428	0.0768019951756001
2429	0.158428390367554
2430	0.0994759938400316
2431	0.149358790901781
2432	0.144823991168895
2433	0.104010793572918
2434	0.131219591970236
2435	0.090406394374259
2436	0.144823991168895
2437	0.208311187429303
2438	0.090406394374259
2439	0.140289191436008
2440	0.140289191436008
2441	0.117615192771577
2442	0.131219591970236
2443	0.0631975959769411
2444	0.113080393038691
2445	0.140289191436008
2446	0.144823991168895
2447	0.149358790901781
2448	0.108545593305804
2449	0.16296319010044
2450	0.108545593305804
2451	0.090406394374259
2452	0.194706788230644
2453	0.12668479223735
2454	0.140289191436008
2455	0.0768019951756001
2456	0.0314539978467368
2457	0.113080393038691
2458	0.16296319010044
2459	0.108545593305804
2460	0.176567589299099
2461	0.0858715946413726
2462	0.131219591970236
2463	0.144823991168895
2464	0.135754391703122
2465	0.131219591970236
2466	0.122149992504463
2467	0.217380786895076
2468	0.176567589299099
2469	0.12668479223735
2470	0.0858715946413726
2471	0.108545593305804
2472	0.131219591970236
2473	0.176567589299099
2474	0.194706788230644
2475	0.0949411941071452
2476	0.16296319010044
2477	0.117615192771577
2478	0.131219591970236
2479	0.108545593305804
2480	0.117615192771577
2481	0.0994759938400316
2482	0.117615192771577
2483	0.0450583970453957
2484	0.113080393038691
2485	0.0994759938400316
2486	0.12668479223735
2487	0.122149992504463
2488	0.108545593305804
2489	0.140289191436008
2490	0.122149992504463
2491	0.144823991168895
2492	0.113080393038691
2493	0.113080393038691
2494	0.108545593305804
2495	0.140289191436008
2496	0.144823991168895
2497	0.185637188764872
2498	0.135754391703122
2499	0.0994759938400316
2500	0.153893590634667
2501	0.181102389031985
2502	0.122149992504463
2503	0.0813367949084862
2504	0.0631975959769411
2505	0.108545593305804
2506	0.0813367949084862
2507	0.149358790901781
2508	0.140289191436008
2509	0.108545593305804
2510	0.12668479223735
2511	0.0949411941071452
2512	0.122149992504463
2513	0.0768019951756001
2514	0.176567589299099
2515	0.0949411941071452
2516	0.144823991168895
2517	0.0994759938400316
2518	0.140289191436008
2519	0.0813367949084862
2520	0.0994759938400316
2521	0.12668479223735
2522	0.16296319010044
2523	0.12668479223735
2524	0.149358790901781
2525	0.0994759938400316
2526	0.12668479223735
2527	0.0768019951756001
2528	0.122149992504463
2529	0.135754391703122
2530	0.0994759938400316
2531	0.158428390367554
2532	0.117615192771577
2533	0.176567589299099
2534	0.0994759938400316
2535	0.090406394374259
2536	0.104010793572918
2537	0.104010793572918
2538	0.117615192771577
2539	0.16296319010044
2540	0.158428390367554
2541	0.131219591970236
2542	0.135754391703122
2543	0.0722671954427137
2544	0.113080393038691
2545	0.131219591970236
2546	0.0631975959769411
2547	0.0858715946413726
2548	0.131219591970236
2549	0.090406394374259
2550	0.108545593305804
2551	0.158428390367554
2552	0.0858715946413726
2553	0.12668479223735
2554	0.0994759938400316
2555	0.090406394374259
2556	0.0768019951756001
2557	0.0813367949084862
2558	0.144823991168895
2559	0.113080393038691
2560	0.167497989833326
2561	0.108545593305804
2562	0.172032789566213
2563	0.0813367949084862
2564	0.153893590634667
2565	0.144823991168895
2566	0.117615192771577
2567	0.104010793572918
2568	0.0586627962440547
2569	0.16296319010044
2570	0.12668479223735
2571	0.113080393038691
2572	0.108545593305804
2573	0.117615192771577
2574	0.104010793572918
2575	0.122149992504463
2576	0.131219591970236
2577	0.0994759938400316
2578	0.135754391703122
2579	0.0813367949084862
2580	0.153893590634667
2581	0.122149992504463
2582	0.117615192771577
2583	0.090406394374259
2584	0.12668479223735
2585	0.122149992504463
2586	0.104010793572918
2587	0.12668479223735
2588	0.16296319010044
2589	0.16296319010044
2590	0.122149992504463
2591	0.122149992504463
2592	0.153893590634667
2593	0.122149992504463
2594	0.0677323957098273
2595	0.12668479223735
2596	0.153893590634667
2597	0.144823991168895
2598	0.131219591970236
2599	0.0495931967782821
2600	0.144823991168895
2601	0.113080393038691
2602	0.122149992504463
2603	0.0949411941071452
2604	0.12668479223735
2605	0.217380786895076
2606	0.135754391703122
2607	0.108545593305804
2608	0.0994759938400316
2609	0.131219591970236
2610	0.135754391703122
2611	0.0994759938400316
2612	0.158428390367554
2613	0.144823991168895
2614	0.122149992504463
2615	0.176567589299099
2616	0.149358790901781
2617	0.135754391703122
2618	0.104010793572918
2619	0.0994759938400316
2620	0.153893590634667
2621	0.117615192771577
2622	0.122149992504463
2623	0.12668479223735
2624	0.0677323957098273
2625	0.122149992504463
2626	0.0813367949084862
2627	0.16296319010044
2628	0.104010793572918
2629	0.090406394374259
2630	0.144823991168895
2631	0.158428390367554
2632	0.153893590634667
2633	0.176567589299099
2634	0.172032789566213
2635	0.0994759938400316
2636	0.158428390367554
2637	0.0813367949084862
2638	0.0949411941071452
2639	0.144823991168895
2640	0.0994759938400316
2641	0.12668479223735
2642	0.0949411941071452
2643	0.122149992504463
2644	0.172032789566213
2645	0.135754391703122
2646	0.122149992504463
2647	0.108545593305804
2648	0.0768019951756001
2649	0.0858715946413726
2650	0.117615192771577
2651	0.104010793572918
2652	0.153893590634667
2653	0.122149992504463
2654	0.167497989833326
2655	0.104010793572918
2656	0.131219591970236
2657	0.131219591970236
2658	0.12668479223735
2659	0.167497989833326
2660	0.0813367949084862
2661	0.108545593305804
2662	0.149358790901781
2663	0.108545593305804
2664	0.140289191436008
2665	0.122149992504463
2666	0.153893590634667
2667	0.104010793572918
2668	0.117615192771577
2669	0.104010793572918
2670	0.0949411941071452
2671	0.0677323957098273
2672	0.113080393038691
2673	0.12668479223735
2674	0.108545593305804
2675	0.135754391703122
2676	0.176567589299099
2677	0.104010793572918
2678	0.0858715946413726
2679	0.167497989833326
2680	0.135754391703122
2681	0.149358790901781
2682	0.181102389031985
2683	0.113080393038691
2684	0.0631975959769411
2685	0.117615192771577
2686	0.12668479223735
2687	0.104010793572918
2688	0.0586627962440547
2689	0.108545593305804
2690	0.0495931967782821
2691	0.12668479223735
2692	0.135754391703122
2693	0.172032789566213
2694	0.140289191436008
2695	0.131219591970236
2696	0.135754391703122
2697	0.122149992504463
2698	0.12668479223735
2699	0.113080393038691
2700	0.176567589299099
2701	0.122149992504463
2702	0.131219591970236
2703	0.167497989833326
2704	0.16296319010044
2705	0.0541279965111683
2706	0.090406394374259
2707	0.104010793572918
2708	0.167497989833326
2709	0.122149992504463
2710	0.113080393038691
2711	0.135754391703122
2712	0.140289191436008
2713	0.16296319010044
2714	0.0405235973125093
2715	0.113080393038691
2716	0.0631975959769411
2717	0.090406394374259
2718	0.0949411941071452
2719	0.090406394374259
2720	0.122149992504463
2721	0.0495931967782821
2722	0.16296319010044
2723	0.104010793572918
2724	0.0813367949084862
2725	0.104010793572918
2726	0.167497989833326
2727	0.104010793572918
2728	0.144823991168895
2729	0.135754391703122
2730	0.194706788230644
2731	0.117615192771577
2732	0.153893590634667
2733	0.117615192771577
2734	0.108545593305804
2735	0.144823991168895
2736	0.176567589299099
2737	0.117615192771577
2738	0.12668479223735
2739	0.135754391703122
2740	0.0677323957098273
2741	0.122149992504463
2742	0.226450386360849
2743	0.149358790901781
2744	0.144823991168895
2745	0.104010793572918
2746	0.135754391703122
2747	0.153893590634667
2748	0.0858715946413726
2749	0.0858715946413726
2750	0.117615192771577
2751	0.113080393038691
2752	0.158428390367554
2753	0.0631975959769411
2754	0.167497989833326
2755	0.149358790901781
2756	0.0541279965111683
2757	0.140289191436008
2758	0.12668479223735
2759	0.0858715946413726
2760	0.117615192771577
2761	0.108545593305804
2762	0.144823991168895
2763	0.104010793572918
2764	0.153893590634667
2765	0.172032789566213
2766	0.0994759938400316
2767	0.090406394374259
2768	0.140289191436008
2769	0.113080393038691
2770	0.0722671954427137
2771	0.149358790901781
2772	0.0949411941071452
2773	0.12668479223735
2774	0.144823991168895
2775	0.0450583970453957
2776	0.135754391703122
2777	0.217380786895076
2778	0.158428390367554
2779	0.135754391703122
2780	0.0813367949084862
2781	0.122149992504463
2782	0.0768019951756001
2783	0.140289191436008
2784	0.149358790901781
2785	0.135754391703122
2786	0.135754391703122
2787	0.12668479223735
2788	0.104010793572918
2789	0.153893590634667
2790	0.131219591970236
2791	0.135754391703122
2792	0.090406394374259
2793	0.135754391703122
2794	0.122149992504463
2795	0.131219591970236
2796	0.12668479223735
2797	0.0722671954427137
2798	0.0994759938400316
2799	0.12668479223735
2800	0.172032789566213
2801	0.12668479223735
2802	0.0994759938400316
2803	0.131219591970236
2804	0.113080393038691
2805	0.144823991168895
2806	0.12668479223735
2807	0.149358790901781
2808	0.113080393038691
2809	0.140289191436008
2810	0.149358790901781
2811	0.0858715946413726
2812	0.140289191436008
2813	0.122149992504463
2814	0.090406394374259
2815	0.0813367949084862
2816	0.0631975959769411
2817	0.176567589299099
2818	0.149358790901781
2819	0.158428390367554
2820	0.16296319010044
2821	0.0813367949084862
2822	0.140289191436008
2823	0.113080393038691
2824	0.108545593305804
2825	0.117615192771577
2826	0.117615192771577
2827	0.131219591970236
2828	0.172032789566213
2829	0.135754391703122
2830	0.144823991168895
2831	0.12668479223735
2832	0.167497989833326
2833	0.12668479223735
2834	0.16296319010044
2835	0.135754391703122
2836	0.140289191436008
2837	0.104010793572918
2838	0.149358790901781
2839	0.135754391703122
2840	0.172032789566213
2841	0.0813367949084862
2842	0.12668479223735
2843	0.108545593305804
2844	0.153893590634667
2845	0.117615192771577
2846	0.104010793572918
2847	0.0813367949084862
2848	0.16296319010044
2849	0.12668479223735
2850	0.12668479223735
2851	0.104010793572918
2852	0.12668479223735
2853	0.140289191436008
2854	0.0405235973125093
2855	0.194706788230644
2856	0.153893590634667
2857	0.0677323957098273
2858	0.0541279965111683
2859	0.104010793572918
2860	0.12668479223735
2861	0.0586627962440547
2862	0.140289191436008
2863	0.113080393038691
2864	0.113080393038691
2865	0.153893590634667
2866	0.131219591970236
2867	0.131219591970236
2868	0.113080393038691
2869	0.16296319010044
2870	0.0994759938400316
2871	0.113080393038691
2872	0.0541279965111683
2873	0.117615192771577
2874	0.117615192771577
2875	0.149358790901781
2876	0.135754391703122
2877	0.104010793572918
2878	0.135754391703122
2879	0.0541279965111683
2880	0.135754391703122
2881	0.108545593305804
2882	0.135754391703122
2883	0.176567589299099
2884	0.117615192771577
2885	0.144823991168895
2886	0.12668479223735
2887	0.0858715946413726
2888	0.194706788230644
2889	0.113080393038691
2890	0.108545593305804
2891	0.167497989833326
2892	0.16296319010044
2893	0.090406394374259
2894	0.108545593305804
2895	0.158428390367554
2896	0.149358790901781
2897	0.140289191436008
2898	0.144823991168895
2899	0.158428390367554
2900	0.185637188764872
2901	0.0541279965111683
2902	0.104010793572918
2903	0.208311187429303
2904	0.149358790901781
2905	0.0994759938400316
2906	0.135754391703122
2907	0.131219591970236
2908	0.12668479223735
2909	0.140289191436008
2910	0.144823991168895
2911	0.167497989833326
2912	0.185637188764872
2913	0.0949411941071452
2914	0.149358790901781
2915	0.122149992504463
2916	0.108545593305804
2917	0.0813367949084862
2918	0.140289191436008
2919	0.131219591970236
2920	0.0858715946413726
2921	0.149358790901781
2922	0.104010793572918
2923	0.16296319010044
2924	0.108545593305804
2925	0.140289191436008
2926	0.0541279965111683
2927	0.117615192771577
2928	0.140289191436008
2929	0.144823991168895
2930	0.104010793572918
2931	0.0813367949084862
2932	0.108545593305804
2933	0.117615192771577
2934	0.12668479223735
2935	0.153893590634667
2936	0.149358790901781
2937	0.113080393038691
2938	0.0314539978467368
2939	0.0994759938400316
2940	0.153893590634667
2941	0.117615192771577
2942	0.117615192771577
2943	0.181102389031985
2944	0.158428390367554
2945	0.12668479223735
2946	0.122149992504463
2947	0.0768019951756001
2948	0.0949411941071452
2949	0.135754391703122
2950	0.12668479223735
2951	0.190171988497758
2952	0.108545593305804
2953	0.0813367949084862
2954	0.117615192771577
2955	0.16296319010044
2956	0.104010793572918
2957	0.144823991168895
2958	0.140289191436008
2959	0.0813367949084862
2960	0.153893590634667
2961	0.140289191436008
2962	0.113080393038691
2963	0.090406394374259
2964	0.122149992504463
2965	0.140289191436008
2966	0.0994759938400316
2967	0.12668479223735
2968	0.0858715946413726
2969	0.0813367949084862
2970	0.113080393038691
2971	0.176567589299099
2972	0.181102389031985
2973	0.122149992504463
2974	0.113080393038691
2975	0.176567589299099
2976	0.117615192771577
2977	0.172032789566213
2978	0.144823991168895
2979	0.140289191436008
2980	0.16296319010044
2981	0.135754391703122
2982	0.144823991168895
2983	0.117615192771577
2984	0.122149992504463
2985	0.122149992504463
2986	0.0994759938400316
2987	0.0994759938400316
2988	0.113080393038691
2989	0.090406394374259
2990	0.140289191436008
2991	0.135754391703122
2992	0.149358790901781
2993	0.117615192771577
2994	0.172032789566213
2995	0.135754391703122
2996	0.113080393038691
2997	0.108545593305804
2998	0.122149992504463
2999	0.149358790901781
3000	0.104010793572918
3001	0.117615192771577
3002	0.12668479223735
3003	0.131219591970236
3004	0.140289191436008
3005	0.108545593305804
3006	0.0994759938400316
3007	0.104010793572918
3008	0.117615192771577
3009	0.0994759938400316
3010	0.122149992504463
3011	0.108545593305804
3012	0.194706788230644
3013	0.113080393038691
3014	0.0994759938400316
3015	0.135754391703122
3016	0.113080393038691
3017	0.153893590634667
3018	0.12668479223735
3019	0.0722671954427137
3020	0.140289191436008
3021	0.108545593305804
3022	0.117615192771577
3023	0.117615192771577
3024	0.158428390367554
3025	0.0813367949084862
3026	0.144823991168895
3027	0.135754391703122
3028	0.122149992504463
3029	0.12668479223735
3030	0.0949411941071452
3031	0.131219591970236
3032	0.144823991168895
3033	0.0949411941071452
3034	0.0768019951756001
3035	0.0631975959769411
3036	0.203776387696417
3037	0.140289191436008
3038	0.0768019951756001
3039	0.104010793572918
3040	0.113080393038691
3041	0.153893590634667
3042	0.144823991168895
3043	0.181102389031985
3044	0.122149992504463
3045	0.0495931967782821
3046	0.135754391703122
3047	0.153893590634667
3048	0.0994759938400316
3049	0.0858715946413726
3050	0.117615192771577
3051	0.172032789566213
3052	0.135754391703122
3053	0.113080393038691
3054	0.172032789566213
3055	0.153893590634667
3056	0.140289191436008
3057	0.131219591970236
3058	0.131219591970236
3059	0.167497989833326
3060	0.104010793572918
3061	0.122149992504463
3062	0.122149992504463
3063	0.0813367949084862
3064	0.144823991168895
3065	0.113080393038691
3066	0.135754391703122
3067	0.090406394374259
3068	0.16296319010044
3069	0.090406394374259
3070	0.108545593305804
3071	0.122149992504463
3072	0.149358790901781
3073	0.135754391703122
3074	0.090406394374259
3075	0.104010793572918
3076	0.16296319010044
3077	0.172032789566213
3078	0.149358790901781
3079	0.0858715946413726
3080	0.108545593305804
3081	0.135754391703122
3082	0.12668479223735
3083	0.131219591970236
3084	0.0994759938400316
3085	0.117615192771577
3086	0.108545593305804
3087	0.176567589299099
3088	0.113080393038691
3089	0.135754391703122
3090	0.0949411941071452
3091	0.140289191436008
3092	0.0768019951756001
3093	0.0994759938400316
3094	0.135754391703122
3095	0.104010793572918
3096	0.149358790901781
3097	0.0722671954427137
3098	0.113080393038691
3099	0.144823991168895
3100	0.153893590634667
3101	0.176567589299099
3102	0.117615192771577
3103	0.108545593305804
3104	0.158428390367554
3105	0.0813367949084862
3106	0.090406394374259
3107	0.0858715946413726
3108	0.144823991168895
3109	0.0768019951756001
3110	0.16296319010044
3111	0.140289191436008
3112	0.158428390367554
3113	0.176567589299099
3114	0.144823991168895
3115	0.117615192771577
3116	0.0949411941071452
3117	0.194706788230644
3118	0.0994759938400316
3119	0.113080393038691
3120	0.135754391703122
3121	0.0631975959769411
3122	0.140289191436008
3123	0.0949411941071452
3124	0.0994759938400316
3125	0.117615192771577
3126	0.108545593305804
3127	0.090406394374259
3128	0.172032789566213
3129	0.0949411941071452
3130	0.208311187429303
3131	0.090406394374259
3132	0.0994759938400316
3133	0.0631975959769411
3134	0.113080393038691
3135	0.117615192771577
3136	0.108545593305804
3137	0.131219591970236
3138	0.131219591970236
3139	0.0994759938400316
3140	0.0994759938400316
3141	0.0586627962440547
3142	0.104010793572918
3143	0.108545593305804
3144	0.0858715946413726
3145	0.149358790901781
3146	0.090406394374259
3147	0.16296319010044
3148	0.0994759938400316
3149	0.12668479223735
3150	0.144823991168895
3151	0.113080393038691
3152	0.0495931967782821
3153	0.158428390367554
3154	0.158428390367554
3155	0.176567589299099
3156	0.167497989833326
3157	0.0768019951756001
3158	0.090406394374259
3159	0.0949411941071452
3160	0.113080393038691
3161	0.0813367949084862
3162	0.122149992504463
3163	0.144823991168895
3164	0.144823991168895
3165	0.122149992504463
3166	0.0450583970453957
3167	0.135754391703122
3168	0.12668479223735
3169	0.135754391703122
3170	0.104010793572918
3171	0.113080393038691
3172	0.16296319010044
3173	0.140289191436008
3174	0.0949411941071452
3175	0.140289191436008
3176	0.135754391703122
3177	0.090406394374259
3178	0.0586627962440547
3179	0.140289191436008
3180	0.117615192771577
3181	0.108545593305804
3182	0.190171988497758
3183	0.172032789566213
3184	0.108545593305804
3185	0.16296319010044
3186	0.194706788230644
3187	0.0768019951756001
3188	0.12668479223735
3189	0.181102389031985
3190	0.0541279965111683
3191	0.090406394374259
3192	0.0631975959769411
3193	0.0994759938400316
3194	0.16296319010044
3195	0.149358790901781
3196	0.12668479223735
3197	0.131219591970236
3198	0.12668479223735
3199	0.104010793572918
3200	0.144823991168895
3201	0.140289191436008
3202	0.0949411941071452
3203	0.153893590634667
3204	0.0495931967782821
3205	0.113080393038691
3206	0.203776387696417
3207	0.104010793572918
3208	0.113080393038691
3209	0.131219591970236
3210	0.140289191436008
3211	0.172032789566213
3212	0.153893590634667
3213	0.122149992504463
3214	0.135754391703122
3215	0.0949411941071452
3216	0.122149992504463
3217	0.117615192771577
3218	0.140289191436008
3219	0.104010793572918
3220	0.108545593305804
3221	0.0994759938400316
3222	0.12668479223735
3223	0.104010793572918
3224	0.0994759938400316
3225	0.190171988497758
3226	0.144823991168895
3227	0.16296319010044
3228	0.181102389031985
3229	0.135754391703122
3230	0.158428390367554
3231	0.12668479223735
3232	0.117615192771577
3233	0.140289191436008
3234	0.0994759938400316
3235	0.108545593305804
3236	0.0359887975796231
3237	0.12668479223735
3238	0.108545593305804
3239	0.113080393038691
3240	0.16296319010044
3241	0.104010793572918
3242	0.108545593305804
3243	0.0677323957098273
3244	0.108545593305804
3245	0.12668479223735
3246	0.0994759938400316
3247	0.135754391703122
3248	0.0994759938400316
3249	0.122149992504463
3250	0.0677323957098273
3251	0.140289191436008
3252	0.140289191436008
3253	0.0994759938400316
3254	0.0813367949084862
3255	0.0405235973125093
3256	0.153893590634667
3257	0.144823991168895
3258	0.172032789566213
3259	0.0677323957098273
3260	0.0994759938400316
3261	0.149358790901781
3262	0.181102389031985
3263	0.158428390367554
3264	0.113080393038691
3265	0.104010793572918
3266	0.0631975959769411
3267	0.0768019951756001
3268	0.113080393038691
3269	0.16296319010044
3270	0.0858715946413726
3271	0.0994759938400316
3272	0.167497989833326
3273	0.140289191436008
3274	0.158428390367554
3275	0.153893590634667
3276	0.0450583970453957
3277	0.135754391703122
3278	0.090406394374259
3279	0.131219591970236
3280	0.149358790901781
3281	0.104010793572918
3282	0.135754391703122
3283	0.144823991168895
3284	0.149358790901781
3285	0.0677323957098273
3286	0.167497989833326
3287	0.144823991168895
3288	0.104010793572918
3289	0.0994759938400316
3290	0.158428390367554
3291	0.0858715946413726
3292	0.0949411941071452
3293	0.12668479223735
3294	0.0994759938400316
3295	0.176567589299099
3296	0.122149992504463
3297	0.135754391703122
3298	0.16296319010044
3299	0.140289191436008
3300	0.140289191436008
3301	0.131219591970236
3302	0.153893590634667
3303	0.144823991168895
3304	0.122149992504463
3305	0.167497989833326
3306	0.0949411941071452
3307	0.144823991168895
3308	0.0994759938400316
3309	0.122149992504463
3310	0.153893590634667
3311	0.104010793572918
3312	0.158428390367554
3313	0.140289191436008
3314	0.153893590634667
3315	0.0631975959769411
3316	0.117615192771577
3317	0.172032789566213
3318	0.122149992504463
3319	0.117615192771577
3320	0.0949411941071452
3321	0.117615192771577
3322	0.172032789566213
3323	0.131219591970236
3324	0.12668479223735
3325	0.140289191436008
3326	0.149358790901781
3327	0.0495931967782821
3328	0.090406394374259
3329	0.0994759938400316
3330	0.12668479223735
3331	0.12668479223735
3332	0.12668479223735
3333	0.0813367949084862
3334	0.131219591970236
3335	0.113080393038691
3336	0.0949411941071452
3337	0.16296319010044
3338	0.16296319010044
3339	0.108545593305804
3340	0.176567589299099
3341	0.12668479223735
3342	0.131219591970236
3343	0.158428390367554
3344	0.135754391703122
3345	0.0768019951756001
3346	0.144823991168895
3347	0.172032789566213
3348	0.16296319010044
3349	0.104010793572918
3350	0.090406394374259
3351	0.0722671954427137
3352	0.0994759938400316
3353	0.122149992504463
3354	0.140289191436008
3355	0.104010793572918
3356	0.0994759938400316
3357	0.135754391703122
3358	0.149358790901781
3359	0.153893590634667
3360	0.16296319010044
3361	0.158428390367554
3362	0.131219591970236
3363	0.108545593305804
3364	0.140289191436008
3365	0.158428390367554
3366	0.140289191436008
3367	0.158428390367554
3368	0.0722671954427137
3369	0.149358790901781
3370	0.167497989833326
3371	0.117615192771577
3372	0.172032789566213
3373	0.153893590634667
3374	0.140289191436008
3375	0.0994759938400316
3376	0.194706788230644
3377	0.122149992504463
3378	0.113080393038691
3379	0.0858715946413726
3380	0.0722671954427137
3381	0.108545593305804
3382	0.117615192771577
3383	0.104010793572918
3384	0.185637188764872
3385	0.0813367949084862
3386	0.153893590634667
3387	0.135754391703122
3388	0.131219591970236
3389	0.149358790901781
3390	0.113080393038691
3391	0.108545593305804
3392	0.090406394374259
3393	0.122149992504463
3394	0.167497989833326
3395	0.140289191436008
3396	0.0994759938400316
3397	0.149358790901781
3398	0.167497989833326
3399	0.149358790901781
3400	0.140289191436008
3401	0.149358790901781
3402	0.12668479223735
3403	0.135754391703122
3404	0.140289191436008
3405	0.131219591970236
3406	0.117615192771577
3407	0.140289191436008
3408	0.16296319010044
3409	0.122149992504463
3410	0.12668479223735
3411	0.185637188764872
3412	0.12668479223735
3413	0.117615192771577
3414	0.0586627962440547
3415	0.0994759938400316
3416	0.104010793572918
3417	0.181102389031985
3418	0.167497989833326
3419	0.158428390367554
3420	0.176567589299099
3421	0.140289191436008
3422	0.090406394374259
3423	0.0994759938400316
3424	0.0722671954427137
3425	0.090406394374259
3426	0.176567589299099
3427	0.117615192771577
3428	0.0722671954427137
3429	0.117615192771577
3430	0.131219591970236
3431	0.167497989833326
3432	0.0677323957098273
3433	0.12668479223735
3434	0.12668479223735
3435	0.108545593305804
3436	0.0858715946413726
3437	0.135754391703122
3438	0.12668479223735
3439	0.122149992504463
3440	0.113080393038691
3441	0.122149992504463
3442	0.16296319010044
3443	0.12668479223735
3444	0.117615192771577
3445	0.090406394374259
3446	0.144823991168895
3447	0.090406394374259
3448	0.12668479223735
3449	0.0949411941071452
3450	0.131219591970236
3451	0.090406394374259
3452	0.0858715946413726
3453	0.12668479223735
3454	0.12668479223735
3455	0.122149992504463
3456	0.12668479223735
3457	0.131219591970236
3458	0.135754391703122
3459	0.122149992504463
3460	0.185637188764872
3461	0.16296319010044
3462	0.0949411941071452
3463	0.0949411941071452
3464	0.135754391703122
3465	0.0768019951756001
3466	0.131219591970236
3467	0.158428390367554
3468	0.12668479223735
3469	0.172032789566213
3470	0.090406394374259
3471	0.16296319010044
3472	0.135754391703122
3473	0.108545593305804
3474	0.0586627962440547
3475	0.153893590634667
3476	0.113080393038691
3477	0.12668479223735
3478	0.135754391703122
3479	0.135754391703122
3480	0.104010793572918
3481	0.16296319010044
3482	0.0858715946413726
3483	0.090406394374259
3484	0.12668479223735
3485	0.117615192771577
3486	0.158428390367554
3487	0.140289191436008
3488	0.090406394374259
3489	0.199241587963531
3490	0.144823991168895
3491	0.0813367949084862
3492	0.12668479223735
3493	0.0631975959769411
3494	0.0768019951756001
3495	0.104010793572918
3496	0.113080393038691
3497	0.0994759938400316
3498	0.153893590634667
3499	0.153893590634667
3500	0.108545593305804
3501	0.108545593305804
3502	0.0586627962440547
3503	0.104010793572918
3504	0.117615192771577
3505	0.0813367949084862
3506	0.131219591970236
3507	0.090406394374259
3508	0.167497989833326
3509	0.0994759938400316
3510	0.0949411941071452
3511	0.176567589299099
3512	0.122149992504463
3513	0.122149992504463
3514	0.144823991168895
3515	0.172032789566213
3516	0.0813367949084862
3517	0.0813367949084862
3518	0.230985186093735
3519	0.131219591970236
3520	0.135754391703122
3521	0.104010793572918
3522	0.144823991168895
3523	0.131219591970236
3524	0.149358790901781
3525	0.0813367949084862
3526	0.108545593305804
3527	0.0858715946413726
3528	0.0949411941071452
3529	0.0631975959769411
3530	0.135754391703122
3531	0.131219591970236
3532	0.153893590634667
3533	0.0813367949084862
3534	0.0994759938400316
3535	0.108545593305804
3536	0.131219591970236
3537	0.0994759938400316
3538	0.140289191436008
3539	0.131219591970236
3540	0.194706788230644
3541	0.172032789566213
3542	0.108545593305804
3543	0.113080393038691
3544	0.12668479223735
3545	0.12668479223735
3546	0.0858715946413726
3547	0.153893590634667
3548	0.108545593305804
3549	0.144823991168895
3550	0.149358790901781
3551	0.108545593305804
3552	0.12668479223735
3553	0.135754391703122
3554	0.0586627962440547
3555	0.135754391703122
3556	0.104010793572918
3557	0.113080393038691
3558	0.149358790901781
3559	0.131219591970236
3560	0.0813367949084862
3561	0.0813367949084862
3562	0.12668479223735
3563	0.131219591970236
3564	0.104010793572918
3565	0.153893590634667
3566	0.090406394374259
3567	0.090406394374259
3568	0.208311187429303
3569	0.16296319010044
3570	0.12668479223735
3571	0.0495931967782821
3572	0.0949411941071452
3573	0.140289191436008
3574	0.104010793572918
3575	0.108545593305804
3576	0.144823991168895
3577	0.172032789566213
3578	0.0858715946413726
3579	0.140289191436008
3580	0.144823991168895
3581	0.135754391703122
3582	0.108545593305804
3583	0.122149992504463
3584	0.0949411941071452
3585	0.0677323957098273
3586	0.172032789566213
3587	0.176567589299099
3588	0.140289191436008
3589	0.113080393038691
3590	0.149358790901781
3591	0.0405235973125093
3592	0.176567589299099
3593	0.153893590634667
3594	0.158428390367554
3595	0.108545593305804
3596	0.131219591970236
3597	0.144823991168895
3598	0.0768019951756001
3599	0.131219591970236
3600	0.0450583970453957
3601	0.135754391703122
3602	0.144823991168895
3603	0.12668479223735
3604	0.16296319010044
3605	0.153893590634667
3606	0.153893590634667
3607	0.153893590634667
3608	0.181102389031985
3609	0.12668479223735
3610	0.122149992504463
3611	0.113080393038691
3612	0.176567589299099
3613	0.144823991168895
3614	0.153893590634667
3615	0.0768019951756001
3616	0.0722671954427137
3617	0.113080393038691
3618	0.176567589299099
3619	0.122149992504463
3620	0.0858715946413726
3621	0.149358790901781
3622	0.090406394374259
3623	0.176567589299099
3624	0.140289191436008
3625	0.108545593305804
3626	0.135754391703122
3627	0.113080393038691
3628	0.131219591970236
3629	0.117615192771577
3630	0.167497989833326
3631	0.117615192771577
3632	0.12668479223735
3633	0.0949411941071452
3634	0.0949411941071452
3635	0.203776387696417
3636	0.0994759938400316
3637	0.135754391703122
3638	0.0677323957098273
3639	0.108545593305804
3640	0.0994759938400316
3641	0.0813367949084862
3642	0.135754391703122
3643	0.153893590634667
3644	0.122149992504463
3645	0.144823991168895
3646	0.21284598716219
3647	0.140289191436008
3648	0.122149992504463
3649	0.140289191436008
3650	0.0994759938400316
3651	0.149358790901781
3652	0.122149992504463
3653	0.153893590634667
3654	0.117615192771577
3655	0.108545593305804
3656	0.0949411941071452
3657	0.113080393038691
3658	0.144823991168895
3659	0.185637188764872
3660	0.16296319010044
3661	0.0949411941071452
3662	0.176567589299099
3663	0.12668479223735
3664	0.117615192771577
3665	0.0813367949084862
3666	0.0858715946413726
3667	0.0994759938400316
3668	0.16296319010044
3669	0.0858715946413726
3670	0.117615192771577
3671	0.153893590634667
3672	0.113080393038691
3673	0.16296319010044
3674	0.135754391703122
3675	0.090406394374259
3676	0.153893590634667
3677	0.0994759938400316
3678	0.135754391703122
3679	0.131219591970236
3680	0.0677323957098273
3681	0.113080393038691
3682	0.117615192771577
3683	0.140289191436008
3684	0.0768019951756001
3685	0.0359887975796231
3686	0.117615192771577
3687	0.122149992504463
3688	0.113080393038691
3689	0.0994759938400316
3690	0.131219591970236
3691	0.0994759938400316
3692	0.140289191436008
3693	0.122149992504463
3694	0.131219591970236
3695	0.0858715946413726
3696	0.117615192771577
3697	0.144823991168895
3698	0.190171988497758
3699	0.0631975959769411
3700	0.131219591970236
3701	0.172032789566213
3702	0.0768019951756001
3703	0.104010793572918
3704	0.144823991168895
3705	0.0813367949084862
3706	0.090406394374259
3707	0.108545593305804
3708	0.135754391703122
3709	0.108545593305804
3710	0.158428390367554
3711	0.221915586627962
3712	0.0858715946413726
3713	0.153893590634667
3714	0.140289191436008
3715	0.144823991168895
3716	0.0949411941071452
3717	0.12668479223735
3718	0.12668479223735
3719	0.113080393038691
3720	0.113080393038691
3721	0.12668479223735
3722	0.104010793572918
3723	0.167497989833326
3724	0.140289191436008
3725	0.140289191436008
3726	0.0586627962440547
3727	0.131219591970236
3728	0.0994759938400316
3729	0.0858715946413726
3730	0.135754391703122
3731	0.12668479223735
3732	0.108545593305804
3733	0.16296319010044
3734	0.0994759938400316
3735	0.122149992504463
3736	0.131219591970236
3737	0.108545593305804
3738	0.12668479223735
3739	0.0858715946413726
3740	0.122149992504463
3741	0.108545593305804
3742	0.12668479223735
3743	0.117615192771577
3744	0.0949411941071452
3745	0.0813367949084862
3746	0.194706788230644
3747	0.108545593305804
3748	0.117615192771577
3749	0.176567589299099
3750	0.0994759938400316
3751	0.0586627962440547
3752	0.131219591970236
3753	0.172032789566213
3754	0.149358790901781
3755	0.12668479223735
3756	0.117615192771577
3757	0.113080393038691
3758	0.108545593305804
3759	0.12668479223735
3760	0.199241587963531
3761	0.140289191436008
3762	0.131219591970236
3763	0.0677323957098273
3764	0.167497989833326
3765	0.117615192771577
3766	0.16296319010044
3767	0.140289191436008
3768	0.167497989833326
3769	0.122149992504463
3770	0.135754391703122
3771	0.12668479223735
3772	0.16296319010044
3773	0.104010793572918
3774	0.149358790901781
3775	0.104010793572918
3776	0.0994759938400316
3777	0.12668479223735
3778	0.140289191436008
3779	0.140289191436008
3780	0.12668479223735
3781	0.122149992504463
3782	0.090406394374259
3783	0.113080393038691
3784	0.144823991168895
3785	0.149358790901781
3786	0.131219591970236
3787	0.131219591970236
3788	0.149358790901781
3789	0.113080393038691
3790	0.108545593305804
3791	0.117615192771577
3792	0.117615192771577
3793	0.0495931967782821
3794	0.0813367949084862
3795	0.0586627962440547
3796	0.0586627962440547
3797	0.144823991168895
3798	0.0994759938400316
3799	0.153893590634667
3800	0.12668479223735
3801	0.113080393038691
3802	0.0858715946413726
3803	0.090406394374259
3804	0.090406394374259
3805	0.117615192771577
3806	0.0949411941071452
3807	0.135754391703122
3808	0.135754391703122
3809	0.0631975959769411
3810	0.0949411941071452
3811	0.0994759938400316
3812	0.0994759938400316
3813	0.149358790901781
3814	0.16296319010044
3815	0.104010793572918
3816	0.0858715946413726
3817	0.0949411941071452
3818	0.149358790901781
3819	0.0858715946413726
3820	0.113080393038691
3821	0.122149992504463
3822	0.108545593305804
3823	0.0541279965111683
3824	0.135754391703122
3825	0.122149992504463
3826	0.149358790901781
3827	0.113080393038691
3828	0.149358790901781
3829	0.16296319010044
3830	0.117615192771577
3831	0.0949411941071452
3832	0.0994759938400316
3833	0.0813367949084862
3834	0.153893590634667
3835	0.122149992504463
3836	0.108545593305804
3837	0.140289191436008
3838	0.131219591970236
3839	0.0722671954427137
3840	0.0722671954427137
3841	0.199241587963531
3842	0.0858715946413726
3843	0.140289191436008
3844	0.21284598716219
3845	0.0495931967782821
3846	0.0949411941071452
3847	0.144823991168895
3848	0.0631975959769411
3849	0.153893590634667
3850	0.117615192771577
3851	0.153893590634667
3852	0.117615192771577
3853	0.135754391703122
3854	0.0722671954427137
3855	0.104010793572918
3856	0.122149992504463
3857	0.0541279965111683
3858	0.0858715946413726
3859	0.0677323957098273
3860	0.113080393038691
3861	0.176567589299099
3862	0.12668479223735
3863	0.122149992504463
3864	0.158428390367554
3865	0.104010793572918
3866	0.144823991168895
3867	0.221915586627962
3868	0.149358790901781
3869	0.140289191436008
3870	0.16296319010044
3871	0.16296319010044
3872	0.149358790901781
3873	0.0994759938400316
3874	0.113080393038691
3875	0.16296319010044
3876	0.108545593305804
3877	0.144823991168895
3878	0.153893590634667
3879	0.158428390367554
3880	0.104010793572918
3881	0.144823991168895
3882	0.140289191436008
3883	0.167497989833326
3884	0.122149992504463
3885	0.131219591970236
3886	0.172032789566213
3887	0.104010793572918
3888	0.0722671954427137
3889	0.12668479223735
3890	0.131219591970236
3891	0.0813367949084862
3892	0.140289191436008
3893	0.135754391703122
3894	0.144823991168895
3895	0.190171988497758
3896	0.104010793572918
3897	0.117615192771577
3898	0.0768019951756001
3899	0.140289191436008
3900	0.167497989833326
3901	0.12668479223735
3902	0.12668479223735
3903	0.140289191436008
3904	0.167497989833326
3905	0.0858715946413726
3906	0.12668479223735
3907	0.0994759938400316
3908	0.158428390367554
3909	0.140289191436008
3910	0.117615192771577
3911	0.108545593305804
3912	0.090406394374259
3913	0.185637188764872
3914	0.153893590634667
3915	0.144823991168895
3916	0.140289191436008
3917	0.104010793572918
3918	0.108545593305804
3919	0.131219591970236
3920	0.131219591970236
3921	0.135754391703122
3922	0.158428390367554
3923	0.104010793572918
3924	0.0541279965111683
3925	0.117615192771577
3926	0.0813367949084862
3927	0.117615192771577
3928	0.0949411941071452
3929	0.104010793572918
3930	0.108545593305804
3931	0.0949411941071452
3932	0.153893590634667
3933	0.12668479223735
3934	0.113080393038691
3935	0.149358790901781
3936	0.0768019951756001
3937	0.190171988497758
3938	0.140289191436008
3939	0.167497989833326
3940	0.135754391703122
3941	0.122149992504463
3942	0.090406394374259
3943	0.12668479223735
3944	0.113080393038691
3945	0.122149992504463
3946	0.135754391703122
3947	0.131219591970236
3948	0.158428390367554
3949	0.0768019951756001
3950	0.108545593305804
3951	0.117615192771577
3952	0.108545593305804
3953	0.140289191436008
3954	0.117615192771577
3955	0.203776387696417
3956	0.0813367949084862
3957	0.135754391703122
3958	0.144823991168895
3959	0.12668479223735
3960	0.0858715946413726
3961	0.104010793572918
3962	0.131219591970236
3963	0.12668479223735
3964	0.113080393038691
3965	0.0858715946413726
3966	0.0858715946413726
3967	0.12668479223735
3968	0.144823991168895
3969	0.122149992504463
3970	0.153893590634667
3971	0.122149992504463
3972	0.0949411941071452
3973	0.194706788230644
3974	0.144823991168895
3975	0.104010793572918
3976	0.090406394374259
3977	0.0631975959769411
3978	0.149358790901781
3979	0.153893590634667
3980	0.104010793572918
3981	0.144823991168895
3982	0.0541279965111683
3983	0.158428390367554
3984	0.12668479223735
3985	0.117615192771577
3986	0.0813367949084862
3987	0.135754391703122
3988	0.135754391703122
3989	0.0541279965111683
3990	0.149358790901781
3991	0.190171988497758
3992	0.135754391703122
3993	0.0405235973125093
3994	0.185637188764872
3995	0.104010793572918
3996	0.12668479223735
3997	0.135754391703122
3998	0.0768019951756001
3999	0.12668479223735
4000	0.153893590634667
4001	0.131219591970236
4002	0.090406394374259
4003	0.140289191436008
4004	0.12668479223735
4005	0.104010793572918
4006	0.167497989833326
4007	0.0541279965111683
4008	0.144823991168895
4009	0.131219591970236
4010	0.131219591970236
4011	0.12668479223735
4012	0.140289191436008
4013	0.122149992504463
4014	0.144823991168895
4015	0.117615192771577
4016	0.131219591970236
4017	0.131219591970236
4018	0.0949411941071452
4019	0.135754391703122
4020	0.194706788230644
4021	0.108545593305804
4022	0.144823991168895
4023	0.135754391703122
4024	0.16296319010044
4025	0.117615192771577
4026	0.117615192771577
4027	0.122149992504463
4028	0.144823991168895
4029	0.117615192771577
4030	0.185637188764872
4031	0.194706788230644
4032	0.167497989833326
4033	0.21284598716219
4034	0.0631975959769411
4035	0.12668479223735
4036	0.140289191436008
4037	0.0813367949084862
4038	0.122149992504463
4039	0.0994759938400316
4040	0.176567589299099
4041	0.0768019951756001
4042	0.122149992504463
4043	0.12668479223735
4044	0.122149992504463
4045	0.0994759938400316
4046	0.135754391703122
4047	0.135754391703122
4048	0.108545593305804
4049	0.144823991168895
4050	0.0949411941071452
4051	0.16296319010044
4052	0.12668479223735
4053	0.176567589299099
4054	0.122149992504463
4055	0.131219591970236
4056	0.108545593305804
4057	0.0813367949084862
4058	0.131219591970236
4059	0.167497989833326
4060	0.172032789566213
4061	0.176567589299099
4062	0.0631975959769411
4063	0.149358790901781
4064	0.090406394374259
4065	0.122149992504463
4066	0.122149992504463
4067	0.108545593305804
4068	0.104010793572918
4069	0.149358790901781
4070	0.131219591970236
4071	0.144823991168895
4072	0.090406394374259
4073	0.176567589299099
4074	0.135754391703122
4075	0.12668479223735
4076	0.12668479223735
4077	0.0722671954427137
4078	0.0949411941071452
4079	0.181102389031985
4080	0.117615192771577
4081	0.122149992504463
4082	0.0677323957098273
4083	0.122149992504463
4084	0.117615192771577
4085	0.131219591970236
4086	0.12668479223735
4087	0.190171988497758
4088	0.153893590634667
4089	0.131219591970236
4090	0.104010793572918
4091	0.131219591970236
4092	0.131219591970236
4093	0.0541279965111683
4094	0.135754391703122
4095	0.131219591970236
4096	0.0586627962440547
4097	0.131219591970236
4098	0.167497989833326
4099	0.0994759938400316
4100	0.131219591970236
4101	0.158428390367554
4102	0.12668479223735
4103	0.140289191436008
4104	0.104010793572918
4105	0.135754391703122
4106	0.108545593305804
4107	0.108545593305804
4108	0.140289191436008
4109	0.181102389031985
4110	0.176567589299099
4111	0.108545593305804
4112	0.131219591970236
4113	0.181102389031985
4114	0.0949411941071452
4115	0.181102389031985
4116	0.185637188764872
4117	0.117615192771577
4118	0.0405235973125093
4119	0.12668479223735
4120	0.113080393038691
4121	0.122149992504463
4122	0.113080393038691
4123	0.167497989833326
4124	0.0858715946413726
4125	0.144823991168895
4126	0.144823991168895
4127	0.108545593305804
4128	0.117615192771577
4129	0.181102389031985
4130	0.140289191436008
4131	0.113080393038691
4132	0.158428390367554
4133	0.140289191436008
4134	0.122149992504463
4135	0.113080393038691
4136	0.135754391703122
4137	0.104010793572918
4138	0.090406394374259
4139	0.140289191436008
4140	0.122149992504463
4141	0.194706788230644
4142	0.190171988497758
4143	0.0586627962440547
4144	0.122149992504463
4145	0.149358790901781
4146	0.176567589299099
4147	0.0949411941071452
4148	0.0949411941071452
4149	0.0949411941071452
4150	0.194706788230644
4151	0.0495931967782821
4152	0.167497989833326
4153	0.104010793572918
4154	0.090406394374259
4155	0.135754391703122
4156	0.135754391703122
4157	0.153893590634667
4158	0.0586627962440547
4159	0.0586627962440547
4160	0.217380786895076
4161	0.0722671954427137
4162	0.153893590634667
4163	0.144823991168895
4164	0.117615192771577
4165	0.0768019951756001
4166	0.104010793572918
4167	0.131219591970236
4168	0.0949411941071452
4169	0.131219591970236
4170	0.199241587963531
4171	0.108545593305804
4172	0.0994759938400316
4173	0.0994759938400316
4174	0.113080393038691
4175	0.0858715946413726
4176	0.0813367949084862
4177	0.0994759938400316
4178	0.149358790901781
4179	0.090406394374259
4180	0.12668479223735
4181	0.153893590634667
4182	0.0858715946413726
4183	0.131219591970236
4184	0.194706788230644
4185	0.0994759938400316
4186	0.117615192771577
4187	0.0677323957098273
4188	0.0994759938400316
4189	0.194706788230644
4190	0.144823991168895
4191	0.0994759938400316
4192	0.122149992504463
4193	0.113080393038691
4194	0.176567589299099
4195	0.113080393038691
4196	0.135754391703122
4197	0.131219591970236
4198	0.0858715946413726
4199	0.12668479223735
4200	0.135754391703122
4201	0.122149992504463
4202	0.131219591970236
4203	0.140289191436008
4204	0.140289191436008
4205	0.122149992504463
4206	0.16296319010044
4207	0.12668479223735
4208	0.144823991168895
4209	0.117615192771577
4210	0.0677323957098273
4211	0.104010793572918
4212	0.0858715946413726
4213	0.149358790901781
4214	0.0450583970453957
4215	0.117615192771577
4216	0.158428390367554
4217	0.185637188764872
4218	0.0858715946413726
4219	0.122149992504463
4220	0.144823991168895
4221	0.0949411941071452
4222	0.0994759938400316
4223	0.0768019951756001
4224	0.172032789566213
4225	0.122149992504463
4226	0.135754391703122
4227	0.208311187429303
4228	0.117615192771577
4229	0.176567589299099
4230	0.104010793572918
4231	0.153893590634667
4232	0.122149992504463
4233	0.153893590634667
4234	0.104010793572918
4235	0.104010793572918
4236	0.0994759938400316
4237	0.0722671954427137
4238	0.104010793572918
4239	0.0994759938400316
4240	0.144823991168895
4241	0.108545593305804
4242	0.158428390367554
4243	0.149358790901781
4244	0.158428390367554
4245	0.0994759938400316
4246	0.149358790901781
4247	0.0858715946413726
4248	0.0994759938400316
4249	0.117615192771577
4250	0.153893590634667
4251	0.113080393038691
4252	0.117615192771577
4253	0.0722671954427137
4254	0.108545593305804
4255	0.104010793572918
4256	0.131219591970236
4257	0.153893590634667
4258	0.12668479223735
4259	0.117615192771577
4260	0.122149992504463
4261	0.158428390367554
4262	0.122149992504463
4263	0.0994759938400316
4264	0.117615192771577
4265	0.131219591970236
4266	0.149358790901781
4267	0.0858715946413726
4268	0.0994759938400316
4269	0.0813367949084862
4270	0.135754391703122
4271	0.12668479223735
4272	0.158428390367554
4273	0.131219591970236
4274	0.0677323957098273
4275	0.149358790901781
4276	0.122149992504463
4277	0.16296319010044
4278	0.131219591970236
4279	0.0314539978467368
4280	0.0768019951756001
4281	0.131219591970236
4282	0.172032789566213
4283	0.108545593305804
4284	0.140289191436008
4285	0.149358790901781
4286	0.153893590634667
4287	0.12668479223735
4288	0.153893590634667
4289	0.104010793572918
4290	0.135754391703122
4291	0.153893590634667
4292	0.104010793572918
4293	0.181102389031985
4294	0.172032789566213
4295	0.117615192771577
4296	0.190171988497758
4297	0.135754391703122
4298	0.0858715946413726
4299	0.158428390367554
4300	0.131219591970236
4301	0.12668479223735
4302	0.190171988497758
4303	0.104010793572918
4304	0.113080393038691
4305	0.144823991168895
4306	0.140289191436008
4307	0.104010793572918
4308	0.140289191436008
4309	0.144823991168895
4310	0.176567589299099
4311	0.0858715946413726
4312	0.167497989833326
4313	0.131219591970236
4314	0.0949411941071452
4315	0.0677323957098273
4316	0.16296319010044
4317	0.090406394374259
4318	0.131219591970236
4319	0.0949411941071452
4320	0.12668479223735
4321	0.135754391703122
4322	0.0541279965111683
4323	0.122149992504463
4324	0.0722671954427137
4325	0.104010793572918
4326	0.149358790901781
4327	0.149358790901781
4328	0.131219591970236
4329	0.12668479223735
4330	0.0768019951756001
4331	0.176567589299099
4332	0.113080393038691
4333	0.149358790901781
4334	0.122149992504463
4335	0.199241587963531
4336	0.149358790901781
4337	0.185637188764872
4338	0.104010793572918
4339	0.0858715946413726
4340	0.144823991168895
4341	0.0495931967782821
4342	0.185637188764872
4343	0.185637188764872
4344	0.0949411941071452
4345	0.144823991168895
4346	0.131219591970236
4347	0.158428390367554
4348	0.140289191436008
4349	0.153893590634667
4350	0.108545593305804
4351	0.0768019951756001
4352	0.135754391703122
4353	0.090406394374259
4354	0.158428390367554
4355	0.0858715946413726
4356	0.12668479223735
4357	0.190171988497758
4358	0.144823991168895
4359	0.0677323957098273
4360	0.140289191436008
4361	0.122149992504463
4362	0.16296319010044
4363	0.16296319010044
4364	0.122149992504463
4365	0.108545593305804
4366	0.0586627962440547
4367	0.0813367949084862
4368	0.0858715946413726
4369	0.122149992504463
4370	0.117615192771577
4371	0.140289191436008
4372	0.090406394374259
4373	0.122149992504463
4374	0.135754391703122
4375	0.12668479223735
4376	0.117615192771577
4377	0.153893590634667
4378	0.0813367949084862
4379	0.0994759938400316
4380	0.131219591970236
4381	0.122149992504463
4382	0.090406394374259
4383	0.113080393038691
4384	0.0858715946413726
4385	0.122149992504463
4386	0.0768019951756001
4387	0.172032789566213
4388	0.108545593305804
4389	0.172032789566213
4390	0.090406394374259
4391	0.158428390367554
4392	0.104010793572918
4393	0.16296319010044
4394	0.149358790901781
4395	0.090406394374259
4396	0.153893590634667
4397	0.0994759938400316
4398	0.176567589299099
4399	0.117615192771577
4400	0.0949411941071452
4401	0.0677323957098273
4402	0.104010793572918
4403	0.104010793572918
4404	0.158428390367554
4405	0.135754391703122
4406	0.090406394374259
4407	0.158428390367554
4408	0.12668479223735
4409	0.117615192771577
4410	0.0949411941071452
4411	0.0768019951756001
4412	0.117615192771577
4413	0.153893590634667
4414	0.122149992504463
4415	0.144823991168895
4416	0.122149992504463
4417	0.104010793572918
4418	0.117615192771577
4419	0.135754391703122
4420	0.12668479223735
4421	0.153893590634667
4422	0.135754391703122
4423	0.153893590634667
4424	0.108545593305804
4425	0.135754391703122
4426	0.117615192771577
4427	0.144823991168895
4428	0.12668479223735
4429	0.0631975959769411
4430	0.0813367949084862
4431	0.0949411941071452
4432	0.199241587963531
4433	0.117615192771577
4434	0.131219591970236
4435	0.0722671954427137
4436	0.117615192771577
4437	0.0813367949084862
4438	0.0813367949084862
4439	0.135754391703122
4440	0.108545593305804
4441	0.153893590634667
4442	0.122149992504463
4443	0.144823991168895
4444	0.108545593305804
4445	0.12668479223735
4446	0.153893590634667
4447	0.153893590634667
4448	0.140289191436008
4449	0.12668479223735
4450	0.153893590634667
4451	0.16296319010044
4452	0.108545593305804
4453	0.140289191436008
4454	0.12668479223735
4455	0.153893590634667
4456	0.153893590634667
4457	0.0994759938400316
4458	0.108545593305804
4459	0.12668479223735
4460	0.122149992504463
4461	0.131219591970236
4462	0.0677323957098273
4463	0.117615192771577
4464	0.0677323957098273
4465	0.158428390367554
4466	0.0994759938400316
4467	0.104010793572918
4468	0.117615192771577
4469	0.104010793572918
4470	0.0813367949084862
4471	0.0949411941071452
4472	0.167497989833326
4473	0.0722671954427137
4474	0.0949411941071452
4475	0.0722671954427137
4476	0.181102389031985
4477	0.181102389031985
4478	0.122149992504463
4479	0.090406394374259
4480	0.0994759938400316
4481	0.194706788230644
4482	0.117615192771577
4483	0.0994759938400316
4484	0.12668479223735
4485	0.149358790901781
4486	0.149358790901781
4487	0.140289191436008
4488	0.167497989833326
4489	0.153893590634667
4490	0.167497989833326
4491	0.16296319010044
4492	0.135754391703122
4493	0.113080393038691
4494	0.140289191436008
4495	0.149358790901781
4496	0.12668479223735
4497	0.167497989833326
4498	0.090406394374259
4499	0.113080393038691
4500	0.104010793572918
4501	0.131219591970236
4502	0.172032789566213
4503	0.0722671954427137
4504	0.0813367949084862
4505	0.0858715946413726
4506	0.131219591970236
4507	0.16296319010044
4508	0.0994759938400316
4509	0.140289191436008
4510	0.131219591970236
4511	0.108545593305804
4512	0.104010793572918
4513	0.104010793572918
4514	0.117615192771577
4515	0.153893590634667
4516	0.0722671954427137
4517	0.167497989833326
4518	0.122149992504463
4519	0.113080393038691
4520	0.153893590634667
4521	0.113080393038691
4522	0.0541279965111683
4523	0.158428390367554
4524	0.113080393038691
4525	0.194706788230644
4526	0.176567589299099
4527	0.149358790901781
4528	0.0722671954427137
4529	0.108545593305804
4530	0.140289191436008
4531	0.131219591970236
4532	0.0949411941071452
4533	0.12668479223735
4534	0.12668479223735
4535	0.12668479223735
4536	0.117615192771577
4537	0.113080393038691
4538	0.104010793572918
4539	0.113080393038691
4540	0.131219591970236
4541	0.0768019951756001
4542	0.0949411941071452
4543	0.0994759938400316
4544	0.131219591970236
4545	0.117615192771577
4546	0.12668479223735
4547	0.122149992504463
4548	0.153893590634667
4549	0.0994759938400316
4550	0.16296319010044
4551	0.0405235973125093
4552	0.104010793572918
4553	0.0631975959769411
4554	0.104010793572918
4555	0.16296319010044
4556	0.135754391703122
4557	0.0949411941071452
4558	0.144823991168895
4559	0.135754391703122
4560	0.108545593305804
4561	0.131219591970236
4562	0.12668479223735
4563	0.149358790901781
4564	0.113080393038691
4565	0.122149992504463
4566	0.158428390367554
4567	0.104010793572918
4568	0.0768019951756001
4569	0.135754391703122
4570	0.167497989833326
4571	0.113080393038691
4572	0.131219591970236
4573	0.0677323957098273
4574	0.149358790901781
4575	0.149358790901781
4576	0.16296319010044
4577	0.194706788230644
4578	0.12668479223735
4579	0.108545593305804
4580	0.0450583970453957
4581	0.149358790901781
4582	0.149358790901781
4583	0.0677323957098273
4584	0.131219591970236
4585	0.0768019951756001
4586	0.0586627962440547
4587	0.140289191436008
4588	0.117615192771577
4589	0.0994759938400316
4590	0.117615192771577
4591	0.090406394374259
4592	0.104010793572918
4593	0.140289191436008
4594	0.104010793572918
4595	0.104010793572918
4596	0.158428390367554
4597	0.0949411941071452
4598	0.0994759938400316
4599	0.131219591970236
4600	0.0858715946413726
4601	0.0768019951756001
4602	0.12668479223735
4603	0.104010793572918
4604	0.149358790901781
4605	0.104010793572918
4606	0.144823991168895
4607	0.104010793572918
4608	0.117615192771577
4609	0.0994759938400316
4610	0.0677323957098273
4611	0.131219591970236
4612	0.104010793572918
4613	0.153893590634667
4614	0.117615192771577
4615	0.140289191436008
4616	0.135754391703122
4617	0.108545593305804
4618	0.090406394374259
4619	0.131219591970236
4620	0.0768019951756001
4621	0.172032789566213
4622	0.131219591970236
4623	0.203776387696417
4624	0.0722671954427137
4625	0.135754391703122
4626	0.0768019951756001
4627	0.0858715946413726
4628	0.090406394374259
4629	0.113080393038691
4630	0.181102389031985
4631	0.113080393038691
4632	0.117615192771577
4633	0.0858715946413726
4634	0.144823991168895
4635	0.12668479223735
4636	0.0722671954427137
4637	0.113080393038691
4638	0.199241587963531
4639	0.190171988497758
4640	0.0541279965111683
4641	0.140289191436008
4642	0.12668479223735
4643	0.0994759938400316
4644	0.153893590634667
4645	0.144823991168895
4646	0.0949411941071452
4647	0.185637188764872
4648	0.167497989833326
4649	0.135754391703122
4650	0.176567589299099
4651	0.108545593305804
4652	0.149358790901781
4653	0.117615192771577
4654	0.12668479223735
4655	0.16296319010044
4656	0.090406394374259
4657	0.144823991168895
4658	0.090406394374259
4659	0.122149992504463
4660	0.122149992504463
4661	0.144823991168895
4662	0.12668479223735
4663	0.0722671954427137
4664	0.113080393038691
4665	0.0768019951756001
4666	0.122149992504463
4667	0.135754391703122
4668	0.153893590634667
4669	0.176567589299099
4670	0.0858715946413726
4671	0.117615192771577
4672	0.113080393038691
4673	0.113080393038691
4674	0.117615192771577
4675	0.12668479223735
4676	0.0858715946413726
4677	0.0813367949084862
4678	0.158428390367554
4679	0.176567589299099
4680	0.185637188764872
4681	0.149358790901781
4682	0.12668479223735
4683	0.16296319010044
4684	0.090406394374259
4685	0.117615192771577
4686	0.181102389031985
4687	0.12668479223735
4688	0.144823991168895
4689	0.140289191436008
4690	0.0994759938400316
4691	0.0631975959769411
4692	0.144823991168895
4693	0.140289191436008
4694	0.12668479223735
4695	0.0768019951756001
4696	0.0677323957098273
4697	0.0949411941071452
4698	0.140289191436008
4699	0.140289191436008
4700	0.144823991168895
4701	0.0949411941071452
4702	0.108545593305804
4703	0.104010793572918
4704	0.153893590634667
4705	0.122149992504463
4706	0.149358790901781
4707	0.158428390367554
4708	0.117615192771577
4709	0.090406394374259
4710	0.131219591970236
4711	0.12668479223735
4712	0.131219591970236
4713	0.149358790901781
4714	0.0858715946413726
4715	0.158428390367554
4716	0.122149992504463
4717	0.131219591970236
4718	0.153893590634667
4719	0.16296319010044
4720	0.108545593305804
4721	0.113080393038691
4722	0.149358790901781
4723	0.153893590634667
4724	0.167497989833326
4725	0.144823991168895
4726	0.158428390367554
4727	0.158428390367554
4728	0.12668479223735
4729	0.0541279965111683
4730	0.12668479223735
4731	0.0631975959769411
4732	0.167497989833326
4733	0.144823991168895
4734	0.149358790901781
4735	0.12668479223735
4736	0.113080393038691
4737	0.104010793572918
4738	0.090406394374259
4739	0.190171988497758
4740	0.0858715946413726
4741	0.12668479223735
4742	0.117615192771577
4743	0.190171988497758
4744	0.153893590634667
4745	0.113080393038691
4746	0.158428390367554
4747	0.149358790901781
4748	0.16296319010044
4749	0.131219591970236
4750	0.0858715946413726
4751	0.0949411941071452
4752	0.131219591970236
4753	0.12668479223735
4754	0.0994759938400316
4755	0.122149992504463
4756	0.153893590634667
4757	0.131219591970236
4758	0.113080393038691
4759	0.108545593305804
4760	0.108545593305804
4761	0.104010793572918
4762	0.0813367949084862
4763	0.140289191436008
4764	0.0994759938400316
4765	0.135754391703122
4766	0.140289191436008
4767	0.0994759938400316
4768	0.0768019951756001
4769	0.0949411941071452
4770	0.0949411941071452
4771	0.140289191436008
4772	0.0586627962440547
4773	0.0994759938400316
4774	0.131219591970236
4775	0.144823991168895
4776	0.131219591970236
4777	0.117615192771577
4778	0.0722671954427137
4779	0.140289191436008
4780	0.140289191436008
4781	0.0994759938400316
4782	0.135754391703122
4783	0.149358790901781
4784	0.140289191436008
4785	0.135754391703122
4786	0.0994759938400316
4787	0.090406394374259
4788	0.0768019951756001
4789	0.122149992504463
4790	0.135754391703122
4791	0.153893590634667
4792	0.135754391703122
4793	0.113080393038691
4794	0.153893590634667
4795	0.122149992504463
4796	0.131219591970236
4797	0.0949411941071452
4798	0.113080393038691
4799	0.181102389031985
4800	0.108545593305804
4801	0.158428390367554
4802	0.131219591970236
4803	0.090406394374259
4804	0.131219591970236
4805	0.12668479223735
4806	0.117615192771577
4807	0.12668479223735
4808	0.113080393038691
4809	0.135754391703122
4810	0.12668479223735
4811	0.090406394374259
4812	0.113080393038691
4813	0.0949411941071452
4814	0.149358790901781
4815	0.158428390367554
4816	0.122149992504463
4817	0.131219591970236
4818	0.090406394374259
4819	0.194706788230644
4820	0.122149992504463
4821	0.158428390367554
4822	0.144823991168895
4823	0.16296319010044
4824	0.0994759938400316
4825	0.16296319010044
4826	0.122149992504463
4827	0.167497989833326
4828	0.131219591970236
4829	0.104010793572918
4830	0.122149992504463
4831	0.0813367949084862
4832	0.176567589299099
4833	0.122149992504463
4834	0.0949411941071452
4835	0.0586627962440547
4836	0.16296319010044
4837	0.172032789566213
4838	0.131219591970236
4839	0.12668479223735
4840	0.122149992504463
4841	0.12668479223735
4842	0.140289191436008
4843	0.176567589299099
4844	0.131219591970236
4845	0.176567589299099
4846	0.0541279965111683
4847	0.12668479223735
4848	0.113080393038691
4849	0.185637188764872
4850	0.185637188764872
4851	0.0631975959769411
4852	0.0949411941071452
4853	0.0813367949084862
4854	0.108545593305804
4855	0.113080393038691
4856	0.0813367949084862
4857	0.135754391703122
4858	0.131219591970236
4859	0.0858715946413726
4860	0.0994759938400316
4861	0.117615192771577
4862	0.135754391703122
4863	0.113080393038691
4864	0.16296319010044
4865	0.172032789566213
4866	0.090406394374259
4867	0.144823991168895
4868	0.172032789566213
4869	0.117615192771577
4870	0.181102389031985
4871	0.181102389031985
4872	0.0722671954427137
4873	0.104010793572918
4874	0.117615192771577
4875	0.0949411941071452
4876	0.194706788230644
4877	0.117615192771577
4878	0.0994759938400316
4879	0.12668479223735
4880	0.190171988497758
4881	0.135754391703122
4882	0.0949411941071452
4883	0.12668479223735
4884	0.117615192771577
4885	0.108545593305804
4886	0.0813367949084862
4887	0.0949411941071452
4888	0.153893590634667
4889	0.158428390367554
4890	0.0949411941071452
4891	0.144823991168895
4892	0.113080393038691
4893	0.108545593305804
4894	0.117615192771577
4895	0.217380786895076
4896	0.113080393038691
4897	0.135754391703122
4898	0.135754391703122
4899	0.122149992504463
4900	0.153893590634667
4901	0.131219591970236
4902	0.140289191436008
4903	0.108545593305804
4904	0.16296319010044
4905	0.122149992504463
4906	0.113080393038691
4907	0.167497989833326
4908	0.113080393038691
4909	0.208311187429303
4910	0.135754391703122
4911	0.140289191436008
4912	0.131219591970236
4913	0.12668479223735
4914	0.117615192771577
4915	0.0722671954427137
4916	0.0949411941071452
4917	0.0949411941071452
4918	0.194706788230644
4919	0.131219591970236
4920	0.117615192771577
4921	0.113080393038691
4922	0.117615192771577
4923	0.144823991168895
4924	0.144823991168895
4925	0.158428390367554
4926	0.12668479223735
4927	0.0677323957098273
4928	0.153893590634667
4929	0.12668479223735
4930	0.122149992504463
4931	0.113080393038691
4932	0.0541279965111683
4933	0.12668479223735
4934	0.131219591970236
4935	0.16296319010044
4936	0.090406394374259
4937	0.104010793572918
4938	0.090406394374259
4939	0.16296319010044
4940	0.117615192771577
4941	0.158428390367554
4942	0.140289191436008
4943	0.12668479223735
4944	0.16296319010044
4945	0.153893590634667
4946	0.140289191436008
4947	0.153893590634667
4948	0.0813367949084862
4949	0.140289191436008
4950	0.140289191436008
4951	0.149358790901781
4952	0.12668479223735
4953	0.131219591970236
4954	0.0813367949084862
4955	0.117615192771577
4956	0.153893590634667
4957	0.199241587963531
4958	0.172032789566213
4959	0.0631975959769411
4960	0.158428390367554
4961	0.16296319010044
4962	0.194706788230644
4963	0.117615192771577
4964	0.090406394374259
4965	0.117615192771577
4966	0.131219591970236
4967	0.113080393038691
4968	0.153893590634667
4969	0.0858715946413726
4970	0.135754391703122
4971	0.117615192771577
4972	0.140289191436008
4973	0.153893590634667
4974	0.117615192771577
4975	0.117615192771577
4976	0.149358790901781
4977	0.113080393038691
4978	0.172032789566213
4979	0.144823991168895
4980	0.176567589299099
4981	0.0949411941071452
4982	0.0858715946413726
4983	0.140289191436008
4984	0.0858715946413726
4985	0.108545593305804
4986	0.140289191436008
4987	0.153893590634667
4988	0.090406394374259
4989	0.190171988497758
4990	0.140289191436008
4991	0.153893590634667
4992	0.104010793572918
4993	0.135754391703122
4994	0.167497989833326
4995	0.0949411941071452
4996	0.0813367949084862
4997	0.0405235973125093
4998	0.122149992504463
4999	0.158428390367554
5000	0.122149992504463
5001	0.172032789566213
5002	0.104010793572918
5003	0.135754391703122
5004	0.0858715946413726
5005	0.117615192771577
5006	0.140289191436008
5007	0.113080393038691
5008	0.158428390367554
5009	0.0813367949084862
5010	0.131219591970236
5011	0.108545593305804
5012	0.172032789566213
5013	0.122149992504463
5014	0.104010793572918
5015	0.0631975959769411
5016	0.090406394374259
5017	0.108545593305804
5018	0.172032789566213
5019	0.131219591970236
5020	0.131219591970236
5021	0.140289191436008
5022	0.16296319010044
5023	0.108545593305804
5024	0.0586627962440547
5025	0.135754391703122
5026	0.176567589299099
5027	0.144823991168895
5028	0.135754391703122
5029	0.104010793572918
5030	0.0858715946413726
5031	0.0949411941071452
5032	0.140289191436008
5033	0.158428390367554
5034	0.090406394374259
5035	0.113080393038691
5036	0.12668479223735
5037	0.0677323957098273
5038	0.172032789566213
5039	0.172032789566213
5040	0.108545593305804
5041	0.176567589299099
5042	0.135754391703122
5043	0.117615192771577
5044	0.108545593305804
5045	0.12668479223735
5046	0.144823991168895
5047	0.117615192771577
5048	0.131219591970236
5049	0.131219591970236
5050	0.167497989833326
5051	0.108545593305804
5052	0.108545593305804
5053	0.0949411941071452
5054	0.0541279965111683
5055	0.117615192771577
5056	0.0858715946413726
5057	0.16296319010044
5058	0.0768019951756001
5059	0.113080393038691
5060	0.108545593305804
5061	0.140289191436008
5062	0.131219591970236
5063	0.0722671954427137
5064	0.122149992504463
5065	0.144823991168895
5066	0.0994759938400316
5067	0.0994759938400316
5068	0.158428390367554
5069	0.158428390367554
5070	0.104010793572918
5071	0.122149992504463
5072	0.0722671954427137
5073	0.172032789566213
5074	0.149358790901781
5075	0.0949411941071452
5076	0.113080393038691
5077	0.172032789566213
5078	0.140289191436008
5079	0.176567589299099
5080	0.167497989833326
5081	0.131219591970236
5082	0.131219591970236
5083	0.135754391703122
5084	0.117615192771577
5085	0.0858715946413726
5086	0.158428390367554
5087	0.0994759938400316
5088	0.12668479223735
5089	0.122149992504463
5090	0.21284598716219
5091	0.117615192771577
5092	0.149358790901781
5093	0.153893590634667
5094	0.104010793572918
5095	0.172032789566213
5096	0.0994759938400316
5097	0.181102389031985
5098	0.167497989833326
5099	0.153893590634667
5100	0.153893590634667
5101	0.108545593305804
5102	0.158428390367554
5103	0.117615192771577
5104	0.0949411941071452
5105	0.090406394374259
5106	0.113080393038691
5107	0.0994759938400316
5108	0.113080393038691
5109	0.12668479223735
5110	0.12668479223735
5111	0.0768019951756001
5112	0.176567589299099
5113	0.144823991168895
5114	0.190171988497758
5115	0.140289191436008
5116	0.12668479223735
5117	0.104010793572918
5118	0.117615192771577
5119	0.0858715946413726
5120	0.140289191436008
5121	0.108545593305804
5122	0.122149992504463
5123	0.117615192771577
5124	0.090406394374259
5125	0.167497989833326
5126	0.0858715946413726
5127	0.117615192771577
5128	0.172032789566213
5129	0.172032789566213
5130	0.176567589299099
5131	0.158428390367554
5132	0.135754391703122
5133	0.144823991168895
5134	0.149358790901781
5135	0.144823991168895
5136	0.0813367949084862
5137	0.0858715946413726
5138	0.108545593305804
5139	0.108545593305804
5140	0.0677323957098273
5141	0.0858715946413726
5142	0.117615192771577
5143	0.199241587963531
5144	0.0994759938400316
5145	0.16296319010044
5146	0.131219591970236
5147	0.158428390367554
5148	0.16296319010044
5149	0.0949411941071452
5150	0.172032789566213
5151	0.0541279965111683
5152	0.190171988497758
5153	0.199241587963531
5154	0.0949411941071452
5155	0.117615192771577
5156	0.140289191436008
5157	0.16296319010044
5158	0.104010793572918
5159	0.131219591970236
5160	0.113080393038691
5161	0.153893590634667
5162	0.176567589299099
5163	0.16296319010044
5164	0.090406394374259
5165	0.12668479223735
5166	0.131219591970236
5167	0.149358790901781
5168	0.144823991168895
5169	0.113080393038691
5170	0.158428390367554
5171	0.12668479223735
5172	0.140289191436008
5173	0.203776387696417
5174	0.135754391703122
5175	0.140289191436008
5176	0.140289191436008
5177	0.090406394374259
5178	0.0949411941071452
5179	0.104010793572918
5180	0.113080393038691
5181	0.0813367949084862
5182	0.135754391703122
5183	0.104010793572918
5184	0.144823991168895
5185	0.0722671954427137
5186	0.16296319010044
5187	0.190171988497758
5188	0.190171988497758
5189	0.16296319010044
5190	0.140289191436008
5191	0.0813367949084862
5192	0.0495931967782821
5193	0.149358790901781
5194	0.108545593305804
5195	0.104010793572918
5196	0.176567589299099
5197	0.140289191436008
5198	0.140289191436008
5199	0.153893590634667
5200	0.108545593305804
5201	0.117615192771577
5202	0.144823991168895
5203	0.122149992504463
5204	0.108545593305804
5205	0.172032789566213
5206	0.16296319010044
5207	0.0858715946413726
5208	0.176567589299099
5209	0.153893590634667
5210	0.140289191436008
5211	0.158428390367554
5212	0.0949411941071452
5213	0.090406394374259
5214	0.144823991168895
5215	0.0949411941071452
5216	0.172032789566213
5217	0.122149992504463
5218	0.117615192771577
5219	0.158428390367554
5220	0.12668479223735
5221	0.122149992504463
5222	0.135754391703122
5223	0.149358790901781
5224	0.167497989833326
5225	0.131219591970236
5226	0.153893590634667
5227	0.113080393038691
5228	0.0949411941071452
5229	0.149358790901781
5230	0.149358790901781
5231	0.0858715946413726
5232	0.108545593305804
5233	0.16296319010044
5234	0.144823991168895
5235	0.0994759938400316
5236	0.135754391703122
5237	0.12668479223735
5238	0.0768019951756001
5239	0.113080393038691
5240	0.153893590634667
5241	0.0994759938400316
5242	0.117615192771577
5243	0.0813367949084862
5244	0.135754391703122
5245	0.0994759938400316
5246	0.12668479223735
5247	0.108545593305804
5248	0.0768019951756001
5249	0.158428390367554
5250	0.104010793572918
5251	0.117615192771577
5252	0.144823991168895
5253	0.0541279965111683
5254	0.135754391703122
5255	0.0858715946413726
5256	0.108545593305804
5257	0.135754391703122
5258	0.185637188764872
5259	0.131219591970236
5260	0.12668479223735
5261	0.144823991168895
5262	0.0631975959769411
5263	0.0813367949084862
5264	0.144823991168895
5265	0.135754391703122
5266	0.190171988497758
5267	0.0813367949084862
5268	0.122149992504463
5269	0.117615192771577
5270	0.0722671954427137
5271	0.144823991168895
5272	0.0586627962440547
5273	0.12668479223735
5274	0.12668479223735
5275	0.0858715946413726
5276	0.0722671954427137
5277	0.113080393038691
5278	0.0994759938400316
5279	0.108545593305804
5280	0.158428390367554
5281	0.131219591970236
5282	0.0994759938400316
5283	0.122149992504463
5284	0.117615192771577
5285	0.0722671954427137
5286	0.0813367949084862
5287	0.122149992504463
5288	0.140289191436008
5289	0.144823991168895
5290	0.131219591970236
5291	0.144823991168895
5292	0.090406394374259
5293	0.12668479223735
5294	0.0631975959769411
5295	0.0994759938400316
5296	0.113080393038691
5297	0.135754391703122
5298	0.122149992504463
5299	0.0949411941071452
5300	0.16296319010044
5301	0.16296319010044
5302	0.158428390367554
5303	0.0768019951756001
5304	0.153893590634667
5305	0.131219591970236
5306	0.144823991168895
5307	0.144823991168895
5308	0.140289191436008
5309	0.185637188764872
5310	0.113080393038691
5311	0.0949411941071452
5312	0.131219591970236
5313	0.0768019951756001
5314	0.140289191436008
5315	0.0813367949084862
5316	0.117615192771577
5317	0.108545593305804
5318	0.0813367949084862
5319	0.172032789566213
5320	0.0768019951756001
5321	0.0813367949084862
5322	0.0677323957098273
5323	0.104010793572918
5324	0.12668479223735
5325	0.16296319010044
5326	0.135754391703122
5327	0.122149992504463
5328	0.0858715946413726
5329	0.131219591970236
5330	0.104010793572918
5331	0.0858715946413726
5332	0.0586627962440547
5333	0.167497989833326
5334	0.203776387696417
5335	0.181102389031985
5336	0.135754391703122
5337	0.153893590634667
5338	0.0722671954427137
5339	0.122149992504463
5340	0.113080393038691
5341	0.135754391703122
5342	0.181102389031985
5343	0.135754391703122
5344	0.090406394374259
5345	0.104010793572918
5346	0.0949411941071452
5347	0.117615192771577
5348	0.0994759938400316
5349	0.131219591970236
5350	0.122149992504463
5351	0.153893590634667
5352	0.140289191436008
5353	0.158428390367554
5354	0.135754391703122
5355	0.108545593305804
5356	0.167497989833326
5357	0.131219591970236
5358	0.108545593305804
5359	0.181102389031985
5360	0.12668479223735
5361	0.144823991168895
5362	0.108545593305804
5363	0.12668479223735
5364	0.104010793572918
5365	0.12668479223735
5366	0.190171988497758
5367	0.16296319010044
5368	0.153893590634667
5369	0.113080393038691
5370	0.172032789566213
5371	0.153893590634667
5372	0.140289191436008
5373	0.090406394374259
5374	0.144823991168895
5375	0.0813367949084862
5376	0.122149992504463
5377	0.0949411941071452
5378	0.108545593305804
5379	0.144823991168895
5380	0.199241587963531
5381	0.140289191436008
5382	0.149358790901781
5383	0.122149992504463
5384	0.16296319010044
5385	0.185637188764872
5386	0.0994759938400316
5387	0.144823991168895
5388	0.144823991168895
5389	0.12668479223735
5390	0.131219591970236
5391	0.117615192771577
5392	0.153893590634667
5393	0.0949411941071452
5394	0.135754391703122
5395	0.144823991168895
5396	0.117615192771577
5397	0.158428390367554
5398	0.0949411941071452
5399	0.0858715946413726
5400	0.12668479223735
5401	0.108545593305804
5402	0.144823991168895
5403	0.113080393038691
5404	0.167497989833326
5405	0.144823991168895
5406	0.140289191436008
5407	0.135754391703122
5408	0.144823991168895
5409	0.090406394374259
5410	0.144823991168895
5411	0.226450386360849
5412	0.158428390367554
5413	0.203776387696417
5414	0.0541279965111683
5415	0.153893590634667
5416	0.153893590634667
5417	0.117615192771577
5418	0.122149992504463
5419	0.172032789566213
5420	0.131219591970236
5421	0.0994759938400316
5422	0.122149992504463
5423	0.104010793572918
5424	0.122149992504463
5425	0.140289191436008
5426	0.158428390367554
5427	0.153893590634667
5428	0.117615192771577
5429	0.113080393038691
5430	0.0994759938400316
5431	0.0858715946413726
5432	0.108545593305804
5433	0.108545593305804
5434	0.144823991168895
5435	0.122149992504463
5436	0.0677323957098273
5437	0.140289191436008
5438	0.12668479223735
5439	0.0858715946413726
5440	0.153893590634667
5441	0.172032789566213
5442	0.108545593305804
5443	0.12668479223735
5444	0.149358790901781
5445	0.131219591970236
5446	0.104010793572918
5447	0.172032789566213
5448	0.0450583970453957
5449	0.104010793572918
5450	0.104010793572918
5451	0.113080393038691
5452	0.0994759938400316
5453	0.0994759938400316
5454	0.172032789566213
5455	0.117615192771577
5456	0.203776387696417
5457	0.135754391703122
5458	0.144823991168895
5459	0.16296319010044
5460	0.113080393038691
5461	0.135754391703122
5462	0.16296319010044
5463	0.135754391703122
5464	0.149358790901781
5465	0.16296319010044
5466	0.104010793572918
5467	0.0768019951756001
5468	0.140289191436008
5469	0.113080393038691
5470	0.117615192771577
5471	0.0677323957098273
5472	0.167497989833326
5473	0.158428390367554
5474	0.0813367949084862
5475	0.190171988497758
5476	0.108545593305804
5477	0.140289191436008
5478	0.0994759938400316
5479	0.135754391703122
5480	0.0949411941071452
5481	0.12668479223735
5482	0.0858715946413726
5483	0.0858715946413726
5484	0.135754391703122
5485	0.0813367949084862
5486	0.140289191436008
5487	0.0994759938400316
5488	0.122149992504463
5489	0.113080393038691
5490	0.113080393038691
5491	0.199241587963531
5492	0.117615192771577
5493	0.0586627962440547
5494	0.135754391703122
5495	0.131219591970236
5496	0.117615192771577
5497	0.0768019951756001
5498	0.113080393038691
5499	0.0994759938400316
5500	0.176567589299099
5501	0.0405235973125093
5502	0.12668479223735
5503	0.190171988497758
5504	0.135754391703122
5505	0.0949411941071452
5506	0.153893590634667
5507	0.0495931967782821
5508	0.0994759938400316
5509	0.131219591970236
5510	0.185637188764872
5511	0.135754391703122
5512	0.12668479223735
5513	0.0994759938400316
5514	0.113080393038691
5515	0.131219591970236
5516	0.0768019951756001
5517	0.0949411941071452
5518	0.131219591970236
5519	0.12668479223735
5520	0.135754391703122
5521	0.158428390367554
5522	0.167497989833326
5523	0.12668479223735
5524	0.0269191981138504
5525	0.0631975959769411
5526	0.185637188764872
5527	0.0858715946413726
5528	0.108545593305804
5529	0.0813367949084862
5530	0.122149992504463
5531	0.122149992504463
5532	0.117615192771577
5533	0.108545593305804
5534	0.0858715946413726
5535	0.113080393038691
5536	0.131219591970236
5537	0.135754391703122
5538	0.12668479223735
5539	0.158428390367554
5540	0.104010793572918
5541	0.158428390367554
5542	0.12668479223735
5543	0.0813367949084862
5544	0.131219591970236
5545	0.104010793572918
5546	0.0994759938400316
5547	0.131219591970236
5548	0.117615192771577
5549	0.12668479223735
5550	0.158428390367554
5551	0.135754391703122
5552	0.117615192771577
5553	0.131219591970236
5554	0.104010793572918
5555	0.135754391703122
5556	0.090406394374259
5557	0.104010793572918
5558	0.131219591970236
5559	0.176567589299099
5560	0.135754391703122
5561	0.0722671954427137
5562	0.144823991168895
5563	0.117615192771577
5564	0.131219591970236
5565	0.090406394374259
5566	0.113080393038691
5567	0.16296319010044
5568	0.149358790901781
5569	0.12668479223735
5570	0.0722671954427137
5571	0.0359887975796231
5572	0.104010793572918
5573	0.108545593305804
5574	0.108545593305804
5575	0.0541279965111683
5576	0.108545593305804
5577	0.135754391703122
5578	0.113080393038691
5579	0.090406394374259
5580	0.0949411941071452
5581	0.122149992504463
5582	0.135754391703122
5583	0.12668479223735
5584	0.140289191436008
5585	0.0949411941071452
5586	0.0586627962440547
5587	0.117615192771577
5588	0.153893590634667
5589	0.122149992504463
5590	0.104010793572918
5591	0.090406394374259
5592	0.117615192771577
5593	0.108545593305804
5594	0.176567589299099
5595	0.135754391703122
5596	0.167497989833326
5597	0.0813367949084862
5598	0.113080393038691
5599	0.090406394374259
5600	0.113080393038691
5601	0.0631975959769411
5602	0.0858715946413726
5603	0.135754391703122
5604	0.108545593305804
5605	0.113080393038691
5606	0.108545593305804
5607	0.140289191436008
5608	0.117615192771577
5609	0.0631975959769411
5610	0.144823991168895
5611	0.113080393038691
5612	0.158428390367554
5613	0.0722671954427137
5614	0.090406394374259
5615	0.104010793572918
5616	0.0949411941071452
5617	0.149358790901781
5618	0.090406394374259
5619	0.176567589299099
5620	0.0994759938400316
5621	0.167497989833326
5622	0.0813367949084862
5623	0.0541279965111683
5624	0.153893590634667
5625	0.144823991168895
5626	0.158428390367554
5627	0.167497989833326
5628	0.0768019951756001
5629	0.16296319010044
5630	0.104010793572918
5631	0.167497989833326
5632	0.149358790901781
5633	0.0541279965111683
5634	0.181102389031985
5635	0.131219591970236
5636	0.0994759938400316
5637	0.0631975959769411
5638	0.117615192771577
5639	0.122149992504463
5640	0.181102389031985
5641	0.117615192771577
5642	0.131219591970236
5643	0.12668479223735
5644	0.135754391703122
5645	0.149358790901781
5646	0.140289191436008
5647	0.0858715946413726
5648	0.117615192771577
5649	0.0722671954427137
5650	0.12668479223735
5651	0.194706788230644
5652	0.122149992504463
5653	0.113080393038691
5654	0.149358790901781
5655	0.117615192771577
5656	0.144823991168895
5657	0.144823991168895
5658	0.090406394374259
5659	0.0586627962440547
5660	0.172032789566213
5661	0.108545593305804
5662	0.0813367949084862
5663	0.135754391703122
5664	0.135754391703122
5665	0.167497989833326
5666	0.117615192771577
5667	0.108545593305804
5668	0.153893590634667
5669	0.117615192771577
5670	0.117615192771577
5671	0.122149992504463
5672	0.0858715946413726
5673	0.122149992504463
5674	0.117615192771577
5675	0.172032789566213
5676	0.108545593305804
5677	0.090406394374259
5678	0.090406394374259
5679	0.108545593305804
5680	0.108545593305804
5681	0.149358790901781
5682	0.181102389031985
5683	0.131219591970236
5684	0.0949411941071452
5685	0.16296319010044
5686	0.12668479223735
5687	0.0768019951756001
5688	0.122149992504463
5689	0.0994759938400316
5690	0.181102389031985
5691	0.167497989833326
5692	0.122149992504463
5693	0.0858715946413726
5694	0.104010793572918
5695	0.12668479223735
5696	0.0722671954427137
5697	0.117615192771577
5698	0.158428390367554
5699	0.140289191436008
5700	0.185637188764872
5701	0.12668479223735
5702	0.0768019951756001
5703	0.149358790901781
5704	0.0813367949084862
5705	0.113080393038691
5706	0.108545593305804
5707	0.131219591970236
5708	0.135754391703122
5709	0.108545593305804
5710	0.0813367949084862
5711	0.12668479223735
5712	0.0405235973125093
5713	0.104010793572918
5714	0.090406394374259
5715	0.131219591970236
5716	0.117615192771577
5717	0.0813367949084862
5718	0.131219591970236
5719	0.108545593305804
5720	0.176567589299099
5721	0.0858715946413726
5722	0.117615192771577
5723	0.135754391703122
5724	0.0949411941071452
5725	0.113080393038691
5726	0.158428390367554
5727	0.153893590634667
5728	0.113080393038691
5729	0.122149992504463
5730	0.108545593305804
5731	0.144823991168895
5732	0.0813367949084862
5733	0.090406394374259
5734	0.0631975959769411
5735	0.140289191436008
5736	0.113080393038691
5737	0.12668479223735
5738	0.0722671954427137
5739	0.16296319010044
5740	0.153893590634667
5741	0.158428390367554
5742	0.135754391703122
5743	0.226450386360849
5744	0.144823991168895
5745	0.12668479223735
5746	0.0768019951756001
5747	0.104010793572918
5748	0.090406394374259
5749	0.12668479223735
5750	0.131219591970236
5751	0.149358790901781
5752	0.090406394374259
5753	0.0722671954427137
5754	0.12668479223735
5755	0.0949411941071452
5756	0.0631975959769411
5757	0.149358790901781
5758	0.176567589299099
5759	0.131219591970236
5760	0.108545593305804
5761	0.181102389031985
5762	0.131219591970236
5763	0.113080393038691
5764	0.16296319010044
5765	0.16296319010044
5766	0.0722671954427137
5767	0.0631975959769411
5768	0.113080393038691
5769	0.190171988497758
5770	0.158428390367554
5771	0.113080393038691
5772	0.117615192771577
5773	0.153893590634667
5774	0.176567589299099
5775	0.226450386360849
5776	0.0586627962440547
5777	0.16296319010044
5778	0.140289191436008
5779	0.172032789566213
5780	0.0631975959769411
5781	0.12668479223735
5782	0.12668479223735
5783	0.117615192771577
5784	0.0722671954427137
5785	0.0949411941071452
5786	0.108545593305804
5787	0.144823991168895
5788	0.0858715946413726
5789	0.0677323957098273
5790	0.122149992504463
5791	0.090406394374259
5792	0.149358790901781
5793	0.131219591970236
5794	0.0994759938400316
5795	0.0722671954427137
5796	0.12668479223735
5797	0.0768019951756001
5798	0.149358790901781
5799	0.090406394374259
5800	0.108545593305804
5801	0.131219591970236
5802	0.172032789566213
5803	0.131219591970236
5804	0.12668479223735
5805	0.0631975959769411
5806	0.135754391703122
5807	0.149358790901781
5808	0.21284598716219
5809	0.181102389031985
5810	0.135754391703122
5811	0.203776387696417
5812	0.090406394374259
5813	0.0722671954427137
5814	0.167497989833326
5815	0.153893590634667
5816	0.158428390367554
5817	0.113080393038691
5818	0.176567589299099
5819	0.190171988497758
5820	0.167497989833326
5821	0.149358790901781
5822	0.176567589299099
5823	0.135754391703122
5824	0.167497989833326
5825	0.0858715946413726
5826	0.090406394374259
5827	0.140289191436008
5828	0.108545593305804
5829	0.172032789566213
5830	0.176567589299099
5831	0.104010793572918
5832	0.140289191436008
5833	0.113080393038691
5834	0.108545593305804
5835	0.117615192771577
5836	0.167497989833326
5837	0.140289191436008
5838	0.149358790901781
5839	0.090406394374259
5840	0.135754391703122
5841	0.117615192771577
5842	0.108545593305804
5843	0.117615192771577
5844	0.0813367949084862
5845	0.104010793572918
5846	0.131219591970236
5847	0.117615192771577
5848	0.113080393038691
5849	0.117615192771577
5850	0.185637188764872
5851	0.090406394374259
5852	0.172032789566213
5853	0.0949411941071452
5854	0.0722671954427137
5855	0.153893590634667
5856	0.135754391703122
5857	0.117615192771577
5858	0.117615192771577
5859	0.12668479223735
5860	0.144823991168895
5861	0.144823991168895
5862	0.108545593305804
5863	0.140289191436008
5864	0.108545593305804
5865	0.108545593305804
5866	0.185637188764872
5867	0.0813367949084862
5868	0.144823991168895
5869	0.131219591970236
5870	0.149358790901781
5871	0.167497989833326
5872	0.090406394374259
5873	0.16296319010044
5874	0.0768019951756001
5875	0.131219591970236
5876	0.0813367949084862
5877	0.117615192771577
5878	0.135754391703122
5879	0.117615192771577
5880	0.108545593305804
5881	0.153893590634667
5882	0.0949411941071452
5883	0.0677323957098273
5884	0.131219591970236
5885	0.104010793572918
5886	0.12668479223735
5887	0.0722671954427137
5888	0.104010793572918
5889	0.117615192771577
5890	0.12668479223735
5891	0.0949411941071452
5892	0.108545593305804
5893	0.090406394374259
5894	0.117615192771577
5895	0.0994759938400316
5896	0.104010793572918
5897	0.149358790901781
5898	0.122149992504463
5899	0.0722671954427137
5900	0.140289191436008
5901	0.0994759938400316
5902	0.131219591970236
5903	0.167497989833326
5904	0.140289191436008
5905	0.0994759938400316
5906	0.0813367949084862
5907	0.113080393038691
5908	0.117615192771577
5909	0.167497989833326
5910	0.108545593305804
5911	0.140289191436008
5912	0.181102389031985
5913	0.131219591970236
5914	0.0450583970453957
5915	0.122149992504463
5916	0.117615192771577
5917	0.0858715946413726
5918	0.190171988497758
5919	0.140289191436008
5920	0.0813367949084862
5921	0.172032789566213
5922	0.208311187429303
5923	0.144823991168895
5924	0.090406394374259
5925	0.0858715946413726
5926	0.144823991168895
5927	0.16296319010044
5928	0.149358790901781
5929	0.172032789566213
5930	0.113080393038691
5931	0.113080393038691
5932	0.12668479223735
5933	0.0813367949084862
5934	0.117615192771577
5935	0.149358790901781
5936	0.153893590634667
5937	0.104010793572918
5938	0.140289191436008
5939	0.12668479223735
5940	0.104010793572918
5941	0.131219591970236
5942	0.194706788230644
5943	0.0949411941071452
5944	0.144823991168895
5945	0.140289191436008
5946	0.12668479223735
5947	0.090406394374259
5948	0.135754391703122
5949	0.0994759938400316
5950	0.135754391703122
5951	0.153893590634667
5952	0.090406394374259
5953	0.12668479223735
5954	0.0994759938400316
5955	0.12668479223735
5956	0.190171988497758
5957	0.158428390367554
5958	0.113080393038691
5959	0.149358790901781
5960	0.108545593305804
5961	0.113080393038691
5962	0.108545593305804
5963	0.117615192771577
5964	0.12668479223735
5965	0.135754391703122
5966	0.149358790901781
5967	0.122149992504463
5968	0.0813367949084862
5969	0.153893590634667
5970	0.104010793572918
5971	0.122149992504463
5972	0.122149992504463
5973	0.122149992504463
5974	0.144823991168895
5975	0.135754391703122
5976	0.108545593305804
5977	0.140289191436008
5978	0.117615192771577
5979	0.0631975959769411
5980	0.117615192771577
5981	0.135754391703122
5982	0.117615192771577
5983	0.144823991168895
5984	0.0994759938400316
5985	0.113080393038691
5986	0.172032789566213
5987	0.0541279965111683
5988	0.167497989833326
5989	0.185637188764872
5990	0.158428390367554
5991	0.0677323957098273
5992	0.131219591970236
5993	0.12668479223735
5994	0.113080393038691
5995	0.135754391703122
5996	0.0994759938400316
5997	0.0858715946413726
5998	0.104010793572918
5999	0.108545593305804
6000	0.16296319010044
6001	0.185637188764872
6002	0.0813367949084862
6003	0.117615192771577
6004	0.122149992504463
6005	0.0722671954427137
6006	0.190171988497758
6007	0.135754391703122
6008	0.12668479223735
6009	0.135754391703122
6010	0.117615192771577
6011	0.153893590634667
6012	0.0768019951756001
6013	0.135754391703122
6014	0.203776387696417
6015	0.176567589299099
6016	0.16296319010044
6017	0.131219591970236
6018	0.16296319010044
6019	0.090406394374259
6020	0.113080393038691
6021	0.144823991168895
6022	0.172032789566213
6023	0.113080393038691
6024	0.0631975959769411
6025	0.16296319010044
6026	0.117615192771577
6027	0.0450583970453957
6028	0.149358790901781
6029	0.108545593305804
6030	0.0495931967782821
6031	0.104010793572918
6032	0.0768019951756001
6033	0.117615192771577
6034	0.135754391703122
6035	0.12668479223735
6036	0.090406394374259
6037	0.104010793572918
6038	0.104010793572918
6039	0.113080393038691
6040	0.135754391703122
6041	0.122149992504463
6042	0.131219591970236
6043	0.117615192771577
6044	0.140289191436008
6045	0.0994759938400316
6046	0.0586627962440547
6047	0.0858715946413726
6048	0.0858715946413726
6049	0.113080393038691
6050	0.108545593305804
6051	0.0858715946413726
6052	0.0450583970453957
6053	0.104010793572918
6054	0.117615192771577
6055	0.144823991168895
6056	0.0677323957098273
6057	0.135754391703122
6058	0.117615192771577
6059	0.12668479223735
6060	0.0813367949084862
6061	0.140289191436008
6062	0.0631975959769411
6063	0.122149992504463
6064	0.12668479223735
6065	0.158428390367554
6066	0.167497989833326
6067	0.12668479223735
6068	0.113080393038691
6069	0.122149992504463
6070	0.135754391703122
6071	0.090406394374259
6072	0.122149992504463
6073	0.108545593305804
6074	0.16296319010044
6075	0.153893590634667
6076	0.144823991168895
6077	0.153893590634667
6078	0.135754391703122
6079	0.140289191436008
6080	0.131219591970236
6081	0.104010793572918
6082	0.108545593305804
6083	0.0994759938400316
6084	0.122149992504463
6085	0.122149992504463
6086	0.104010793572918
6087	0.153893590634667
6088	0.131219591970236
6089	0.0994759938400316
6090	0.153893590634667
6091	0.0949411941071452
6092	0.0586627962440547
6093	0.221915586627962
6094	0.0949411941071452
6095	0.090406394374259
6096	0.149358790901781
6097	0.144823991168895
6098	0.0994759938400316
6099	0.16296319010044
6100	0.140289191436008
6101	0.0858715946413726
6102	0.131219591970236
6103	0.108545593305804
6104	0.16296319010044
6105	0.0405235973125093
6106	0.0359887975796231
6107	0.0858715946413726
6108	0.117615192771577
6109	0.140289191436008
6110	0.153893590634667
6111	0.149358790901781
6112	0.104010793572918
6113	0.0677323957098273
6114	0.104010793572918
6115	0.0541279965111683
6116	0.140289191436008
6117	0.117615192771577
6118	0.0677323957098273
6119	0.140289191436008
6120	0.122149992504463
6121	0.0994759938400316
6122	0.167497989833326
6123	0.144823991168895
6124	0.0768019951756001
6125	0.0677323957098273
6126	0.140289191436008
6127	0.113080393038691
6128	0.113080393038691
6129	0.158428390367554
6130	0.0495931967782821
6131	0.149358790901781
6132	0.0677323957098273
6133	0.149358790901781
6134	0.0949411941071452
6135	0.16296319010044
6136	0.149358790901781
6137	0.190171988497758
6138	0.12668479223735
6139	0.117615192771577
6140	0.0677323957098273
6141	0.167497989833326
6142	0.0949411941071452
6143	0.153893590634667
6144	0.140289191436008
6145	0.0677323957098273
6146	0.104010793572918
6147	0.113080393038691
6148	0.113080393038691
6149	0.104010793572918
6150	0.131219591970236
6151	0.144823991168895
6152	0.0949411941071452
6153	0.122149992504463
6154	0.131219591970236
6155	0.185637188764872
6156	0.117615192771577
6157	0.131219591970236
6158	0.0994759938400316
6159	0.149358790901781
6160	0.0994759938400316
6161	0.131219591970236
6162	0.104010793572918
6163	0.144823991168895
6164	0.0858715946413726
6165	0.144823991168895
6166	0.0994759938400316
6167	0.0994759938400316
6168	0.113080393038691
6169	0.0768019951756001
6170	0.149358790901781
6171	0.172032789566213
6172	0.122149992504463
6173	0.135754391703122
6174	0.108545593305804
6175	0.0677323957098273
6176	0.122149992504463
6177	0.122149992504463
6178	0.140289191436008
6179	0.0994759938400316
6180	0.221915586627962
6181	0.135754391703122
6182	0.144823991168895
6183	0.135754391703122
6184	0.0450583970453957
6185	0.194706788230644
6186	0.117615192771577
6187	0.113080393038691
6188	0.135754391703122
6189	0.090406394374259
6190	0.135754391703122
6191	0.140289191436008
6192	0.16296319010044
6193	0.0314539978467368
6194	0.0858715946413726
6195	0.172032789566213
6196	0.167497989833326
6197	0.104010793572918
6198	0.144823991168895
6199	0.0949411941071452
6200	0.0994759938400316
6201	0.104010793572918
6202	0.122149992504463
6203	0.135754391703122
6204	0.12668479223735
6205	0.104010793572918
6206	0.153893590634667
6207	0.0858715946413726
6208	0.12668479223735
6209	0.181102389031985
6210	0.0858715946413726
6211	0.140289191436008
6212	0.0994759938400316
6213	0.117615192771577
6214	0.131219591970236
6215	0.131219591970236
6216	0.181102389031985
6217	0.203776387696417
6218	0.158428390367554
6219	0.117615192771577
6220	0.131219591970236
6221	0.090406394374259
6222	0.16296319010044
6223	0.0858715946413726
6224	0.0858715946413726
6225	0.153893590634667
6226	0.131219591970236
6227	0.16296319010044
6228	0.117615192771577
6229	0.0677323957098273
6230	0.135754391703122
6231	0.090406394374259
6232	0.149358790901781
6233	0.131219591970236
6234	0.108545593305804
6235	0.113080393038691
6236	0.117615192771577
6237	0.0858715946413726
6238	0.144823991168895
6239	0.153893590634667
6240	0.0949411941071452
6241	0.167497989833326
6242	0.144823991168895
6243	0.12668479223735
6244	0.0722671954427137
6245	0.0994759938400316
6246	0.144823991168895
6247	0.135754391703122
6248	0.0949411941071452
6249	0.0994759938400316
6250	0.0994759938400316
6251	0.0858715946413726
6252	0.108545593305804
6253	0.0813367949084862
6254	0.135754391703122
6255	0.0994759938400316
6256	0.176567589299099
6257	0.167497989833326
6258	0.0949411941071452
6259	0.108545593305804
6260	0.149358790901781
6261	0.104010793572918
6262	0.140289191436008
6263	0.176567589299099
6264	0.12668479223735
6265	0.131219591970236
6266	0.090406394374259
6267	0.104010793572918
6268	0.172032789566213
6269	0.131219591970236
6270	0.122149992504463
6271	0.0858715946413726
6272	0.0949411941071452
6273	0.113080393038691
6274	0.149358790901781
6275	0.149358790901781
6276	0.172032789566213
6277	0.0768019951756001
6278	0.172032789566213
6279	0.153893590634667
6280	0.0858715946413726
6281	0.108545593305804
6282	0.149358790901781
6283	0.149358790901781
6284	0.108545593305804
6285	0.16296319010044
6286	0.158428390367554
6287	0.16296319010044
6288	0.104010793572918
6289	0.135754391703122
6290	0.113080393038691
6291	0.144823991168895
6292	0.135754391703122
6293	0.140289191436008
6294	0.131219591970236
6295	0.172032789566213
6296	0.104010793572918
6297	0.149358790901781
6298	0.12668479223735
6299	0.113080393038691
6300	0.144823991168895
6301	0.153893590634667
6302	0.108545593305804
6303	0.0631975959769411
6304	0.135754391703122
6305	0.12668479223735
6306	0.108545593305804
6307	0.167497989833326
6308	0.0858715946413726
6309	0.12668479223735
6310	0.122149992504463
6311	0.12668479223735
6312	0.149358790901781
6313	0.16296319010044
6314	0.0994759938400316
6315	0.185637188764872
6316	0.144823991168895
6317	0.117615192771577
6318	0.135754391703122
6319	0.149358790901781
6320	0.113080393038691
6321	0.149358790901781
6322	0.117615192771577
6323	0.144823991168895
6324	0.176567589299099
6325	0.122149992504463
6326	0.144823991168895
6327	0.158428390367554
6328	0.158428390367554
6329	0.131219591970236
6330	0.153893590634667
6331	0.122149992504463
6332	0.158428390367554
6333	0.153893590634667
6334	0.158428390367554
6335	0.16296319010044
6336	0.172032789566213
6337	0.113080393038691
6338	0.108545593305804
6339	0.104010793572918
6340	0.16296319010044
6341	0.135754391703122
6342	0.0858715946413726
6343	0.153893590634667
6344	0.104010793572918
6345	0.16296319010044
6346	0.117615192771577
6347	0.172032789566213
6348	0.131219591970236
6349	0.122149992504463
6350	0.172032789566213
6351	0.104010793572918
6352	0.0677323957098273
6353	0.0813367949084862
6354	0.12668479223735
6355	0.199241587963531
6356	0.185637188764872
6357	0.090406394374259
6358	0.122149992504463
6359	0.0858715946413726
6360	0.0677323957098273
6361	0.144823991168895
6362	0.117615192771577
6363	0.131219591970236
6364	0.135754391703122
6365	0.0994759938400316
6366	0.090406394374259
6367	0.158428390367554
6368	0.108545593305804
6369	0.16296319010044
6370	0.117615192771577
6371	0.0768019951756001
6372	0.144823991168895
6373	0.176567589299099
6374	0.140289191436008
6375	0.117615192771577
6376	0.153893590634667
6377	0.217380786895076
6378	0.113080393038691
6379	0.16296319010044
6380	0.158428390367554
6381	0.108545593305804
6382	0.135754391703122
6383	0.113080393038691
6384	0.140289191436008
6385	0.140289191436008
6386	0.0994759938400316
6387	0.113080393038691
6388	0.0813367949084862
6389	0.144823991168895
6390	0.158428390367554
6391	0.149358790901781
6392	0.0949411941071452
6393	0.16296319010044
6394	0.108545593305804
6395	0.176567589299099
6396	0.0994759938400316
6397	0.104010793572918
6398	0.172032789566213
6399	0.0994759938400316
6400	0.185637188764872
6401	0.167497989833326
6402	0.090406394374259
6403	0.0949411941071452
6404	0.172032789566213
6405	0.117615192771577
6406	0.176567589299099
6407	0.0949411941071452
6408	0.108545593305804
6409	0.12668479223735
6410	0.113080393038691
6411	0.108545593305804
6412	0.149358790901781
6413	0.135754391703122
6414	0.135754391703122
6415	0.108545593305804
6416	0.090406394374259
6417	0.117615192771577
6418	0.140289191436008
6419	0.158428390367554
6420	0.158428390367554
6421	0.117615192771577
6422	0.135754391703122
6423	0.149358790901781
6424	0.0768019951756001
6425	0.131219591970236
6426	0.122149992504463
6427	0.0949411941071452
6428	0.0722671954427137
6429	0.131219591970236
6430	0.199241587963531
6431	0.117615192771577
6432	0.113080393038691
6433	0.158428390367554
6434	0.176567589299099
6435	0.140289191436008
6436	0.131219591970236
6437	0.144823991168895
6438	0.117615192771577
6439	0.122149992504463
6440	0.113080393038691
6441	0.0949411941071452
6442	0.190171988497758
6443	0.090406394374259
6444	0.104010793572918
6445	0.135754391703122
6446	0.108545593305804
6447	0.140289191436008
6448	0.108545593305804
6449	0.176567589299099
6450	0.16296319010044
6451	0.0949411941071452
6452	0.131219591970236
6453	0.113080393038691
6454	0.0768019951756001
6455	0.090406394374259
6456	0.131219591970236
6457	0.167497989833326
6458	0.113080393038691
6459	0.113080393038691
6460	0.140289191436008
6461	0.0722671954427137
6462	0.12668479223735
6463	0.140289191436008
6464	0.122149992504463
6465	0.12668479223735
6466	0.131219591970236
6467	0.113080393038691
6468	0.117615192771577
6469	0.144823991168895
6470	0.135754391703122
6471	0.113080393038691
6472	0.104010793572918
6473	0.0677323957098273
6474	0.181102389031985
6475	0.090406394374259
6476	0.135754391703122
6477	0.0631975959769411
6478	0.16296319010044
6479	0.122149992504463
6480	0.172032789566213
6481	0.0722671954427137
6482	0.181102389031985
6483	0.144823991168895
6484	0.090406394374259
6485	0.0813367949084862
6486	0.0994759938400316
6487	0.117615192771577
6488	0.158428390367554
6489	0.122149992504463
6490	0.149358790901781
6491	0.149358790901781
6492	0.16296319010044
6493	0.144823991168895
6494	0.0813367949084862
6495	0.199241587963531
6496	0.104010793572918
6497	0.122149992504463
6498	0.135754391703122
6499	0.153893590634667
6500	0.0541279965111683
6501	0.158428390367554
6502	0.108545593305804
6503	0.181102389031985
6504	0.131219591970236
6505	0.122149992504463
6506	0.21284598716219
6507	0.104010793572918
6508	0.16296319010044
6509	0.0768019951756001
6510	0.0994759938400316
6511	0.122149992504463
6512	0.140289191436008
6513	0.135754391703122
6514	0.113080393038691
6515	0.108545593305804
6516	0.140289191436008
6517	0.149358790901781
6518	0.144823991168895
6519	0.113080393038691
6520	0.0858715946413726
6521	0.135754391703122
6522	0.113080393038691
6523	0.108545593305804
6524	0.122149992504463
6525	0.117615192771577
6526	0.0586627962440547
6527	0.135754391703122
6528	0.108545593305804
6529	0.158428390367554
6530	0.122149992504463
6531	0.0994759938400316
6532	0.140289191436008
6533	0.0994759938400316
6534	0.12668479223735
6535	0.153893590634667
6536	0.117615192771577
6537	0.108545593305804
6538	0.203776387696417
6539	0.0813367949084862
6540	0.158428390367554
6541	0.158428390367554
6542	0.0858715946413726
6543	0.0858715946413726
6544	0.16296319010044
6545	0.149358790901781
6546	0.131219591970236
6547	0.0949411941071452
6548	0.0541279965111683
6549	0.108545593305804
6550	0.140289191436008
6551	0.131219591970236
6552	0.131219591970236
6553	0.144823991168895
6554	0.108545593305804
6555	0.090406394374259
6556	0.0949411941071452
6557	0.12668479223735
6558	0.0949411941071452
6559	0.0495931967782821
6560	0.144823991168895
6561	0.172032789566213
6562	0.090406394374259
6563	0.149358790901781
6564	0.108545593305804
6565	0.0949411941071452
6566	0.131219591970236
6567	0.135754391703122
6568	0.135754391703122
6569	0.176567589299099
6570	0.0949411941071452
6571	0.113080393038691
6572	0.140289191436008
6573	0.140289191436008
6574	0.122149992504463
6575	0.12668479223735
6576	0.158428390367554
6577	0.117615192771577
6578	0.104010793572918
6579	0.0450583970453957
6580	0.0722671954427137
6581	0.181102389031985
6582	0.108545593305804
6583	0.12668479223735
6584	0.104010793572918
6585	0.144823991168895
6586	0.149358790901781
6587	0.140289191436008
6588	0.172032789566213
6589	0.185637188764872
6590	0.135754391703122
6591	0.144823991168895
6592	0.131219591970236
6593	0.176567589299099
6594	0.135754391703122
6595	0.172032789566213
6596	0.158428390367554
6597	0.190171988497758
6598	0.140289191436008
6599	0.113080393038691
6600	0.140289191436008
6601	0.0994759938400316
6602	0.0994759938400316
6603	0.108545593305804
6604	0.104010793572918
6605	0.122149992504463
6606	0.203776387696417
6607	0.158428390367554
6608	0.12668479223735
6609	0.144823991168895
6610	0.176567589299099
6611	0.117615192771577
6612	0.144823991168895
6613	0.104010793572918
6614	0.113080393038691
6615	0.108545593305804
6616	0.0994759938400316
6617	0.0858715946413726
6618	0.172032789566213
6619	0.113080393038691
6620	0.117615192771577
6621	0.185637188764872
6622	0.0949411941071452
6623	0.0994759938400316
6624	0.122149992504463
6625	0.090406394374259
6626	0.153893590634667
6627	0.104010793572918
6628	0.0813367949084862
6629	0.135754391703122
6630	0.140289191436008
6631	0.122149992504463
6632	0.104010793572918
6633	0.117615192771577
6634	0.0994759938400316
6635	0.16296319010044
6636	0.0677323957098273
6637	0.140289191436008
6638	0.16296319010044
6639	0.167497989833326
6640	0.172032789566213
6641	0.135754391703122
6642	0.0631975959769411
6643	0.122149992504463
6644	0.0858715946413726
6645	0.153893590634667
6646	0.090406394374259
6647	0.117615192771577
6648	0.131219591970236
6649	0.144823991168895
6650	0.131219591970236
6651	0.108545593305804
6652	0.12668479223735
6653	0.108545593305804
6654	0.0813367949084862
6655	0.0813367949084862
6656	0.0813367949084862
6657	0.140289191436008
6658	0.153893590634667
6659	0.140289191436008
6660	0.140289191436008
6661	0.090406394374259
6662	0.122149992504463
6663	0.0994759938400316
6664	0.117615192771577
6665	0.117615192771577
6666	0.0768019951756001
6667	0.153893590634667
6668	0.194706788230644
6669	0.0813367949084862
6670	0.113080393038691
6671	0.144823991168895
6672	0.144823991168895
6673	0.172032789566213
6674	0.12668479223735
6675	0.122149992504463
6676	0.158428390367554
6677	0.113080393038691
6678	0.0949411941071452
6679	0.0949411941071452
6680	0.122149992504463
6681	0.140289191436008
6682	0.135754391703122
6683	0.0677323957098273
6684	0.135754391703122
6685	0.12668479223735
6686	0.131219591970236
6687	0.104010793572918
6688	0.158428390367554
6689	0.167497989833326
6690	0.0994759938400316
6691	0.144823991168895
6692	0.167497989833326
6693	0.122149992504463
6694	0.135754391703122
6695	0.176567589299099
6696	0.140289191436008
6697	0.131219591970236
6698	0.122149992504463
6699	0.122149992504463
6700	0.0768019951756001
6701	0.131219591970236
6702	0.0858715946413726
6703	0.135754391703122
6704	0.131219591970236
6705	0.131219591970236
6706	0.0541279965111683
6707	0.153893590634667
6708	0.104010793572918
6709	0.135754391703122
6710	0.104010793572918
6711	0.131219591970236
6712	0.0949411941071452
6713	0.0677323957098273
6714	0.108545593305804
6715	0.104010793572918
6716	0.113080393038691
6717	0.0858715946413726
6718	0.167497989833326
6719	0.113080393038691
6720	0.140289191436008
6721	0.135754391703122
6722	0.117615192771577
6723	0.117615192771577
6724	0.113080393038691
6725	0.117615192771577
6726	0.131219591970236
6727	0.090406394374259
6728	0.153893590634667
6729	0.0631975959769411
6730	0.0994759938400316
6731	0.113080393038691
6732	0.122149992504463
6733	0.122149992504463
6734	0.090406394374259
6735	0.12668479223735
6736	0.108545593305804
6737	0.117615192771577
6738	0.117615192771577
6739	0.122149992504463
6740	0.135754391703122
6741	0.12668479223735
6742	0.135754391703122
6743	0.135754391703122
6744	0.153893590634667
6745	0.122149992504463
6746	0.0994759938400316
6747	0.0994759938400316
6748	0.104010793572918
6749	0.117615192771577
6750	0.0631975959769411
6751	0.181102389031985
6752	0.108545593305804
6753	0.16296319010044
6754	0.181102389031985
6755	0.0949411941071452
6756	0.122149992504463
6757	0.090406394374259
6758	0.117615192771577
6759	0.140289191436008
6760	0.0405235973125093
6761	0.158428390367554
6762	0.153893590634667
6763	0.0858715946413726
6764	0.158428390367554
6765	0.176567589299099
6766	0.0314539978467368
6767	0.122149992504463
6768	0.0858715946413726
6769	0.090406394374259
6770	0.21284598716219
6771	0.172032789566213
6772	0.108545593305804
6773	0.104010793572918
6774	0.104010793572918
6775	0.113080393038691
6776	0.172032789566213
6777	0.135754391703122
6778	0.131219591970236
6779	0.131219591970236
6780	0.104010793572918
6781	0.122149992504463
6782	0.117615192771577
6783	0.0994759938400316
6784	0.0631975959769411
6785	0.0858715946413726
6786	0.144823991168895
6787	0.0677323957098273
6788	0.0994759938400316
6789	0.122149992504463
6790	0.144823991168895
6791	0.122149992504463
6792	0.0813367949084862
6793	0.113080393038691
6794	0.140289191436008
6795	0.12668479223735
6796	0.131219591970236
6797	0.113080393038691
6798	0.16296319010044
6799	0.0722671954427137
6800	0.144823991168895
6801	0.131219591970236
6802	0.104010793572918
6803	0.0722671954427137
6804	0.0813367949084862
6805	0.12668479223735
6806	0.122149992504463
6807	0.122149992504463
6808	0.181102389031985
6809	0.0949411941071452
6810	0.113080393038691
6811	0.167497989833326
6812	0.153893590634667
6813	0.104010793572918
6814	0.0994759938400316
6815	0.117615192771577
6816	0.0768019951756001
6817	0.108545593305804
6818	0.0541279965111683
6819	0.172032789566213
6820	0.113080393038691
6821	0.104010793572918
6822	0.122149992504463
6823	0.144823991168895
6824	0.0949411941071452
6825	0.108545593305804
6826	0.104010793572918
6827	0.122149992504463
6828	0.0858715946413726
6829	0.12668479223735
6830	0.0677323957098273
6831	0.135754391703122
6832	0.0858715946413726
6833	0.158428390367554
6834	0.12668479223735
6835	0.135754391703122
6836	0.117615192771577
6837	0.135754391703122
6838	0.108545593305804
6839	0.104010793572918
6840	0.153893590634667
6841	0.144823991168895
6842	0.135754391703122
6843	0.144823991168895
6844	0.144823991168895
6845	0.108545593305804
6846	0.153893590634667
6847	0.090406394374259
6848	0.0994759938400316
6849	0.158428390367554
6850	0.172032789566213
6851	0.149358790901781
6852	0.108545593305804
6853	0.104010793572918
6854	0.117615192771577
6855	0.117615192771577
6856	0.122149992504463
6857	0.140289191436008
6858	0.0631975959769411
6859	0.12668479223735
6860	0.104010793572918
6861	0.144823991168895
6862	0.16296319010044
6863	0.140289191436008
6864	0.122149992504463
6865	0.0722671954427137
6866	0.172032789566213
6867	0.149358790901781
6868	0.104010793572918
6869	0.12668479223735
6870	0.117615192771577
6871	0.117615192771577
6872	0.108545593305804
6873	0.0722671954427137
6874	0.135754391703122
6875	0.153893590634667
6876	0.0858715946413726
6877	0.12668479223735
6878	0.135754391703122
6879	0.172032789566213
6880	0.108545593305804
6881	0.090406394374259
6882	0.16296319010044
6883	0.135754391703122
6884	0.113080393038691
6885	0.140289191436008
6886	0.090406394374259
6887	0.122149992504463
6888	0.144823991168895
6889	0.181102389031985
6890	0.16296319010044
6891	0.0269191981138504
6892	0.203776387696417
6893	0.140289191436008
6894	0.122149992504463
6895	0.117615192771577
6896	0.181102389031985
6897	0.108545593305804
6898	0.140289191436008
6899	0.140289191436008
6900	0.144823991168895
6901	0.16296319010044
6902	0.140289191436008
6903	0.194706788230644
6904	0.122149992504463
6905	0.122149992504463
6906	0.122149992504463
6907	0.158428390367554
6908	0.153893590634667
6909	0.131219591970236
6910	0.153893590634667
6911	0.117615192771577
6912	0.104010793572918
6913	0.0994759938400316
6914	0.113080393038691
6915	0.113080393038691
6916	0.21284598716219
6917	0.135754391703122
6918	0.0541279965111683
6919	0.176567589299099
6920	0.113080393038691
6921	0.135754391703122
6922	0.131219591970236
6923	0.185637188764872
6924	0.122149992504463
6925	0.149358790901781
6926	0.167497989833326
6927	0.158428390367554
6928	0.12668479223735
6929	0.149358790901781
6930	0.12668479223735
6931	0.122149992504463
6932	0.122149992504463
6933	0.122149992504463
6934	0.16296319010044
6935	0.122149992504463
6936	0.0949411941071452
6937	0.090406394374259
6938	0.12668479223735
6939	0.153893590634667
6940	0.108545593305804
6941	0.144823991168895
6942	0.0813367949084862
6943	0.0858715946413726
6944	0.104010793572918
6945	0.131219591970236
6946	0.172032789566213
6947	0.131219591970236
6948	0.12668479223735
6949	0.12668479223735
6950	0.153893590634667
6951	0.140289191436008
6952	0.153893590634667
6953	0.131219591970236
6954	0.0541279965111683
6955	0.140289191436008
6956	0.12668479223735
6957	0.149358790901781
6958	0.117615192771577
6959	0.135754391703122
6960	0.140289191436008
6961	0.122149992504463
6962	0.108545593305804
6963	0.149358790901781
6964	0.176567589299099
6965	0.0994759938400316
6966	0.113080393038691
6967	0.0858715946413726
6968	0.149358790901781
6969	0.135754391703122
6970	0.0722671954427137
6971	0.0813367949084862
6972	0.181102389031985
6973	0.144823991168895
6974	0.0631975959769411
6975	0.131219591970236
6976	0.153893590634667
6977	0.0994759938400316
6978	0.140289191436008
6979	0.0858715946413726
6980	0.122149992504463
6981	0.0949411941071452
6982	0.131219591970236
6983	0.104010793572918
6984	0.0858715946413726
6985	0.0813367949084862
6986	0.172032789566213
6987	0.153893590634667
6988	0.149358790901781
6989	0.0813367949084862
6990	0.181102389031985
6991	0.131219591970236
6992	0.153893590634667
6993	0.140289191436008
6994	0.153893590634667
6995	0.113080393038691
6996	0.122149992504463
6997	0.12668479223735
6998	0.172032789566213
6999	0.144823991168895
7000	0.122149992504463
7001	0.12668479223735
7002	0.0858715946413726
7003	0.0994759938400316
7004	0.153893590634667
7005	0.0631975959769411
7006	0.0949411941071452
7007	0.0858715946413726
7008	0.167497989833326
7009	0.0631975959769411
7010	0.144823991168895
7011	0.104010793572918
7012	0.131219591970236
7013	0.12668479223735
7014	0.122149992504463
7015	0.113080393038691
7016	0.158428390367554
7017	0.12668479223735
7018	0.12668479223735
7019	0.122149992504463
7020	0.131219591970236
7021	0.12668479223735
7022	0.0813367949084862
7023	0.12668479223735
7024	0.12668479223735
7025	0.131219591970236
7026	0.0994759938400316
7027	0.140289191436008
7028	0.0994759938400316
7029	0.131219591970236
7030	0.181102389031985
7031	0.0949411941071452
7032	0.108545593305804
7033	0.144823991168895
7034	0.158428390367554
7035	0.0858715946413726
7036	0.104010793572918
7037	0.0949411941071452
7038	0.135754391703122
7039	0.176567589299099
7040	0.16296319010044
7041	0.108545593305804
7042	0.117615192771577
7043	0.16296319010044
7044	0.135754391703122
7045	0.0495931967782821
7046	0.090406394374259
7047	0.172032789566213
7048	0.122149992504463
7049	0.0631975959769411
7050	0.221915586627962
7051	0.0994759938400316
7052	0.190171988497758
7053	0.117615192771577
7054	0.172032789566213
7055	0.181102389031985
7056	0.0768019951756001
7057	0.140289191436008
7058	0.144823991168895
7059	0.0994759938400316
7060	0.131219591970236
7061	0.140289191436008
7062	0.153893590634667
7063	0.140289191436008
7064	0.153893590634667
7065	0.149358790901781
7066	0.149358790901781
7067	0.12668479223735
7068	0.113080393038691
7069	0.113080393038691
7070	0.0994759938400316
7071	0.149358790901781
7072	0.172032789566213
7073	0.153893590634667
7074	0.108545593305804
7075	0.117615192771577
7076	0.153893590634667
7077	0.0631975959769411
7078	0.108545593305804
7079	0.0858715946413726
7080	0.12668479223735
7081	0.108545593305804
7082	0.176567589299099
7083	0.140289191436008
7084	0.0994759938400316
7085	0.0858715946413726
7086	0.131219591970236
7087	0.135754391703122
7088	0.153893590634667
7089	0.153893590634667
7090	0.140289191436008
7091	0.0858715946413726
7092	0.104010793572918
7093	0.140289191436008
7094	0.131219591970236
7095	0.122149992504463
7096	0.0949411941071452
7097	0.149358790901781
7098	0.122149992504463
7099	0.131219591970236
7100	0.122149992504463
7101	0.167497989833326
7102	0.140289191436008
7103	0.117615192771577
7104	0.090406394374259
7105	0.122149992504463
7106	0.12668479223735
7107	0.122149992504463
7108	0.12668479223735
7109	0.181102389031985
7110	0.12668479223735
7111	0.144823991168895
7112	0.149358790901781
7113	0.117615192771577
7114	0.117615192771577
7115	0.12668479223735
7116	0.113080393038691
7117	0.0858715946413726
7118	0.0813367949084862
7119	0.135754391703122
7120	0.117615192771577
7121	0.12668479223735
7122	0.0631975959769411
7123	0.149358790901781
7124	0.108545593305804
7125	0.149358790901781
7126	0.135754391703122
7127	0.172032789566213
7128	0.104010793572918
7129	0.117615192771577
7130	0.113080393038691
7131	0.122149992504463
7132	0.108545593305804
7133	0.0631975959769411
7134	0.117615192771577
7135	0.131219591970236
7136	0.135754391703122
7137	0.117615192771577
7138	0.167497989833326
7139	0.108545593305804
7140	0.135754391703122
7141	0.117615192771577
7142	0.140289191436008
7143	0.0768019951756001
7144	0.122149992504463
7145	0.135754391703122
7146	0.135754391703122
7147	0.131219591970236
7148	0.149358790901781
7149	0.113080393038691
7150	0.090406394374259
7151	0.144823991168895
7152	0.176567589299099
7153	0.149358790901781
7154	0.144823991168895
7155	0.113080393038691
7156	0.122149992504463
7157	0.131219591970236
7158	0.0722671954427137
7159	0.104010793572918
7160	0.185637188764872
7161	0.104010793572918
7162	0.108545593305804
7163	0.090406394374259
7164	0.117615192771577
7165	0.0768019951756001
7166	0.12668479223735
7167	0.185637188764872
7168	0.0858715946413726
7169	0.0858715946413726
7170	0.117615192771577
7171	0.135754391703122
7172	0.0994759938400316
7173	0.0768019951756001
7174	0.113080393038691
7175	0.0677323957098273
7176	0.0949411941071452
7177	0.135754391703122
7178	0.153893590634667
7179	0.135754391703122
7180	0.122149992504463
7181	0.104010793572918
7182	0.0858715946413726
7183	0.12668479223735
7184	0.167497989833326
7185	0.122149992504463
7186	0.104010793572918
7187	0.0994759938400316
7188	0.122149992504463
7189	0.153893590634667
7190	0.131219591970236
7191	0.117615192771577
7192	0.0722671954427137
7193	0.149358790901781
7194	0.131219591970236
7195	0.0949411941071452
7196	0.0949411941071452
7197	0.172032789566213
7198	0.140289191436008
7199	0.144823991168895
7200	0.0949411941071452
7201	0.181102389031985
7202	0.0949411941071452
7203	0.117615192771577
7204	0.122149992504463
7205	0.144823991168895
7206	0.135754391703122
7207	0.122149992504463
7208	0.117615192771577
7209	0.149358790901781
7210	0.117615192771577
7211	0.153893590634667
7212	0.140289191436008
7213	0.117615192771577
7214	0.12668479223735
7215	0.117615192771577
7216	0.113080393038691
7217	0.140289191436008
7218	0.131219591970236
7219	0.140289191436008
7220	0.158428390367554
7221	0.0768019951756001
7222	0.140289191436008
7223	0.158428390367554
7224	0.0858715946413726
7225	0.135754391703122
7226	0.104010793572918
7227	0.117615192771577
7228	0.167497989833326
7229	0.0813367949084862
7230	0.131219591970236
7231	0.16296319010044
7232	0.140289191436008
7233	0.090406394374259
7234	0.140289191436008
7235	0.149358790901781
7236	0.16296319010044
7237	0.108545593305804
7238	0.108545593305804
7239	0.113080393038691
7240	0.0586627962440547
7241	0.158428390367554
7242	0.104010793572918
7243	0.113080393038691
7244	0.131219591970236
7245	0.117615192771577
7246	0.113080393038691
7247	0.172032789566213
7248	0.117615192771577
7249	0.131219591970236
7250	0.113080393038691
7251	0.149358790901781
7252	0.131219591970236
7253	0.117615192771577
7254	0.135754391703122
7255	0.149358790901781
7256	0.16296319010044
7257	0.0677323957098273
7258	0.185637188764872
7259	0.131219591970236
7260	0.140289191436008
7261	0.167497989833326
7262	0.0722671954427137
7263	0.12668479223735
7264	0.0949411941071452
7265	0.16296319010044
7266	0.16296319010044
7267	0.108545593305804
7268	0.117615192771577
7269	0.12668479223735
7270	0.185637188764872
7271	0.149358790901781
7272	0.108545593305804
7273	0.144823991168895
7274	0.0858715946413726
7275	0.122149992504463
7276	0.16296319010044
7277	0.108545593305804
7278	0.144823991168895
7279	0.16296319010044
7280	0.167497989833326
7281	0.135754391703122
7282	0.117615192771577
7283	0.135754391703122
7284	0.108545593305804
7285	0.0813367949084862
7286	0.181102389031985
7287	0.194706788230644
7288	0.0994759938400316
7289	0.0858715946413726
7290	0.135754391703122
7291	0.104010793572918
7292	0.117615192771577
7293	0.0858715946413726
7294	0.167497989833326
7295	0.158428390367554
7296	0.185637188764872
7297	0.0813367949084862
7298	0.158428390367554
7299	0.0949411941071452
7300	0.122149992504463
7301	0.172032789566213
7302	0.12668479223735
7303	0.131219591970236
7304	0.12668479223735
7305	0.0994759938400316
7306	0.172032789566213
7307	0.167497989833326
7308	0.131219591970236
7309	0.0813367949084862
7310	0.140289191436008
7311	0.0722671954427137
7312	0.172032789566213
7313	0.140289191436008
7314	0.140289191436008
7315	0.153893590634667
7316	0.135754391703122
7317	0.104010793572918
7318	0.0858715946413726
7319	0.140289191436008
7320	0.149358790901781
7321	0.144823991168895
7322	0.0949411941071452
7323	0.144823991168895
7324	0.135754391703122
7325	0.113080393038691
7326	0.117615192771577
7327	0.140289191436008
7328	0.113080393038691
7329	0.0858715946413726
7330	0.12668479223735
7331	0.131219591970236
7332	0.12668479223735
7333	0.117615192771577
7334	0.135754391703122
7335	0.131219591970236
7336	0.117615192771577
7337	0.172032789566213
7338	0.090406394374259
7339	0.172032789566213
7340	0.0722671954427137
7341	0.0813367949084862
7342	0.0994759938400316
7343	0.131219591970236
7344	0.12668479223735
7345	0.158428390367554
7346	0.153893590634667
7347	0.149358790901781
7348	0.181102389031985
7349	0.153893590634667
7350	0.0994759938400316
7351	0.131219591970236
7352	0.104010793572918
7353	0.131219591970236
7354	0.194706788230644
7355	0.158428390367554
7356	0.117615192771577
7357	0.108545593305804
7358	0.12668479223735
7359	0.090406394374259
7360	0.12668479223735
7361	0.185637188764872
7362	0.140289191436008
7363	0.140289191436008
7364	0.104010793572918
7365	0.167497989833326
7366	0.158428390367554
7367	0.0495931967782821
7368	0.131219591970236
7369	0.16296319010044
7370	0.0813367949084862
7371	0.140289191436008
7372	0.144823991168895
7373	0.158428390367554
7374	0.117615192771577
7375	0.0858715946413726
7376	0.12668479223735
7377	0.0768019951756001
7378	0.108545593305804
7379	0.122149992504463
7380	0.167497989833326
7381	0.153893590634667
7382	0.144823991168895
7383	0.190171988497758
7384	0.0722671954427137
7385	0.090406394374259
7386	0.122149992504463
7387	0.122149992504463
7388	0.135754391703122
7389	0.122149992504463
7390	0.0949411941071452
7391	0.131219591970236
7392	0.153893590634667
7393	0.153893590634667
7394	0.172032789566213
7395	0.0994759938400316
7396	0.108545593305804
7397	0.140289191436008
7398	0.117615192771577
7399	0.194706788230644
7400	0.108545593305804
7401	0.149358790901781
7402	0.122149992504463
7403	0.117615192771577
7404	0.0949411941071452
7405	0.117615192771577
7406	0.135754391703122
7407	0.0768019951756001
7408	0.149358790901781
7409	0.122149992504463
7410	0.135754391703122
7411	0.117615192771577
7412	0.16296319010044
7413	0.131219591970236
7414	0.090406394374259
7415	0.144823991168895
7416	0.140289191436008
7417	0.122149992504463
7418	0.0813367949084862
7419	0.176567589299099
7420	0.149358790901781
7421	0.153893590634667
7422	0.144823991168895
7423	0.12668479223735
7424	0.135754391703122
7425	0.135754391703122
7426	0.135754391703122
7427	0.122149992504463
7428	0.0722671954427137
7429	0.144823991168895
7430	0.113080393038691
7431	0.117615192771577
7432	0.117615192771577
7433	0.122149992504463
7434	0.108545593305804
7435	0.149358790901781
7436	0.0858715946413726
7437	0.0858715946413726
7438	0.0677323957098273
7439	0.0949411941071452
7440	0.203776387696417
7441	0.104010793572918
7442	0.172032789566213
7443	0.131219591970236
7444	0.0858715946413726
7445	0.172032789566213
7446	0.185637188764872
7447	0.117615192771577
7448	0.104010793572918
7449	0.135754391703122
7450	0.149358790901781
7451	0.090406394374259
7452	0.135754391703122
7453	0.131219591970236
7454	0.108545593305804
7455	0.108545593305804
7456	0.190171988497758
7457	0.122149992504463
7458	0.113080393038691
7459	0.12668479223735
7460	0.135754391703122
7461	0.131219591970236
7462	0.12668479223735
7463	0.149358790901781
7464	0.144823991168895
7465	0.117615192771577
7466	0.153893590634667
7467	0.131219591970236
7468	0.0541279965111683
7469	0.0768019951756001
7470	0.149358790901781
7471	0.12668479223735
7472	0.122149992504463
7473	0.0994759938400316
7474	0.0949411941071452
7475	0.172032789566213
7476	0.104010793572918
7477	0.158428390367554
7478	0.117615192771577
7479	0.0450583970453957
7480	0.122149992504463
7481	0.140289191436008
7482	0.153893590634667
7483	0.0768019951756001
7484	0.153893590634667
7485	0.104010793572918
7486	0.12668479223735
7487	0.122149992504463
7488	0.12668479223735
7489	0.158428390367554
7490	0.0949411941071452
7491	0.153893590634667
7492	0.172032789566213
7493	0.135754391703122
7494	0.122149992504463
7495	0.158428390367554
7496	0.108545593305804
7497	0.0949411941071452
7498	0.0994759938400316
7499	0.0994759938400316
7500	0.149358790901781
7501	0.117615192771577
7502	0.117615192771577
7503	0.0813367949084862
7504	0.0768019951756001
7505	0.0949411941071452
7506	0.0994759938400316
7507	0.0994759938400316
7508	0.167497989833326
7509	0.131219591970236
7510	0.144823991168895
7511	0.113080393038691
7512	0.108545593305804
7513	0.108545593305804
7514	0.122149992504463
7515	0.153893590634667
7516	0.140289191436008
7517	0.090406394374259
7518	0.104010793572918
7519	0.0405235973125093
7520	0.167497989833326
7521	0.0722671954427137
7522	0.122149992504463
7523	0.122149992504463
7524	0.108545593305804
7525	0.12668479223735
7526	0.12668479223735
7527	0.104010793572918
7528	0.135754391703122
7529	0.113080393038691
7530	0.140289191436008
7531	0.131219591970236
7532	0.122149992504463
7533	0.131219591970236
7534	0.153893590634667
7535	0.117615192771577
7536	0.12668479223735
7537	0.0813367949084862
7538	0.122149992504463
7539	0.0813367949084862
7540	0.117615192771577
7541	0.135754391703122
7542	0.117615192771577
7543	0.158428390367554
7544	0.153893590634667
7545	0.181102389031985
7546	0.113080393038691
7547	0.090406394374259
7548	0.122149992504463
7549	0.140289191436008
7550	0.149358790901781
7551	0.090406394374259
7552	0.0813367949084862
7553	0.090406394374259
7554	0.131219591970236
7555	0.108545593305804
7556	0.16296319010044
7557	0.167497989833326
7558	0.090406394374259
7559	0.108545593305804
7560	0.0994759938400316
7561	0.113080393038691
7562	0.176567589299099
7563	0.090406394374259
7564	0.167497989833326
7565	0.140289191436008
7566	0.0994759938400316
7567	0.113080393038691
7568	0.122149992504463
7569	0.117615192771577
7570	0.108545593305804
7571	0.0722671954427137
7572	0.12668479223735
7573	0.176567589299099
7574	0.0994759938400316
7575	0.140289191436008
7576	0.16296319010044
7577	0.117615192771577
7578	0.122149992504463
7579	0.158428390367554
7580	0.122149992504463
7581	0.122149992504463
7582	0.117615192771577
7583	0.135754391703122
7584	0.122149992504463
7585	0.131219591970236
7586	0.117615192771577
7587	0.194706788230644
7588	0.16296319010044
7589	0.135754391703122
7590	0.153893590634667
7591	0.153893590634667
7592	0.12668479223735
7593	0.108545593305804
7594	0.122149992504463
7595	0.122149992504463
7596	0.0949411941071452
7597	0.194706788230644
7598	0.144823991168895
7599	0.108545593305804
7600	0.12668479223735
7601	0.117615192771577
7602	0.149358790901781
7603	0.122149992504463
7604	0.131219591970236
7605	0.149358790901781
7606	0.185637188764872
7607	0.190171988497758
7608	0.0813367949084862
7609	0.131219591970236
7610	0.0631975959769411
7611	0.0768019951756001
7612	0.144823991168895
7613	0.113080393038691
7614	0.0586627962440547
7615	0.158428390367554
7616	0.0631975959769411
7617	0.190171988497758
7618	0.108545593305804
7619	0.131219591970236
7620	0.122149992504463
7621	0.140289191436008
7622	0.172032789566213
7623	0.140289191436008
7624	0.144823991168895
7625	0.104010793572918
7626	0.0722671954427137
7627	0.144823991168895
7628	0.122149992504463
7629	0.131219591970236
7630	0.117615192771577
7631	0.090406394374259
7632	0.135754391703122
7633	0.135754391703122
7634	0.0677323957098273
7635	0.113080393038691
7636	0.117615192771577
7637	0.131219591970236
7638	0.167497989833326
7639	0.176567589299099
7640	0.090406394374259
7641	0.113080393038691
7642	0.149358790901781
7643	0.135754391703122
7644	0.172032789566213
7645	0.0768019951756001
7646	0.104010793572918
7647	0.140289191436008
7648	0.144823991168895
7649	0.122149992504463
7650	0.0677323957098273
7651	0.12668479223735
7652	0.135754391703122
7653	0.131219591970236
7654	0.117615192771577
7655	0.16296319010044
7656	0.135754391703122
7657	0.0949411941071452
7658	0.117615192771577
7659	0.0994759938400316
7660	0.158428390367554
7661	0.0949411941071452
7662	0.176567589299099
7663	0.113080393038691
7664	0.108545593305804
7665	0.190171988497758
7666	0.176567589299099
7667	0.0994759938400316
7668	0.113080393038691
7669	0.12668479223735
7670	0.131219591970236
7671	0.140289191436008
7672	0.158428390367554
7673	0.113080393038691
7674	0.122149992504463
7675	0.0858715946413726
7676	0.122149992504463
7677	0.131219591970236
7678	0.144823991168895
7679	0.0722671954427137
7680	0.144823991168895
7681	0.131219591970236
7682	0.172032789566213
7683	0.0541279965111683
7684	0.117615192771577
7685	0.167497989833326
7686	0.113080393038691
7687	0.0949411941071452
7688	0.16296319010044
7689	0.153893590634667
7690	0.090406394374259
7691	0.108545593305804
7692	0.16296319010044
7693	0.090406394374259
7694	0.0949411941071452
7695	0.0949411941071452
7696	0.0677323957098273
7697	0.122149992504463
7698	0.0994759938400316
7699	0.167497989833326
7700	0.176567589299099
7701	0.113080393038691
7702	0.12668479223735
7703	0.0994759938400316
7704	0.153893590634667
7705	0.12668479223735
7706	0.135754391703122
7707	0.12668479223735
7708	0.0994759938400316
7709	0.153893590634667
7710	0.122149992504463
7711	0.0722671954427137
7712	0.131219591970236
7713	0.117615192771577
7714	0.108545593305804
7715	0.113080393038691
7716	0.108545593305804
7717	0.090406394374259
7718	0.176567589299099
7719	0.0994759938400316
7720	0.104010793572918
7721	0.0994759938400316
7722	0.158428390367554
7723	0.12668479223735
7724	0.0541279965111683
7725	0.122149992504463
7726	0.090406394374259
7727	0.140289191436008
7728	0.104010793572918
7729	0.172032789566213
7730	0.12668479223735
7731	0.0677323957098273
7732	0.158428390367554
7733	0.16296319010044
7734	0.108545593305804
7735	0.149358790901781
7736	0.090406394374259
7737	0.153893590634667
7738	0.158428390367554
7739	0.153893590634667
7740	0.0768019951756001
7741	0.0631975959769411
7742	0.194706788230644
7743	0.140289191436008
7744	0.140289191436008
7745	0.0768019951756001
7746	0.185637188764872
7747	0.0949411941071452
7748	0.113080393038691
7749	0.0722671954427137
7750	0.0994759938400316
7751	0.149358790901781
7752	0.122149992504463
7753	0.0949411941071452
7754	0.0813367949084862
7755	0.117615192771577
7756	0.140289191436008
7757	0.113080393038691
7758	0.0586627962440547
7759	0.0631975959769411
7760	0.135754391703122
7761	0.199241587963531
7762	0.0994759938400316
7763	0.113080393038691
7764	0.108545593305804
7765	0.0768019951756001
7766	0.122149992504463
7767	0.122149992504463
7768	0.104010793572918
7769	0.0994759938400316
7770	0.194706788230644
7771	0.153893590634667
7772	0.0768019951756001
7773	0.090406394374259
7774	0.0813367949084862
7775	0.144823991168895
7776	0.149358790901781
7777	0.0813367949084862
7778	0.140289191436008
7779	0.144823991168895
7780	0.140289191436008
7781	0.144823991168895
7782	0.0586627962440547
7783	0.0994759938400316
7784	0.0858715946413726
7785	0.0586627962440547
7786	0.167497989833326
7787	0.0722671954427137
7788	0.153893590634667
7789	0.0858715946413726
7790	0.122149992504463
7791	0.16296319010044
7792	0.172032789566213
7793	0.0994759938400316
7794	0.122149992504463
7795	0.0722671954427137
7796	0.167497989833326
7797	0.108545593305804
7798	0.144823991168895
7799	0.108545593305804
7800	0.0631975959769411
7801	0.144823991168895
7802	0.117615192771577
7803	0.117615192771577
7804	0.135754391703122
7805	0.176567589299099
7806	0.122149992504463
7807	0.113080393038691
7808	0.149358790901781
7809	0.0994759938400316
7810	0.172032789566213
7811	0.131219591970236
7812	0.104010793572918
7813	0.149358790901781
7814	0.12668479223735
7815	0.149358790901781
7816	0.149358790901781
7817	0.153893590634667
7818	0.131219591970236
7819	0.194706788230644
7820	0.0722671954427137
7821	0.117615192771577
7822	0.0858715946413726
7823	0.0768019951756001
7824	0.0677323957098273
7825	0.0586627962440547
7826	0.122149992504463
7827	0.122149992504463
7828	0.104010793572918
7829	0.158428390367554
7830	0.0994759938400316
7831	0.16296319010044
7832	0.135754391703122
7833	0.113080393038691
7834	0.104010793572918
7835	0.0768019951756001
7836	0.108545593305804
7837	0.153893590634667
7838	0.149358790901781
7839	0.149358790901781
7840	0.158428390367554
7841	0.117615192771577
7842	0.090406394374259
7843	0.113080393038691
7844	0.0631975959769411
7845	0.144823991168895
7846	0.12668479223735
7847	0.140289191436008
7848	0.199241587963531
7849	0.149358790901781
7850	0.12668479223735
7851	0.0858715946413726
7852	0.0677323957098273
7853	0.185637188764872
7854	0.131219591970236
7855	0.158428390367554
7856	0.113080393038691
7857	0.144823991168895
7858	0.12668479223735
7859	0.108545593305804
7860	0.104010793572918
7861	0.149358790901781
7862	0.135754391703122
7863	0.108545593305804
7864	0.153893590634667
7865	0.104010793572918
7866	0.0994759938400316
7867	0.0677323957098273
7868	0.0949411941071452
7869	0.122149992504463
7870	0.108545593305804
7871	0.149358790901781
7872	0.16296319010044
7873	0.0949411941071452
7874	0.16296319010044
7875	0.181102389031985
7876	0.122149992504463
7877	0.140289191436008
7878	0.135754391703122
7879	0.16296319010044
7880	0.149358790901781
7881	0.135754391703122
7882	0.122149992504463
7883	0.176567589299099
7884	0.167497989833326
7885	0.117615192771577
7886	0.158428390367554
7887	0.131219591970236
7888	0.12668479223735
7889	0.122149992504463
7890	0.117615192771577
7891	0.117615192771577
7892	0.108545593305804
7893	0.108545593305804
7894	0.158428390367554
7895	0.149358790901781
7896	0.117615192771577
7897	0.0768019951756001
7898	0.0858715946413726
7899	0.158428390367554
7900	0.167497989833326
7901	0.144823991168895
7902	0.0994759938400316
7903	0.131219591970236
7904	0.144823991168895
7905	0.108545593305804
7906	0.0677323957098273
7907	0.0813367949084862
7908	0.21284598716219
7909	0.172032789566213
7910	0.0813367949084862
7911	0.153893590634667
7912	0.0858715946413726
7913	0.104010793572918
7914	0.0813367949084862
7915	0.117615192771577
7916	0.113080393038691
7917	0.113080393038691
7918	0.16296319010044
7919	0.153893590634667
7920	0.117615192771577
7921	0.131219591970236
7922	0.135754391703122
7923	0.131219591970236
7924	0.104010793572918
7925	0.135754391703122
7926	0.144823991168895
7927	0.122149992504463
7928	0.117615192771577
7929	0.131219591970236
7930	0.135754391703122
7931	0.117615192771577
7932	0.144823991168895
7933	0.122149992504463
7934	0.144823991168895
7935	0.104010793572918
7936	0.0949411941071452
7937	0.113080393038691
7938	0.181102389031985
7939	0.104010793572918
7940	0.158428390367554
7941	0.181102389031985
7942	0.12668479223735
7943	0.0858715946413726
7944	0.0813367949084862
7945	0.158428390367554
7946	0.108545593305804
7947	0.122149992504463
7948	0.135754391703122
7949	0.190171988497758
7950	0.117615192771577
7951	0.0858715946413726
7952	0.104010793572918
7953	0.131219591970236
7954	0.153893590634667
7955	0.167497989833326
7956	0.0949411941071452
7957	0.185637188764872
7958	0.167497989833326
7959	0.12668479223735
7960	0.0949411941071452
7961	0.144823991168895
7962	0.0813367949084862
7963	0.16296319010044
7964	0.167497989833326
7965	0.185637188764872
7966	0.158428390367554
7967	0.176567589299099
7968	0.149358790901781
7969	0.104010793572918
7970	0.131219591970236
7971	0.131219591970236
7972	0.104010793572918
7973	0.0813367949084862
7974	0.131219591970236
7975	0.144823991168895
7976	0.172032789566213
7977	0.0858715946413726
7978	0.122149992504463
7979	0.12668479223735
7980	0.135754391703122
7981	0.122149992504463
7982	0.12668479223735
7983	0.135754391703122
7984	0.108545593305804
7985	0.0495931967782821
7986	0.113080393038691
7987	0.090406394374259
7988	0.176567589299099
7989	0.108545593305804
7990	0.0994759938400316
7991	0.153893590634667
7992	0.16296319010044
7993	0.144823991168895
7994	0.113080393038691
7995	0.108545593305804
7996	0.167497989833326
7997	0.199241587963531
7998	0.0994759938400316
7999	0.16296319010044
8000	0.140289191436008
8001	0.131219591970236
8002	0.149358790901781
8003	0.158428390367554
8004	0.122149992504463
8005	0.0677323957098273
8006	0.181102389031985
8007	0.104010793572918
8008	0.149358790901781
8009	0.131219591970236
8010	0.0949411941071452
8011	0.104010793572918
8012	0.0858715946413726
8013	0.122149992504463
8014	0.131219591970236
8015	0.0858715946413726
8016	0.0858715946413726
8017	0.131219591970236
8018	0.113080393038691
8019	0.135754391703122
8020	0.117615192771577
8021	0.144823991168895
8022	0.0994759938400316
8023	0.104010793572918
8024	0.117615192771577
8025	0.0768019951756001
8026	0.144823991168895
8027	0.104010793572918
8028	0.108545593305804
8029	0.0813367949084862
8030	0.104010793572918
8031	0.190171988497758
8032	0.131219591970236
8033	0.181102389031985
8034	0.0586627962440547
8035	0.0586627962440547
8036	0.203776387696417
8037	0.0994759938400316
8038	0.172032789566213
8039	0.12668479223735
8040	0.144823991168895
8041	0.135754391703122
8042	0.117615192771577
8043	0.144823991168895
8044	0.144823991168895
8045	0.144823991168895
8046	0.153893590634667
8047	0.0722671954427137
8048	0.0813367949084862
8049	0.122149992504463
8050	0.131219591970236
8051	0.167497989833326
8052	0.108545593305804
8053	0.208311187429303
8054	0.185637188764872
8055	0.181102389031985
8056	0.144823991168895
8057	0.108545593305804
8058	0.113080393038691
8059	0.153893590634667
8060	0.185637188764872
8061	0.108545593305804
8062	0.153893590634667
8063	0.104010793572918
8064	0.135754391703122
8065	0.104010793572918
8066	0.12668479223735
8067	0.0813367949084862
8068	0.0858715946413726
8069	0.181102389031985
8070	0.135754391703122
8071	0.113080393038691
8072	0.185637188764872
8073	0.208311187429303
8074	0.113080393038691
8075	0.090406394374259
8076	0.167497989833326
8077	0.108545593305804
8078	0.0994759938400316
8079	0.0586627962440547
8080	0.16296319010044
8081	0.122149992504463
8082	0.090406394374259
8083	0.0631975959769411
8084	0.153893590634667
8085	0.0994759938400316
8086	0.113080393038691
8087	0.131219591970236
8088	0.131219591970236
8089	0.113080393038691
8090	0.108545593305804
8091	0.0677323957098273
8092	0.149358790901781
8093	0.149358790901781
8094	0.108545593305804
8095	0.144823991168895
8096	0.0949411941071452
8097	0.140289191436008
8098	0.0768019951756001
8099	0.122149992504463
8100	0.131219591970236
8101	0.12668479223735
8102	0.113080393038691
8103	0.12668479223735
8104	0.140289191436008
8105	0.104010793572918
8106	0.16296319010044
8107	0.199241587963531
8108	0.108545593305804
8109	0.185637188764872
8110	0.090406394374259
8111	0.113080393038691
8112	0.167497989833326
8113	0.0768019951756001
8114	0.104010793572918
8115	0.194706788230644
8116	0.0722671954427137
8117	0.208311187429303
8118	0.108545593305804
8119	0.0949411941071452
8120	0.122149992504463
8121	0.113080393038691
8122	0.149358790901781
8123	0.113080393038691
8124	0.149358790901781
8125	0.0949411941071452
8126	0.108545593305804
8127	0.12668479223735
8128	0.140289191436008
8129	0.0813367949084862
8130	0.117615192771577
8131	0.149358790901781
8132	0.144823991168895
8133	0.16296319010044
8134	0.140289191436008
8135	0.117615192771577
8136	0.135754391703122
8137	0.140289191436008
8138	0.181102389031985
8139	0.144823991168895
8140	0.0858715946413726
8141	0.0949411941071452
8142	0.158428390367554
8143	0.158428390367554
8144	0.167497989833326
8145	0.149358790901781
8146	0.108545593305804
8147	0.158428390367554
8148	0.0858715946413726
8149	0.0722671954427137
8150	0.0994759938400316
8151	0.176567589299099
8152	0.0813367949084862
8153	0.135754391703122
8154	0.153893590634667
8155	0.0949411941071452
8156	0.090406394374259
8157	0.131219591970236
8158	0.108545593305804
8159	0.16296319010044
8160	0.144823991168895
8161	0.153893590634667
8162	0.158428390367554
8163	0.0994759938400316
8164	0.117615192771577
8165	0.108545593305804
8166	0.0994759938400316
8167	0.16296319010044
8168	0.190171988497758
8169	0.185637188764872
8170	0.135754391703122
8171	0.0768019951756001
8172	0.16296319010044
8173	0.140289191436008
8174	0.0949411941071452
8175	0.122149992504463
8176	0.0994759938400316
8177	0.140289191436008
8178	0.167497989833326
8179	0.181102389031985
8180	0.135754391703122
8181	0.108545593305804
8182	0.158428390367554
8183	0.153893590634667
8184	0.090406394374259
8185	0.0768019951756001
8186	0.131219591970236
8187	0.12668479223735
8188	0.149358790901781
8189	0.0722671954427137
8190	0.190171988497758
8191	0.131219591970236
8192	0.122149992504463
8193	0.104010793572918
8194	0.144823991168895
8195	0.0994759938400316
8196	0.144823991168895
8197	0.144823991168895
8198	0.140289191436008
8199	0.0949411941071452
8200	0.140289191436008
8201	0.167497989833326
8202	0.135754391703122
8203	0.131219591970236
8204	0.194706788230644
8205	0.194706788230644
8206	0.117615192771577
8207	0.108545593305804
8208	0.135754391703122
8209	0.140289191436008
8210	0.167497989833326
8211	0.0722671954427137
8212	0.0722671954427137
8213	0.0858715946413726
8214	0.135754391703122
8215	0.104010793572918
8216	0.090406394374259
8217	0.172032789566213
8218	0.0994759938400316
8219	0.135754391703122
8220	0.135754391703122
8221	0.131219591970236
8222	0.117615192771577
8223	0.144823991168895
8224	0.140289191436008
8225	0.12668479223735
8226	0.122149992504463
8227	0.0813367949084862
8228	0.117615192771577
8229	0.135754391703122
8230	0.149358790901781
8231	0.0768019951756001
8232	0.0722671954427137
8233	0.172032789566213
8234	0.090406394374259
8235	0.117615192771577
8236	0.0405235973125093
8237	0.0858715946413726
8238	0.144823991168895
8239	0.0858715946413726
8240	0.135754391703122
8241	0.167497989833326
8242	0.104010793572918
8243	0.0858715946413726
8244	0.16296319010044
8245	0.117615192771577
8246	0.131219591970236
8247	0.16296319010044
8248	0.12668479223735
8249	0.0858715946413726
8250	0.131219591970236
8251	0.113080393038691
8252	0.117615192771577
8253	0.090406394374259
8254	0.12668479223735
8255	0.0768019951756001
8256	0.113080393038691
8257	0.12668479223735
8258	0.158428390367554
8259	0.104010793572918
8260	0.0813367949084862
8261	0.135754391703122
8262	0.144823991168895
8263	0.090406394374259
8264	0.12668479223735
8265	0.16296319010044
8266	0.0994759938400316
8267	0.0994759938400316
8268	0.090406394374259
8269	0.144823991168895
8270	0.0586627962440547
8271	0.12668479223735
8272	0.167497989833326
8273	0.131219591970236
8274	0.0994759938400316
8275	0.0813367949084862
8276	0.117615192771577
8277	0.135754391703122
8278	0.0541279965111683
8279	0.12668479223735
8280	0.172032789566213
8281	0.16296319010044
8282	0.108545593305804
8283	0.144823991168895
8284	0.144823991168895
8285	0.140289191436008
8286	0.0495931967782821
8287	0.176567589299099
8288	0.12668479223735
8289	0.0994759938400316
8290	0.153893590634667
8291	0.135754391703122
8292	0.12668479223735
8293	0.149358790901781
8294	0.117615192771577
8295	0.144823991168895
8296	0.176567589299099
8297	0.122149992504463
8298	0.0450583970453957
8299	0.167497989833326
8300	0.167497989833326
8301	0.0949411941071452
8302	0.12668479223735
8303	0.167497989833326
8304	0.122149992504463
8305	0.131219591970236
8306	0.122149992504463
8307	0.140289191436008
8308	0.090406394374259
8309	0.12668479223735
8310	0.108545593305804
8311	0.176567589299099
8312	0.0722671954427137
8313	0.0677323957098273
8314	0.203776387696417
8315	0.0631975959769411
8316	0.0949411941071452
8317	0.113080393038691
8318	0.12668479223735
8319	0.0631975959769411
8320	0.0858715946413726
8321	0.140289191436008
8322	0.12668479223735
8323	0.144823991168895
8324	0.131219591970236
8325	0.117615192771577
8326	0.144823991168895
8327	0.135754391703122
8328	0.153893590634667
8329	0.113080393038691
8330	0.108545593305804
8331	0.144823991168895
8332	0.122149992504463
8333	0.131219591970236
8334	0.12668479223735
8335	0.0813367949084862
8336	0.140289191436008
8337	0.0949411941071452
8338	0.190171988497758
8339	0.16296319010044
8340	0.172032789566213
8341	0.135754391703122
8342	0.113080393038691
8343	0.0631975959769411
8344	0.0858715946413726
8345	0.12668479223735
8346	0.108545593305804
8347	0.185637188764872
8348	0.135754391703122
8349	0.0949411941071452
8350	0.104010793572918
8351	0.0994759938400316
8352	0.122149992504463
8353	0.0631975959769411
8354	0.12668479223735
8355	0.122149992504463
8356	0.117615192771577
8357	0.0813367949084862
8358	0.104010793572918
8359	0.176567589299099
8360	0.16296319010044
8361	0.158428390367554
8362	0.176567589299099
8363	0.0949411941071452
8364	0.240054785559508
8365	0.0677323957098273
8366	0.12668479223735
8367	0.176567589299099
8368	0.140289191436008
8369	0.140289191436008
8370	0.16296319010044
8371	0.158428390367554
8372	0.131219591970236
8373	0.0994759938400316
8374	0.135754391703122
8375	0.108545593305804
8376	0.0813367949084862
8377	0.167497989833326
8378	0.176567589299099
8379	0.104010793572918
8380	0.194706788230644
8381	0.122149992504463
8382	0.153893590634667
8383	0.144823991168895
8384	0.108545593305804
8385	0.144823991168895
8386	0.172032789566213
8387	0.149358790901781
8388	0.117615192771577
8389	0.158428390367554
8390	0.113080393038691
8391	0.090406394374259
8392	0.144823991168895
8393	0.117615192771577
8394	0.113080393038691
8395	0.167497989833326
8396	0.131219591970236
8397	0.117615192771577
8398	0.113080393038691
8399	0.131219591970236
8400	0.135754391703122
8401	0.0631975959769411
8402	0.153893590634667
8403	0.181102389031985
8404	0.131219591970236
8405	0.090406394374259
8406	0.117615192771577
8407	0.131219591970236
8408	0.0813367949084862
8409	0.0768019951756001
8410	0.12668479223735
8411	0.12668479223735
8412	0.144823991168895
8413	0.0631975959769411
8414	0.176567589299099
8415	0.140289191436008
8416	0.0994759938400316
8417	0.0768019951756001
8418	0.144823991168895
8419	0.149358790901781
8420	0.144823991168895
8421	0.104010793572918
8422	0.185637188764872
8423	0.117615192771577
8424	0.16296319010044
8425	0.172032789566213
8426	0.140289191436008
8427	0.122149992504463
8428	0.0949411941071452
8429	0.135754391703122
8430	0.172032789566213
8431	0.122149992504463
8432	0.0994759938400316
8433	0.117615192771577
8434	0.149358790901781
8435	0.16296319010044
8436	0.0858715946413726
8437	0.185637188764872
8438	0.0631975959769411
8439	0.185637188764872
8440	0.0949411941071452
8441	0.108545593305804
8442	0.0994759938400316
8443	0.117615192771577
8444	0.131219591970236
8445	0.153893590634667
8446	0.12668479223735
8447	0.0949411941071452
8448	0.117615192771577
8449	0.131219591970236
8450	0.131219591970236
8451	0.208311187429303
8452	0.12668479223735
8453	0.108545593305804
8454	0.190171988497758
8455	0.149358790901781
8456	0.181102389031985
8457	0.16296319010044
8458	0.144823991168895
8459	0.140289191436008
8460	0.131219591970236
8461	0.144823991168895
8462	0.104010793572918
8463	0.149358790901781
8464	0.104010793572918
8465	0.181102389031985
8466	0.113080393038691
8467	0.149358790901781
8468	0.158428390367554
8469	0.090406394374259
8470	0.158428390367554
8471	0.113080393038691
8472	0.131219591970236
8473	0.0949411941071452
8474	0.12668479223735
8475	0.158428390367554
8476	0.172032789566213
8477	0.0768019951756001
8478	0.113080393038691
8479	0.12668479223735
8480	0.104010793572918
8481	0.135754391703122
8482	0.122149992504463
8483	0.108545593305804
8484	0.108545593305804
8485	0.104010793572918
8486	0.131219591970236
8487	0.104010793572918
8488	0.104010793572918
8489	0.113080393038691
8490	0.113080393038691
8491	0.131219591970236
8492	0.140289191436008
8493	0.108545593305804
8494	0.122149992504463
8495	0.153893590634667
8496	0.0858715946413726
8497	0.0994759938400316
8498	0.158428390367554
8499	0.117615192771577
8500	0.0722671954427137
8501	0.0858715946413726
8502	0.16296319010044
8503	0.135754391703122
8504	0.131219591970236
8505	0.140289191436008
8506	0.0813367949084862
8507	0.0949411941071452
8508	0.144823991168895
8509	0.117615192771577
8510	0.244589585292394
8511	0.108545593305804
8512	0.108545593305804
8513	0.108545593305804
8514	0.135754391703122
8515	0.0949411941071452
8516	0.185637188764872
8517	0.0994759938400316
8518	0.113080393038691
8519	0.104010793572918
8520	0.144823991168895
8521	0.0858715946413726
8522	0.144823991168895
8523	0.122149992504463
8524	0.167497989833326
8525	0.135754391703122
8526	0.149358790901781
8527	0.108545593305804
8528	0.140289191436008
8529	0.140289191436008
8530	0.0949411941071452
8531	0.0722671954427137
8532	0.0722671954427137
8533	0.167497989833326
8534	0.0813367949084862
8535	0.131219591970236
8536	0.144823991168895
8537	0.21284598716219
8538	0.131219591970236
8539	0.104010793572918
8540	0.0994759938400316
8541	0.0768019951756001
8542	0.153893590634667
8543	0.0813367949084862
8544	0.117615192771577
8545	0.108545593305804
8546	0.131219591970236
8547	0.104010793572918
8548	0.149358790901781
8549	0.12668479223735
8550	0.113080393038691
8551	0.176567589299099
8552	0.135754391703122
8553	0.090406394374259
8554	0.203776387696417
8555	0.153893590634667
8556	0.113080393038691
8557	0.122149992504463
8558	0.104010793572918
8559	0.0768019951756001
8560	0.176567589299099
8561	0.117615192771577
8562	0.0541279965111683
8563	0.149358790901781
8564	0.0631975959769411
8565	0.122149992504463
8566	0.0722671954427137
8567	0.208311187429303
8568	0.131219591970236
8569	0.158428390367554
8570	0.203776387696417
8571	0.0586627962440547
8572	0.135754391703122
8573	0.12668479223735
8574	0.0813367949084862
8575	0.0813367949084862
8576	0.153893590634667
8577	0.0768019951756001
8578	0.108545593305804
8579	0.176567589299099
8580	0.104010793572918
8581	0.108545593305804
8582	0.108545593305804
8583	0.108545593305804
8584	0.0949411941071452
8585	0.122149992504463
8586	0.12668479223735
8587	0.0994759938400316
8588	0.104010793572918
8589	0.131219591970236
8590	0.140289191436008
8591	0.12668479223735
8592	0.122149992504463
8593	0.0949411941071452
8594	0.0813367949084862
8595	0.0677323957098273
8596	0.167497989833326
8597	0.0994759938400316
8598	0.108545593305804
8599	0.140289191436008
8600	0.140289191436008
8601	0.104010793572918
8602	0.149358790901781
8603	0.113080393038691
8604	0.167497989833326
8605	0.131219591970236
8606	0.0994759938400316
8607	0.122149992504463
8608	0.0768019951756001
8609	0.0949411941071452
8610	0.0586627962440547
8611	0.117615192771577
8612	0.104010793572918
8613	0.0949411941071452
8614	0.181102389031985
8615	0.117615192771577
8616	0.0722671954427137
8617	0.158428390367554
8618	0.113080393038691
8619	0.172032789566213
8620	0.144823991168895
8621	0.108545593305804
8622	0.104010793572918
8623	0.113080393038691
8624	0.0949411941071452
8625	0.140289191436008
8626	0.149358790901781
8627	0.090406394374259
8628	0.117615192771577
8629	0.108545593305804
8630	0.158428390367554
8631	0.158428390367554
8632	0.135754391703122
8633	0.104010793572918
8634	0.113080393038691
8635	0.12668479223735
8636	0.16296319010044
8637	0.090406394374259
8638	0.140289191436008
8639	0.0677323957098273
8640	0.185637188764872
8641	0.16296319010044
8642	0.12668479223735
8643	0.122149992504463
8644	0.144823991168895
8645	0.117615192771577
8646	0.131219591970236
8647	0.122149992504463
8648	0.117615192771577
8649	0.203776387696417
8650	0.131219591970236
8651	0.140289191436008
8652	0.0994759938400316
8653	0.090406394374259
8654	0.135754391703122
8655	0.190171988497758
8656	0.131219591970236
8657	0.0768019951756001
8658	0.131219591970236
8659	0.090406394374259
8660	0.181102389031985
8661	0.0722671954427137
8662	0.0813367949084862
8663	0.153893590634667
8664	0.090406394374259
8665	0.12668479223735
8666	0.122149992504463
8667	0.0450583970453957
8668	0.226450386360849
8669	0.176567589299099
8670	0.0858715946413726
8671	0.122149992504463
8672	0.117615192771577
8673	0.185637188764872
8674	0.117615192771577
8675	0.185637188764872
8676	0.140289191436008
8677	0.181102389031985
8678	0.131219591970236
8679	0.104010793572918
8680	0.117615192771577
8681	0.0858715946413726
8682	0.0949411941071452
8683	0.104010793572918
8684	0.140289191436008
8685	0.117615192771577
8686	0.0677323957098273
8687	0.12668479223735
8688	0.12668479223735
8689	0.158428390367554
8690	0.176567589299099
8691	0.113080393038691
8692	0.153893590634667
8693	0.16296319010044
8694	0.0813367949084862
8695	0.16296319010044
8696	0.153893590634667
8697	0.167497989833326
8698	0.122149992504463
8699	0.199241587963531
8700	0.167497989833326
8701	0.117615192771577
8702	0.16296319010044
8703	0.104010793572918
8704	0.0994759938400316
8705	0.108545593305804
8706	0.12668479223735
8707	0.113080393038691
8708	0.0949411941071452
8709	0.144823991168895
8710	0.122149992504463
8711	0.0813367949084862
8712	0.0813367949084862
8713	0.158428390367554
8714	0.144823991168895
8715	0.181102389031985
8716	0.12668479223735
8717	0.16296319010044
8718	0.153893590634667
8719	0.122149992504463
8720	0.12668479223735
8721	0.117615192771577
8722	0.144823991168895
8723	0.153893590634667
8724	0.113080393038691
8725	0.131219591970236
8726	0.122149992504463
8727	0.113080393038691
8728	0.117615192771577
8729	0.117615192771577
8730	0.176567589299099
8731	0.113080393038691
8732	0.122149992504463
8733	0.131219591970236
8734	0.122149992504463
8735	0.122149992504463
8736	0.167497989833326
8737	0.172032789566213
8738	0.144823991168895
8739	0.122149992504463
8740	0.104010793572918
8741	0.117615192771577
8742	0.144823991168895
8743	0.153893590634667
8744	0.221915586627962
8745	0.108545593305804
8746	0.131219591970236
8747	0.108545593305804
8748	0.153893590634667
8749	0.108545593305804
8750	0.167497989833326
8751	0.149358790901781
8752	0.090406394374259
8753	0.158428390367554
8754	0.144823991168895
8755	0.113080393038691
8756	0.140289191436008
8757	0.144823991168895
8758	0.0586627962440547
8759	0.108545593305804
8760	0.135754391703122
8761	0.0858715946413726
8762	0.0949411941071452
8763	0.131219591970236
8764	0.0858715946413726
8765	0.12668479223735
8766	0.144823991168895
8767	0.176567589299099
8768	0.0994759938400316
8769	0.104010793572918
8770	0.140289191436008
8771	0.122149992504463
8772	0.12668479223735
8773	0.108545593305804
8774	0.0722671954427137
8775	0.0768019951756001
8776	0.149358790901781
8777	0.0949411941071452
8778	0.122149992504463
8779	0.16296319010044
8780	0.104010793572918
8781	0.0813367949084862
8782	0.122149992504463
8783	0.131219591970236
8784	0.113080393038691
8785	0.117615192771577
8786	0.140289191436008
8787	0.153893590634667
8788	0.144823991168895
8789	0.0994759938400316
8790	0.117615192771577
8791	0.0495931967782821
8792	0.104010793572918
8793	0.172032789566213
8794	0.172032789566213
8795	0.149358790901781
8796	0.090406394374259
8797	0.190171988497758
8798	0.090406394374259
8799	0.0722671954427137
8800	0.117615192771577
8801	0.117615192771577
8802	0.122149992504463
8803	0.0858715946413726
8804	0.0813367949084862
8805	0.104010793572918
8806	0.12668479223735
8807	0.167497989833326
8808	0.158428390367554
8809	0.153893590634667
8810	0.0631975959769411
8811	0.194706788230644
8812	0.108545593305804
8813	0.108545593305804
8814	0.21284598716219
8815	0.185637188764872
8816	0.144823991168895
8817	0.181102389031985
8818	0.144823991168895
8819	0.117615192771577
8820	0.113080393038691
8821	0.158428390367554
8822	0.221915586627962
8823	0.131219591970236
8824	0.16296319010044
8825	0.153893590634667
8826	0.140289191436008
8827	0.12668479223735
8828	0.12668479223735
8829	0.0677323957098273
8830	0.0994759938400316
8831	0.176567589299099
8832	0.176567589299099
8833	0.167497989833326
8834	0.140289191436008
8835	0.131219591970236
8836	0.0722671954427137
8837	0.0858715946413726
8838	0.0949411941071452
8839	0.135754391703122
8840	0.140289191436008
8841	0.135754391703122
8842	0.140289191436008
8843	0.108545593305804
8844	0.144823991168895
8845	0.117615192771577
8846	0.104010793572918
8847	0.108545593305804
8848	0.108545593305804
8849	0.12668479223735
8850	0.158428390367554
8851	0.113080393038691
8852	0.12668479223735
8853	0.131219591970236
8854	0.185637188764872
8855	0.090406394374259
8856	0.090406394374259
8857	0.176567589299099
8858	0.117615192771577
8859	0.104010793572918
8860	0.131219591970236
8861	0.185637188764872
8862	0.140289191436008
8863	0.172032789566213
8864	0.176567589299099
8865	0.104010793572918
8866	0.113080393038691
8867	0.122149992504463
8868	0.153893590634667
8869	0.0994759938400316
8870	0.0722671954427137
8871	0.0631975959769411
8872	0.16296319010044
8873	0.144823991168895
8874	0.149358790901781
8875	0.0405235973125093
8876	0.113080393038691
8877	0.113080393038691
8878	0.12668479223735
8879	0.0858715946413726
8880	0.090406394374259
8881	0.113080393038691
8882	0.140289191436008
8883	0.149358790901781
8884	0.108545593305804
8885	0.176567589299099
8886	0.144823991168895
8887	0.194706788230644
8888	0.0813367949084862
8889	0.0994759938400316
8890	0.190171988497758
8891	0.144823991168895
8892	0.181102389031985
8893	0.140289191436008
8894	0.104010793572918
8895	0.0949411941071452
8896	0.0994759938400316
8897	0.122149992504463
8898	0.144823991168895
8899	0.190171988497758
8900	0.104010793572918
8901	0.131219591970236
8902	0.158428390367554
8903	0.153893590634667
8904	0.0994759938400316
8905	0.0768019951756001
8906	0.140289191436008
8907	0.167497989833326
8908	0.104010793572918
8909	0.185637188764872
8910	0.0858715946413726
8911	0.0858715946413726
8912	0.0722671954427137
8913	0.135754391703122
8914	0.0994759938400316
8915	0.149358790901781
8916	0.149358790901781
8917	0.131219591970236
8918	0.131219591970236
8919	0.135754391703122
8920	0.113080393038691
8921	0.090406394374259
8922	0.131219591970236
8923	0.090406394374259
8924	0.181102389031985
8925	0.0994759938400316
8926	0.0994759938400316
8927	0.0994759938400316
8928	0.190171988497758
8929	0.0949411941071452
8930	0.108545593305804
8931	0.090406394374259
8932	0.131219591970236
8933	0.131219591970236
8934	0.16296319010044
8935	0.16296319010044
8936	0.144823991168895
8937	0.167497989833326
8938	0.0994759938400316
8939	0.140289191436008
8940	0.113080393038691
8941	0.167497989833326
8942	0.181102389031985
8943	0.117615192771577
8944	0.113080393038691
8945	0.104010793572918
8946	0.0813367949084862
8947	0.0813367949084862
8948	0.149358790901781
8949	0.108545593305804
8950	0.108545593305804
8951	0.12668479223735
8952	0.172032789566213
8953	0.135754391703122
8954	0.113080393038691
8955	0.113080393038691
8956	0.194706788230644
8957	0.158428390367554
8958	0.158428390367554
8959	0.0768019951756001
8960	0.144823991168895
8961	0.144823991168895
8962	0.0994759938400316
8963	0.122149992504463
8964	0.108545593305804
8965	0.199241587963531
8966	0.172032789566213
8967	0.122149992504463
8968	0.172032789566213
8969	0.113080393038691
8970	0.0858715946413726
8971	0.117615192771577
8972	0.131219591970236
8973	0.131219591970236
8974	0.12668479223735
8975	0.0994759938400316
8976	0.144823991168895
8977	0.131219591970236
8978	0.176567589299099
8979	0.167497989833326
8980	0.172032789566213
8981	0.131219591970236
8982	0.122149992504463
8983	0.113080393038691
8984	0.144823991168895
8985	0.12668479223735
8986	0.113080393038691
8987	0.0495931967782821
8988	0.153893590634667
8989	0.144823991168895
8990	0.135754391703122
8991	0.153893590634667
8992	0.181102389031985
8993	0.140289191436008
8994	0.113080393038691
8995	0.149358790901781
8996	0.122149992504463
8997	0.140289191436008
8998	0.158428390367554
8999	0.0858715946413726
9000	0.140289191436008
9001	0.0768019951756001
9002	0.0994759938400316
9003	0.113080393038691
9004	0.0994759938400316
9005	0.0994759938400316
9006	0.122149992504463
9007	0.113080393038691
9008	0.122149992504463
9009	0.0949411941071452
9010	0.131219591970236
9011	0.16296319010044
9012	0.108545593305804
9013	0.117615192771577
9014	0.158428390367554
9015	0.090406394374259
9016	0.0994759938400316
9017	0.158428390367554
9018	0.0949411941071452
9019	0.208311187429303
9020	0.135754391703122
9021	0.144823991168895
9022	0.0994759938400316
9023	0.185637188764872
9024	0.122149992504463
9025	0.0631975959769411
9026	0.0858715946413726
9027	0.181102389031985
9028	0.104010793572918
9029	0.140289191436008
9030	0.0949411941071452
9031	0.122149992504463
9032	0.167497989833326
9033	0.104010793572918
9034	0.16296319010044
9035	0.090406394374259
9036	0.153893590634667
9037	0.131219591970236
9038	0.113080393038691
9039	0.158428390367554
9040	0.0813367949084862
9041	0.158428390367554
9042	0.16296319010044
9043	0.176567589299099
9044	0.12668479223735
9045	0.104010793572918
9046	0.108545593305804
9047	0.0813367949084862
9048	0.104010793572918
9049	0.12668479223735
9050	0.149358790901781
9051	0.117615192771577
9052	0.113080393038691
9053	0.12668479223735
9054	0.113080393038691
9055	0.090406394374259
9056	0.0949411941071452
9057	0.104010793572918
9058	0.0994759938400316
9059	0.117615192771577
9060	0.131219591970236
9061	0.199241587963531
9062	0.0768019951756001
9063	0.167497989833326
9064	0.113080393038691
9065	0.108545593305804
9066	0.0858715946413726
9067	0.21284598716219
9068	0.194706788230644
9069	0.117615192771577
9070	0.113080393038691
9071	0.149358790901781
9072	0.135754391703122
9073	0.135754391703122
9074	0.176567589299099
9075	0.158428390367554
9076	0.117615192771577
9077	0.0722671954427137
9078	0.117615192771577
9079	0.12668479223735
9080	0.0768019951756001
9081	0.12668479223735
9082	0.16296319010044
9083	0.122149992504463
9084	0.131219591970236
9085	0.176567589299099
9086	0.090406394374259
9087	0.122149992504463
9088	0.0813367949084862
9089	0.0722671954427137
9090	0.0677323957098273
9091	0.0858715946413726
9092	0.135754391703122
9093	0.108545593305804
9094	0.140289191436008
9095	0.135754391703122
9096	0.122149992504463
9097	0.113080393038691
9098	0.0631975959769411
9099	0.217380786895076
9100	0.144823991168895
9101	0.203776387696417
9102	0.167497989833326
9103	0.140289191436008
9104	0.135754391703122
9105	0.0813367949084862
9106	0.0677323957098273
9107	0.181102389031985
9108	0.158428390367554
9109	0.185637188764872
9110	0.113080393038691
9111	0.131219591970236
9112	0.140289191436008
9113	0.144823991168895
9114	0.131219591970236
9115	0.12668479223735
9116	0.158428390367554
9117	0.16296319010044
9118	0.090406394374259
9119	0.181102389031985
9120	0.16296319010044
9121	0.176567589299099
9122	0.108545593305804
9123	0.0631975959769411
9124	0.108545593305804
9125	0.21284598716219
9126	0.090406394374259
9127	0.122149992504463
9128	0.185637188764872
9129	0.0994759938400316
9130	0.158428390367554
9131	0.144823991168895
9132	0.167497989833326
9133	0.176567589299099
9134	0.0949411941071452
9135	0.0495931967782821
9136	0.12668479223735
9137	0.108545593305804
9138	0.117615192771577
9139	0.108545593305804
9140	0.131219591970236
9141	0.158428390367554
9142	0.149358790901781
9143	0.12668479223735
9144	0.16296319010044
9145	0.122149992504463
9146	0.167497989833326
9147	0.190171988497758
9148	0.12668479223735
9149	0.117615192771577
9150	0.113080393038691
9151	0.122149992504463
9152	0.108545593305804
9153	0.158428390367554
9154	0.0949411941071452
9155	0.153893590634667
9156	0.0994759938400316
9157	0.117615192771577
9158	0.172032789566213
9159	0.149358790901781
9160	0.153893590634667
9161	0.0677323957098273
9162	0.176567589299099
9163	0.0994759938400316
9164	0.176567589299099
9165	0.0813367949084862
9166	0.0586627962440547
9167	0.0949411941071452
9168	0.16296319010044
9169	0.12668479223735
9170	0.144823991168895
9171	0.117615192771577
9172	0.0495931967782821
9173	0.12668479223735
9174	0.113080393038691
9175	0.140289191436008
9176	0.0722671954427137
9177	0.16296319010044
9178	0.149358790901781
9179	0.104010793572918
9180	0.144823991168895
9181	0.117615192771577
9182	0.167497989833326
9183	0.0994759938400316
9184	0.0722671954427137
9185	0.176567589299099
9186	0.149358790901781
9187	0.12668479223735
9188	0.140289191436008
9189	0.104010793572918
9190	0.208311187429303
9191	0.0813367949084862
9192	0.113080393038691
9193	0.104010793572918
9194	0.0994759938400316
9195	0.153893590634667
9196	0.12668479223735
9197	0.122149992504463
9198	0.131219591970236
9199	0.108545593305804
9200	0.0858715946413726
9201	0.108545593305804
9202	0.12668479223735
9203	0.117615192771577
9204	0.122149992504463
9205	0.135754391703122
9206	0.0994759938400316
9207	0.0949411941071452
9208	0.135754391703122
9209	0.149358790901781
9210	0.090406394374259
9211	0.122149992504463
9212	0.140289191436008
9213	0.140289191436008
9214	0.104010793572918
9215	0.113080393038691
9216	0.117615192771577
9217	0.0541279965111683
9218	0.0813367949084862
9219	0.0949411941071452
9220	0.122149992504463
9221	0.190171988497758
9222	0.158428390367554
9223	0.135754391703122
9224	0.0949411941071452
9225	0.12668479223735
9226	0.0813367949084862
9227	0.12668479223735
9228	0.108545593305804
9229	0.117615192771577
9230	0.16296319010044
9231	0.113080393038691
9232	0.0949411941071452
9233	0.0768019951756001
9234	0.0858715946413726
9235	0.117615192771577
9236	0.117615192771577
9237	0.0949411941071452
9238	0.090406394374259
9239	0.108545593305804
9240	0.122149992504463
9241	0.172032789566213
9242	0.122149992504463
9243	0.0949411941071452
9244	0.090406394374259
9245	0.158428390367554
9246	0.090406394374259
9247	0.131219591970236
9248	0.167497989833326
9249	0.108545593305804
9250	0.190171988497758
9251	0.176567589299099
9252	0.158428390367554
9253	0.122149992504463
9254	0.108545593305804
9255	0.158428390367554
9256	0.16296319010044
9257	0.113080393038691
9258	0.12668479223735
9259	0.16296319010044
9260	0.0994759938400316
9261	0.0994759938400316
9262	0.149358790901781
9263	0.140289191436008
9264	0.113080393038691
9265	0.181102389031985
9266	0.0768019951756001
9267	0.108545593305804
9268	0.140289191436008
9269	0.135754391703122
9270	0.12668479223735
9271	0.153893590634667
9272	0.167497989833326
9273	0.140289191436008
9274	0.104010793572918
9275	0.135754391703122
9276	0.113080393038691
9277	0.16296319010044
9278	0.104010793572918
9279	0.144823991168895
9280	0.12668479223735
9281	0.176567589299099
9282	0.0813367949084862
9283	0.131219591970236
9284	0.113080393038691
9285	0.0768019951756001
9286	0.108545593305804
9287	0.167497989833326
9288	0.108545593305804
9289	0.208311187429303
9290	0.0994759938400316
9291	0.0858715946413726
9292	0.176567589299099
9293	0.140289191436008
9294	0.113080393038691
9295	0.149358790901781
9296	0.12668479223735
9297	0.140289191436008
9298	0.158428390367554
9299	0.158428390367554
9300	0.104010793572918
9301	0.0677323957098273
9302	0.167497989833326
9303	0.172032789566213
9304	0.158428390367554
9305	0.104010793572918
9306	0.172032789566213
9307	0.167497989833326
9308	0.172032789566213
9309	0.131219591970236
9310	0.0722671954427137
9311	0.0858715946413726
9312	0.117615192771577
9313	0.117615192771577
9314	0.0858715946413726
9315	0.144823991168895
9316	0.140289191436008
9317	0.181102389031985
9318	0.16296319010044
9319	0.158428390367554
9320	0.113080393038691
9321	0.0813367949084862
9322	0.158428390367554
9323	0.140289191436008
9324	0.108545593305804
9325	0.12668479223735
9326	0.104010793572918
9327	0.104010793572918
9328	0.0677323957098273
9329	0.090406394374259
9330	0.140289191436008
9331	0.131219591970236
9332	0.0359887975796231
9333	0.0858715946413726
9334	0.172032789566213
9335	0.117615192771577
9336	0.190171988497758
9337	0.12668479223735
9338	0.131219591970236
9339	0.12668479223735
9340	0.108545593305804
9341	0.104010793572918
9342	0.135754391703122
9343	0.12668479223735
9344	0.113080393038691
9345	0.140289191436008
9346	0.176567589299099
9347	0.0813367949084862
9348	0.153893590634667
9349	0.117615192771577
9350	0.131219591970236
9351	0.0631975959769411
9352	0.135754391703122
9353	0.108545593305804
9354	0.153893590634667
9355	0.185637188764872
9356	0.0722671954427137
9357	0.158428390367554
9358	0.172032789566213
9359	0.122149992504463
9360	0.122149992504463
9361	0.12668479223735
9362	0.122149992504463
9363	0.176567589299099
9364	0.131219591970236
9365	0.113080393038691
9366	0.0722671954427137
9367	0.117615192771577
9368	0.108545593305804
9369	0.131219591970236
9370	0.135754391703122
9371	0.172032789566213
9372	0.135754391703122
9373	0.16296319010044
9374	0.0858715946413726
9375	0.149358790901781
9376	0.153893590634667
9377	0.0541279965111683
9378	0.0858715946413726
9379	0.131219591970236
9380	0.113080393038691
9381	0.113080393038691
9382	0.140289191436008
9383	0.135754391703122
9384	0.199241587963531
9385	0.144823991168895
9386	0.131219591970236
9387	0.0949411941071452
9388	0.208311187429303
9389	0.0450583970453957
9390	0.104010793572918
9391	0.0949411941071452
9392	0.104010793572918
9393	0.104010793572918
9394	0.167497989833326
9395	0.167497989833326
9396	0.244589585292394
9397	0.16296319010044
9398	0.16296319010044
9399	0.113080393038691
9400	0.108545593305804
9401	0.149358790901781
9402	0.0949411941071452
9403	0.0722671954427137
9404	0.090406394374259
9405	0.16296319010044
9406	0.181102389031985
9407	0.0994759938400316
9408	0.104010793572918
9409	0.108545593305804
9410	0.144823991168895
9411	0.135754391703122
9412	0.104010793572918
9413	0.090406394374259
9414	0.153893590634667
9415	0.090406394374259
9416	0.12668479223735
9417	0.144823991168895
9418	0.0949411941071452
9419	0.104010793572918
9420	0.0722671954427137
9421	0.122149992504463
9422	0.149358790901781
9423	0.0949411941071452
9424	0.122149992504463
9425	0.149358790901781
9426	0.131219591970236
9427	0.108545593305804
9428	0.0677323957098273
9429	0.131219591970236
9430	0.0949411941071452
9431	0.12668479223735
9432	0.113080393038691
9433	0.113080393038691
9434	0.117615192771577
9435	0.140289191436008
9436	0.117615192771577
9437	0.117615192771577
9438	0.0994759938400316
9439	0.0722671954427137
9440	0.140289191436008
9441	0.158428390367554
9442	0.153893590634667
9443	0.117615192771577
9444	0.0994759938400316
9445	0.117615192771577
9446	0.113080393038691
9447	0.131219591970236
9448	0.117615192771577
9449	0.117615192771577
9450	0.113080393038691
9451	0.167497989833326
9452	0.149358790901781
9453	0.108545593305804
9454	0.108545593305804
9455	0.158428390367554
9456	0.194706788230644
9457	0.172032789566213
9458	0.131219591970236
9459	0.0949411941071452
9460	0.108545593305804
9461	0.090406394374259
9462	0.0631975959769411
9463	0.172032789566213
9464	0.144823991168895
9465	0.122149992504463
9466	0.0586627962440547
9467	0.144823991168895
9468	0.0631975959769411
9469	0.131219591970236
9470	0.0813367949084862
9471	0.144823991168895
9472	0.117615192771577
9473	0.0949411941071452
9474	0.203776387696417
9475	0.131219591970236
9476	0.131219591970236
9477	0.140289191436008
9478	0.0768019951756001
9479	0.104010793572918
9480	0.158428390367554
9481	0.135754391703122
9482	0.140289191436008
9483	0.0631975959769411
9484	0.131219591970236
9485	0.12668479223735
9486	0.144823991168895
9487	0.176567589299099
9488	0.122149992504463
9489	0.158428390367554
9490	0.12668479223735
9491	0.0813367949084862
9492	0.131219591970236
9493	0.135754391703122
9494	0.0722671954427137
9495	0.176567589299099
9496	0.122149992504463
9497	0.140289191436008
9498	0.117615192771577
9499	0.117615192771577
9500	0.135754391703122
9501	0.176567589299099
9502	0.090406394374259
9503	0.0722671954427137
9504	0.140289191436008
9505	0.144823991168895
9506	0.158428390367554
9507	0.172032789566213
9508	0.153893590634667
9509	0.0949411941071452
9510	0.181102389031985
9511	0.12668479223735
9512	0.0994759938400316
9513	0.113080393038691
9514	0.131219591970236
9515	0.153893590634667
9516	0.167497989833326
9517	0.104010793572918
9518	0.12668479223735
9519	0.149358790901781
9520	0.122149992504463
9521	0.0858715946413726
9522	0.131219591970236
9523	0.140289191436008
9524	0.185637188764872
9525	0.208311187429303
9526	0.0949411941071452
9527	0.0858715946413726
9528	0.144823991168895
9529	0.108545593305804
9530	0.131219591970236
9531	0.176567589299099
9532	0.153893590634667
9533	0.176567589299099
9534	0.0994759938400316
9535	0.12668479223735
9536	0.153893590634667
9537	0.0722671954427137
9538	0.0677323957098273
9539	0.090406394374259
9540	0.122149992504463
9541	0.12668479223735
9542	0.0949411941071452
9543	0.144823991168895
9544	0.0813367949084862
9545	0.167497989833326
9546	0.158428390367554
9547	0.104010793572918
9548	0.108545593305804
9549	0.153893590634667
9550	0.158428390367554
9551	0.108545593305804
9552	0.135754391703122
9553	0.0722671954427137
9554	0.158428390367554
9555	0.113080393038691
9556	0.117615192771577
9557	0.0858715946413726
9558	0.108545593305804
9559	0.158428390367554
9560	0.0949411941071452
9561	0.181102389031985
9562	0.167497989833326
9563	0.113080393038691
9564	0.176567589299099
9565	0.149358790901781
9566	0.113080393038691
9567	0.131219591970236
9568	0.0994759938400316
9569	0.0994759938400316
9570	0.108545593305804
9571	0.172032789566213
9572	0.167497989833326
9573	0.181102389031985
9574	0.167497989833326
9575	0.12668479223735
9576	0.0586627962440547
9577	0.167497989833326
9578	0.135754391703122
9579	0.135754391703122
9580	0.113080393038691
9581	0.131219591970236
9582	0.0768019951756001
9583	0.0994759938400316
9584	0.131219591970236
9585	0.131219591970236
9586	0.0949411941071452
9587	0.0858715946413726
9588	0.122149992504463
9589	0.194706788230644
9590	0.117615192771577
9591	0.108545593305804
9592	0.140289191436008
9593	0.0949411941071452
9594	0.0722671954427137
9595	0.153893590634667
9596	0.185637188764872
9597	0.117615192771577
9598	0.140289191436008
9599	0.0813367949084862
9600	0.12668479223735
9601	0.108545593305804
9602	0.108545593305804
9603	0.108545593305804
9604	0.12668479223735
9605	0.140289191436008
9606	0.16296319010044
9607	0.0722671954427137
9608	0.153893590634667
9609	0.0994759938400316
9610	0.113080393038691
9611	0.104010793572918
9612	0.158428390367554
9613	0.149358790901781
9614	0.0994759938400316
9615	0.131219591970236
9616	0.104010793572918
9617	0.12668479223735
9618	0.0586627962440547
9619	0.16296319010044
9620	0.153893590634667
9621	0.108545593305804
9622	0.113080393038691
9623	0.149358790901781
9624	0.167497989833326
9625	0.0813367949084862
9626	0.122149992504463
9627	0.0768019951756001
9628	0.135754391703122
9629	0.113080393038691
9630	0.172032789566213
9631	0.135754391703122
9632	0.122149992504463
9633	0.140289191436008
9634	0.158428390367554
9635	0.153893590634667
9636	0.113080393038691
9637	0.158428390367554
9638	0.0813367949084862
9639	0.108545593305804
9640	0.153893590634667
9641	0.144823991168895
9642	0.181102389031985
9643	0.135754391703122
9644	0.12668479223735
9645	0.131219591970236
9646	0.149358790901781
9647	0.104010793572918
9648	0.158428390367554
9649	0.0949411941071452
9650	0.0994759938400316
9651	0.0949411941071452
9652	0.0813367949084862
9653	0.0858715946413726
9654	0.0813367949084862
9655	0.0858715946413726
9656	0.113080393038691
9657	0.104010793572918
9658	0.131219591970236
9659	0.181102389031985
9660	0.122149992504463
9661	0.144823991168895
9662	0.144823991168895
9663	0.131219591970236
9664	0.149358790901781
9665	0.131219591970236
9666	0.0813367949084862
9667	0.172032789566213
9668	0.0722671954427137
9669	0.135754391703122
9670	0.117615192771577
9671	0.149358790901781
9672	0.185637188764872
9673	0.117615192771577
9674	0.140289191436008
9675	0.0813367949084862
9676	0.113080393038691
9677	0.158428390367554
9678	0.12668479223735
9679	0.149358790901781
9680	0.12668479223735
9681	0.144823991168895
9682	0.185637188764872
9683	0.131219591970236
9684	0.0949411941071452
9685	0.140289191436008
9686	0.090406394374259
9687	0.117615192771577
9688	0.12668479223735
9689	0.0858715946413726
9690	0.0949411941071452
9691	0.185637188764872
9692	0.0677323957098273
9693	0.172032789566213
9694	0.0994759938400316
9695	0.0722671954427137
9696	0.0994759938400316
9697	0.140289191436008
9698	0.190171988497758
9699	0.122149992504463
9700	0.131219591970236
9701	0.144823991168895
9702	0.117615192771577
9703	0.140289191436008
9704	0.104010793572918
9705	0.199241587963531
9706	0.140289191436008
9707	0.0813367949084862
9708	0.12668479223735
9709	0.122149992504463
9710	0.149358790901781
9711	0.0994759938400316
9712	0.113080393038691
9713	0.0722671954427137
9714	0.158428390367554
9715	0.144823991168895
9716	0.0994759938400316
9717	0.0813367949084862
9718	0.122149992504463
9719	0.12668479223735
9720	0.104010793572918
9721	0.090406394374259
9722	0.117615192771577
9723	0.0631975959769411
9724	0.0949411941071452
9725	0.0722671954427137
9726	0.0994759938400316
9727	0.0858715946413726
9728	0.167497989833326
9729	0.131219591970236
9730	0.0858715946413726
9731	0.158428390367554
9732	0.12668479223735
9733	0.158428390367554
9734	0.167497989833326
9735	0.153893590634667
9736	0.190171988497758
9737	0.122149992504463
9738	0.104010793572918
9739	0.104010793572918
9740	0.140289191436008
9741	0.144823991168895
9742	0.113080393038691
9743	0.0858715946413726
9744	0.144823991168895
9745	0.158428390367554
9746	0.108545593305804
9747	0.172032789566213
9748	0.0994759938400316
9749	0.176567589299099
9750	0.12668479223735
9751	0.149358790901781
9752	0.104010793572918
9753	0.172032789566213
9754	0.149358790901781
9755	0.122149992504463
9756	0.090406394374259
9757	0.149358790901781
9758	0.153893590634667
9759	0.172032789566213
9760	0.113080393038691
9761	0.0858715946413726
9762	0.122149992504463
9763	0.144823991168895
9764	0.12668479223735
9765	0.194706788230644
9766	0.158428390367554
9767	0.108545593305804
9768	0.108545593305804
9769	0.158428390367554
9770	0.135754391703122
9771	0.0994759938400316
9772	0.117615192771577
9773	0.12668479223735
9774	0.122149992504463
9775	0.113080393038691
9776	0.0994759938400316
9777	0.16296319010044
9778	0.0949411941071452
9779	0.0405235973125093
9780	0.117615192771577
9781	0.135754391703122
9782	0.0949411941071452
9783	0.0677323957098273
9784	0.108545593305804
9785	0.113080393038691
9786	0.122149992504463
9787	0.172032789566213
9788	0.0994759938400316
9789	0.0677323957098273
9790	0.0722671954427137
9791	0.122149992504463
9792	0.131219591970236
9793	0.113080393038691
9794	0.190171988497758
9795	0.0949411941071452
9796	0.135754391703122
9797	0.167497989833326
9798	0.149358790901781
9799	0.0178495986480778
9800	0.144823991168895
9801	0.0768019951756001
9802	0.140289191436008
9803	0.0949411941071452
9804	0.104010793572918
9805	0.0768019951756001
9806	0.108545593305804
9807	0.149358790901781
9808	0.149358790901781
9809	0.113080393038691
9810	0.0405235973125093
9811	0.0768019951756001
9812	0.104010793572918
9813	0.113080393038691
9814	0.190171988497758
9815	0.122149992504463
9816	0.122149992504463
9817	0.0450583970453957
9818	0.0994759938400316
9819	0.158428390367554
9820	0.117615192771577
9821	0.0994759938400316
9822	0.135754391703122
9823	0.208311187429303
9824	0.158428390367554
9825	0.144823991168895
9826	0.122149992504463
9827	0.117615192771577
9828	0.117615192771577
9829	0.0677323957098273
9830	0.0949411941071452
9831	0.153893590634667
9832	0.0858715946413726
9833	0.113080393038691
9834	0.108545593305804
9835	0.144823991168895
9836	0.172032789566213
9837	0.0813367949084862
9838	0.0813367949084862
9839	0.0858715946413726
9840	0.113080393038691
9841	0.135754391703122
9842	0.113080393038691
9843	0.0541279965111683
9844	0.0768019951756001
9845	0.0858715946413726
9846	0.12668479223735
9847	0.140289191436008
9848	0.185637188764872
9849	0.104010793572918
9850	0.104010793572918
9851	0.0994759938400316
9852	0.144823991168895
9853	0.12668479223735
9854	0.149358790901781
9855	0.131219591970236
9856	0.131219591970236
9857	0.0631975959769411
9858	0.131219591970236
9859	0.0450583970453957
9860	0.122149992504463
9861	0.153893590634667
9862	0.0994759938400316
9863	0.12668479223735
9864	0.12668479223735
9865	0.122149992504463
9866	0.167497989833326
9867	0.16296319010044
9868	0.135754391703122
9869	0.090406394374259
9870	0.0541279965111683
9871	0.135754391703122
9872	0.190171988497758
9873	0.0495931967782821
9874	0.0994759938400316
9875	0.135754391703122
9876	0.0949411941071452
9877	0.104010793572918
9878	0.108545593305804
9879	0.131219591970236
9880	0.16296319010044
9881	0.185637188764872
9882	0.104010793572918
9883	0.117615192771577
9884	0.144823991168895
9885	0.199241587963531
9886	0.0813367949084862
9887	0.181102389031985
9888	0.0722671954427137
9889	0.12668479223735
9890	0.153893590634667
9891	0.135754391703122
9892	0.108545593305804
9893	0.117615192771577
9894	0.140289191436008
9895	0.131219591970236
9896	0.131219591970236
9897	0.167497989833326
9898	0.0586627962440547
9899	0.0677323957098273
9900	0.0994759938400316
9901	0.0722671954427137
9902	0.0495931967782821
9903	0.122149992504463
9904	0.131219591970236
9905	0.167497989833326
9906	0.0994759938400316
9907	0.0994759938400316
9908	0.117615192771577
9909	0.140289191436008
9910	0.153893590634667
9911	0.176567589299099
9912	0.0677323957098273
9913	0.108545593305804
9914	0.176567589299099
9915	0.144823991168895
9916	0.122149992504463
9917	0.108545593305804
9918	0.104010793572918
9919	0.135754391703122
9920	0.113080393038691
9921	0.131219591970236
9922	0.153893590634667
9923	0.158428390367554
9924	0.108545593305804
9925	0.140289191436008
9926	0.113080393038691
9927	0.0949411941071452
9928	0.16296319010044
9929	0.108545593305804
9930	0.104010793572918
9931	0.12668479223735
9932	0.104010793572918
9933	0.172032789566213
9934	0.131219591970236
9935	0.108545593305804
9936	0.117615192771577
9937	0.117615192771577
9938	0.12668479223735
9939	0.149358790901781
9940	0.0949411941071452
9941	0.140289191436008
9942	0.167497989833326
9943	0.122149992504463
9944	0.135754391703122
9945	0.117615192771577
9946	0.144823991168895
9947	0.140289191436008
9948	0.122149992504463
9949	0.122149992504463
9950	0.122149992504463
9951	0.0949411941071452
9952	0.104010793572918
9953	0.144823991168895
9954	0.144823991168895
9955	0.12668479223735
9956	0.108545593305804
9957	0.153893590634667
9958	0.0994759938400316
9959	0.108545593305804
9960	0.12668479223735
9961	0.108545593305804
9962	0.131219591970236
9963	0.122149992504463
9964	0.153893590634667
9965	0.190171988497758
9966	0.140289191436008
9967	0.0994759938400316
9968	0.158428390367554
9969	0.0949411941071452
9970	0.12668479223735
9971	0.140289191436008
9972	0.108545593305804
9973	0.16296319010044
9974	0.0994759938400316
9975	0.108545593305804
9976	0.144823991168895
9977	0.113080393038691
9978	0.0858715946413726
9979	0.113080393038691
9980	0.158428390367554
9981	0.117615192771577
9982	0.135754391703122
9983	0.12668479223735
9984	0.167497989833326
9985	0.113080393038691
9986	0.167497989833326
9987	0.12668479223735
9988	0.0858715946413726
9989	0.181102389031985
9990	0.149358790901781
9991	0.12668479223735
9992	0.0994759938400316
9993	0.131219591970236
9994	0.131219591970236
9995	0.0949411941071452
9996	0.0586627962440547
9997	0.0813367949084862
9998	0.153893590634667
9999	0.0949411941071452
10000	0.140289191436008
10001	0.135754391703122
10002	0.167497989833326
10003	0.0541279965111683
10004	0.140289191436008
10005	0.104010793572918
10006	0.181102389031985
10007	0.144823991168895
10008	0.0722671954427137
10009	0.144823991168895
10010	0.0178495986480778
10011	0.122149992504463
10012	0.194706788230644
10013	0.0949411941071452
10014	0.144823991168895
10015	0.144823991168895
10016	0.117615192771577
10017	0.158428390367554
10018	0.149358790901781
10019	0.113080393038691
10020	0.113080393038691
10021	0.0768019951756001
10022	0.149358790901781
10023	0.108545593305804
10024	0.0858715946413726
10025	0.0722671954427137
10026	0.135754391703122
10027	0.108545593305804
10028	0.117615192771577
10029	0.0994759938400316
10030	0.113080393038691
10031	0.113080393038691
10032	0.108545593305804
10033	0.12668479223735
10034	0.117615192771577
10035	0.158428390367554
10036	0.117615192771577
10037	0.122149992504463
10038	0.167497989833326
10039	0.144823991168895
10040	0.0994759938400316
10041	0.122149992504463
10042	0.181102389031985
10043	0.0495931967782821
10044	0.117615192771577
10045	0.117615192771577
10046	0.0586627962440547
10047	0.090406394374259
10048	0.0949411941071452
10049	0.12668479223735
10050	0.090406394374259
10051	0.113080393038691
10052	0.0949411941071452
10053	0.122149992504463
10054	0.104010793572918
10055	0.140289191436008
10056	0.12668479223735
10057	0.113080393038691
10058	0.149358790901781
10059	0.149358790901781
10060	0.0541279965111683
10061	0.108545593305804
10062	0.144823991168895
10063	0.144823991168895
10064	0.167497989833326
10065	0.149358790901781
10066	0.104010793572918
10067	0.122149992504463
10068	0.135754391703122
10069	0.113080393038691
10070	0.144823991168895
10071	0.108545593305804
10072	0.113080393038691
10073	0.140289191436008
10074	0.113080393038691
10075	0.0541279965111683
10076	0.16296319010044
10077	0.0858715946413726
10078	0.153893590634667
10079	0.0768019951756001
10080	0.149358790901781
10081	0.090406394374259
10082	0.181102389031985
10083	0.0858715946413726
10084	0.122149992504463
10085	0.181102389031985
10086	0.203776387696417
10087	0.104010793572918
10088	0.113080393038691
10089	0.149358790901781
10090	0.0813367949084862
10091	0.0768019951756001
10092	0.140289191436008
10093	0.0858715946413726
10094	0.131219591970236
10095	0.090406394374259
10096	0.122149992504463
10097	0.104010793572918
10098	0.176567589299099
10099	0.131219591970236
10100	0.12668479223735
10101	0.113080393038691
10102	0.12668479223735
10103	0.158428390367554
10104	0.108545593305804
10105	0.0405235973125093
10106	0.122149992504463
10107	0.104010793572918
10108	0.240054785559508
10109	0.0994759938400316
10110	0.122149992504463
10111	0.104010793572918
10112	0.0994759938400316
10113	0.153893590634667
10114	0.172032789566213
10115	0.0949411941071452
10116	0.122149992504463
10117	0.0994759938400316
10118	0.090406394374259
10119	0.108545593305804
10120	0.199241587963531
10121	0.117615192771577
10122	0.172032789566213
10123	0.0949411941071452
10124	0.185637188764872
10125	0.108545593305804
10126	0.0813367949084862
10127	0.090406394374259
10128	0.135754391703122
10129	0.140289191436008
10130	0.113080393038691
10131	0.167497989833326
10132	0.113080393038691
10133	0.090406394374259
10134	0.12668479223735
10135	0.117615192771577
10136	0.108545593305804
10137	0.0586627962440547
10138	0.0949411941071452
10139	0.0631975959769411
10140	0.167497989833326
10141	0.0858715946413726
10142	0.0541279965111683
10143	0.104010793572918
10144	0.153893590634667
10145	0.090406394374259
10146	0.113080393038691
10147	0.122149992504463
10148	0.185637188764872
10149	0.190171988497758
10150	0.140289191436008
10151	0.122149992504463
10152	0.0813367949084862
10153	0.176567589299099
10154	0.12668479223735
10155	0.0994759938400316
10156	0.167497989833326
10157	0.104010793572918
10158	0.144823991168895
10159	0.167497989833326
10160	0.0858715946413726
10161	0.0858715946413726
10162	0.0813367949084862
10163	0.117615192771577
10164	0.0768019951756001
10165	0.131219591970236
10166	0.117615192771577
10167	0.12668479223735
10168	0.0949411941071452
10169	0.131219591970236
10170	0.090406394374259
10171	0.149358790901781
10172	0.0994759938400316
10173	0.122149992504463
10174	0.0949411941071452
10175	0.135754391703122
10176	0.0586627962440547
10177	0.158428390367554
10178	0.117615192771577
10179	0.0768019951756001
10180	0.090406394374259
10181	0.16296319010044
10182	0.113080393038691
10183	0.153893590634667
10184	0.12668479223735
10185	0.135754391703122
10186	0.0405235973125093
10187	0.153893590634667
10188	0.167497989833326
10189	0.153893590634667
10190	0.140289191436008
10191	0.090406394374259
10192	0.149358790901781
10193	0.158428390367554
10194	0.0994759938400316
10195	0.12668479223735
10196	0.108545593305804
10197	0.190171988497758
10198	0.122149992504463
10199	0.113080393038691
10200	0.108545593305804
10201	0.135754391703122
10202	0.113080393038691
10203	0.0269191981138504
10204	0.12668479223735
10205	0.090406394374259
10206	0.144823991168895
10207	0.131219591970236
10208	0.12668479223735
10209	0.176567589299099
10210	0.117615192771577
10211	0.149358790901781
10212	0.176567589299099
10213	0.158428390367554
10214	0.122149992504463
10215	0.117615192771577
10216	0.117615192771577
10217	0.16296319010044
10218	0.12668479223735
10219	0.140289191436008
10220	0.149358790901781
10221	0.104010793572918
10222	0.0949411941071452
10223	0.0858715946413726
10224	0.122149992504463
10225	0.117615192771577
10226	0.153893590634667
10227	0.153893590634667
10228	0.0631975959769411
10229	0.131219591970236
10230	0.149358790901781
10231	0.0949411941071452
10232	0.172032789566213
10233	0.0994759938400316
10234	0.131219591970236
10235	0.122149992504463
10236	0.149358790901781
10237	0.16296319010044
10238	0.135754391703122
10239	0.122149992504463
10240	0.190171988497758
10241	0.117615192771577
10242	0.181102389031985
10243	0.0813367949084862
10244	0.172032789566213
10245	0.167497989833326
10246	0.153893590634667
10247	0.0722671954427137
10248	0.12668479223735
10249	0.0450583970453957
10250	0.140289191436008
10251	0.153893590634667
10252	0.113080393038691
10253	0.176567589299099
10254	0.090406394374259
10255	0.185637188764872
10256	0.181102389031985
10257	0.0768019951756001
10258	0.149358790901781
10259	0.0813367949084862
10260	0.090406394374259
10261	0.104010793572918
10262	0.140289191436008
10263	0.0994759938400316
10264	0.135754391703122
10265	0.158428390367554
10266	0.131219591970236
10267	0.108545593305804
10268	0.0813367949084862
10269	0.12668479223735
10270	0.117615192771577
10271	0.0994759938400316
10272	0.153893590634667
10273	0.0722671954427137
10274	0.090406394374259
10275	0.122149992504463
10276	0.131219591970236
10277	0.104010793572918
10278	0.153893590634667
10279	0.153893590634667
10280	0.149358790901781
10281	0.122149992504463
10282	0.149358790901781
10283	0.0586627962440547
10284	0.0858715946413726
10285	0.158428390367554
10286	0.0949411941071452
10287	0.108545593305804
10288	0.16296319010044
10289	0.149358790901781
10290	0.104010793572918
10291	0.149358790901781
10292	0.108545593305804
10293	0.0722671954427137
10294	0.167497989833326
10295	0.131219591970236
10296	0.117615192771577
10297	0.0813367949084862
10298	0.181102389031985
10299	0.122149992504463
10300	0.12668479223735
10301	0.090406394374259
10302	0.117615192771577
10303	0.0858715946413726
10304	0.131219591970236
10305	0.117615192771577
10306	0.0994759938400316
10307	0.0994759938400316
10308	0.153893590634667
10309	0.144823991168895
10310	0.117615192771577
10311	0.131219591970236
10312	0.149358790901781
10313	0.122149992504463
10314	0.108545593305804
10315	0.194706788230644
10316	0.12668479223735
10317	0.0858715946413726
10318	0.0949411941071452
10319	0.0994759938400316
10320	0.0949411941071452
10321	0.131219591970236
10322	0.0722671954427137
10323	0.153893590634667
10324	0.153893590634667
10325	0.090406394374259
10326	0.167497989833326
10327	0.0994759938400316
10328	0.104010793572918
10329	0.0405235973125093
10330	0.0722671954427137
10331	0.140289191436008
10332	0.16296319010044
10333	0.149358790901781
10334	0.167497989833326
10335	0.0450583970453957
10336	0.117615192771577
10337	0.104010793572918
10338	0.104010793572918
10339	0.149358790901781
10340	0.0949411941071452
10341	0.135754391703122
10342	0.167497989833326
10343	0.199241587963531
10344	0.131219591970236
10345	0.172032789566213
10346	0.149358790901781
10347	0.0813367949084862
10348	0.108545593305804
10349	0.117615192771577
10350	0.12668479223735
10351	0.0631975959769411
10352	0.149358790901781
10353	0.0949411941071452
10354	0.12668479223735
10355	0.108545593305804
10356	0.0949411941071452
10357	0.12668479223735
10358	0.113080393038691
10359	0.0949411941071452
10360	0.181102389031985
10361	0.12668479223735
10362	0.117615192771577
10363	0.104010793572918
10364	0.140289191436008
10365	0.149358790901781
10366	0.0994759938400316
10367	0.194706788230644
10368	0.122149992504463
10369	0.131219591970236
10370	0.122149992504463
10371	0.117615192771577
10372	0.190171988497758
10373	0.12668479223735
10374	0.117615192771577
10375	0.131219591970236
10376	0.104010793572918
10377	0.158428390367554
10378	0.131219591970236
10379	0.0586627962440547
10380	0.131219591970236
10381	0.117615192771577
10382	0.104010793572918
10383	0.113080393038691
10384	0.0813367949084862
10385	0.122149992504463
10386	0.131219591970236
10387	0.185637188764872
10388	0.16296319010044
10389	0.149358790901781
10390	0.0994759938400316
10391	0.144823991168895
10392	0.144823991168895
10393	0.16296319010044
10394	0.16296319010044
10395	0.090406394374259
10396	0.113080393038691
10397	0.131219591970236
10398	0.0994759938400316
10399	0.135754391703122
10400	0.122149992504463
10401	0.153893590634667
10402	0.0949411941071452
10403	0.16296319010044
10404	0.117615192771577
10405	0.135754391703122
10406	0.0768019951756001
10407	0.117615192771577
10408	0.104010793572918
10409	0.0631975959769411
10410	0.131219591970236
10411	0.135754391703122
10412	0.0722671954427137
10413	0.135754391703122
10414	0.104010793572918
10415	0.0813367949084862
10416	0.158428390367554
10417	0.108545593305804
10418	0.122149992504463
10419	0.153893590634667
10420	0.117615192771577
10421	0.167497989833326
10422	0.108545593305804
10423	0.122149992504463
10424	0.122149992504463
10425	0.117615192771577
10426	0.131219591970236
10427	0.140289191436008
10428	0.0631975959769411
10429	0.113080393038691
10430	0.167497989833326
10431	0.113080393038691
10432	0.172032789566213
10433	0.0677323957098273
10434	0.181102389031985
10435	0.144823991168895
10436	0.113080393038691
10437	0.113080393038691
10438	0.0722671954427137
10439	0.122149992504463
10440	0.117615192771577
10441	0.140289191436008
10442	0.158428390367554
10443	0.172032789566213
10444	0.113080393038691
10445	0.135754391703122
10446	0.158428390367554
10447	0.0768019951756001
10448	0.176567589299099
10449	0.153893590634667
10450	0.0994759938400316
10451	0.108545593305804
10452	0.117615192771577
10453	0.117615192771577
10454	0.194706788230644
10455	0.131219591970236
10456	0.0813367949084862
10457	0.181102389031985
10458	0.0949411941071452
10459	0.117615192771577
10460	0.117615192771577
10461	0.104010793572918
10462	0.0586627962440547
10463	0.140289191436008
10464	0.0722671954427137
10465	0.0858715946413726
10466	0.135754391703122
10467	0.113080393038691
10468	0.16296319010044
10469	0.0994759938400316
10470	0.104010793572918
10471	0.153893590634667
10472	0.131219591970236
10473	0.108545593305804
10474	0.090406394374259
10475	0.0541279965111683
10476	0.122149992504463
10477	0.176567589299099
10478	0.104010793572918
10479	0.0722671954427137
10480	0.140289191436008
10481	0.181102389031985
10482	0.0994759938400316
10483	0.122149992504463
10484	0.090406394374259
10485	0.167497989833326
10486	0.113080393038691
10487	0.158428390367554
10488	0.108545593305804
10489	0.12668479223735
10490	0.113080393038691
10491	0.0768019951756001
10492	0.12668479223735
10493	0.176567589299099
10494	0.131219591970236
10495	0.117615192771577
10496	0.131219591970236
10497	0.0768019951756001
10498	0.0994759938400316
10499	0.135754391703122
10500	0.0994759938400316
10501	0.144823991168895
10502	0.122149992504463
10503	0.131219591970236
10504	0.158428390367554
10505	0.122149992504463
10506	0.117615192771577
10507	0.12668479223735
10508	0.153893590634667
10509	0.113080393038691
10510	0.131219591970236
10511	0.090406394374259
10512	0.149358790901781
10513	0.0858715946413726
10514	0.0858715946413726
10515	0.0677323957098273
10516	0.090406394374259
10517	0.144823991168895
10518	0.113080393038691
10519	0.117615192771577
10520	0.104010793572918
10521	0.0813367949084862
10522	0.0949411941071452
10523	0.113080393038691
10524	0.135754391703122
10525	0.0631975959769411
10526	0.104010793572918
10527	0.0858715946413726
10528	0.181102389031985
10529	0.144823991168895
10530	0.0858715946413726
10531	0.153893590634667
10532	0.113080393038691
10533	0.194706788230644
10534	0.144823991168895
10535	0.16296319010044
10536	0.12668479223735
10537	0.122149992504463
10538	0.0768019951756001
10539	0.108545593305804
10540	0.104010793572918
10541	0.0541279965111683
10542	0.140289191436008
10543	0.0949411941071452
10544	0.0768019951756001
10545	0.0495931967782821
10546	0.144823991168895
10547	0.190171988497758
10548	0.090406394374259
10549	0.113080393038691
10550	0.153893590634667
10551	0.167497989833326
10552	0.217380786895076
10553	0.144823991168895
10554	0.0677323957098273
10555	0.0949411941071452
10556	0.135754391703122
10557	0.144823991168895
10558	0.12668479223735
10559	0.104010793572918
10560	0.12668479223735
10561	0.108545593305804
10562	0.117615192771577
10563	0.117615192771577
10564	0.167497989833326
10565	0.131219591970236
10566	0.0722671954427137
10567	0.140289191436008
10568	0.16296319010044
10569	0.122149992504463
10570	0.203776387696417
10571	0.131219591970236
10572	0.104010793572918
10573	0.135754391703122
10574	0.131219591970236
10575	0.158428390367554
10576	0.131219591970236
10577	0.16296319010044
10578	0.0949411941071452
10579	0.149358790901781
10580	0.140289191436008
10581	0.104010793572918
10582	0.158428390367554
10583	0.172032789566213
10584	0.090406394374259
10585	0.122149992504463
10586	0.16296319010044
10587	0.117615192771577
10588	0.221915586627962
10589	0.149358790901781
10590	0.176567589299099
10591	0.149358790901781
10592	0.158428390367554
10593	0.0722671954427137
10594	0.131219591970236
10595	0.149358790901781
10596	0.090406394374259
10597	0.122149992504463
10598	0.12668479223735
10599	0.144823991168895
10600	0.153893590634667
10601	0.144823991168895
10602	0.0858715946413726
10603	0.12668479223735
10604	0.108545593305804
10605	0.122149992504463
10606	0.0949411941071452
10607	0.113080393038691
10608	0.12668479223735
10609	0.131219591970236
10610	0.104010793572918
10611	0.16296319010044
10612	0.117615192771577
10613	0.0586627962440547
10614	0.0722671954427137
10615	0.122149992504463
10616	0.0858715946413726
10617	0.122149992504463
10618	0.158428390367554
10619	0.117615192771577
10620	0.113080393038691
10621	0.185637188764872
10622	0.113080393038691
10623	0.0949411941071452
10624	0.0949411941071452
10625	0.0405235973125093
10626	0.104010793572918
10627	0.144823991168895
10628	0.131219591970236
10629	0.135754391703122
10630	0.144823991168895
10631	0.16296319010044
10632	0.104010793572918
10633	0.108545593305804
10634	0.135754391703122
10635	0.149358790901781
10636	0.0858715946413726
10637	0.0858715946413726
10638	0.144823991168895
10639	0.12668479223735
10640	0.104010793572918
10641	0.0813367949084862
10642	0.117615192771577
10643	0.12668479223735
10644	0.113080393038691
10645	0.12668479223735
10646	0.108545593305804
10647	0.167497989833326
10648	0.0994759938400316
10649	0.0813367949084862
10650	0.149358790901781
10651	0.104010793572918
10652	0.131219591970236
10653	0.0631975959769411
10654	0.0858715946413726
10655	0.12668479223735
10656	0.167497989833326
10657	0.153893590634667
10658	0.117615192771577
10659	0.113080393038691
10660	0.0858715946413726
10661	0.108545593305804
10662	0.149358790901781
10663	0.0813367949084862
10664	0.108545593305804
10665	0.167497989833326
10666	0.108545593305804
10667	0.144823991168895
10668	0.0768019951756001
10669	0.108545593305804
10670	0.144823991168895
10671	0.090406394374259
10672	0.0813367949084862
10673	0.090406394374259
10674	0.0949411941071452
10675	0.158428390367554
10676	0.140289191436008
10677	0.108545593305804
10678	0.158428390367554
10679	0.0949411941071452
10680	0.12668479223735
10681	0.176567589299099
10682	0.104010793572918
10683	0.0677323957098273
10684	0.104010793572918
10685	0.104010793572918
10686	0.108545593305804
10687	0.21284598716219
10688	0.153893590634667
10689	0.113080393038691
10690	0.104010793572918
10691	0.0768019951756001
10692	0.108545593305804
10693	0.140289191436008
10694	0.108545593305804
10695	0.135754391703122
10696	0.0994759938400316
10697	0.140289191436008
10698	0.135754391703122
10699	0.144823991168895
10700	0.0858715946413726
10701	0.113080393038691
10702	0.122149992504463
10703	0.0994759938400316
10704	0.12668479223735
10705	0.0813367949084862
10706	0.108545593305804
10707	0.181102389031985
10708	0.135754391703122
10709	0.144823991168895
10710	0.122149992504463
10711	0.158428390367554
10712	0.108545593305804
10713	0.131219591970236
10714	0.144823991168895
10715	0.090406394374259
10716	0.144823991168895
10717	0.140289191436008
10718	0.24912438502528
10719	0.0949411941071452
10720	0.153893590634667
10721	0.0858715946413726
10722	0.0768019951756001
10723	0.117615192771577
10724	0.131219591970236
10725	0.131219591970236
10726	0.12668479223735
10727	0.0949411941071452
10728	0.0994759938400316
10729	0.0949411941071452
10730	0.104010793572918
10731	0.153893590634667
10732	0.104010793572918
10733	0.135754391703122
10734	0.12668479223735
10735	0.090406394374259
10736	0.16296319010044
10737	0.0858715946413726
10738	0.0994759938400316
10739	0.135754391703122
10740	0.0994759938400316
10741	0.131219591970236
10742	0.090406394374259
10743	0.144823991168895
10744	0.140289191436008
10745	0.0994759938400316
10746	0.0768019951756001
10747	0.21284598716219
10748	0.158428390367554
10749	0.131219591970236
10750	0.12668479223735
10751	0.090406394374259
10752	0.131219591970236
10753	0.0768019951756001
10754	0.144823991168895
10755	0.108545593305804
10756	0.190171988497758
10757	0.131219591970236
10758	0.122149992504463
10759	0.149358790901781
10760	0.0994759938400316
10761	0.149358790901781
10762	0.12668479223735
10763	0.108545593305804
10764	0.140289191436008
10765	0.149358790901781
10766	0.140289191436008
10767	0.108545593305804
10768	0.131219591970236
10769	0.12668479223735
10770	0.0677323957098273
10771	0.122149992504463
10772	0.144823991168895
10773	0.185637188764872
10774	0.117615192771577
10775	0.131219591970236
10776	0.158428390367554
10777	0.0949411941071452
10778	0.172032789566213
10779	0.158428390367554
10780	0.12668479223735
10781	0.122149992504463
10782	0.131219591970236
10783	0.0949411941071452
10784	0.104010793572918
10785	0.0495931967782821
10786	0.122149992504463
10787	0.108545593305804
10788	0.140289191436008
10789	0.0813367949084862
10790	0.144823991168895
10791	0.122149992504463
10792	0.135754391703122
10793	0.104010793572918
10794	0.181102389031985
10795	0.158428390367554
10796	0.258193984491053
10797	0.0858715946413726
10798	0.149358790901781
10799	0.113080393038691
10800	0.0631975959769411
10801	0.104010793572918
10802	0.135754391703122
10803	0.090406394374259
10804	0.0994759938400316
10805	0.122149992504463
10806	0.117615192771577
10807	0.0813367949084862
10808	0.122149992504463
10809	0.12668479223735
10810	0.113080393038691
10811	0.108545593305804
10812	0.144823991168895
10813	0.135754391703122
10814	0.122149992504463
10815	0.140289191436008
10816	0.158428390367554
10817	0.131219591970236
10818	0.144823991168895
10819	0.140289191436008
10820	0.135754391703122
10821	0.140289191436008
10822	0.172032789566213
10823	0.113080393038691
10824	0.0994759938400316
10825	0.0768019951756001
10826	0.0949411941071452
10827	0.217380786895076
10828	0.140289191436008
10829	0.108545593305804
10830	0.117615192771577
10831	0.0858715946413726
10832	0.117615192771577
10833	0.117615192771577
10834	0.117615192771577
10835	0.12668479223735
10836	0.149358790901781
10837	0.0405235973125093
10838	0.167497989833326
10839	0.104010793572918
10840	0.144823991168895
10841	0.131219591970236
10842	0.12668479223735
10843	0.0768019951756001
10844	0.122149992504463
10845	0.153893590634667
10846	0.0586627962440547
10847	0.144823991168895
10848	0.122149992504463
10849	0.167497989833326
10850	0.122149992504463
10851	0.167497989833326
10852	0.090406394374259
10853	0.12668479223735
10854	0.12668479223735
10855	0.158428390367554
10856	0.203776387696417
10857	0.149358790901781
10858	0.131219591970236
10859	0.149358790901781
10860	0.0813367949084862
10861	0.135754391703122
10862	0.0586627962440547
10863	0.131219591970236
10864	0.117615192771577
10865	0.140289191436008
10866	0.0858715946413726
10867	0.0722671954427137
10868	0.108545593305804
10869	0.122149992504463
10870	0.0541279965111683
10871	0.167497989833326
10872	0.135754391703122
10873	0.12668479223735
10874	0.113080393038691
10875	0.0858715946413726
10876	0.0631975959769411
10877	0.0949411941071452
10878	0.12668479223735
10879	0.0858715946413726
10880	0.108545593305804
10881	0.0858715946413726
10882	0.108545593305804
10883	0.131219591970236
10884	0.108545593305804
10885	0.0677323957098273
10886	0.113080393038691
10887	0.0495931967782821
10888	0.0813367949084862
10889	0.0495931967782821
10890	0.0586627962440547
10891	0.149358790901781
10892	0.113080393038691
10893	0.153893590634667
10894	0.0768019951756001
10895	0.113080393038691
10896	0.0677323957098273
10897	0.131219591970236
10898	0.090406394374259
10899	0.158428390367554
10900	0.104010793572918
10901	0.0813367949084862
10902	0.140289191436008
10903	0.144823991168895
10904	0.108545593305804
10905	0.181102389031985
10906	0.0450583970453957
10907	0.176567589299099
10908	0.0858715946413726
10909	0.140289191436008
10910	0.104010793572918
10911	0.144823991168895
10912	0.0994759938400316
10913	0.0586627962440547
10914	0.0813367949084862
10915	0.117615192771577
10916	0.108545593305804
10917	0.181102389031985
10918	0.117615192771577
10919	0.135754391703122
10920	0.181102389031985
10921	0.149358790901781
10922	0.0586627962440547
10923	0.108545593305804
10924	0.122149992504463
10925	0.122149992504463
10926	0.108545593305804
10927	0.144823991168895
10928	0.113080393038691
10929	0.135754391703122
10930	0.181102389031985
10931	0.0677323957098273
10932	0.135754391703122
10933	0.12668479223735
10934	0.0858715946413726
10935	0.117615192771577
10936	0.0768019951756001
10937	0.0949411941071452
10938	0.12668479223735
10939	0.149358790901781
10940	0.0858715946413726
10941	0.172032789566213
10942	0.0994759938400316
10943	0.149358790901781
10944	0.113080393038691
10945	0.12668479223735
10946	0.131219591970236
10947	0.0813367949084862
10948	0.117615192771577
10949	0.172032789566213
10950	0.104010793572918
10951	0.0813367949084862
10952	0.122149992504463
10953	0.117615192771577
10954	0.0722671954427137
10955	0.176567589299099
10956	0.135754391703122
10957	0.117615192771577
10958	0.135754391703122
10959	0.113080393038691
10960	0.131219591970236
10961	0.0541279965111683
10962	0.199241587963531
10963	0.113080393038691
10964	0.144823991168895
10965	0.221915586627962
10966	0.131219591970236
10967	0.131219591970236
10968	0.0450583970453957
10969	0.122149992504463
10970	0.0813367949084862
10971	0.090406394374259
10972	0.172032789566213
10973	0.0949411941071452
10974	0.12668479223735
10975	0.090406394374259
10976	0.0994759938400316
10977	0.108545593305804
10978	0.16296319010044
10979	0.0768019951756001
10980	0.144823991168895
10981	0.153893590634667
10982	0.131219591970236
10983	0.131219591970236
10984	0.131219591970236
10985	0.158428390367554
10986	0.167497989833326
10987	0.149358790901781
10988	0.0858715946413726
10989	0.185637188764872
10990	0.140289191436008
10991	0.185637188764872
10992	0.158428390367554
10993	0.131219591970236
10994	0.12668479223735
10995	0.153893590634667
10996	0.135754391703122
10997	0.117615192771577
10998	0.131219591970236
10999	0.113080393038691
11000	0.140289191436008
11001	0.0949411941071452
11002	0.131219591970236
11003	0.158428390367554
11004	0.131219591970236
11005	0.131219591970236
11006	0.149358790901781
11007	0.117615192771577
11008	0.0813367949084862
11009	0.0586627962440547
11010	0.090406394374259
11011	0.144823991168895
11012	0.158428390367554
11013	0.090406394374259
11014	0.12668479223735
11015	0.153893590634667
11016	0.104010793572918
11017	0.090406394374259
11018	0.113080393038691
11019	0.131219591970236
11020	0.0994759938400316
11021	0.0994759938400316
11022	0.172032789566213
11023	0.104010793572918
11024	0.16296319010044
11025	0.0813367949084862
11026	0.144823991168895
11027	0.131219591970236
11028	0.0768019951756001
11029	0.140289191436008
11030	0.0631975959769411
11031	0.122149992504463
11032	0.16296319010044
11033	0.131219591970236
11034	0.158428390367554
11035	0.149358790901781
11036	0.158428390367554
11037	0.181102389031985
11038	0.0768019951756001
11039	0.113080393038691
11040	0.117615192771577
11041	0.176567589299099
11042	0.0631975959769411
11043	0.140289191436008
11044	0.140289191436008
11045	0.140289191436008
11046	0.149358790901781
11047	0.167497989833326
11048	0.135754391703122
11049	0.0768019951756001
11050	0.0768019951756001
11051	0.113080393038691
11052	0.167497989833326
11053	0.104010793572918
11054	0.140289191436008
11055	0.0722671954427137
11056	0.117615192771577
11057	0.122149992504463
11058	0.104010793572918
11059	0.117615192771577
11060	0.0813367949084862
11061	0.12668479223735
11062	0.158428390367554
11063	0.135754391703122
11064	0.122149992504463
11065	0.090406394374259
11066	0.144823991168895
11067	0.117615192771577
11068	0.158428390367554
11069	0.172032789566213
11070	0.0405235973125093
11071	0.108545593305804
11072	0.144823991168895
11073	0.153893590634667
11074	0.0949411941071452
11075	0.090406394374259
11076	0.16296319010044
11077	0.140289191436008
11078	0.226450386360849
11079	0.090406394374259
11080	0.104010793572918
11081	0.0631975959769411
11082	0.167497989833326
11083	0.117615192771577
11084	0.199241587963531
11085	0.149358790901781
11086	0.176567589299099
11087	0.0994759938400316
11088	0.12668479223735
11089	0.0768019951756001
11090	0.194706788230644
11091	0.0631975959769411
11092	0.158428390367554
11093	0.0994759938400316
11094	0.0768019951756001
11095	0.0994759938400316
11096	0.0813367949084862
11097	0.108545593305804
11098	0.104010793572918
11099	0.104010793572918
11100	0.0631975959769411
11101	0.122149992504463
11102	0.12668479223735
11103	0.0631975959769411
11104	0.131219591970236
11105	0.140289191436008
11106	0.12668479223735
11107	0.16296319010044
11108	0.104010793572918
11109	0.108545593305804
11110	0.167497989833326
11111	0.104010793572918
11112	0.131219591970236
11113	0.140289191436008
11114	0.190171988497758
11115	0.0858715946413726
11116	0.172032789566213
11117	0.135754391703122
11118	0.135754391703122
11119	0.113080393038691
11120	0.176567589299099
11121	0.090406394374259
11122	0.172032789566213
11123	0.135754391703122
11124	0.113080393038691
11125	0.113080393038691
11126	0.117615192771577
11127	0.176567589299099
11128	0.0768019951756001
11129	0.104010793572918
11130	0.135754391703122
11131	0.153893590634667
11132	0.12668479223735
11133	0.140289191436008
11134	0.0586627962440547
11135	0.117615192771577
11136	0.149358790901781
11137	0.0450583970453957
11138	0.0858715946413726
11139	0.12668479223735
11140	0.0813367949084862
11141	0.176567589299099
11142	0.135754391703122
11143	0.0949411941071452
11144	0.140289191436008
11145	0.140289191436008
11146	0.172032789566213
11147	0.149358790901781
11148	0.117615192771577
11149	0.122149992504463
11150	0.0949411941071452
11151	0.176567589299099
11152	0.0677323957098273
11153	0.0949411941071452
11154	0.122149992504463
11155	0.190171988497758
11156	0.176567589299099
11157	0.0858715946413726
11158	0.135754391703122
11159	0.149358790901781
11160	0.176567589299099
11161	0.12668479223735
11162	0.122149992504463
11163	0.135754391703122
11164	0.090406394374259
11165	0.117615192771577
11166	0.135754391703122
11167	0.113080393038691
11168	0.167497989833326
11169	0.12668479223735
11170	0.135754391703122
11171	0.104010793572918
11172	0.135754391703122
11173	0.135754391703122
11174	0.149358790901781
11175	0.0994759938400316
11176	0.12668479223735
11177	0.135754391703122
11178	0.090406394374259
11179	0.149358790901781
11180	0.104010793572918
11181	0.0631975959769411
11182	0.0994759938400316
11183	0.140289191436008
11184	0.131219591970236
11185	0.16296319010044
11186	0.0813367949084862
11187	0.12668479223735
11188	0.12668479223735
11189	0.090406394374259
11190	0.0722671954427137
11191	0.153893590634667
11192	0.108545593305804
11193	0.122149992504463
11194	0.122149992504463
11195	0.113080393038691
11196	0.122149992504463
11197	0.185637188764872
11198	0.0949411941071452
11199	0.0949411941071452
11200	0.108545593305804
11201	0.113080393038691
11202	0.153893590634667
11203	0.117615192771577
11204	0.0677323957098273
11205	0.135754391703122
11206	0.203776387696417
11207	0.122149992504463
11208	0.113080393038691
11209	0.0994759938400316
11210	0.158428390367554
11211	0.0949411941071452
11212	0.140289191436008
11213	0.149358790901781
11214	0.113080393038691
11215	0.0631975959769411
11216	0.181102389031985
11217	0.167497989833326
11218	0.167497989833326
11219	0.090406394374259
11220	0.176567589299099
11221	0.104010793572918
11222	0.117615192771577
11223	0.140289191436008
11224	0.108545593305804
11225	0.140289191436008
11226	0.140289191436008
11227	0.117615192771577
11228	0.153893590634667
11229	0.16296319010044
11230	0.104010793572918
11231	0.113080393038691
11232	0.153893590634667
11233	0.135754391703122
11234	0.113080393038691
11235	0.149358790901781
11236	0.0949411941071452
11237	0.144823991168895
11238	0.153893590634667
11239	0.16296319010044
11240	0.122149992504463
11241	0.0994759938400316
11242	0.135754391703122
11243	0.090406394374259
11244	0.113080393038691
11245	0.149358790901781
11246	0.104010793572918
11247	0.190171988497758
11248	0.113080393038691
11249	0.135754391703122
11250	0.158428390367554
11251	0.176567589299099
11252	0.122149992504463
11253	0.172032789566213
11254	0.149358790901781
11255	0.176567589299099
11256	0.113080393038691
11257	0.108545593305804
11258	0.131219591970236
11259	0.12668479223735
11260	0.194706788230644
11261	0.144823991168895
11262	0.0722671954427137
11263	0.117615192771577
11264	0.090406394374259
11265	0.122149992504463
11266	0.140289191436008
11267	0.0994759938400316
11268	0.0858715946413726
11269	0.140289191436008
11270	0.149358790901781
11271	0.117615192771577
11272	0.090406394374259
11273	0.113080393038691
11274	0.153893590634667
11275	0.158428390367554
11276	0.135754391703122
11277	0.12668479223735
11278	0.167497989833326
11279	0.135754391703122
11280	0.122149992504463
11281	0.0677323957098273
11282	0.090406394374259
11283	0.117615192771577
11284	0.144823991168895
11285	0.181102389031985
11286	0.108545593305804
11287	0.131219591970236
11288	0.131219591970236
11289	0.113080393038691
11290	0.149358790901781
11291	0.149358790901781
11292	0.12668479223735
11293	0.153893590634667
11294	0.144823991168895
11295	0.108545593305804
11296	0.158428390367554
11297	0.144823991168895
11298	0.153893590634667
11299	0.122149992504463
11300	0.117615192771577
11301	0.176567589299099
11302	0.131219591970236
11303	0.131219591970236
11304	0.122149992504463
11305	0.0858715946413726
11306	0.108545593305804
11307	0.16296319010044
11308	0.0949411941071452
11309	0.122149992504463
11310	0.117615192771577
11311	0.135754391703122
11312	0.149358790901781
11313	0.131219591970236
11314	0.12668479223735
11315	0.135754391703122
11316	0.144823991168895
11317	0.0813367949084862
11318	0.172032789566213
11319	0.135754391703122
11320	0.122149992504463
11321	0.149358790901781
11322	0.122149992504463
11323	0.153893590634667
11324	0.135754391703122
11325	0.108545593305804
11326	0.144823991168895
11327	0.0994759938400316
11328	0.0994759938400316
11329	0.108545593305804
11330	0.090406394374259
11331	0.117615192771577
11332	0.172032789566213
11333	0.122149992504463
11334	0.0677323957098273
11335	0.153893590634667
11336	0.117615192771577
11337	0.0813367949084862
11338	0.0813367949084862
11339	0.0858715946413726
11340	0.113080393038691
11341	0.12668479223735
11342	0.0994759938400316
11343	0.0949411941071452
11344	0.149358790901781
11345	0.185637188764872
11346	0.117615192771577
11347	0.108545593305804
11348	0.144823991168895
11349	0.0949411941071452
11350	0.122149992504463
11351	0.104010793572918
11352	0.113080393038691
11353	0.0677323957098273
11354	0.0631975959769411
11355	0.090406394374259
11356	0.12668479223735
11357	0.0949411941071452
11358	0.131219591970236
11359	0.0813367949084862
11360	0.135754391703122
11361	0.0949411941071452
11362	0.149358790901781
11363	0.0541279965111683
11364	0.113080393038691
11365	0.12668479223735
11366	0.185637188764872
11367	0.194706788230644
11368	0.16296319010044
11369	0.117615192771577
11370	0.12668479223735
11371	0.149358790901781
11372	0.140289191436008
11373	0.122149992504463
11374	0.149358790901781
11375	0.104010793572918
11376	0.0949411941071452
11377	0.117615192771577
11378	0.167497989833326
11379	0.0858715946413726
11380	0.12668479223735
11381	0.172032789566213
11382	0.113080393038691
11383	0.16296319010044
11384	0.12668479223735
11385	0.149358790901781
11386	0.0631975959769411
11387	0.135754391703122
11388	0.108545593305804
11389	0.0994759938400316
11390	0.122149992504463
11391	0.149358790901781
11392	0.0994759938400316
11393	0.108545593305804
11394	0.149358790901781
11395	0.203776387696417
11396	0.158428390367554
11397	0.190171988497758
11398	0.0677323957098273
11399	0.172032789566213
11400	0.140289191436008
11401	0.12668479223735
11402	0.0768019951756001
11403	0.0994759938400316
11404	0.158428390367554
11405	0.158428390367554
11406	0.12668479223735
11407	0.21284598716219
11408	0.153893590634667
11409	0.0994759938400316
11410	0.090406394374259
11411	0.0586627962440547
11412	0.108545593305804
11413	0.158428390367554
11414	0.0858715946413726
11415	0.117615192771577
11416	0.131219591970236
11417	0.158428390367554
11418	0.090406394374259
11419	0.104010793572918
11420	0.0949411941071452
11421	0.113080393038691
11422	0.140289191436008
11423	0.0858715946413726
11424	0.113080393038691
11425	0.0858715946413726
11426	0.0541279965111683
11427	0.108545593305804
11428	0.0858715946413726
11429	0.113080393038691
11430	0.12668479223735
11431	0.176567589299099
11432	0.149358790901781
11433	0.12668479223735
11434	0.181102389031985
11435	0.140289191436008
11436	0.172032789566213
11437	0.172032789566213
11438	0.135754391703122
11439	0.12668479223735
11440	0.131219591970236
11441	0.158428390367554
11442	0.108545593305804
11443	0.131219591970236
11444	0.149358790901781
11445	0.108545593305804
11446	0.144823991168895
11447	0.113080393038691
11448	0.140289191436008
11449	0.158428390367554
11450	0.108545593305804
11451	0.158428390367554
11452	0.113080393038691
11453	0.153893590634667
11454	0.0269191981138504
11455	0.158428390367554
11456	0.131219591970236
11457	0.122149992504463
11458	0.117615192771577
11459	0.194706788230644
11460	0.0949411941071452
11461	0.122149992504463
11462	0.144823991168895
11463	0.144823991168895
11464	0.140289191436008
11465	0.149358790901781
11466	0.0994759938400316
11467	0.158428390367554
11468	0.122149992504463
11469	0.0813367949084862
11470	0.0949411941071452
11471	0.131219591970236
11472	0.135754391703122
11473	0.135754391703122
11474	0.172032789566213
11475	0.122149992504463
11476	0.167497989833326
11477	0.16296319010044
11478	0.122149992504463
11479	0.113080393038691
11480	0.140289191436008
11481	0.131219591970236
11482	0.117615192771577
11483	0.12668479223735
11484	0.090406394374259
11485	0.16296319010044
11486	0.090406394374259
11487	0.0949411941071452
11488	0.167497989833326
11489	0.131219591970236
11490	0.108545593305804
11491	0.131219591970236
11492	0.140289191436008
11493	0.149358790901781
11494	0.113080393038691
11495	0.131219591970236
11496	0.135754391703122
11497	0.113080393038691
11498	0.113080393038691
11499	0.090406394374259
11500	0.113080393038691
11501	0.131219591970236
11502	0.190171988497758
11503	0.153893590634667
11504	0.140289191436008
11505	0.122149992504463
11506	0.117615192771577
11507	0.158428390367554
11508	0.158428390367554
11509	0.122149992504463
11510	0.12668479223735
11511	0.104010793572918
11512	0.12668479223735
11513	0.0631975959769411
11514	0.113080393038691
11515	0.0813367949084862
11516	0.108545593305804
11517	0.104010793572918
11518	0.090406394374259
11519	0.108545593305804
11520	0.12668479223735
11521	0.176567589299099
11522	0.140289191436008
11523	0.117615192771577
11524	0.0813367949084862
11525	0.104010793572918
11526	0.158428390367554
11527	0.131219591970236
11528	0.108545593305804
11529	0.122149992504463
11530	0.12668479223735
11531	0.0768019951756001
11532	0.0405235973125093
11533	0.122149992504463
11534	0.190171988497758
11535	0.185637188764872
11536	0.0722671954427137
11537	0.153893590634667
11538	0.0994759938400316
11539	0.0858715946413726
11540	0.131219591970236
11541	0.090406394374259
11542	0.181102389031985
11543	0.0813367949084862
11544	0.0994759938400316
11545	0.176567589299099
11546	0.122149992504463
11547	0.135754391703122
11548	0.176567589299099
11549	0.0631975959769411
11550	0.12668479223735
11551	0.153893590634667
11552	0.122149992504463
11553	0.131219591970236
11554	0.0858715946413726
11555	0.122149992504463
11556	0.122149992504463
11557	0.113080393038691
11558	0.176567589299099
11559	0.0722671954427137
11560	0.16296319010044
11561	0.0858715946413726
11562	0.122149992504463
11563	0.172032789566213
11564	0.149358790901781
11565	0.190171988497758
11566	0.0949411941071452
11567	0.0949411941071452
11568	0.140289191436008
11569	0.104010793572918
11570	0.167497989833326
11571	0.0994759938400316
11572	0.108545593305804
11573	0.199241587963531
11574	0.117615192771577
11575	0.135754391703122
11576	0.144823991168895
11577	0.135754391703122
11578	0.131219591970236
11579	0.153893590634667
11580	0.0768019951756001
11581	0.181102389031985
11582	0.117615192771577
11583	0.131219591970236
11584	0.16296319010044
11585	0.0949411941071452
11586	0.167497989833326
11587	0.12668479223735
11588	0.135754391703122
11589	0.0722671954427137
11590	0.131219591970236
11591	0.0813367949084862
11592	0.131219591970236
11593	0.117615192771577
11594	0.0949411941071452
11595	0.0813367949084862
11596	0.113080393038691
11597	0.12668479223735
11598	0.117615192771577
11599	0.16296319010044
11600	0.135754391703122
11601	0.104010793572918
11602	0.12668479223735
11603	0.0722671954427137
11604	0.185637188764872
11605	0.090406394374259
11606	0.144823991168895
11607	0.12668479223735
11608	0.0813367949084862
11609	0.149358790901781
11610	0.12668479223735
11611	0.140289191436008
11612	0.135754391703122
11613	0.0631975959769411
11614	0.185637188764872
11615	0.0994759938400316
11616	0.0994759938400316
11617	0.108545593305804
11618	0.12668479223735
11619	0.176567589299099
11620	0.140289191436008
11621	0.12668479223735
11622	0.172032789566213
11623	0.135754391703122
11624	0.113080393038691
11625	0.12668479223735
11626	0.167497989833326
11627	0.0949411941071452
11628	0.158428390367554
11629	0.0858715946413726
11630	0.153893590634667
11631	0.21284598716219
11632	0.153893590634667
11633	0.167497989833326
11634	0.135754391703122
11635	0.108545593305804
11636	0.140289191436008
11637	0.176567589299099
11638	0.122149992504463
11639	0.131219591970236
11640	0.12668479223735
11641	0.0994759938400316
11642	0.108545593305804
11643	0.122149992504463
11644	0.153893590634667
11645	0.140289191436008
11646	0.0677323957098273
11647	0.0631975959769411
11648	0.144823991168895
11649	0.158428390367554
11650	0.131219591970236
11651	0.122149992504463
11652	0.131219591970236
11653	0.135754391703122
11654	0.108545593305804
11655	0.0813367949084862
11656	0.176567589299099
11657	0.104010793572918
11658	0.131219591970236
11659	0.12668479223735
11660	0.135754391703122
11661	0.113080393038691
11662	0.0813367949084862
11663	0.0949411941071452
11664	0.113080393038691
11665	0.153893590634667
11666	0.117615192771577
11667	0.117615192771577
11668	0.12668479223735
11669	0.090406394374259
11670	0.0586627962440547
11671	0.190171988497758
11672	0.0677323957098273
11673	0.158428390367554
11674	0.140289191436008
11675	0.117615192771577
11676	0.122149992504463
11677	0.176567589299099
11678	0.131219591970236
11679	0.108545593305804
11680	0.104010793572918
11681	0.108545593305804
11682	0.190171988497758
11683	0.185637188764872
11684	0.153893590634667
11685	0.144823991168895
11686	0.0631975959769411
11687	0.117615192771577
11688	0.135754391703122
11689	0.135754391703122
11690	0.0677323957098273
11691	0.0994759938400316
11692	0.117615192771577
11693	0.108545593305804
11694	0.0858715946413726
11695	0.153893590634667
11696	0.090406394374259
11697	0.090406394374259
11698	0.108545593305804
11699	0.0223843983809642
11700	0.140289191436008
11701	0.167497989833326
11702	0.16296319010044
11703	0.144823991168895
11704	0.122149992504463
11705	0.149358790901781
11706	0.0722671954427137
11707	0.16296319010044
11708	0.0858715946413726
11709	0.122149992504463
11710	0.108545593305804
11711	0.0949411941071452
11712	0.135754391703122
11713	0.104010793572918
11714	0.153893590634667
11715	0.0541279965111683
11716	0.113080393038691
11717	0.172032789566213
11718	0.0949411941071452
11719	0.117615192771577
11720	0.0949411941071452
11721	0.0677323957098273
11722	0.108545593305804
11723	0.0405235973125093
11724	0.122149992504463
11725	0.0768019951756001
11726	0.144823991168895
11727	0.144823991168895
11728	0.113080393038691
11729	0.144823991168895
11730	0.0631975959769411
11731	0.176567589299099
11732	0.199241587963531
11733	0.113080393038691
11734	0.135754391703122
11735	0.0677323957098273
11736	0.0450583970453957
11737	0.108545593305804
11738	0.0994759938400316
11739	0.117615192771577
11740	0.12668479223735
11741	0.158428390367554
11742	0.144823991168895
11743	0.140289191436008
11744	0.135754391703122
11745	0.181102389031985
11746	0.113080393038691
11747	0.140289191436008
11748	0.104010793572918
11749	0.16296319010044
11750	0.172032789566213
11751	0.149358790901781
11752	0.113080393038691
11753	0.172032789566213
11754	0.0722671954427137
11755	0.135754391703122
11756	0.117615192771577
11757	0.167497989833326
11758	0.144823991168895
11759	0.140289191436008
11760	0.113080393038691
11761	0.0813367949084862
11762	0.131219591970236
11763	0.140289191436008
11764	0.135754391703122
11765	0.144823991168895
11766	0.122149992504463
11767	0.144823991168895
11768	0.090406394374259
11769	0.0768019951756001
11770	0.135754391703122
11771	0.117615192771577
11772	0.113080393038691
11773	0.0994759938400316
11774	0.144823991168895
11775	0.149358790901781
11776	0.144823991168895
11777	0.135754391703122
11778	0.117615192771577
11779	0.0858715946413726
11780	0.113080393038691
11781	0.153893590634667
11782	0.0813367949084862
11783	0.149358790901781
11784	0.108545593305804
11785	0.117615192771577
11786	0.131219591970236
11787	0.0541279965111683
11788	0.144823991168895
11789	0.113080393038691
11790	0.135754391703122
11791	0.131219591970236
11792	0.108545593305804
11793	0.0994759938400316
11794	0.117615192771577
11795	0.0949411941071452
11796	0.172032789566213
11797	0.0949411941071452
11798	0.113080393038691
11799	0.090406394374259
11800	0.153893590634667
11801	0.117615192771577
11802	0.0858715946413726
11803	0.12668479223735
11804	0.190171988497758
11805	0.0768019951756001
11806	0.144823991168895
11807	0.167497989833326
11808	0.0858715946413726
11809	0.181102389031985
11810	0.117615192771577
11811	0.16296319010044
11812	0.158428390367554
11813	0.117615192771577
11814	0.117615192771577
11815	0.122149992504463
11816	0.135754391703122
11817	0.131219591970236
11818	0.144823991168895
11819	0.153893590634667
11820	0.108545593305804
11821	0.0994759938400316
11822	0.0450583970453957
11823	0.131219591970236
11824	0.153893590634667
11825	0.0722671954427137
11826	0.144823991168895
11827	0.0994759938400316
11828	0.12668479223735
11829	0.199241587963531
11830	0.0450583970453957
11831	0.12668479223735
11832	0.12668479223735
11833	0.131219591970236
11834	0.12668479223735
11835	0.181102389031985
11836	0.12668479223735
11837	0.0994759938400316
11838	0.12668479223735
11839	0.172032789566213
11840	0.203776387696417
11841	0.0949411941071452
11842	0.122149992504463
11843	0.140289191436008
11844	0.131219591970236
11845	0.122149992504463
11846	0.16296319010044
11847	0.0586627962440547
11848	0.122149992504463
11849	0.153893590634667
11850	0.090406394374259
11851	0.122149992504463
11852	0.0677323957098273
11853	0.167497989833326
11854	0.140289191436008
11855	0.12668479223735
11856	0.104010793572918
11857	0.108545593305804
11858	0.12668479223735
11859	0.108545593305804
11860	0.135754391703122
11861	0.12668479223735
11862	0.158428390367554
11863	0.12668479223735
11864	0.104010793572918
11865	0.108545593305804
11866	0.104010793572918
11867	0.113080393038691
11868	0.135754391703122
11869	0.0858715946413726
11870	0.090406394374259
11871	0.12668479223735
11872	0.153893590634667
11873	0.176567589299099
11874	0.113080393038691
11875	0.176567589299099
11876	0.12668479223735
11877	0.0495931967782821
11878	0.0722671954427137
11879	0.149358790901781
11880	0.0949411941071452
11881	0.140289191436008
11882	0.135754391703122
11883	0.122149992504463
11884	0.122149992504463
11885	0.181102389031985
11886	0.131219591970236
11887	0.117615192771577
11888	0.135754391703122
11889	0.117615192771577
11890	0.194706788230644
11891	0.135754391703122
11892	0.144823991168895
11893	0.113080393038691
11894	0.0677323957098273
11895	0.0631975959769411
11896	0.0949411941071452
11897	0.0768019951756001
11898	0.12668479223735
11899	0.144823991168895
11900	0.135754391703122
11901	0.0858715946413726
11902	0.0768019951756001
11903	0.0722671954427137
11904	0.0813367949084862
11905	0.090406394374259
11906	0.135754391703122
11907	0.0994759938400316
11908	0.0768019951756001
11909	0.158428390367554
11910	0.0722671954427137
11911	0.149358790901781
11912	0.167497989833326
11913	0.113080393038691
11914	0.16296319010044
11915	0.0541279965111683
11916	0.135754391703122
11917	0.153893590634667
11918	0.117615192771577
11919	0.172032789566213
11920	0.135754391703122
11921	0.0768019951756001
11922	0.117615192771577
11923	0.153893590634667
11924	0.172032789566213
11925	0.158428390367554
11926	0.122149992504463
11927	0.122149992504463
11928	0.140289191436008
11929	0.108545593305804
11930	0.158428390367554
11931	0.167497989833326
11932	0.135754391703122
11933	0.0949411941071452
11934	0.172032789566213
11935	0.140289191436008
11936	0.158428390367554
11937	0.122149992504463
11938	0.108545593305804
11939	0.117615192771577
11940	0.153893590634667
11941	0.122149992504463
11942	0.108545593305804
11943	0.135754391703122
11944	0.104010793572918
11945	0.122149992504463
11946	0.158428390367554
11947	0.108545593305804
11948	0.185637188764872
11949	0.140289191436008
11950	0.140289191436008
11951	0.144823991168895
11952	0.0994759938400316
11953	0.108545593305804
11954	0.144823991168895
11955	0.131219591970236
11956	0.104010793572918
11957	0.122149992504463
11958	0.208311187429303
11959	0.135754391703122
11960	0.135754391703122
11961	0.104010793572918
11962	0.135754391703122
11963	0.12668479223735
11964	0.113080393038691
11965	0.122149992504463
11966	0.0813367949084862
11967	0.0994759938400316
11968	0.113080393038691
11969	0.108545593305804
11970	0.135754391703122
11971	0.226450386360849
11972	0.108545593305804
11973	0.153893590634667
11974	0.0994759938400316
11975	0.113080393038691
11976	0.149358790901781
11977	0.149358790901781
11978	0.16296319010044
11979	0.0994759938400316
11980	0.0994759938400316
11981	0.176567589299099
11982	0.108545593305804
11983	0.149358790901781
11984	0.0722671954427137
11985	0.144823991168895
11986	0.153893590634667
11987	0.153893590634667
11988	0.144823991168895
11989	0.12668479223735
11990	0.181102389031985
11991	0.149358790901781
11992	0.12668479223735
11993	0.104010793572918
11994	0.140289191436008
11995	0.12668479223735
11996	0.0994759938400316
11997	0.113080393038691
11998	0.12668479223735
11999	0.104010793572918
12000	0.117615192771577
12001	0.131219591970236
12002	0.149358790901781
12003	0.190171988497758
12004	0.0768019951756001
12005	0.113080393038691
12006	0.149358790901781
12007	0.0314539978467368
12008	0.167497989833326
12009	0.108545593305804
12010	0.176567589299099
12011	0.149358790901781
12012	0.104010793572918
12013	0.131219591970236
12014	0.104010793572918
12015	0.131219591970236
12016	0.144823991168895
12017	0.113080393038691
12018	0.176567589299099
12019	0.144823991168895
12020	0.122149992504463
12021	0.149358790901781
12022	0.131219591970236
12023	0.090406394374259
12024	0.194706788230644
12025	0.153893590634667
12026	0.194706788230644
12027	0.0949411941071452
12028	0.122149992504463
12029	0.140289191436008
12030	0.181102389031985
12031	0.140289191436008
12032	0.0768019951756001
12033	0.172032789566213
12034	0.117615192771577
12035	0.135754391703122
12036	0.149358790901781
12037	0.131219591970236
12038	0.113080393038691
12039	0.176567589299099
12040	0.117615192771577
12041	0.153893590634667
12042	0.176567589299099
12043	0.113080393038691
12044	0.108545593305804
12045	0.135754391703122
12046	0.0768019951756001
12047	0.12668479223735
12048	0.117615192771577
12049	0.172032789566213
12050	0.135754391703122
12051	0.131219591970236
12052	0.0949411941071452
12053	0.0722671954427137
12054	0.131219591970236
12055	0.0949411941071452
12056	0.12668479223735
12057	0.0586627962440547
12058	0.144823991168895
12059	0.108545593305804
12060	0.131219591970236
12061	0.108545593305804
12062	0.176567589299099
12063	0.0813367949084862
12064	0.113080393038691
12065	0.172032789566213
12066	0.122149992504463
12067	0.122149992504463
12068	0.0541279965111683
12069	0.140289191436008
12070	0.131219591970236
12071	0.0949411941071452
12072	0.0994759938400316
12073	0.0949411941071452
12074	0.244589585292394
12075	0.185637188764872
12076	0.131219591970236
12077	0.158428390367554
12078	0.144823991168895
12079	0.0858715946413726
12080	0.131219591970236
12081	0.113080393038691
12082	0.185637188764872
12083	0.140289191436008
12084	0.117615192771577
12085	0.090406394374259
12086	0.135754391703122
12087	0.0813367949084862
12088	0.108545593305804
12089	0.108545593305804
12090	0.16296319010044
12091	0.149358790901781
12092	0.149358790901781
12093	0.0994759938400316
12094	0.167497989833326
12095	0.104010793572918
12096	0.153893590634667
12097	0.135754391703122
12098	0.090406394374259
12099	0.158428390367554
12100	0.131219591970236
12101	0.144823991168895
12102	0.090406394374259
12103	0.131219591970236
12104	0.144823991168895
12105	0.149358790901781
12106	0.149358790901781
12107	0.0813367949084862
12108	0.113080393038691
12109	0.158428390367554
12110	0.153893590634667
12111	0.0949411941071452
12112	0.0405235973125093
12113	0.0314539978467368
12114	0.108545593305804
12115	0.140289191436008
12116	0.090406394374259
12117	0.153893590634667
12118	0.135754391703122
12119	0.16296319010044
12120	0.12668479223735
12121	0.12668479223735
12122	0.153893590634667
12123	0.140289191436008
12124	0.144823991168895
12125	0.104010793572918
12126	0.090406394374259
12127	0.117615192771577
12128	0.0677323957098273
12129	0.16296319010044
12130	0.122149992504463
12131	0.108545593305804
12132	0.117615192771577
12133	0.149358790901781
12134	0.144823991168895
12135	0.113080393038691
12136	0.135754391703122
12137	0.0768019951756001
12138	0.0813367949084862
12139	0.131219591970236
12140	0.12668479223735
12141	0.153893590634667
12142	0.144823991168895
12143	0.117615192771577
12144	0.135754391703122
12145	0.153893590634667
12146	0.12668479223735
12147	0.090406394374259
12148	0.12668479223735
12149	0.0631975959769411
12150	0.172032789566213
12151	0.117615192771577
12152	0.144823991168895
12153	0.144823991168895
12154	0.104010793572918
12155	0.122149992504463
12156	0.0994759938400316
12157	0.0994759938400316
12158	0.12668479223735
12159	0.12668479223735
12160	0.117615192771577
12161	0.158428390367554
12162	0.122149992504463
12163	0.153893590634667
12164	0.158428390367554
12165	0.190171988497758
12166	0.0722671954427137
12167	0.122149992504463
12168	0.108545593305804
12169	0.0858715946413726
12170	0.226450386360849
12171	0.144823991168895
12172	0.153893590634667
12173	0.104010793572918
12174	0.090406394374259
12175	0.131219591970236
12176	0.12668479223735
12177	0.0949411941071452
12178	0.113080393038691
12179	0.113080393038691
12180	0.181102389031985
12181	0.0541279965111683
12182	0.144823991168895
12183	0.140289191436008
12184	0.122149992504463
12185	0.140289191436008
12186	0.0768019951756001
12187	0.16296319010044
12188	0.122149992504463
12189	0.0813367949084862
12190	0.144823991168895
12191	0.12668479223735
12192	0.104010793572918
12193	0.104010793572918
12194	0.135754391703122
12195	0.117615192771577
12196	0.131219591970236
12197	0.117615192771577
12198	0.113080393038691
12199	0.0994759938400316
12200	0.0858715946413726
12201	0.153893590634667
12202	0.140289191436008
12203	0.153893590634667
12204	0.108545593305804
12205	0.090406394374259
12206	0.16296319010044
12207	0.172032789566213
12208	0.108545593305804
12209	0.12668479223735
12210	0.149358790901781
12211	0.149358790901781
12212	0.113080393038691
12213	0.131219591970236
12214	0.12668479223735
12215	0.113080393038691
12216	0.122149992504463
12217	0.199241587963531
12218	0.108545593305804
12219	0.135754391703122
12220	0.090406394374259
12221	0.090406394374259
12222	0.0858715946413726
12223	0.153893590634667
12224	0.167497989833326
12225	0.149358790901781
12226	0.158428390367554
12227	0.0813367949084862
12228	0.149358790901781
12229	0.0722671954427137
12230	0.0813367949084862
12231	0.0405235973125093
12232	0.090406394374259
12233	0.190171988497758
12234	0.144823991168895
12235	0.0722671954427137
12236	0.144823991168895
12237	0.131219591970236
12238	0.122149992504463
12239	0.144823991168895
12240	0.0677323957098273
12241	0.113080393038691
12242	0.0768019951756001
12243	0.131219591970236
12244	0.090406394374259
12245	0.144823991168895
12246	0.0994759938400316
12247	0.0677323957098273
12248	0.117615192771577
12249	0.167497989833326
12250	0.113080393038691
12251	0.185637188764872
12252	0.108545593305804
12253	0.113080393038691
12254	0.153893590634667
12255	0.0586627962440547
12256	0.131219591970236
12257	0.144823991168895
12258	0.0495931967782821
12259	0.122149992504463
12260	0.104010793572918
12261	0.131219591970236
12262	0.144823991168895
12263	0.167497989833326
12264	0.158428390367554
12265	0.0994759938400316
12266	0.153893590634667
12267	0.0949411941071452
12268	0.0994759938400316
12269	0.167497989833326
12270	0.0677323957098273
12271	0.122149992504463
12272	0.149358790901781
12273	0.135754391703122
12274	0.117615192771577
12275	0.117615192771577
12276	0.153893590634667
12277	0.153893590634667
12278	0.135754391703122
12279	0.104010793572918
12280	0.140289191436008
12281	0.185637188764872
12282	0.149358790901781
12283	0.131219591970236
12284	0.0858715946413726
12285	0.135754391703122
12286	0.203776387696417
12287	0.131219591970236
12288	0.090406394374259
12289	0.0949411941071452
12290	0.0994759938400316
12291	0.113080393038691
12292	0.0813367949084862
12293	0.16296319010044
12294	0.12668479223735
12295	0.131219591970236
12296	0.090406394374259
12297	0.117615192771577
12298	0.158428390367554
12299	0.117615192771577
12300	0.104010793572918
12301	0.113080393038691
12302	0.12668479223735
12303	0.0949411941071452
12304	0.0858715946413726
12305	0.190171988497758
12306	0.122149992504463
12307	0.149358790901781
12308	0.090406394374259
12309	0.0858715946413726
12310	0.16296319010044
12311	0.12668479223735
12312	0.122149992504463
12313	0.0994759938400316
12314	0.172032789566213
12315	0.176567589299099
12316	0.0813367949084862
12317	0.0677323957098273
12318	0.0269191981138504
12319	0.16296319010044
12320	0.122149992504463
12321	0.158428390367554
12322	0.0949411941071452
12323	0.149358790901781
12324	0.104010793572918
12325	0.167497989833326
12326	0.113080393038691
12327	0.12668479223735
12328	0.149358790901781
12329	0.113080393038691
12330	0.104010793572918
12331	0.16296319010044
12332	0.203776387696417
12333	0.12668479223735
12334	0.090406394374259
12335	0.108545593305804
12336	0.117615192771577
12337	0.104010793572918
12338	0.113080393038691
12339	0.0722671954427137
12340	0.190171988497758
12341	0.199241587963531
12342	0.12668479223735
12343	0.0949411941071452
12344	0.104010793572918
12345	0.108545593305804
12346	0.149358790901781
12347	0.108545593305804
12348	0.0949411941071452
12349	0.21284598716219
12350	0.108545593305804
12351	0.0813367949084862
12352	0.131219591970236
12353	0.104010793572918
12354	0.12668479223735
12355	0.122149992504463
12356	0.140289191436008
12357	0.153893590634667
12358	0.0949411941071452
12359	0.0858715946413726
12360	0.0949411941071452
12361	0.0949411941071452
12362	0.12668479223735
12363	0.12668479223735
12364	0.167497989833326
12365	0.0631975959769411
12366	0.104010793572918
12367	0.140289191436008
12368	0.0586627962440547
12369	0.135754391703122
12370	0.108545593305804
12371	0.0994759938400316
12372	0.117615192771577
12373	0.16296319010044
12374	0.090406394374259
12375	0.0722671954427137
12376	0.153893590634667
12377	0.140289191436008
12378	0.158428390367554
12379	0.0994759938400316
12380	0.176567589299099
12381	0.0858715946413726
12382	0.140289191436008
12383	0.104010793572918
12384	0.0994759938400316
12385	0.122149992504463
12386	0.144823991168895
12387	0.140289191436008
12388	0.113080393038691
12389	0.113080393038691
12390	0.167497989833326
12391	0.090406394374259
12392	0.0994759938400316
12393	0.108545593305804
12394	0.149358790901781
12395	0.0813367949084862
12396	0.167497989833326
12397	0.149358790901781
12398	0.135754391703122
12399	0.131219591970236
12400	0.131219591970236
12401	0.108545593305804
12402	0.135754391703122
12403	0.0949411941071452
12404	0.158428390367554
12405	0.140289191436008
12406	0.104010793572918
12407	0.0813367949084862
12408	0.185637188764872
12409	0.12668479223735
12410	0.104010793572918
12411	0.122149992504463
12412	0.131219591970236
12413	0.0813367949084862
12414	0.0541279965111683
12415	0.181102389031985
12416	0.0949411941071452
12417	0.12668479223735
12418	0.135754391703122
12419	0.12668479223735
12420	0.140289191436008
12421	0.0949411941071452
12422	0.144823991168895
12423	0.185637188764872
12424	0.153893590634667
12425	0.113080393038691
12426	0.0949411941071452
12427	0.172032789566213
12428	0.144823991168895
12429	0.117615192771577
12430	0.149358790901781
12431	0.104010793572918
12432	0.12668479223735
12433	0.12668479223735
12434	0.104010793572918
12435	0.122149992504463
12436	0.12668479223735
12437	0.108545593305804
12438	0.0768019951756001
12439	0.108545593305804
12440	0.158428390367554
12441	0.122149992504463
12442	0.135754391703122
12443	0.122149992504463
12444	0.108545593305804
12445	0.0949411941071452
12446	0.153893590634667
12447	0.104010793572918
12448	0.104010793572918
12449	0.122149992504463
12450	0.0949411941071452
12451	0.0858715946413726
12452	0.12668479223735
12453	0.176567589299099
12454	0.108545593305804
12455	0.113080393038691
12456	0.0858715946413726
12457	0.12668479223735
12458	0.117615192771577
12459	0.108545593305804
12460	0.140289191436008
12461	0.104010793572918
12462	0.117615192771577
12463	0.131219591970236
12464	0.117615192771577
12465	0.108545593305804
12466	0.108545593305804
12467	0.176567589299099
12468	0.104010793572918
12469	0.16296319010044
12470	0.0949411941071452
12471	0.135754391703122
12472	0.0949411941071452
12473	0.135754391703122
12474	0.108545593305804
12475	0.0858715946413726
12476	0.104010793572918
12477	0.140289191436008
12478	0.0722671954427137
12479	0.12668479223735
12480	0.113080393038691
12481	0.140289191436008
12482	0.135754391703122
12483	0.176567589299099
12484	0.108545593305804
12485	0.176567589299099
12486	0.117615192771577
12487	0.104010793572918
12488	0.113080393038691
12489	0.149358790901781
12490	0.104010793572918
12491	0.190171988497758
12492	0.131219591970236
12493	0.104010793572918
12494	0.0813367949084862
12495	0.108545593305804
12496	0.104010793572918
12497	0.0949411941071452
12498	0.122149992504463
12499	0.108545593305804
12500	0.12668479223735
12501	0.135754391703122
12502	0.0994759938400316
12503	0.149358790901781
12504	0.16296319010044
12505	0.104010793572918
12506	0.158428390367554
12507	0.113080393038691
12508	0.135754391703122
12509	0.131219591970236
12510	0.0722671954427137
12511	0.0813367949084862
12512	0.0949411941071452
12513	0.16296319010044
12514	0.144823991168895
12515	0.0450583970453957
12516	0.0541279965111683
12517	0.131219591970236
12518	0.122149992504463
12519	0.122149992504463
12520	0.140289191436008
12521	0.117615192771577
12522	0.153893590634667
12523	0.16296319010044
12524	0.090406394374259
12525	0.181102389031985
12526	0.144823991168895
12527	0.199241587963531
12528	0.0813367949084862
12529	0.090406394374259
12530	0.144823991168895
12531	0.158428390367554
12532	0.135754391703122
12533	0.0768019951756001
12534	0.090406394374259
12535	0.0495931967782821
12536	0.0450583970453957
12537	0.113080393038691
12538	0.12668479223735
12539	0.0994759938400316
12540	0.135754391703122
12541	0.16296319010044
12542	0.16296319010044
12543	0.16296319010044
12544	0.117615192771577
12545	0.131219591970236
12546	0.135754391703122
12547	0.0858715946413726
12548	0.122149992504463
12549	0.167497989833326
12550	0.117615192771577
12551	0.104010793572918
12552	0.0949411941071452
12553	0.113080393038691
12554	0.0858715946413726
12555	0.0994759938400316
12556	0.149358790901781
12557	0.131219591970236
12558	0.117615192771577
12559	0.140289191436008
12560	0.108545593305804
12561	0.0677323957098273
12562	0.117615192771577
12563	0.131219591970236
12564	0.153893590634667
12565	0.122149992504463
12566	0.153893590634667
12567	0.131219591970236
12568	0.122149992504463
12569	0.172032789566213
12570	0.131219591970236
12571	0.135754391703122
12572	0.12668479223735
12573	0.122149992504463
12574	0.12668479223735
12575	0.0677323957098273
12576	0.131219591970236
12577	0.16296319010044
12578	0.131219591970236
12579	0.0949411941071452
12580	0.176567589299099
12581	0.16296319010044
12582	0.117615192771577
12583	0.0768019951756001
12584	0.185637188764872
12585	0.131219591970236
12586	0.131219591970236
12587	0.0994759938400316
12588	0.0994759938400316
12589	0.108545593305804
12590	0.113080393038691
12591	0.16296319010044
12592	0.117615192771577
12593	0.135754391703122
12594	0.158428390367554
12595	0.149358790901781
12596	0.131219591970236
12597	0.0677323957098273
12598	0.185637188764872
12599	0.0994759938400316
12600	0.122149992504463
12601	0.12668479223735
12602	0.090406394374259
12603	0.144823991168895
12604	0.0858715946413726
12605	0.090406394374259
12606	0.0631975959769411
12607	0.0994759938400316
12608	0.12668479223735
12609	0.104010793572918
12610	0.0768019951756001
12611	0.144823991168895
12612	0.185637188764872
12613	0.158428390367554
12614	0.0722671954427137
12615	0.181102389031985
12616	0.0813367949084862
12617	0.122149992504463
12618	0.104010793572918
12619	0.0949411941071452
12620	0.117615192771577
12621	0.122149992504463
12622	0.131219591970236
12623	0.0994759938400316
12624	0.0722671954427137
12625	0.140289191436008
12626	0.12668479223735
12627	0.131219591970236
12628	0.149358790901781
12629	0.140289191436008
12630	0.135754391703122
12631	0.12668479223735
12632	0.135754391703122
12633	0.113080393038691
12634	0.176567589299099
12635	0.135754391703122
12636	0.149358790901781
12637	0.0994759938400316
12638	0.090406394374259
12639	0.108545593305804
12640	0.140289191436008
12641	0.122149992504463
12642	0.153893590634667
12643	0.0813367949084862
12644	0.108545593305804
12645	0.113080393038691
12646	0.113080393038691
12647	0.140289191436008
12648	0.144823991168895
12649	0.0813367949084862
12650	0.16296319010044
12651	0.172032789566213
12652	0.0949411941071452
12653	0.140289191436008
12654	0.190171988497758
12655	0.117615192771577
12656	0.12668479223735
12657	0.104010793572918
12658	0.181102389031985
12659	0.140289191436008
12660	0.149358790901781
12661	0.0768019951756001
12662	0.158428390367554
12663	0.12668479223735
12664	0.0813367949084862
12665	0.153893590634667
12666	0.12668479223735
12667	0.12668479223735
12668	0.167497989833326
12669	0.113080393038691
12670	0.113080393038691
12671	0.104010793572918
12672	0.117615192771577
12673	0.153893590634667
12674	0.0813367949084862
12675	0.135754391703122
12676	0.0949411941071452
12677	0.131219591970236
12678	0.090406394374259
12679	0.153893590634667
12680	0.149358790901781
12681	0.176567589299099
12682	0.167497989833326
12683	0.140289191436008
12684	0.153893590634667
12685	0.12668479223735
12686	0.167497989833326
12687	0.0858715946413726
12688	0.153893590634667
12689	0.113080393038691
12690	0.0768019951756001
12691	0.167497989833326
12692	0.153893590634667
12693	0.117615192771577
12694	0.104010793572918
12695	0.16296319010044
12696	0.113080393038691
12697	0.117615192771577
12698	0.158428390367554
12699	0.122149992504463
12700	0.0631975959769411
12701	0.0722671954427137
12702	0.153893590634667
12703	0.117615192771577
12704	0.167497989833326
12705	0.144823991168895
12706	0.144823991168895
12707	0.140289191436008
12708	0.122149992504463
12709	0.0768019951756001
12710	0.0994759938400316
12711	0.140289191436008
12712	0.16296319010044
12713	0.122149992504463
12714	0.0768019951756001
12715	0.153893590634667
12716	0.117615192771577
12717	0.122149992504463
12718	0.122149992504463
12719	0.153893590634667
12720	0.131219591970236
12721	0.158428390367554
12722	0.122149992504463
12723	0.12668479223735
12724	0.140289191436008
12725	0.135754391703122
12726	0.144823991168895
12727	0.176567589299099
12728	0.104010793572918
12729	0.113080393038691
12730	0.140289191436008
12731	0.108545593305804
12732	0.122149992504463
12733	0.108545593305804
12734	0.149358790901781
12735	0.0858715946413726
12736	0.140289191436008
12737	0.172032789566213
12738	0.0813367949084862
12739	0.0813367949084862
12740	0.104010793572918
12741	0.135754391703122
12742	0.140289191436008
12743	0.113080393038691
12744	0.158428390367554
12745	0.0813367949084862
12746	0.108545593305804
12747	0.12668479223735
12748	0.153893590634667
12749	0.140289191436008
12750	0.181102389031985
12751	0.16296319010044
12752	0.176567589299099
12753	0.176567589299099
12754	0.117615192771577
12755	0.104010793572918
12756	0.0994759938400316
12757	0.0586627962440547
12758	0.117615192771577
12759	0.181102389031985
12760	0.144823991168895
12761	0.0994759938400316
12762	0.16296319010044
12763	0.144823991168895
12764	0.12668479223735
12765	0.0677323957098273
12766	0.167497989833326
12767	0.0994759938400316
12768	0.117615192771577
12769	0.12668479223735
12770	0.140289191436008
12771	0.117615192771577
12772	0.135754391703122
12773	0.131219591970236
12774	0.117615192771577
12775	0.122149992504463
12776	0.140289191436008
12777	0.090406394374259
12778	0.12668479223735
12779	0.153893590634667
12780	0.172032789566213
12781	0.0722671954427137
12782	0.113080393038691
12783	0.0994759938400316
12784	0.149358790901781
12785	0.149358790901781
12786	0.0722671954427137
12787	0.12668479223735
12788	0.140289191436008
12789	0.140289191436008
12790	0.194706788230644
12791	0.131219591970236
12792	0.181102389031985
12793	0.0813367949084862
12794	0.108545593305804
12795	0.149358790901781
12796	0.090406394374259
12797	0.0677323957098273
12798	0.131219591970236
12799	0.0631975959769411
12800	0.135754391703122
12801	0.140289191436008
12802	0.16296319010044
12803	0.0722671954427137
12804	0.158428390367554
12805	0.176567589299099
12806	0.090406394374259
12807	0.158428390367554
12808	0.149358790901781
12809	0.0813367949084862
12810	0.122149992504463
12811	0.0949411941071452
12812	0.16296319010044
12813	0.140289191436008
12814	0.16296319010044
12815	0.0768019951756001
12816	0.135754391703122
12817	0.12668479223735
12818	0.190171988497758
12819	0.0768019951756001
12820	0.122149992504463
12821	0.108545593305804
12822	0.131219591970236
12823	0.135754391703122
12824	0.181102389031985
12825	0.140289191436008
12826	0.122149992504463
12827	0.140289191436008
12828	0.131219591970236
12829	0.12668479223735
12830	0.0813367949084862
12831	0.122149992504463
12832	0.135754391703122
12833	0.140289191436008
12834	0.0994759938400316
12835	0.149358790901781
12836	0.117615192771577
12837	0.12668479223735
12838	0.12668479223735
12839	0.0768019951756001
12840	0.12668479223735
12841	0.122149992504463
12842	0.131219591970236
12843	0.090406394374259
12844	0.108545593305804
12845	0.0813367949084862
12846	0.0768019951756001
12847	0.0949411941071452
12848	0.0677323957098273
12849	0.0858715946413726
12850	0.0768019951756001
12851	0.149358790901781
12852	0.194706788230644
12853	0.140289191436008
12854	0.0949411941071452
12855	0.108545593305804
12856	0.122149992504463
12857	0.131219591970236
12858	0.158428390367554
12859	0.167497989833326
12860	0.135754391703122
12861	0.135754391703122
12862	0.144823991168895
12863	0.0858715946413726
12864	0.12668479223735
12865	0.144823991168895
12866	0.131219591970236
12867	0.172032789566213
12868	0.185637188764872
12869	0.167497989833326
12870	0.0994759938400316
12871	0.16296319010044
12872	0.153893590634667
12873	0.153893590634667
12874	0.176567589299099
12875	0.108545593305804
12876	0.131219591970236
12877	0.090406394374259
12878	0.153893590634667
12879	0.0858715946413726
12880	0.108545593305804
12881	0.185637188764872
12882	0.131219591970236
12883	0.167497989833326
12884	0.0677323957098273
12885	0.12668479223735
12886	0.12668479223735
12887	0.149358790901781
12888	0.117615192771577
12889	0.117615192771577
12890	0.122149992504463
12891	0.140289191436008
12892	0.0858715946413726
12893	0.176567589299099
12894	0.135754391703122
12895	0.140289191436008
12896	0.108545593305804
12897	0.12668479223735
12898	0.149358790901781
12899	0.176567589299099
12900	0.185637188764872
12901	0.144823991168895
12902	0.149358790901781
12903	0.0586627962440547
12904	0.0813367949084862
12905	0.140289191436008
12906	0.113080393038691
12907	0.122149992504463
12908	0.113080393038691
12909	0.135754391703122
12910	0.12668479223735
12911	0.0722671954427137
12912	0.117615192771577
12913	0.135754391703122
12914	0.104010793572918
12915	0.0994759938400316
12916	0.12668479223735
12917	0.090406394374259
12918	0.12668479223735
12919	0.0722671954427137
12920	0.135754391703122
12921	0.122149992504463
12922	0.117615192771577
12923	0.0677323957098273
12924	0.113080393038691
12925	0.0813367949084862
12926	0.0768019951756001
12927	0.158428390367554
12928	0.12668479223735
12929	0.122149992504463
12930	0.144823991168895
12931	0.12668479223735
12932	0.131219591970236
12933	0.194706788230644
12934	0.149358790901781
12935	0.0813367949084862
12936	0.131219591970236
12937	0.12668479223735
12938	0.0994759938400316
12939	0.144823991168895
12940	0.0994759938400316
12941	0.0994759938400316
12942	0.108545593305804
12943	0.144823991168895
12944	0.135754391703122
12945	0.0541279965111683
12946	0.158428390367554
12947	0.0722671954427137
12948	0.12668479223735
12949	0.0722671954427137
12950	0.122149992504463
12951	0.149358790901781
12952	0.0722671954427137
12953	0.135754391703122
12954	0.113080393038691
12955	0.104010793572918
12956	0.135754391703122
12957	0.153893590634667
12958	0.131219591970236
12959	0.185637188764872
12960	0.153893590634667
12961	0.090406394374259
12962	0.117615192771577
12963	0.0858715946413726
12964	0.158428390367554
12965	0.203776387696417
12966	0.113080393038691
12967	0.12668479223735
12968	0.167497989833326
12969	0.16296319010044
12970	0.194706788230644
12971	0.122149992504463
12972	0.108545593305804
12973	0.181102389031985
12974	0.113080393038691
12975	0.12668479223735
12976	0.158428390367554
12977	0.144823991168895
12978	0.0949411941071452
12979	0.104010793572918
12980	0.0631975959769411
12981	0.0722671954427137
12982	0.0541279965111683
12983	0.0813367949084862
12984	0.12668479223735
12985	0.158428390367554
12986	0.149358790901781
12987	0.158428390367554
12988	0.104010793572918
12989	0.108545593305804
12990	0.149358790901781
12991	0.122149992504463
12992	0.104010793572918
12993	0.122149992504463
12994	0.0768019951756001
12995	0.199241587963531
12996	0.16296319010044
12997	0.131219591970236
12998	0.135754391703122
12999	0.108545593305804
13000	0.108545593305804
13001	0.12668479223735
13002	0.0858715946413726
13003	0.090406394374259
13004	0.158428390367554
13005	0.122149992504463
13006	0.0541279965111683
13007	0.149358790901781
13008	0.0677323957098273
13009	0.104010793572918
13010	0.090406394374259
13011	0.176567589299099
13012	0.135754391703122
13013	0.117615192771577
13014	0.158428390367554
13015	0.144823991168895
13016	0.12668479223735
13017	0.140289191436008
13018	0.167497989833326
13019	0.12668479223735
13020	0.12668479223735
13021	0.131219591970236
13022	0.131219591970236
13023	0.090406394374259
13024	0.12668479223735
13025	0.117615192771577
13026	0.131219591970236
13027	0.122149992504463
13028	0.0858715946413726
13029	0.135754391703122
13030	0.149358790901781
13031	0.090406394374259
13032	0.122149992504463
13033	0.090406394374259
13034	0.176567589299099
13035	0.0949411941071452
13036	0.135754391703122
13037	0.090406394374259
13038	0.167497989833326
13039	0.12668479223735
13040	0.135754391703122
13041	0.135754391703122
13042	0.0722671954427137
13043	0.104010793572918
13044	0.181102389031985
13045	0.117615192771577
13046	0.108545593305804
13047	0.12668479223735
13048	0.135754391703122
13049	0.0813367949084862
13050	0.149358790901781
13051	0.12668479223735
13052	0.122149992504463
13053	0.149358790901781
13054	0.090406394374259
13055	0.149358790901781
13056	0.113080393038691
13057	0.122149992504463
13058	0.090406394374259
13059	0.090406394374259
13060	0.140289191436008
13061	0.117615192771577
13062	0.190171988497758
13063	0.181102389031985
13064	0.104010793572918
13065	0.131219591970236
13066	0.12668479223735
13067	0.190171988497758
13068	0.167497989833326
13069	0.16296319010044
13070	0.135754391703122
13071	0.149358790901781
13072	0.0858715946413726
13073	0.090406394374259
13074	0.104010793572918
13075	0.135754391703122
13076	0.176567589299099
13077	0.140289191436008
13078	0.135754391703122
13079	0.104010793572918
13080	0.104010793572918
13081	0.090406394374259
13082	0.0949411941071452
13083	0.0495931967782821
13084	0.176567589299099
13085	0.131219591970236
13086	0.108545593305804
13087	0.113080393038691
13088	0.117615192771577
13089	0.0495931967782821
13090	0.117615192771577
13091	0.194706788230644
13092	0.135754391703122
13093	0.122149992504463
13094	0.16296319010044
13095	0.113080393038691
13096	0.158428390367554
13097	0.149358790901781
13098	0.0949411941071452
13099	0.0949411941071452
13100	0.149358790901781
13101	0.149358790901781
13102	0.0949411941071452
13103	0.104010793572918
13104	0.12668479223735
13105	0.153893590634667
13106	0.144823991168895
13107	0.0994759938400316
13108	0.0858715946413726
13109	0.0994759938400316
13110	0.144823991168895
13111	0.153893590634667
13112	0.108545593305804
13113	0.135754391703122
13114	0.122149992504463
13115	0.0994759938400316
13116	0.172032789566213
13117	0.149358790901781
13118	0.108545593305804
13119	0.122149992504463
13120	0.108545593305804
13121	0.144823991168895
13122	0.131219591970236
13123	0.172032789566213
13124	0.117615192771577
13125	0.144823991168895
13126	0.194706788230644
13127	0.149358790901781
13128	0.0631975959769411
13129	0.0813367949084862
13130	0.117615192771577
13131	0.0450583970453957
13132	0.190171988497758
13133	0.108545593305804
13134	0.122149992504463
13135	0.117615192771577
13136	0.158428390367554
13137	0.0994759938400316
13138	0.0858715946413726
13139	0.104010793572918
13140	0.140289191436008
13141	0.104010793572918
13142	0.203776387696417
13143	0.153893590634667
13144	0.176567589299099
13145	0.0949411941071452
13146	0.131219591970236
13147	0.108545593305804
13148	0.149358790901781
13149	0.181102389031985
13150	0.135754391703122
13151	0.12668479223735
13152	0.117615192771577
13153	0.0994759938400316
13154	0.090406394374259
13155	0.12668479223735
13156	0.0949411941071452
13157	0.153893590634667
13158	0.167497989833326
13159	0.090406394374259
13160	0.12668479223735
13161	0.0813367949084862
13162	0.140289191436008
13163	0.0949411941071452
13164	0.144823991168895
13165	0.104010793572918
13166	0.131219591970236
13167	0.12668479223735
13168	0.144823991168895
13169	0.153893590634667
13170	0.122149992504463
13171	0.140289191436008
13172	0.0223843983809642
13173	0.0813367949084862
13174	0.16296319010044
13175	0.131219591970236
13176	0.144823991168895
13177	0.0858715946413726
13178	0.113080393038691
13179	0.140289191436008
13180	0.0994759938400316
13181	0.0949411941071452
13182	0.122149992504463
13183	0.153893590634667
13184	0.113080393038691
13185	0.12668479223735
13186	0.108545593305804
13187	0.144823991168895
13188	0.117615192771577
13189	0.122149992504463
13190	0.104010793572918
13191	0.135754391703122
13192	0.104010793572918
13193	0.122149992504463
13194	0.122149992504463
13195	0.0858715946413726
13196	0.113080393038691
13197	0.117615192771577
13198	0.167497989833326
13199	0.194706788230644
13200	0.104010793572918
13201	0.0994759938400316
13202	0.140289191436008
13203	0.12668479223735
13204	0.149358790901781
13205	0.122149992504463
13206	0.149358790901781
13207	0.194706788230644
13208	0.131219591970236
13209	0.117615192771577
13210	0.135754391703122
13211	0.135754391703122
13212	0.0495931967782821
13213	0.181102389031985
13214	0.140289191436008
13215	0.0405235973125093
13216	0.16296319010044
13217	0.0994759938400316
13218	0.153893590634667
13219	0.090406394374259
13220	0.0858715946413726
13221	0.144823991168895
13222	0.122149992504463
13223	0.113080393038691
13224	0.135754391703122
13225	0.149358790901781
13226	0.135754391703122
13227	0.0858715946413726
13228	0.090406394374259
13229	0.104010793572918
13230	0.104010793572918
13231	0.12668479223735
13232	0.0994759938400316
13233	0.0768019951756001
13234	0.0813367949084862
13235	0.0858715946413726
13236	0.0994759938400316
13237	0.122149992504463
13238	0.122149992504463
13239	0.0994759938400316
13240	0.108545593305804
13241	0.158428390367554
13242	0.167497989833326
13243	0.0858715946413726
13244	0.104010793572918
13245	0.12668479223735
13246	0.0994759938400316
13247	0.158428390367554
13248	0.131219591970236
13249	0.144823991168895
13250	0.108545593305804
13251	0.122149992504463
13252	0.153893590634667
13253	0.0949411941071452
13254	0.122149992504463
13255	0.144823991168895
13256	0.0178495986480778
13257	0.117615192771577
13258	0.122149992504463
13259	0.208311187429303
13260	0.0722671954427137
13261	0.144823991168895
13262	0.149358790901781
13263	0.131219591970236
13264	0.0858715946413726
13265	0.108545593305804
13266	0.140289191436008
13267	0.117615192771577
13268	0.0586627962440547
13269	0.104010793572918
13270	0.0813367949084862
13271	0.108545593305804
13272	0.0858715946413726
13273	0.172032789566213
13274	0.144823991168895
13275	0.144823991168895
13276	0.144823991168895
13277	0.0858715946413726
13278	0.12668479223735
13279	0.122149992504463
13280	0.113080393038691
13281	0.140289191436008
13282	0.090406394374259
13283	0.0813367949084862
13284	0.0949411941071452
13285	0.131219591970236
13286	0.0858715946413726
13287	0.135754391703122
13288	0.122149992504463
13289	0.144823991168895
13290	0.21284598716219
13291	0.16296319010044
13292	0.0813367949084862
13293	0.090406394374259
13294	0.158428390367554
13295	0.153893590634667
13296	0.153893590634667
13297	0.108545593305804
13298	0.131219591970236
13299	0.144823991168895
13300	0.140289191436008
13301	0.158428390367554
13302	0.0677323957098273
13303	0.0722671954427137
13304	0.12668479223735
13305	0.135754391703122
13306	0.185637188764872
13307	0.149358790901781
13308	0.131219591970236
13309	0.181102389031985
13310	0.117615192771577
13311	0.108545593305804
13312	0.104010793572918
13313	0.090406394374259
13314	0.104010793572918
13315	0.149358790901781
13316	0.0495931967782821
13317	0.144823991168895
13318	0.185637188764872
13319	0.0677323957098273
13320	0.153893590634667
13321	0.131219591970236
13322	0.12668479223735
13323	0.144823991168895
13324	0.140289191436008
13325	0.140289191436008
13326	0.12668479223735
13327	0.135754391703122
13328	0.0858715946413726
13329	0.131219591970236
13330	0.0722671954427137
13331	0.172032789566213
13332	0.104010793572918
13333	0.0586627962440547
13334	0.131219591970236
13335	0.167497989833326
13336	0.131219591970236
13337	0.104010793572918
13338	0.135754391703122
13339	0.176567589299099
13340	0.144823991168895
13341	0.0949411941071452
13342	0.0994759938400316
13343	0.0994759938400316
13344	0.140289191436008
13345	0.135754391703122
13346	0.149358790901781
13347	0.153893590634667
13348	0.104010793572918
13349	0.135754391703122
13350	0.144823991168895
13351	0.12668479223735
13352	0.0858715946413726
13353	0.113080393038691
13354	0.0541279965111683
13355	0.0994759938400316
13356	0.149358790901781
13357	0.104010793572918
13358	0.0450583970453957
13359	0.0994759938400316
13360	0.113080393038691
13361	0.131219591970236
13362	0.113080393038691
13363	0.0768019951756001
13364	0.131219591970236
13365	0.140289191436008
13366	0.149358790901781
13367	0.135754391703122
13368	0.140289191436008
13369	0.131219591970236
13370	0.135754391703122
13371	0.122149992504463
13372	0.0495931967782821
13373	0.108545593305804
13374	0.0813367949084862
13375	0.104010793572918
13376	0.144823991168895
13377	0.140289191436008
13378	0.0994759938400316
13379	0.0722671954427137
13380	0.131219591970236
13381	0.153893590634667
13382	0.0949411941071452
13383	0.117615192771577
13384	0.117615192771577
13385	0.153893590634667
13386	0.135754391703122
13387	0.0858715946413726
13388	0.149358790901781
13389	0.122149992504463
13390	0.153893590634667
13391	0.131219591970236
13392	0.140289191436008
13393	0.149358790901781
13394	0.090406394374259
13395	0.140289191436008
13396	0.153893590634667
13397	0.158428390367554
13398	0.0858715946413726
13399	0.135754391703122
13400	0.108545593305804
13401	0.108545593305804
13402	0.113080393038691
13403	0.0858715946413726
13404	0.153893590634667
13405	0.190171988497758
13406	0.090406394374259
13407	0.117615192771577
13408	0.172032789566213
13409	0.122149992504463
13410	0.194706788230644
13411	0.12668479223735
13412	0.149358790901781
13413	0.113080393038691
13414	0.113080393038691
13415	0.149358790901781
13416	0.194706788230644
13417	0.131219591970236
13418	0.172032789566213
13419	0.117615192771577
13420	0.117615192771577
13421	0.0768019951756001
13422	0.108545593305804
13423	0.090406394374259
13424	0.113080393038691
13425	0.203776387696417
13426	0.135754391703122
13427	0.12668479223735
13428	0.149358790901781
13429	0.12668479223735
13430	0.149358790901781
13431	0.176567589299099
13432	0.0722671954427137
13433	0.113080393038691
13434	0.190171988497758
13435	0.0722671954427137
13436	0.181102389031985
13437	0.113080393038691
13438	0.144823991168895
13439	0.113080393038691
13440	0.144823991168895
13441	0.135754391703122
13442	0.135754391703122
13443	0.117615192771577
13444	0.131219591970236
13445	0.113080393038691
13446	0.0722671954427137
13447	0.113080393038691
13448	0.122149992504463
13449	0.122149992504463
13450	0.117615192771577
13451	0.203776387696417
13452	0.117615192771577
13453	0.104010793572918
13454	0.0949411941071452
13455	0.113080393038691
13456	0.149358790901781
13457	0.226450386360849
13458	0.117615192771577
13459	0.0722671954427137
13460	0.117615192771577
13461	0.0858715946413726
13462	0.113080393038691
13463	0.122149992504463
13464	0.167497989833326
13465	0.0722671954427137
13466	0.0677323957098273
13467	0.122149992504463
13468	0.135754391703122
13469	0.113080393038691
13470	0.140289191436008
13471	0.158428390367554
13472	0.113080393038691
13473	0.0631975959769411
13474	0.108545593305804
13475	0.104010793572918
13476	0.0858715946413726
13477	0.113080393038691
13478	0.12668479223735
13479	0.0858715946413726
13480	0.117615192771577
13481	0.12668479223735
13482	0.140289191436008
13483	0.0813367949084862
13484	0.0994759938400316
13485	0.149358790901781
13486	0.181102389031985
13487	0.194706788230644
13488	0.117615192771577
13489	0.0949411941071452
13490	0.090406394374259
13491	0.135754391703122
13492	0.16296319010044
13493	0.131219591970236
13494	0.113080393038691
13495	0.149358790901781
13496	0.131219591970236
13497	0.0722671954427137
13498	0.149358790901781
13499	0.104010793572918
13500	0.0949411941071452
13501	0.172032789566213
13502	0.153893590634667
13503	0.0586627962440547
13504	0.090406394374259
13505	0.122149992504463
13506	0.144823991168895
13507	0.0813367949084862
13508	0.0994759938400316
13509	0.135754391703122
13510	0.108545593305804
13511	0.12668479223735
13512	0.172032789566213
13513	0.167497989833326
13514	0.12668479223735
13515	0.0677323957098273
13516	0.0858715946413726
13517	0.12668479223735
13518	0.0813367949084862
13519	0.135754391703122
13520	0.113080393038691
13521	0.113080393038691
13522	0.158428390367554
13523	0.181102389031985
13524	0.144823991168895
13525	0.12668479223735
13526	0.135754391703122
13527	0.108545593305804
13528	0.131219591970236
13529	0.117615192771577
13530	0.0994759938400316
13531	0.0949411941071452
13532	0.16296319010044
13533	0.0813367949084862
13534	0.122149992504463
13535	0.16296319010044
13536	0.0858715946413726
13537	0.0722671954427137
13538	0.144823991168895
13539	0.113080393038691
13540	0.158428390367554
13541	0.0768019951756001
13542	0.140289191436008
13543	0.090406394374259
13544	0.131219591970236
13545	0.090406394374259
13546	0.158428390367554
13547	0.135754391703122
13548	0.104010793572918
13549	0.0858715946413726
13550	0.113080393038691
13551	0.0677323957098273
13552	0.149358790901781
13553	0.090406394374259
13554	0.0994759938400316
13555	0.0813367949084862
13556	0.122149992504463
13557	0.144823991168895
13558	0.113080393038691
13559	0.0994759938400316
13560	0.199241587963531
13561	0.0586627962440547
13562	0.104010793572918
13563	0.0994759938400316
13564	0.131219591970236
13565	0.117615192771577
13566	0.122149992504463
13567	0.140289191436008
13568	0.149358790901781
13569	0.108545593305804
13570	0.149358790901781
13571	0.140289191436008
13572	0.135754391703122
13573	0.117615192771577
13574	0.122149992504463
13575	0.0949411941071452
13576	0.104010793572918
13577	0.153893590634667
13578	0.135754391703122
13579	0.113080393038691
13580	0.153893590634667
13581	0.172032789566213
13582	0.135754391703122
13583	0.0813367949084862
13584	0.122149992504463
13585	0.117615192771577
13586	0.0994759938400316
13587	0.113080393038691
13588	0.140289191436008
13589	0.113080393038691
13590	0.12668479223735
13591	0.122149992504463
13592	0.0722671954427137
13593	0.104010793572918
13594	0.149358790901781
13595	0.16296319010044
13596	0.113080393038691
13597	0.0722671954427137
13598	0.108545593305804
13599	0.131219591970236
13600	0.176567589299099
13601	0.0949411941071452
13602	0.104010793572918
13603	0.131219591970236
13604	0.149358790901781
13605	0.144823991168895
13606	0.0631975959769411
13607	0.140289191436008
13608	0.117615192771577
13609	0.12668479223735
13610	0.0994759938400316
13611	0.172032789566213
13612	0.12668479223735
13613	0.131219591970236
13614	0.131219591970236
13615	0.122149992504463
13616	0.0768019951756001
13617	0.135754391703122
13618	0.144823991168895
13619	0.108545593305804
13620	0.108545593305804
13621	0.0858715946413726
13622	0.16296319010044
13623	0.149358790901781
13624	0.140289191436008
13625	0.122149992504463
13626	0.0994759938400316
13627	0.172032789566213
13628	0.0949411941071452
13629	0.167497989833326
13630	0.158428390367554
13631	0.131219591970236
13632	0.0994759938400316
13633	0.117615192771577
13634	0.108545593305804
13635	0.135754391703122
13636	0.149358790901781
13637	0.158428390367554
13638	0.122149992504463
13639	0.153893590634667
13640	0.090406394374259
13641	0.090406394374259
13642	0.113080393038691
13643	0.12668479223735
13644	0.0858715946413726
13645	0.167497989833326
13646	0.122149992504463
13647	0.0314539978467368
13648	0.108545593305804
13649	0.131219591970236
13650	0.16296319010044
13651	0.199241587963531
13652	0.0994759938400316
13653	0.122149992504463
13654	0.122149992504463
13655	0.176567589299099
13656	0.140289191436008
13657	0.0858715946413726
13658	0.104010793572918
13659	0.140289191436008
13660	0.131219591970236
13661	0.0949411941071452
13662	0.167497989833326
13663	0.153893590634667
13664	0.0768019951756001
13665	0.172032789566213
13666	0.149358790901781
13667	0.135754391703122
13668	0.131219591970236
13669	0.122149992504463
13670	0.190171988497758
13671	0.140289191436008
13672	0.172032789566213
13673	0.181102389031985
13674	0.117615192771577
13675	0.149358790901781
13676	0.122149992504463
13677	0.122149992504463
13678	0.108545593305804
13679	0.12668479223735
13680	0.185637188764872
13681	0.117615192771577
13682	0.167497989833326
13683	0.140289191436008
13684	0.149358790901781
13685	0.0722671954427137
13686	0.090406394374259
13687	0.104010793572918
13688	0.117615192771577
13689	0.131219591970236
13690	0.0858715946413726
13691	0.0949411941071452
13692	0.0495931967782821
13693	0.153893590634667
13694	0.140289191436008
13695	0.181102389031985
13696	0.153893590634667
13697	0.117615192771577
13698	0.104010793572918
13699	0.117615192771577
13700	0.149358790901781
13701	0.131219591970236
13702	0.108545593305804
13703	0.181102389031985
13704	0.140289191436008
13705	0.117615192771577
13706	0.122149992504463
13707	0.16296319010044
13708	0.12668479223735
13709	0.122149992504463
13710	0.0949411941071452
13711	0.090406394374259
13712	0.0949411941071452
13713	0.117615192771577
13714	0.0813367949084862
13715	0.131219591970236
13716	0.149358790901781
13717	0.122149992504463
13718	0.140289191436008
13719	0.0949411941071452
13720	0.167497989833326
13721	0.108545593305804
13722	0.176567589299099
13723	0.131219591970236
13724	0.135754391703122
13725	0.131219591970236
13726	0.131219591970236
13727	0.0722671954427137
13728	0.153893590634667
13729	0.190171988497758
13730	0.149358790901781
13731	0.158428390367554
13732	0.0949411941071452
13733	0.113080393038691
13734	0.0722671954427137
13735	0.185637188764872
13736	0.181102389031985
13737	0.131219591970236
13738	0.140289191436008
13739	0.12668479223735
13740	0.12668479223735
13741	0.0768019951756001
13742	0.0949411941071452
13743	0.185637188764872
13744	0.16296319010044
13745	0.149358790901781
13746	0.12668479223735
13747	0.0994759938400316
13748	0.144823991168895
13749	0.0949411941071452
13750	0.185637188764872
13751	0.144823991168895
13752	0.131219591970236
13753	0.122149992504463
13754	0.172032789566213
13755	0.135754391703122
13756	0.117615192771577
13757	0.117615192771577
13758	0.108545593305804
13759	0.12668479223735
13760	0.12668479223735
13761	0.117615192771577
13762	0.122149992504463
13763	0.131219591970236
13764	0.0677323957098273
13765	0.0949411941071452
13766	0.153893590634667
13767	0.144823991168895
13768	0.108545593305804
13769	0.0949411941071452
13770	0.0677323957098273
13771	0.0994759938400316
13772	0.12668479223735
13773	0.0858715946413726
13774	0.104010793572918
13775	0.0768019951756001
13776	0.16296319010044
13777	0.122149992504463
13778	0.122149992504463
13779	0.090406394374259
13780	0.104010793572918
13781	0.122149992504463
13782	0.108545593305804
13783	0.113080393038691
13784	0.131219591970236
13785	0.153893590634667
13786	0.108545593305804
13787	0.104010793572918
13788	0.176567589299099
13789	0.108545593305804
13790	0.117615192771577
13791	0.167497989833326
13792	0.140289191436008
13793	0.149358790901781
13794	0.0813367949084862
13795	0.108545593305804
13796	0.0677323957098273
13797	0.131219591970236
13798	0.117615192771577
13799	0.167497989833326
13800	0.0768019951756001
13801	0.135754391703122
13802	0.144823991168895
13803	0.153893590634667
13804	0.12668479223735
13805	0.117615192771577
13806	0.158428390367554
13807	0.131219591970236
13808	0.12668479223735
13809	0.144823991168895
13810	0.117615192771577
13811	0.149358790901781
13812	0.0858715946413726
13813	0.149358790901781
13814	0.135754391703122
13815	0.153893590634667
13816	0.113080393038691
13817	0.158428390367554
13818	0.226450386360849
13819	0.0495931967782821
13820	0.117615192771577
13821	0.140289191436008
13822	0.122149992504463
13823	0.158428390367554
13824	0.135754391703122
13825	0.0813367949084862
13826	0.0722671954427137
13827	0.117615192771577
13828	0.0994759938400316
13829	0.0994759938400316
13830	0.131219591970236
13831	0.0677323957098273
13832	0.176567589299099
13833	0.108545593305804
13834	0.153893590634667
13835	0.153893590634667
13836	0.122149992504463
13837	0.140289191436008
13838	0.108545593305804
13839	0.104010793572918
13840	0.167497989833326
13841	0.117615192771577
13842	0.135754391703122
13843	0.0722671954427137
13844	0.0722671954427137
13845	0.135754391703122
13846	0.0586627962440547
13847	0.12668479223735
13848	0.0858715946413726
13849	0.12668479223735
13850	0.149358790901781
13851	0.153893590634667
13852	0.194706788230644
13853	0.117615192771577
13854	0.172032789566213
13855	0.167497989833326
13856	0.140289191436008
13857	0.12668479223735
13858	0.0768019951756001
13859	0.12668479223735
13860	0.226450386360849
13861	0.0858715946413726
13862	0.172032789566213
13863	0.122149992504463
13864	0.149358790901781
13865	0.149358790901781
13866	0.144823991168895
13867	0.158428390367554
13868	0.135754391703122
13869	0.144823991168895
13870	0.12668479223735
13871	0.153893590634667
13872	0.16296319010044
13873	0.12668479223735
13874	0.104010793572918
13875	0.190171988497758
13876	0.0813367949084862
13877	0.149358790901781
13878	0.12668479223735
13879	0.0949411941071452
13880	0.131219591970236
13881	0.0677323957098273
13882	0.149358790901781
13883	0.113080393038691
13884	0.16296319010044
13885	0.0994759938400316
13886	0.113080393038691
13887	0.0949411941071452
13888	0.144823991168895
13889	0.153893590634667
13890	0.0722671954427137
13891	0.158428390367554
13892	0.113080393038691
13893	0.167497989833326
13894	0.172032789566213
13895	0.167497989833326
13896	0.0541279965111683
13897	0.0813367949084862
13898	0.0858715946413726
13899	0.113080393038691
13900	0.185637188764872
13901	0.0722671954427137
13902	0.122149992504463
13903	0.104010793572918
13904	0.0994759938400316
13905	0.0994759938400316
13906	0.153893590634667
13907	0.131219591970236
13908	0.149358790901781
13909	0.16296319010044
13910	0.158428390367554
13911	0.0949411941071452
13912	0.0495931967782821
13913	0.172032789566213
13914	0.108545593305804
13915	0.12668479223735
13916	0.0631975959769411
13917	0.0768019951756001
13918	0.0495931967782821
13919	0.113080393038691
13920	0.0994759938400316
13921	0.0994759938400316
13922	0.0949411941071452
13923	0.172032789566213
13924	0.135754391703122
13925	0.113080393038691
13926	0.158428390367554
13927	0.0858715946413726
13928	0.158428390367554
13929	0.12668479223735
13930	0.135754391703122
13931	0.0768019951756001
13932	0.135754391703122
13933	0.12668479223735
13934	0.0813367949084862
13935	0.104010793572918
13936	0.117615192771577
13937	0.131219591970236
13938	0.144823991168895
13939	0.104010793572918
13940	0.131219591970236
13941	0.0813367949084862
13942	0.153893590634667
13943	0.117615192771577
13944	0.131219591970236
13945	0.140289191436008
13946	0.153893590634667
13947	0.113080393038691
13948	0.117615192771577
13949	0.190171988497758
13950	0.131219591970236
13951	0.113080393038691
13952	0.158428390367554
13953	0.0994759938400316
13954	0.108545593305804
13955	0.122149992504463
13956	0.167497989833326
13957	0.117615192771577
13958	0.090406394374259
13959	0.190171988497758
13960	0.140289191436008
13961	0.122149992504463
13962	0.0677323957098273
13963	0.131219591970236
13964	0.0994759938400316
13965	0.131219591970236
13966	0.12668479223735
13967	0.158428390367554
13968	0.12668479223735
13969	0.158428390367554
13970	0.104010793572918
13971	0.181102389031985
13972	0.0495931967782821
13973	0.108545593305804
13974	0.0994759938400316
13975	0.12668479223735
13976	0.090406394374259
13977	0.140289191436008
13978	0.117615192771577
13979	0.16296319010044
13980	0.122149992504463
13981	0.12668479223735
13982	0.113080393038691
13983	0.117615192771577
13984	0.176567589299099
13985	0.0949411941071452
13986	0.167497989833326
13987	0.113080393038691
13988	0.135754391703122
13989	0.0949411941071452
13990	0.0631975959769411
13991	0.0994759938400316
13992	0.167497989833326
13993	0.0768019951756001
13994	0.108545593305804
13995	0.12668479223735
13996	0.135754391703122
13997	0.140289191436008
13998	0.172032789566213
13999	0.122149992504463
14000	0.158428390367554
14001	0.194706788230644
14002	0.117615192771577
14003	0.167497989833326
14004	0.0858715946413726
14005	0.149358790901781
14006	0.153893590634667
14007	0.131219591970236
14008	0.16296319010044
14009	0.122149992504463
14010	0.158428390367554
14011	0.158428390367554
14012	0.153893590634667
14013	0.108545593305804
14014	0.0949411941071452
14015	0.0994759938400316
14016	0.135754391703122
14017	0.0949411941071452
14018	0.185637188764872
14019	0.090406394374259
14020	0.140289191436008
14021	0.149358790901781
14022	0.140289191436008
14023	0.108545593305804
14024	0.16296319010044
14025	0.140289191436008
14026	0.108545593305804
14027	0.113080393038691
14028	0.172032789566213
14029	0.0858715946413726
14030	0.122149992504463
14031	0.12668479223735
14032	0.12668479223735
14033	0.0813367949084862
14034	0.090406394374259
14035	0.12668479223735
14036	0.199241587963531
14037	0.153893590634667
14038	0.135754391703122
14039	0.153893590634667
14040	0.135754391703122
14041	0.131219591970236
14042	0.140289191436008
14043	0.153893590634667
14044	0.153893590634667
14045	0.0994759938400316
14046	0.117615192771577
14047	0.090406394374259
14048	0.113080393038691
14049	0.140289191436008
14050	0.158428390367554
14051	0.122149992504463
14052	0.153893590634667
14053	0.122149992504463
14054	0.113080393038691
14055	0.117615192771577
14056	0.0722671954427137
14057	0.0994759938400316
14058	0.117615192771577
14059	0.0541279965111683
14060	0.113080393038691
14061	0.12668479223735
14062	0.149358790901781
14063	0.122149992504463
14064	0.140289191436008
14065	0.090406394374259
14066	0.0858715946413726
14067	0.0405235973125093
14068	0.104010793572918
14069	0.12668479223735
14070	0.117615192771577
14071	0.0994759938400316
14072	0.113080393038691
14073	0.113080393038691
14074	0.117615192771577
14075	0.153893590634667
14076	0.16296319010044
14077	0.104010793572918
14078	0.135754391703122
14079	0.0949411941071452
14080	0.0813367949084862
14081	0.122149992504463
14082	0.0858715946413726
14083	0.090406394374259
14084	0.144823991168895
14085	0.149358790901781
14086	0.0994759938400316
14087	0.140289191436008
14088	0.0994759938400316
14089	0.117615192771577
14090	0.140289191436008
14091	0.122149992504463
14092	0.0994759938400316
14093	0.135754391703122
14094	0.167497989833326
14095	0.0722671954427137
14096	0.144823991168895
14097	0.0722671954427137
14098	0.190171988497758
14099	0.12668479223735
14100	0.135754391703122
14101	0.172032789566213
14102	0.0949411941071452
14103	0.153893590634667
14104	0.199241587963531
14105	0.149358790901781
14106	0.0677323957098273
14107	0.117615192771577
14108	0.176567589299099
14109	0.117615192771577
14110	0.0813367949084862
14111	0.135754391703122
14112	0.113080393038691
14113	0.131219591970236
14114	0.181102389031985
14115	0.117615192771577
14116	0.16296319010044
14117	0.0858715946413726
14118	0.0631975959769411
14119	0.122149992504463
14120	0.122149992504463
14121	0.135754391703122
14122	0.104010793572918
14123	0.122149992504463
14124	0.113080393038691
14125	0.12668479223735
14126	0.117615192771577
14127	0.135754391703122
14128	0.0949411941071452
14129	0.158428390367554
14130	0.113080393038691
14131	0.172032789566213
14132	0.117615192771577
14133	0.0495931967782821
14134	0.113080393038691
14135	0.090406394374259
14136	0.104010793572918
14137	0.16296319010044
14138	0.117615192771577
14139	0.0677323957098273
14140	0.0858715946413726
14141	0.117615192771577
14142	0.12668479223735
14143	0.135754391703122
14144	0.117615192771577
14145	0.108545593305804
14146	0.167497989833326
14147	0.172032789566213
14148	0.117615192771577
14149	0.122149992504463
14150	0.135754391703122
14151	0.172032789566213
14152	0.0994759938400316
14153	0.0858715946413726
14154	0.131219591970236
14155	0.104010793572918
14156	0.108545593305804
14157	0.199241587963531
14158	0.131219591970236
14159	0.0813367949084862
14160	0.149358790901781
14161	0.108545593305804
14162	0.122149992504463
14163	0.16296319010044
14164	0.113080393038691
14165	0.181102389031985
14166	0.104010793572918
14167	0.108545593305804
14168	0.140289191436008
14169	0.144823991168895
14170	0.104010793572918
14171	0.0677323957098273
14172	0.108545593305804
14173	0.131219591970236
14174	0.0768019951756001
14175	0.117615192771577
14176	0.0949411941071452
14177	0.135754391703122
14178	0.131219591970236
14179	0.117615192771577
14180	0.149358790901781
14181	0.113080393038691
14182	0.0858715946413726
14183	0.16296319010044
14184	0.0994759938400316
14185	0.0858715946413726
14186	0.0994759938400316
14187	0.199241587963531
14188	0.158428390367554
14189	0.149358790901781
14190	0.153893590634667
14191	0.0994759938400316
14192	0.0813367949084862
14193	0.090406394374259
14194	0.104010793572918
14195	0.0495931967782821
14196	0.117615192771577
14197	0.108545593305804
14198	0.144823991168895
14199	0.0450583970453957
14200	0.149358790901781
14201	0.117615192771577
14202	0.144823991168895
14203	0.153893590634667
14204	0.167497989833326
14205	0.149358790901781
14206	0.12668479223735
14207	0.149358790901781
14208	0.0768019951756001
14209	0.104010793572918
14210	0.153893590634667
14211	0.167497989833326
14212	0.144823991168895
14213	0.12668479223735
14214	0.144823991168895
14215	0.149358790901781
14216	0.0768019951756001
14217	0.104010793572918
14218	0.108545593305804
14219	0.140289191436008
14220	0.0994759938400316
14221	0.131219591970236
14222	0.122149992504463
14223	0.153893590634667
14224	0.0949411941071452
14225	0.113080393038691
14226	0.140289191436008
14227	0.0994759938400316
14228	0.122149992504463
14229	0.167497989833326
14230	0.0994759938400316
14231	0.117615192771577
14232	0.117615192771577
14233	0.208311187429303
14234	0.12668479223735
14235	0.0949411941071452
14236	0.140289191436008
14237	0.0722671954427137
14238	0.16296319010044
14239	0.122149992504463
14240	0.181102389031985
14241	0.149358790901781
14242	0.135754391703122
14243	0.122149992504463
14244	0.0994759938400316
14245	0.108545593305804
14246	0.0768019951756001
14247	0.12668479223735
14248	0.0994759938400316
14249	0.144823991168895
14250	0.0768019951756001
14251	0.0631975959769411
14252	0.12668479223735
14253	0.0994759938400316
14254	0.090406394374259
14255	0.0768019951756001
14256	0.131219591970236
14257	0.131219591970236
14258	0.172032789566213
14259	0.0813367949084862
14260	0.194706788230644
14261	0.176567589299099
14262	0.131219591970236
14263	0.108545593305804
14264	0.0994759938400316
14265	0.090406394374259
14266	0.185637188764872
14267	0.104010793572918
14268	0.117615192771577
14269	0.172032789566213
14270	0.16296319010044
14271	0.140289191436008
14272	0.0949411941071452
14273	0.090406394374259
14274	0.12668479223735
14275	0.108545593305804
14276	0.0994759938400316
14277	0.122149992504463
14278	0.122149992504463
14279	0.090406394374259
14280	0.117615192771577
14281	0.122149992504463
14282	0.108545593305804
14283	0.090406394374259
14284	0.131219591970236
14285	0.131219591970236
14286	0.0813367949084862
14287	0.0994759938400316
14288	0.12668479223735
14289	0.0768019951756001
14290	0.108545593305804
14291	0.090406394374259
14292	0.135754391703122
14293	0.117615192771577
14294	0.117615192771577
14295	0.104010793572918
14296	0.0949411941071452
14297	0.0994759938400316
14298	0.12668479223735
14299	0.131219591970236
14300	0.194706788230644
14301	0.104010793572918
14302	0.172032789566213
14303	0.104010793572918
14304	0.135754391703122
14305	0.135754391703122
14306	0.117615192771577
14307	0.140289191436008
14308	0.167497989833326
14309	0.108545593305804
14310	0.12668479223735
14311	0.0722671954427137
14312	0.0405235973125093
14313	0.12668479223735
14314	0.117615192771577
14315	0.140289191436008
14316	0.104010793572918
14317	0.117615192771577
14318	0.131219591970236
14319	0.0949411941071452
14320	0.131219591970236
14321	0.149358790901781
14322	0.0994759938400316
14323	0.108545593305804
14324	0.117615192771577
14325	0.16296319010044
14326	0.090406394374259
14327	0.104010793572918
14328	0.0949411941071452
14329	0.117615192771577
14330	0.131219591970236
14331	0.158428390367554
14332	0.199241587963531
14333	0.140289191436008
14334	0.104010793572918
14335	0.172032789566213
14336	0.0813367949084862
14337	0.185637188764872
14338	0.135754391703122
14339	0.144823991168895
14340	0.12668479223735
14341	0.12668479223735
14342	0.12668479223735
14343	0.140289191436008
14344	0.131219591970236
14345	0.140289191436008
14346	0.131219591970236
14347	0.0858715946413726
14348	0.104010793572918
14349	0.12668479223735
14350	0.117615192771577
14351	0.140289191436008
14352	0.104010793572918
14353	0.172032789566213
14354	0.140289191436008
14355	0.149358790901781
14356	0.135754391703122
14357	0.167497989833326
14358	0.108545593305804
14359	0.167497989833326
14360	0.104010793572918
14361	0.149358790901781
14362	0.158428390367554
14363	0.117615192771577
14364	0.0858715946413726
14365	0.0768019951756001
14366	0.117615192771577
14367	0.0541279965111683
14368	0.122149992504463
14369	0.122149992504463
14370	0.153893590634667
14371	0.0768019951756001
14372	0.135754391703122
14373	0.0768019951756001
14374	0.104010793572918
14375	0.153893590634667
14376	0.0858715946413726
14377	0.167497989833326
14378	0.113080393038691
14379	0.158428390367554
14380	0.104010793572918
14381	0.153893590634667
14382	0.104010793572918
14383	0.0722671954427137
14384	0.113080393038691
14385	0.122149992504463
14386	0.135754391703122
14387	0.0722671954427137
14388	0.153893590634667
14389	0.144823991168895
14390	0.12668479223735
14391	0.149358790901781
14392	0.140289191436008
14393	0.131219591970236
14394	0.153893590634667
14395	0.144823991168895
14396	0.0949411941071452
14397	0.104010793572918
14398	0.104010793572918
14399	0.12668479223735
14400	0.185637188764872
14401	0.12668479223735
14402	0.090406394374259
14403	0.122149992504463
14404	0.113080393038691
14405	0.131219591970236
14406	0.135754391703122
14407	0.0949411941071452
14408	0.144823991168895
14409	0.12668479223735
14410	0.149358790901781
14411	0.117615192771577
14412	0.113080393038691
14413	0.0586627962440547
14414	0.0722671954427137
14415	0.117615192771577
14416	0.140289191436008
14417	0.108545593305804
14418	0.0994759938400316
14419	0.135754391703122
14420	0.108545593305804
14421	0.12668479223735
14422	0.113080393038691
14423	0.117615192771577
14424	0.0722671954427137
14425	0.113080393038691
14426	0.153893590634667
14427	0.144823991168895
14428	0.153893590634667
14429	0.140289191436008
14430	0.117615192771577
14431	0.16296319010044
14432	0.104010793572918
14433	0.117615192771577
14434	0.190171988497758
14435	0.153893590634667
14436	0.0949411941071452
14437	0.108545593305804
14438	0.117615192771577
14439	0.0586627962440547
14440	0.104010793572918
14441	0.0994759938400316
14442	0.0949411941071452
14443	0.108545593305804
14444	0.0858715946413726
14445	0.12668479223735
14446	0.0631975959769411
14447	0.158428390367554
14448	0.0677323957098273
14449	0.153893590634667
14450	0.0813367949084862
14451	0.172032789566213
14452	0.172032789566213
14453	0.149358790901781
14454	0.144823991168895
14455	0.0813367949084862
14456	0.122149992504463
14457	0.194706788230644
14458	0.122149992504463
14459	0.167497989833326
14460	0.12668479223735
14461	0.16296319010044
14462	0.135754391703122
14463	0.0813367949084862
14464	0.131219591970236
14465	0.122149992504463
14466	0.113080393038691
14467	0.122149992504463
14468	0.0722671954427137
14469	0.090406394374259
14470	0.135754391703122
14471	0.122149992504463
14472	0.104010793572918
14473	0.0949411941071452
14474	0.0495931967782821
14475	0.131219591970236
14476	0.12668479223735
14477	0.104010793572918
14478	0.144823991168895
14479	0.153893590634667
14480	0.0858715946413726
14481	0.190171988497758
14482	0.113080393038691
14483	0.167497989833326
14484	0.0994759938400316
14485	0.153893590634667
14486	0.149358790901781
14487	0.217380786895076
14488	0.203776387696417
14489	0.104010793572918
14490	0.108545593305804
14491	0.108545593305804
14492	0.113080393038691
14493	0.140289191436008
14494	0.167497989833326
14495	0.144823991168895
14496	0.090406394374259
14497	0.131219591970236
14498	0.181102389031985
14499	0.235519985826621
14500	0.135754391703122
14501	0.167497989833326
14502	0.12668479223735
14503	0.144823991168895
14504	0.12668479223735
14505	0.0359887975796231
14506	0.140289191436008
14507	0.131219591970236
14508	0.149358790901781
14509	0.0722671954427137
14510	0.0768019951756001
14511	0.185637188764872
14512	0.140289191436008
14513	0.167497989833326
14514	0.149358790901781
14515	0.135754391703122
14516	0.158428390367554
14517	0.16296319010044
14518	0.104010793572918
14519	0.172032789566213
14520	0.108545593305804
14521	0.0994759938400316
14522	0.181102389031985
14523	0.108545593305804
14524	0.0994759938400316
14525	0.144823991168895
14526	0.158428390367554
14527	0.108545593305804
14528	0.140289191436008
14529	0.131219591970236
14530	0.135754391703122
14531	0.117615192771577
14532	0.0949411941071452
14533	0.0586627962440547
14534	0.0949411941071452
14535	0.090406394374259
14536	0.144823991168895
14537	0.0949411941071452
14538	0.153893590634667
14539	0.0858715946413726
14540	0.108545593305804
14541	0.0813367949084862
14542	0.122149992504463
14543	0.0994759938400316
14544	0.181102389031985
14545	0.113080393038691
14546	0.0858715946413726
14547	0.167497989833326
14548	0.149358790901781
14549	0.135754391703122
14550	0.0813367949084862
14551	0.122149992504463
14552	0.131219591970236
14553	0.131219591970236
14554	0.12668479223735
14555	0.135754391703122
14556	0.0813367949084862
14557	0.149358790901781
14558	0.131219591970236
14559	0.0994759938400316
14560	0.153893590634667
14561	0.0994759938400316
14562	0.149358790901781
14563	0.0858715946413726
14564	0.104010793572918
14565	0.131219591970236
14566	0.122149992504463
14567	0.172032789566213
14568	0.140289191436008
14569	0.117615192771577
14570	0.0768019951756001
14571	0.172032789566213
14572	0.0586627962440547
14573	0.117615192771577
14574	0.0768019951756001
14575	0.122149992504463
14576	0.0858715946413726
14577	0.0586627962440547
14578	0.158428390367554
14579	0.149358790901781
14580	0.0949411941071452
14581	0.0949411941071452
14582	0.140289191436008
14583	0.0994759938400316
14584	0.0994759938400316
14585	0.113080393038691
14586	0.12668479223735
14587	0.113080393038691
14588	0.199241587963531
14589	0.108545593305804
14590	0.16296319010044
14591	0.135754391703122
14592	0.135754391703122
14593	0.090406394374259
14594	0.131219591970236
14595	0.122149992504463
14596	0.122149992504463
14597	0.149358790901781
14598	0.122149992504463
14599	0.0994759938400316
14600	0.0722671954427137
14601	0.0813367949084862
14602	0.104010793572918
14603	0.108545593305804
14604	0.0722671954427137
14605	0.144823991168895
14606	0.0949411941071452
14607	0.16296319010044
14608	0.140289191436008
14609	0.0858715946413726
14610	0.0450583970453957
14611	0.135754391703122
14612	0.117615192771577
14613	0.158428390367554
14614	0.117615192771577
14615	0.194706788230644
14616	0.140289191436008
14617	0.176567589299099
14618	0.12668479223735
14619	0.135754391703122
14620	0.0813367949084862
14621	0.135754391703122
14622	0.113080393038691
14623	0.203776387696417
14624	0.117615192771577
14625	0.0858715946413726
14626	0.144823991168895
14627	0.12668479223735
14628	0.131219591970236
14629	0.0813367949084862
14630	0.131219591970236
14631	0.104010793572918
14632	0.108545593305804
14633	0.149358790901781
14634	0.131219591970236
14635	0.108545593305804
14636	0.122149992504463
14637	0.144823991168895
14638	0.0858715946413726
14639	0.0949411941071452
14640	0.194706788230644
14641	0.140289191436008
14642	0.0949411941071452
14643	0.0994759938400316
14644	0.140289191436008
14645	0.117615192771577
14646	0.104010793572918
14647	0.0768019951756001
14648	0.131219591970236
14649	0.149358790901781
14650	0.0994759938400316
14651	0.090406394374259
14652	0.199241587963531
14653	0.122149992504463
14654	0.16296319010044
14655	0.167497989833326
14656	0.12668479223735
14657	0.113080393038691
14658	0.0677323957098273
14659	0.131219591970236
14660	0.203776387696417
14661	0.0858715946413726
14662	0.135754391703122
14663	0.0858715946413726
14664	0.090406394374259
14665	0.108545593305804
14666	0.122149992504463
14667	0.122149992504463
14668	0.167497989833326
14669	0.12668479223735
14670	0.131219591970236
14671	0.0450583970453957
14672	0.131219591970236
14673	0.0858715946413726
14674	0.131219591970236
14675	0.113080393038691
14676	0.117615192771577
14677	0.135754391703122
14678	0.104010793572918
14679	0.149358790901781
14680	0.12668479223735
14681	0.113080393038691
14682	0.117615192771577
14683	0.122149992504463
14684	0.12668479223735
14685	0.0858715946413726
14686	0.104010793572918
14687	0.104010793572918
14688	0.104010793572918
14689	0.135754391703122
14690	0.176567589299099
14691	0.0768019951756001
14692	0.117615192771577
14693	0.131219591970236
14694	0.117615192771577
14695	0.0994759938400316
14696	0.167497989833326
14697	0.0994759938400316
14698	0.131219591970236
14699	0.0813367949084862
14700	0.108545593305804
14701	0.0586627962440547
14702	0.0677323957098273
14703	0.117615192771577
14704	0.0677323957098273
14705	0.167497989833326
14706	0.135754391703122
14707	0.135754391703122
14708	0.144823991168895
14709	0.153893590634667
14710	0.122149992504463
14711	0.113080393038691
14712	0.153893590634667
14713	0.235519985826621
14714	0.12668479223735
14715	0.185637188764872
14716	0.108545593305804
14717	0.0858715946413726
14718	0.12668479223735
14719	0.113080393038691
14720	0.158428390367554
14721	0.117615192771577
14722	0.0541279965111683
14723	0.16296319010044
14724	0.122149992504463
14725	0.0949411941071452
14726	0.140289191436008
14727	0.16296319010044
14728	0.108545593305804
14729	0.122149992504463
14730	0.0631975959769411
14731	0.090406394374259
14732	0.113080393038691
14733	0.113080393038691
14734	0.108545593305804
14735	0.131219591970236
14736	0.149358790901781
14737	0.185637188764872
14738	0.0949411941071452
14739	0.12668479223735
14740	0.104010793572918
14741	0.190171988497758
14742	0.0949411941071452
14743	0.0949411941071452
14744	0.135754391703122
14745	0.172032789566213
14746	0.117615192771577
14747	0.131219591970236
14748	0.149358790901781
14749	0.149358790901781
14750	0.122149992504463
14751	0.113080393038691
14752	0.122149992504463
14753	0.0722671954427137
14754	0.0631975959769411
14755	0.167497989833326
14756	0.0722671954427137
14757	0.117615192771577
14758	0.117615192771577
14759	0.153893590634667
14760	0.104010793572918
14761	0.113080393038691
14762	0.135754391703122
14763	0.0677323957098273
14764	0.113080393038691
14765	0.153893590634667
14766	0.0858715946413726
14767	0.172032789566213
14768	0.104010793572918
14769	0.0813367949084862
14770	0.140289191436008
14771	0.131219591970236
14772	0.167497989833326
14773	0.113080393038691
14774	0.176567589299099
14775	0.104010793572918
14776	0.122149992504463
14777	0.113080393038691
14778	0.117615192771577
14779	0.0813367949084862
14780	0.135754391703122
14781	0.135754391703122
14782	0.113080393038691
14783	0.16296319010044
14784	0.12668479223735
14785	0.140289191436008
14786	0.135754391703122
14787	0.172032789566213
14788	0.203776387696417
14789	0.0949411941071452
14790	0.12668479223735
14791	0.104010793572918
14792	0.0722671954427137
14793	0.158428390367554
14794	0.16296319010044
14795	0.12668479223735
14796	0.153893590634667
14797	0.108545593305804
14798	0.0994759938400316
14799	0.16296319010044
14800	0.090406394374259
14801	0.181102389031985
14802	0.108545593305804
14803	0.0677323957098273
14804	0.144823991168895
14805	0.090406394374259
14806	0.090406394374259
14807	0.108545593305804
14808	0.0813367949084862
14809	0.0994759938400316
14810	0.16296319010044
14811	0.117615192771577
14812	0.140289191436008
14813	0.140289191436008
14814	0.16296319010044
14815	0.131219591970236
14816	0.131219591970236
14817	0.167497989833326
14818	0.144823991168895
14819	0.149358790901781
14820	0.0994759938400316
14821	0.090406394374259
14822	0.12668479223735
14823	0.108545593305804
14824	0.153893590634667
14825	0.0858715946413726
14826	0.0949411941071452
14827	0.090406394374259
14828	0.140289191436008
14829	0.172032789566213
14830	0.0949411941071452
14831	0.108545593305804
14832	0.0586627962440547
14833	0.144823991168895
14834	0.167497989833326
14835	0.113080393038691
14836	0.149358790901781
14837	0.108545593305804
14838	0.140289191436008
14839	0.0768019951756001
14840	0.144823991168895
14841	0.122149992504463
14842	0.108545593305804
14843	0.144823991168895
14844	0.0722671954427137
14845	0.0858715946413726
14846	0.16296319010044
14847	0.131219591970236
14848	0.0949411941071452
14849	0.144823991168895
14850	0.0631975959769411
14851	0.185637188764872
14852	0.135754391703122
14853	0.149358790901781
14854	0.131219591970236
14855	0.122149992504463
14856	0.181102389031985
14857	0.117615192771577
14858	0.167497989833326
14859	0.16296319010044
14860	0.158428390367554
14861	0.131219591970236
14862	0.135754391703122
14863	0.12668479223735
14864	0.12668479223735
14865	0.131219591970236
14866	0.144823991168895
14867	0.135754391703122
14868	0.140289191436008
14869	0.140289191436008
14870	0.167497989833326
14871	0.149358790901781
14872	0.240054785559508
14873	0.108545593305804
14874	0.176567589299099
14875	0.0994759938400316
14876	0.158428390367554
14877	0.135754391703122
14878	0.122149992504463
14879	0.122149992504463
14880	0.113080393038691
14881	0.104010793572918
14882	0.16296319010044
14883	0.113080393038691
14884	0.131219591970236
14885	0.131219591970236
14886	0.144823991168895
14887	0.12668479223735
14888	0.153893590634667
14889	0.181102389031985
14890	0.113080393038691
14891	0.0722671954427137
14892	0.131219591970236
14893	0.149358790901781
14894	0.113080393038691
14895	0.117615192771577
14896	0.16296319010044
14897	0.167497989833326
14898	0.0677323957098273
14899	0.149358790901781
14900	0.12668479223735
14901	0.122149992504463
14902	0.131219591970236
14903	0.12668479223735
14904	0.149358790901781
14905	0.108545593305804
14906	0.0677323957098273
14907	0.0722671954427137
14908	0.0813367949084862
14909	0.122149992504463
14910	0.149358790901781
14911	0.153893590634667
14912	0.12668479223735
14913	0.117615192771577
14914	0.0858715946413726
14915	0.144823991168895
14916	0.12668479223735
14917	0.16296319010044
14918	0.12668479223735
14919	0.0994759938400316
14920	0.140289191436008
14921	0.176567589299099
14922	0.090406394374259
14923	0.144823991168895
14924	0.0949411941071452
14925	0.122149992504463
14926	0.12668479223735
14927	0.0813367949084862
14928	0.0994759938400316
14929	0.0722671954427137
14930	0.144823991168895
14931	0.131219591970236
14932	0.122149992504463
14933	0.090406394374259
14934	0.0768019951756001
14935	0.0994759938400316
14936	0.149358790901781
14937	0.12668479223735
14938	0.117615192771577
14939	0.0677323957098273
14940	0.12668479223735
14941	0.108545593305804
14942	0.144823991168895
14943	0.0994759938400316
14944	0.0631975959769411
14945	0.12668479223735
14946	0.190171988497758
14947	0.144823991168895
14948	0.104010793572918
14949	0.104010793572918
14950	0.131219591970236
14951	0.140289191436008
14952	0.144823991168895
14953	0.12668479223735
14954	0.117615192771577
14955	0.167497989833326
14956	0.117615192771577
14957	0.140289191436008
14958	0.172032789566213
14959	0.113080393038691
14960	0.176567589299099
14961	0.117615192771577
14962	0.167497989833326
14963	0.176567589299099
14964	0.117615192771577
14965	0.135754391703122
14966	0.0677323957098273
14967	0.113080393038691
14968	0.176567589299099
14969	0.0722671954427137
14970	0.117615192771577
14971	0.135754391703122
14972	0.140289191436008
14973	0.108545593305804
14974	0.0949411941071452
14975	0.185637188764872
14976	0.140289191436008
14977	0.0949411941071452
14978	0.108545593305804
14979	0.0495931967782821
14980	0.0450583970453957
14981	0.12668479223735
14982	0.12668479223735
14983	0.0949411941071452
14984	0.122149992504463
14985	0.104010793572918
14986	0.090406394374259
14987	0.108545593305804
14988	0.0949411941071452
14989	0.108545593305804
14990	0.0949411941071452
14991	0.0858715946413726
14992	0.0768019951756001
14993	0.140289191436008
14994	0.0768019951756001
14995	0.16296319010044
14996	0.113080393038691
14997	0.131219591970236
14998	0.0450583970453957
14999	0.176567589299099
15000	0.117615192771577
15001	0.0949411941071452
15002	0.0949411941071452
15003	0.12668479223735
15004	0.181102389031985
15005	0.135754391703122
15006	0.16296319010044
15007	0.113080393038691
15008	0.135754391703122
15009	0.172032789566213
15010	0.0677323957098273
15011	0.153893590634667
15012	0.0949411941071452
15013	0.149358790901781
15014	0.117615192771577
15015	0.12668479223735
15016	0.12668479223735
15017	0.158428390367554
15018	0.158428390367554
15019	0.131219591970236
15020	0.230985186093735
15021	0.090406394374259
15022	0.135754391703122
15023	0.104010793572918
15024	0.158428390367554
15025	0.108545593305804
15026	0.0813367949084862
15027	0.117615192771577
15028	0.0858715946413726
15029	0.135754391703122
15030	0.090406394374259
15031	0.090406394374259
15032	0.108545593305804
15033	0.0858715946413726
15034	0.108545593305804
15035	0.104010793572918
15036	0.149358790901781
15037	0.0722671954427137
15038	0.0994759938400316
15039	0.0768019951756001
15040	0.0949411941071452
15041	0.113080393038691
15042	0.140289191436008
15043	0.122149992504463
15044	0.117615192771577
15045	0.104010793572918
15046	0.0813367949084862
15047	0.185637188764872
15048	0.113080393038691
15049	0.131219591970236
15050	0.113080393038691
15051	0.122149992504463
15052	0.185637188764872
15053	0.0677323957098273
15054	0.135754391703122
15055	0.194706788230644
15056	0.0768019951756001
15057	0.117615192771577
15058	0.117615192771577
15059	0.122149992504463
15060	0.0994759938400316
15061	0.153893590634667
15062	0.113080393038691
15063	0.117615192771577
15064	0.135754391703122
15065	0.158428390367554
15066	0.153893590634667
15067	0.113080393038691
15068	0.104010793572918
15069	0.12668479223735
15070	0.140289191436008
15071	0.172032789566213
15072	0.144823991168895
15073	0.0858715946413726
15074	0.131219591970236
15075	0.0858715946413726
15076	0.135754391703122
15077	0.104010793572918
15078	0.158428390367554
15079	0.172032789566213
15080	0.16296319010044
15081	0.135754391703122
15082	0.135754391703122
15083	0.117615192771577
15084	0.113080393038691
15085	0.144823991168895
15086	0.113080393038691
15087	0.108545593305804
15088	0.0541279965111683
15089	0.108545593305804
15090	0.122149992504463
15091	0.0631975959769411
15092	0.140289191436008
15093	0.0768019951756001
15094	0.0631975959769411
15095	0.12668479223735
15096	0.0949411941071452
15097	0.135754391703122
15098	0.181102389031985
15099	0.117615192771577
15100	0.104010793572918
15101	0.0949411941071452
15102	0.12668479223735
15103	0.117615192771577
15104	0.131219591970236
15105	0.158428390367554
15106	0.0586627962440547
15107	0.0994759938400316
15108	0.131219591970236
15109	0.153893590634667
15110	0.158428390367554
15111	0.0495931967782821
15112	0.158428390367554
15113	0.117615192771577
15114	0.149358790901781
15115	0.0858715946413726
15116	0.0722671954427137
15117	0.158428390367554
15118	0.090406394374259
15119	0.0722671954427137
15120	0.12668479223735
15121	0.135754391703122
15122	0.0994759938400316
15123	0.122149992504463
15124	0.0495931967782821
15125	0.108545593305804
15126	0.122149992504463
15127	0.12668479223735
15128	0.0949411941071452
15129	0.117615192771577
15130	0.16296319010044
15131	0.181102389031985
15132	0.0994759938400316
15133	0.199241587963531
15134	0.135754391703122
15135	0.0768019951756001
15136	0.172032789566213
15137	0.117615192771577
15138	0.208311187429303
15139	0.153893590634667
15140	0.12668479223735
15141	0.176567589299099
15142	0.135754391703122
15143	0.131219591970236
15144	0.135754391703122
15145	0.122149992504463
15146	0.144823991168895
15147	0.144823991168895
15148	0.0677323957098273
15149	0.176567589299099
15150	0.135754391703122
15151	0.090406394374259
15152	0.0949411941071452
15153	0.153893590634667
15154	0.140289191436008
15155	0.158428390367554
15156	0.104010793572918
15157	0.108545593305804
15158	0.176567589299099
15159	0.122149992504463
15160	0.12668479223735
15161	0.108545593305804
15162	0.0677323957098273
15163	0.104010793572918
15164	0.158428390367554
15165	0.172032789566213
15166	0.135754391703122
15167	0.135754391703122
15168	0.158428390367554
15169	0.144823991168895
15170	0.122149992504463
15171	0.0813367949084862
15172	0.167497989833326
15173	0.0994759938400316
15174	0.0768019951756001
15175	0.190171988497758
15176	0.0858715946413726
15177	0.0858715946413726
15178	0.117615192771577
15179	0.158428390367554
15180	0.117615192771577
15181	0.131219591970236
15182	0.135754391703122
15183	0.153893590634667
15184	0.172032789566213
15185	0.0858715946413726
15186	0.104010793572918
15187	0.16296319010044
15188	0.113080393038691
15189	0.135754391703122
15190	0.0677323957098273
15191	0.144823991168895
15192	0.0949411941071452
15193	0.122149992504463
15194	0.176567589299099
15195	0.0949411941071452
15196	0.12668479223735
15197	0.158428390367554
15198	0.149358790901781
15199	0.108545593305804
15200	0.203776387696417
15201	0.090406394374259
15202	0.135754391703122
15203	0.113080393038691
15204	0.108545593305804
15205	0.158428390367554
15206	0.0949411941071452
15207	0.12668479223735
15208	0.117615192771577
15209	0.122149992504463
15210	0.104010793572918
15211	0.0949411941071452
15212	0.0858715946413726
15213	0.12668479223735
15214	0.203776387696417
15215	0.140289191436008
15216	0.153893590634667
15217	0.140289191436008
15218	0.181102389031985
15219	0.0949411941071452
15220	0.104010793572918
15221	0.0813367949084862
15222	0.158428390367554
15223	0.104010793572918
15224	0.135754391703122
15225	0.113080393038691
15226	0.16296319010044
15227	0.0677323957098273
15228	0.0994759938400316
15229	0.104010793572918
15230	0.122149992504463
15231	0.117615192771577
15232	0.104010793572918
15233	0.16296319010044
15234	0.172032789566213
15235	0.167497989833326
15236	0.144823991168895
15237	0.0994759938400316
15238	0.0949411941071452
15239	0.0722671954427137
15240	0.135754391703122
15241	0.131219591970236
15242	0.113080393038691
15243	0.140289191436008
15244	0.108545593305804
15245	0.21284598716219
15246	0.149358790901781
15247	0.16296319010044
15248	0.0994759938400316
15249	0.0949411941071452
15250	0.090406394374259
15251	0.176567589299099
15252	0.0949411941071452
15253	0.0949411941071452
15254	0.149358790901781
15255	0.0813367949084862
15256	0.122149992504463
15257	0.135754391703122
15258	0.113080393038691
15259	0.0858715946413726
15260	0.16296319010044
15261	0.185637188764872
15262	0.108545593305804
15263	0.16296319010044
15264	0.090406394374259
15265	0.153893590634667
15266	0.0722671954427137
15267	0.0677323957098273
15268	0.0949411941071452
15269	0.12668479223735
15270	0.172032789566213
15271	0.104010793572918
15272	0.194706788230644
15273	0.117615192771577
15274	0.0586627962440547
15275	0.135754391703122
15276	0.104010793572918
15277	0.144823991168895
15278	0.172032789566213
15279	0.12668479223735
15280	0.090406394374259
15281	0.108545593305804
15282	0.12668479223735
15283	0.0631975959769411
15284	0.122149992504463
15285	0.135754391703122
15286	0.0359887975796231
15287	0.226450386360849
15288	0.12668479223735
15289	0.0994759938400316
15290	0.158428390367554
15291	0.0994759938400316
15292	0.217380786895076
15293	0.190171988497758
15294	0.0994759938400316
15295	0.176567589299099
15296	0.122149992504463
15297	0.122149992504463
15298	0.122149992504463
15299	0.0994759938400316
15300	0.117615192771577
15301	0.090406394374259
15302	0.12668479223735
15303	0.131219591970236
15304	0.122149992504463
15305	0.117615192771577
15306	0.153893590634667
15307	0.117615192771577
15308	0.0178495986480778
15309	0.153893590634667
15310	0.12668479223735
15311	0.135754391703122
15312	0.104010793572918
15313	0.0677323957098273
15314	0.172032789566213
15315	0.135754391703122
15316	0.149358790901781
15317	0.144823991168895
15318	0.131219591970236
15319	0.090406394374259
15320	0.140289191436008
15321	0.176567589299099
15322	0.113080393038691
15323	0.104010793572918
15324	0.135754391703122
15325	0.144823991168895
15326	0.122149992504463
15327	0.0994759938400316
15328	0.0994759938400316
15329	0.12668479223735
15330	0.104010793572918
15331	0.185637188764872
15332	0.185637188764872
15333	0.117615192771577
15334	0.0994759938400316
15335	0.131219591970236
15336	0.149358790901781
15337	0.135754391703122
15338	0.0994759938400316
15339	0.117615192771577
15340	0.117615192771577
15341	0.0858715946413726
15342	0.117615192771577
15343	0.131219591970236
15344	0.149358790901781
15345	0.172032789566213
15346	0.0722671954427137
15347	0.0994759938400316
15348	0.185637188764872
15349	0.0858715946413726
15350	0.149358790901781
15351	0.113080393038691
15352	0.090406394374259
15353	0.0813367949084862
15354	0.190171988497758
15355	0.16296319010044
15356	0.0768019951756001
15357	0.131219591970236
15358	0.090406394374259
15359	0.113080393038691
15360	0.158428390367554
15361	0.153893590634667
15362	0.0677323957098273
15363	0.131219591970236
15364	0.0949411941071452
15365	0.0949411941071452
15366	0.0631975959769411
15367	0.113080393038691
15368	0.149358790901781
15369	0.090406394374259
15370	0.135754391703122
15371	0.0994759938400316
15372	0.117615192771577
15373	0.113080393038691
15374	0.131219591970236
15375	0.12668479223735
15376	0.108545593305804
15377	0.135754391703122
15378	0.140289191436008
15379	0.0768019951756001
15380	0.104010793572918
15381	0.194706788230644
15382	0.135754391703122
15383	0.153893590634667
15384	0.0631975959769411
15385	0.135754391703122
15386	0.0994759938400316
15387	0.131219591970236
15388	0.0722671954427137
15389	0.0631975959769411
15390	0.149358790901781
15391	0.176567589299099
15392	0.0314539978467368
15393	0.108545593305804
15394	0.140289191436008
15395	0.131219591970236
15396	0.104010793572918
15397	0.172032789566213
15398	0.153893590634667
15399	0.122149992504463
15400	0.131219591970236
15401	0.0994759938400316
15402	0.140289191436008
15403	0.235519985826621
15404	0.140289191436008
15405	0.104010793572918
15406	0.108545593305804
15407	0.131219591970236
15408	0.117615192771577
15409	0.144823991168895
15410	0.16296319010044
15411	0.0858715946413726
15412	0.167497989833326
15413	0.0949411941071452
15414	0.140289191436008
15415	0.144823991168895
15416	0.176567589299099
15417	0.122149992504463
15418	0.135754391703122
15419	0.194706788230644
15420	0.149358790901781
15421	0.140289191436008
15422	0.144823991168895
15423	0.167497989833326
15424	0.16296319010044
15425	0.140289191436008
15426	0.167497989833326
15427	0.135754391703122
15428	0.140289191436008
15429	0.144823991168895
15430	0.12668479223735
15431	0.0722671954427137
15432	0.140289191436008
15433	0.144823991168895
15434	0.140289191436008
15435	0.12668479223735
15436	0.0768019951756001
15437	0.108545593305804
15438	0.12668479223735
15439	0.117615192771577
15440	0.153893590634667
15441	0.149358790901781
15442	0.104010793572918
15443	0.108545593305804
15444	0.153893590634667
15445	0.104010793572918
15446	0.0722671954427137
15447	0.158428390367554
15448	0.0994759938400316
15449	0.0813367949084862
15450	0.122149992504463
15451	0.149358790901781
15452	0.0994759938400316
15453	0.0631975959769411
15454	0.144823991168895
15455	0.108545593305804
15456	0.140289191436008
15457	0.140289191436008
15458	0.185637188764872
15459	0.108545593305804
15460	0.0858715946413726
15461	0.12668479223735
15462	0.149358790901781
15463	0.0994759938400316
15464	0.113080393038691
15465	0.0949411941071452
15466	0.131219591970236
15467	0.0858715946413726
15468	0.153893590634667
15469	0.122149992504463
15470	0.0994759938400316
15471	0.167497989833326
15472	0.104010793572918
15473	0.0813367949084862
15474	0.117615192771577
15475	0.131219591970236
15476	0.135754391703122
15477	0.122149992504463
15478	0.12668479223735
15479	0.217380786895076
15480	0.144823991168895
15481	0.194706788230644
15482	0.131219591970236
15483	0.104010793572918
15484	0.12668479223735
15485	0.153893590634667
15486	0.122149992504463
15487	0.144823991168895
15488	0.108545593305804
15489	0.153893590634667
15490	0.217380786895076
15491	0.12668479223735
15492	0.090406394374259
15493	0.135754391703122
15494	0.199241587963531
15495	0.12668479223735
15496	0.0631975959769411
15497	0.0949411941071452
15498	0.190171988497758
15499	0.181102389031985
15500	0.12668479223735
15501	0.108545593305804
15502	0.117615192771577
15503	0.108545593305804
15504	0.122149992504463
15505	0.12668479223735
15506	0.185637188764872
15507	0.158428390367554
15508	0.153893590634667
15509	0.172032789566213
15510	0.185637188764872
15511	0.131219591970236
15512	0.108545593305804
15513	0.0994759938400316
15514	0.090406394374259
15515	0.0631975959769411
15516	0.190171988497758
15517	0.104010793572918
15518	0.113080393038691
15519	0.153893590634667
15520	0.167497989833326
15521	0.149358790901781
15522	0.135754391703122
15523	0.12668479223735
15524	0.0722671954427137
15525	0.122149992504463
15526	0.12668479223735
15527	0.108545593305804
15528	0.104010793572918
15529	0.149358790901781
15530	0.16296319010044
15531	0.153893590634667
15532	0.144823991168895
15533	0.108545593305804
15534	0.104010793572918
15535	0.0994759938400316
15536	0.131219591970236
15537	0.104010793572918
15538	0.144823991168895
15539	0.176567589299099
15540	0.185637188764872
15541	0.090406394374259
15542	0.158428390367554
15543	0.190171988497758
15544	0.090406394374259
15545	0.144823991168895
15546	0.140289191436008
15547	0.108545593305804
15548	0.144823991168895
15549	0.144823991168895
15550	0.153893590634667
15551	0.0994759938400316
15552	0.090406394374259
15553	0.149358790901781
15554	0.104010793572918
15555	0.0949411941071452
15556	0.0994759938400316
15557	0.131219591970236
15558	0.0813367949084862
15559	0.131219591970236
15560	0.12668479223735
15561	0.117615192771577
15562	0.104010793572918
15563	0.0722671954427137
15564	0.131219591970236
15565	0.122149992504463
15566	0.135754391703122
15567	0.104010793572918
15568	0.140289191436008
15569	0.144823991168895
15570	0.108545593305804
15571	0.090406394374259
15572	0.117615192771577
15573	0.140289191436008
15574	0.135754391703122
15575	0.0949411941071452
15576	0.190171988497758
15577	0.131219591970236
15578	0.113080393038691
15579	0.108545593305804
15580	0.0450583970453957
15581	0.176567589299099
15582	0.117615192771577
15583	0.0586627962440547
15584	0.104010793572918
15585	0.0994759938400316
15586	0.0813367949084862
15587	0.0722671954427137
15588	0.0949411941071452
15589	0.172032789566213
15590	0.0768019951756001
15591	0.113080393038691
15592	0.117615192771577
15593	0.122149992504463
15594	0.144823991168895
15595	0.0722671954427137
15596	0.0677323957098273
15597	0.0677323957098273
15598	0.140289191436008
15599	0.0994759938400316
15600	0.0949411941071452
15601	0.167497989833326
15602	0.117615192771577
15603	0.135754391703122
15604	0.158428390367554
15605	0.172032789566213
15606	0.153893590634667
15607	0.16296319010044
15608	0.108545593305804
15609	0.0949411941071452
15610	0.158428390367554
15611	0.117615192771577
15612	0.0949411941071452
15613	0.149358790901781
15614	0.0813367949084862
15615	0.0586627962440547
15616	0.131219591970236
15617	0.140289191436008
15618	0.104010793572918
15619	0.149358790901781
15620	0.108545593305804
15621	0.131219591970236
15622	0.135754391703122
15623	0.0586627962440547
15624	0.113080393038691
15625	0.131219591970236
15626	0.176567589299099
15627	0.12668479223735
15628	0.158428390367554
15629	0.117615192771577
15630	0.208311187429303
15631	0.144823991168895
15632	0.117615192771577
15633	0.0994759938400316
15634	0.108545593305804
15635	0.12668479223735
15636	0.0813367949084862
15637	0.117615192771577
15638	0.140289191436008
15639	0.090406394374259
15640	0.12668479223735
15641	0.149358790901781
15642	0.153893590634667
15643	0.12668479223735
15644	0.176567589299099
15645	0.0949411941071452
15646	0.144823991168895
15647	0.108545593305804
15648	0.140289191436008
15649	0.113080393038691
15650	0.113080393038691
15651	0.12668479223735
15652	0.0586627962440547
15653	0.122149992504463
15654	0.167497989833326
15655	0.0813367949084862
15656	0.158428390367554
15657	0.158428390367554
15658	0.149358790901781
15659	0.12668479223735
15660	0.235519985826621
15661	0.140289191436008
15662	0.113080393038691
15663	0.113080393038691
15664	0.149358790901781
15665	0.167497989833326
15666	0.144823991168895
15667	0.0768019951756001
15668	0.149358790901781
15669	0.135754391703122
15670	0.12668479223735
15671	0.167497989833326
15672	0.131219591970236
15673	0.090406394374259
15674	0.117615192771577
15675	0.176567589299099
15676	0.144823991168895
15677	0.0994759938400316
15678	0.153893590634667
15679	0.090406394374259
15680	0.158428390367554
15681	0.144823991168895
15682	0.172032789566213
15683	0.0994759938400316
15684	0.090406394374259
15685	0.0768019951756001
15686	0.117615192771577
15687	0.158428390367554
15688	0.104010793572918
15689	0.0450583970453957
15690	0.16296319010044
15691	0.135754391703122
15692	0.0586627962440547
15693	0.135754391703122
15694	0.0813367949084862
15695	0.0631975959769411
15696	0.0949411941071452
15697	0.0768019951756001
15698	0.122149992504463
15699	0.122149992504463
15700	0.131219591970236
15701	0.16296319010044
15702	0.135754391703122
15703	0.153893590634667
15704	0.16296319010044
15705	0.135754391703122
15706	0.140289191436008
15707	0.0994759938400316
15708	0.158428390367554
15709	0.172032789566213
15710	0.0858715946413726
15711	0.12668479223735
15712	0.12668479223735
15713	0.122149992504463
15714	0.12668479223735
15715	0.0768019951756001
15716	0.153893590634667
15717	0.104010793572918
15718	0.0858715946413726
15719	0.0631975959769411
15720	0.12668479223735
15721	0.131219591970236
15722	0.122149992504463
15723	0.0677323957098273
15724	0.104010793572918
15725	0.140289191436008
15726	0.135754391703122
15727	0.0858715946413726
15728	0.131219591970236
15729	0.117615192771577
15730	0.199241587963531
15731	0.090406394374259
15732	0.12668479223735
15733	0.167497989833326
15734	0.113080393038691
15735	0.0949411941071452
15736	0.153893590634667
15737	0.167497989833326
15738	0.140289191436008
15739	0.104010793572918
15740	0.158428390367554
15741	0.122149992504463
15742	0.090406394374259
15743	0.176567589299099
15744	0.131219591970236
15745	0.0813367949084862
15746	0.135754391703122
15747	0.131219591970236
15748	0.104010793572918
15749	0.0994759938400316
15750	0.0722671954427137
15751	0.144823991168895
15752	0.153893590634667
15753	0.0722671954427137
15754	0.135754391703122
15755	0.090406394374259
15756	0.113080393038691
15757	0.0994759938400316
15758	0.0813367949084862
15759	0.104010793572918
15760	0.131219591970236
15761	0.117615192771577
15762	0.208311187429303
15763	0.0813367949084862
15764	0.12668479223735
15765	0.0949411941071452
15766	0.181102389031985
15767	0.140289191436008
15768	0.158428390367554
15769	0.108545593305804
15770	0.113080393038691
15771	0.0722671954427137
15772	0.0813367949084862
15773	0.122149992504463
15774	0.0858715946413726
15775	0.0858715946413726
15776	0.117615192771577
15777	0.0768019951756001
15778	0.181102389031985
15779	0.190171988497758
15780	0.0768019951756001
15781	0.149358790901781
15782	0.131219591970236
15783	0.108545593305804
15784	0.117615192771577
15785	0.0858715946413726
15786	0.108545593305804
15787	0.0994759938400316
15788	0.131219591970236
15789	0.0813367949084862
15790	0.0994759938400316
15791	0.135754391703122
15792	0.144823991168895
15793	0.117615192771577
15794	0.149358790901781
15795	0.122149992504463
15796	0.149358790901781
15797	0.090406394374259
15798	0.0722671954427137
15799	0.131219591970236
15800	0.12668479223735
15801	0.104010793572918
15802	0.104010793572918
15803	0.0994759938400316
15804	0.131219591970236
15805	0.117615192771577
15806	0.16296319010044
15807	0.135754391703122
15808	0.135754391703122
15809	0.0858715946413726
15810	0.172032789566213
15811	0.135754391703122
15812	0.167497989833326
15813	0.122149992504463
15814	0.135754391703122
15815	0.113080393038691
15816	0.0994759938400316
15817	0.113080393038691
15818	0.0813367949084862
15819	0.0768019951756001
15820	0.158428390367554
15821	0.0949411941071452
15822	0.104010793572918
15823	0.0994759938400316
15824	0.113080393038691
15825	0.0949411941071452
15826	0.217380786895076
15827	0.140289191436008
15828	0.117615192771577
15829	0.167497989833326
15830	0.131219591970236
15831	0.12668479223735
15832	0.149358790901781
15833	0.117615192771577
15834	0.176567589299099
15835	0.153893590634667
15836	0.0949411941071452
15837	0.0994759938400316
15838	0.149358790901781
15839	0.0949411941071452
15840	0.117615192771577
15841	0.0994759938400316
15842	0.140289191436008
15843	0.113080393038691
15844	0.0813367949084862
15845	0.135754391703122
15846	0.12668479223735
15847	0.0994759938400316
15848	0.12668479223735
15849	0.144823991168895
15850	0.0949411941071452
15851	0.0994759938400316
15852	0.181102389031985
15853	0.131219591970236
15854	0.0677323957098273
15855	0.104010793572918
15856	0.104010793572918
15857	0.16296319010044
15858	0.140289191436008
15859	0.122149992504463
15860	0.131219591970236
15861	0.12668479223735
15862	0.172032789566213
15863	0.131219591970236
15864	0.090406394374259
15865	0.0813367949084862
15866	0.113080393038691
15867	0.149358790901781
15868	0.108545593305804
15869	0.12668479223735
15870	0.221915586627962
15871	0.135754391703122
15872	0.172032789566213
15873	0.0722671954427137
15874	0.140289191436008
15875	0.122149992504463
15876	0.140289191436008
15877	0.149358790901781
15878	0.122149992504463
15879	0.0677323957098273
15880	0.181102389031985
15881	0.117615192771577
15882	0.172032789566213
15883	0.12668479223735
15884	0.104010793572918
15885	0.122149992504463
15886	0.221915586627962
15887	0.149358790901781
15888	0.167497989833326
15889	0.176567589299099
15890	0.108545593305804
15891	0.140289191436008
15892	0.131219591970236
15893	0.122149992504463
15894	0.113080393038691
15895	0.12668479223735
15896	0.113080393038691
15897	0.153893590634667
15898	0.176567589299099
15899	0.0405235973125093
15900	0.181102389031985
15901	0.131219591970236
15902	0.104010793572918
15903	0.16296319010044
15904	0.135754391703122
15905	0.135754391703122
15906	0.131219591970236
15907	0.0949411941071452
15908	0.135754391703122
15909	0.0858715946413726
15910	0.158428390367554
15911	0.190171988497758
15912	0.104010793572918
15913	0.117615192771577
15914	0.158428390367554
15915	0.153893590634667
15916	0.0631975959769411
15917	0.144823991168895
15918	0.108545593305804
15919	0.172032789566213
15920	0.158428390367554
15921	0.131219591970236
15922	0.149358790901781
15923	0.140289191436008
15924	0.140289191436008
15925	0.12668479223735
15926	0.181102389031985
15927	0.131219591970236
15928	0.158428390367554
15929	0.090406394374259
15930	0.0813367949084862
15931	0.0405235973125093
15932	0.140289191436008
15933	0.0768019951756001
15934	0.0495931967782821
15935	0.144823991168895
15936	0.149358790901781
15937	0.144823991168895
15938	0.144823991168895
15939	0.122149992504463
15940	0.0269191981138504
15941	0.16296319010044
15942	0.0677323957098273
15943	0.135754391703122
15944	0.113080393038691
15945	0.131219591970236
15946	0.153893590634667
15947	0.0495931967782821
15948	0.144823991168895
15949	0.122149992504463
15950	0.108545593305804
15951	0.104010793572918
15952	0.140289191436008
15953	0.140289191436008
15954	0.158428390367554
15955	0.113080393038691
15956	0.181102389031985
15957	0.158428390367554
15958	0.12668479223735
15959	0.108545593305804
15960	0.167497989833326
15961	0.0994759938400316
15962	0.12668479223735
15963	0.153893590634667
15964	0.149358790901781
15965	0.167497989833326
15966	0.176567589299099
15967	0.131219591970236
15968	0.135754391703122
15969	0.153893590634667
15970	0.117615192771577
15971	0.135754391703122
15972	0.104010793572918
15973	0.131219591970236
15974	0.149358790901781
15975	0.113080393038691
15976	0.117615192771577
15977	0.113080393038691
15978	0.135754391703122
15979	0.108545593305804
15980	0.104010793572918
15981	0.117615192771577
15982	0.16296319010044
15983	0.122149992504463
15984	0.144823991168895
15985	0.176567589299099
15986	0.117615192771577
15987	0.122149992504463
15988	0.108545593305804
15989	0.149358790901781
15990	0.108545593305804
15991	0.0858715946413726
15992	0.149358790901781
15993	0.185637188764872
15994	0.172032789566213
15995	0.122149992504463
15996	0.108545593305804
15997	0.167497989833326
15998	0.144823991168895
15999	0.153893590634667
16000	0.0768019951756001
16001	0.149358790901781
16002	0.108545593305804
16003	0.0586627962440547
16004	0.0949411941071452
16005	0.16296319010044
16006	0.117615192771577
16007	0.153893590634667
16008	0.131219591970236
16009	0.12668479223735
16010	0.0541279965111683
16011	0.0586627962440547
16012	0.0677323957098273
16013	0.108545593305804
16014	0.117615192771577
16015	0.158428390367554
16016	0.140289191436008
16017	0.12668479223735
16018	0.167497989833326
16019	0.12668479223735
16020	0.0994759938400316
16021	0.176567589299099
16022	0.144823991168895
16023	0.104010793572918
16024	0.144823991168895
16025	0.0768019951756001
16026	0.140289191436008
16027	0.0994759938400316
16028	0.113080393038691
16029	0.122149992504463
16030	0.0949411941071452
16031	0.153893590634667
16032	0.144823991168895
16033	0.0949411941071452
16034	0.0541279965111683
16035	0.0677323957098273
16036	0.153893590634667
16037	0.153893590634667
16038	0.0813367949084862
16039	0.0994759938400316
16040	0.122149992504463
16041	0.149358790901781
16042	0.122149992504463
16043	0.122149992504463
16044	0.108545593305804
16045	0.176567589299099
16046	0.0858715946413726
16047	0.090406394374259
16048	0.131219591970236
16049	0.135754391703122
16050	0.0949411941071452
16051	0.149358790901781
16052	0.0813367949084862
16053	0.176567589299099
16054	0.12668479223735
16055	0.0768019951756001
16056	0.16296319010044
16057	0.153893590634667
16058	0.104010793572918
16059	0.172032789566213
16060	0.149358790901781
16061	0.104010793572918
16062	0.149358790901781
16063	0.117615192771577
16064	0.0994759938400316
16065	0.131219591970236
16066	0.0858715946413726
16067	0.0768019951756001
16068	0.149358790901781
16069	0.140289191436008
16070	0.140289191436008
16071	0.0631975959769411
16072	0.149358790901781
16073	0.153893590634667
16074	0.122149992504463
16075	0.108545593305804
16076	0.149358790901781
16077	0.122149992504463
16078	0.122149992504463
16079	0.0541279965111683
16080	0.135754391703122
16081	0.0949411941071452
16082	0.158428390367554
16083	0.140289191436008
16084	0.144823991168895
16085	0.153893590634667
16086	0.104010793572918
16087	0.113080393038691
16088	0.12668479223735
16089	0.144823991168895
16090	0.158428390367554
16091	0.140289191436008
16092	0.135754391703122
16093	0.113080393038691
16094	0.185637188764872
16095	0.144823991168895
16096	0.117615192771577
16097	0.185637188764872
16098	0.0586627962440547
16099	0.12668479223735
16100	0.0722671954427137
16101	0.0586627962440547
16102	0.0722671954427137
16103	0.122149992504463
16104	0.104010793572918
16105	0.0768019951756001
16106	0.104010793572918
16107	0.0994759938400316
16108	0.0768019951756001
16109	0.113080393038691
16110	0.12668479223735
16111	0.153893590634667
16112	0.122149992504463
16113	0.149358790901781
16114	0.0949411941071452
16115	0.113080393038691
16116	0.117615192771577
16117	0.153893590634667
16118	0.144823991168895
16119	0.158428390367554
16120	0.203776387696417
16121	0.117615192771577
16122	0.144823991168895
16123	0.131219591970236
16124	0.113080393038691
16125	0.0949411941071452
16126	0.113080393038691
16127	0.158428390367554
16128	0.131219591970236
16129	0.135754391703122
16130	0.176567589299099
16131	0.104010793572918
16132	0.140289191436008
16133	0.12668479223735
16134	0.108545593305804
16135	0.185637188764872
16136	0.090406394374259
16137	0.12668479223735
16138	0.0994759938400316
16139	0.12668479223735
16140	0.0949411941071452
16141	0.108545593305804
16142	0.104010793572918
16143	0.0631975959769411
16144	0.117615192771577
16145	0.122149992504463
16146	0.108545593305804
16147	0.149358790901781
16148	0.153893590634667
16149	0.176567589299099
16150	0.0813367949084862
16151	0.0813367949084862
16152	0.131219591970236
16153	0.135754391703122
16154	0.131219591970236
16155	0.172032789566213
16156	0.131219591970236
16157	0.0813367949084862
16158	0.0359887975796231
16159	0.0586627962440547
16160	0.113080393038691
16161	0.12668479223735
16162	0.0768019951756001
16163	0.153893590634667
16164	0.113080393038691
16165	0.16296319010044
16166	0.122149992504463
16167	0.140289191436008
16168	0.104010793572918
16169	0.0768019951756001
16170	0.0631975959769411
16171	0.172032789566213
16172	0.0858715946413726
16173	0.158428390367554
16174	0.153893590634667
16175	0.12668479223735
16176	0.122149992504463
16177	0.149358790901781
16178	0.149358790901781
16179	0.122149992504463
16180	0.090406394374259
16181	0.108545593305804
16182	0.140289191436008
16183	0.144823991168895
16184	0.108545593305804
16185	0.117615192771577
16186	0.12668479223735
16187	0.108545593305804
16188	0.0586627962440547
16189	0.0768019951756001
16190	0.108545593305804
16191	0.131219591970236
16192	0.140289191436008
16193	0.135754391703122
16194	0.176567589299099
16195	0.140289191436008
16196	0.140289191436008
16197	0.194706788230644
16198	0.149358790901781
16199	0.113080393038691
16200	0.113080393038691
16201	0.135754391703122
16202	0.153893590634667
16203	0.140289191436008
16204	0.104010793572918
16205	0.144823991168895
16206	0.0722671954427137
16207	0.122149992504463
16208	0.117615192771577
16209	0.153893590634667
16210	0.113080393038691
16211	0.16296319010044
16212	0.153893590634667
16213	0.131219591970236
16214	0.113080393038691
16215	0.0949411941071452
16216	0.0994759938400316
16217	0.176567589299099
16218	0.108545593305804
16219	0.167497989833326
16220	0.117615192771577
16221	0.090406394374259
16222	0.131219591970236
16223	0.167497989833326
16224	0.144823991168895
16225	0.0813367949084862
16226	0.140289191436008
16227	0.153893590634667
16228	0.149358790901781
16229	0.153893590634667
16230	0.140289191436008
16231	0.108545593305804
16232	0.090406394374259
16233	0.0994759938400316
16234	0.117615192771577
16235	0.0722671954427137
16236	0.108545593305804
16237	0.153893590634667
16238	0.0949411941071452
16239	0.0768019951756001
16240	0.135754391703122
16241	0.12668479223735
16242	0.12668479223735
16243	0.0631975959769411
16244	0.104010793572918
16245	0.0994759938400316
16246	0.176567589299099
16247	0.12668479223735
16248	0.0813367949084862
16249	0.131219591970236
16250	0.199241587963531
16251	0.0541279965111683
16252	0.104010793572918
16253	0.149358790901781
16254	0.0813367949084862
16255	0.144823991168895
16256	0.158428390367554
16257	0.144823991168895
16258	0.0949411941071452
16259	0.167497989833326
16260	0.113080393038691
16261	0.090406394374259
16262	0.140289191436008
16263	0.131219591970236
16264	0.131219591970236
16265	0.108545593305804
16266	0.0949411941071452
16267	0.140289191436008
16268	0.131219591970236
16269	0.117615192771577
16270	0.0631975959769411
16271	0.12668479223735
16272	0.0813367949084862
16273	0.194706788230644
16274	0.131219591970236
16275	0.122149992504463
16276	0.144823991168895
16277	0.0813367949084862
16278	0.0541279965111683
16279	0.153893590634667
16280	0.117615192771577
16281	0.0994759938400316
16282	0.104010793572918
16283	0.158428390367554
16284	0.0768019951756001
16285	0.104010793572918
16286	0.131219591970236
16287	0.144823991168895
16288	0.135754391703122
16289	0.117615192771577
16290	0.135754391703122
16291	0.090406394374259
16292	0.172032789566213
16293	0.122149992504463
16294	0.108545593305804
16295	0.135754391703122
16296	0.113080393038691
16297	0.122149992504463
16298	0.140289191436008
16299	0.117615192771577
16300	0.149358790901781
16301	0.167497989833326
16302	0.153893590634667
16303	0.135754391703122
16304	0.12668479223735
16305	0.0949411941071452
16306	0.0949411941071452
16307	0.16296319010044
16308	0.158428390367554
16309	0.158428390367554
16310	0.0722671954427137
16311	0.135754391703122
16312	0.140289191436008
16313	0.172032789566213
16314	0.131219591970236
16315	0.113080393038691
16316	0.0768019951756001
16317	0.108545593305804
16318	0.0858715946413726
16319	0.0768019951756001
16320	0.122149992504463
16321	0.090406394374259
16322	0.0586627962440547
16323	0.0677323957098273
16324	0.140289191436008
16325	0.153893590634667
16326	0.12668479223735
16327	0.12668479223735
16328	0.0677323957098273
16329	0.0768019951756001
16330	0.158428390367554
16331	0.0722671954427137
16332	0.181102389031985
16333	0.0994759938400316
16334	0.0768019951756001
16335	0.144823991168895
16336	0.117615192771577
16337	0.122149992504463
16338	0.0949411941071452
16339	0.113080393038691
16340	0.158428390367554
16341	0.104010793572918
16342	0.122149992504463
16343	0.153893590634667
16344	0.0631975959769411
16345	0.0813367949084862
16346	0.0722671954427137
16347	0.0768019951756001
16348	0.090406394374259
16349	0.12668479223735
16350	0.0858715946413726
16351	0.135754391703122
16352	0.117615192771577
16353	0.144823991168895
16354	0.153893590634667
16355	0.0541279965111683
16356	0.131219591970236
16357	0.0631975959769411
16358	0.122149992504463
16359	0.144823991168895
16360	0.122149992504463
16361	0.0631975959769411
16362	0.0994759938400316
16363	0.117615192771577
16364	0.117615192771577
16365	0.153893590634667
16366	0.135754391703122
16367	0.131219591970236
16368	0.0677323957098273
16369	0.0858715946413726
16370	0.172032789566213
16371	0.090406394374259
16372	0.12668479223735
16373	0.176567589299099
16374	0.167497989833326
16375	0.104010793572918
16376	0.135754391703122
16377	0.117615192771577
16378	0.131219591970236
16379	0.0994759938400316
16380	0.144823991168895
16381	0.122149992504463
16382	0.158428390367554
16383	0.117615192771577
16384	0.0949411941071452
16385	0.0768019951756001
16386	0.149358790901781
16387	0.0949411941071452
16388	0.135754391703122
16389	0.122149992504463
16390	0.0813367949084862
16391	0.144823991168895
16392	0.158428390367554
16393	0.0768019951756001
16394	0.0541279965111683
16395	0.158428390367554
16396	0.117615192771577
16397	0.122149992504463
16398	0.117615192771577
16399	0.0541279965111683
16400	0.0541279965111683
16401	0.122149992504463
16402	0.104010793572918
16403	0.117615192771577
16404	0.108545593305804
16405	0.172032789566213
16406	0.12668479223735
16407	0.0631975959769411
16408	0.117615192771577
16409	0.12668479223735
16410	0.149358790901781
16411	0.0631975959769411
16412	0.122149992504463
16413	0.149358790901781
16414	0.12668479223735
16415	0.0949411941071452
16416	0.12668479223735
16417	0.131219591970236
16418	0.140289191436008
16419	0.104010793572918
16420	0.167497989833326
16421	0.131219591970236
16422	0.117615192771577
16423	0.158428390367554
16424	0.172032789566213
16425	0.122149992504463
16426	0.108545593305804
16427	0.0405235973125093
16428	0.0541279965111683
16429	0.12668479223735
16430	0.0858715946413726
16431	0.108545593305804
16432	0.117615192771577
16433	0.0994759938400316
16434	0.113080393038691
16435	0.117615192771577
16436	0.0994759938400316
16437	0.153893590634667
16438	0.16296319010044
16439	0.144823991168895
16440	0.0858715946413726
16441	0.153893590634667
16442	0.104010793572918
16443	0.172032789566213
16444	0.0722671954427137
16445	0.090406394374259
16446	0.0949411941071452
16447	0.149358790901781
16448	0.108545593305804
16449	0.104010793572918
16450	0.190171988497758
16451	0.117615192771577
16452	0.135754391703122
16453	0.122149992504463
16454	0.108545593305804
16455	0.104010793572918
16456	0.140289191436008
16457	0.117615192771577
16458	0.16296319010044
16459	0.122149992504463
16460	0.149358790901781
16461	0.122149992504463
16462	0.090406394374259
16463	0.0631975959769411
16464	0.0359887975796231
16465	0.131219591970236
16466	0.0541279965111683
16467	0.117615192771577
16468	0.0722671954427137
16469	0.131219591970236
16470	0.199241587963531
16471	0.122149992504463
16472	0.122149992504463
16473	0.0994759938400316
16474	0.108545593305804
16475	0.113080393038691
16476	0.117615192771577
16477	0.122149992504463
16478	0.12668479223735
16479	0.0677323957098273
16480	0.158428390367554
16481	0.149358790901781
16482	0.172032789566213
16483	0.176567589299099
16484	0.149358790901781
16485	0.090406394374259
16486	0.108545593305804
16487	0.12668479223735
16488	0.0541279965111683
16489	0.0586627962440547
16490	0.0949411941071452
16491	0.0768019951756001
16492	0.0858715946413726
16493	0.16296319010044
16494	0.113080393038691
16495	0.0768019951756001
16496	0.0405235973125093
16497	0.176567589299099
16498	0.0949411941071452
16499	0.144823991168895
16500	0.131219591970236
16501	0.117615192771577
16502	0.140289191436008
16503	0.0994759938400316
16504	0.185637188764872
16505	0.144823991168895
16506	0.0949411941071452
16507	0.0631975959769411
16508	0.0949411941071452
16509	0.153893590634667
16510	0.108545593305804
16511	0.135754391703122
16512	0.12668479223735
16513	0.108545593305804
16514	0.0677323957098273
16515	0.153893590634667
16516	0.135754391703122
16517	0.167497989833326
16518	0.135754391703122
16519	0.158428390367554
16520	0.135754391703122
16521	0.113080393038691
16522	0.117615192771577
16523	0.0949411941071452
16524	0.122149992504463
16525	0.0858715946413726
16526	0.108545593305804
16527	0.158428390367554
16528	0.090406394374259
16529	0.153893590634667
16530	0.113080393038691
16531	0.12668479223735
16532	0.153893590634667
16533	0.190171988497758
16534	0.117615192771577
16535	0.190171988497758
16536	0.140289191436008
16537	0.0994759938400316
16538	0.0677323957098273
16539	0.104010793572918
16540	0.108545593305804
16541	0.104010793572918
16542	0.135754391703122
16543	0.104010793572918
16544	0.0586627962440547
16545	0.0994759938400316
16546	0.167497989833326
16547	0.090406394374259
16548	0.158428390367554
16549	0.140289191436008
16550	0.0495931967782821
16551	0.12668479223735
16552	0.12668479223735
16553	0.158428390367554
16554	0.21284598716219
16555	0.12668479223735
16556	0.0768019951756001
16557	0.131219591970236
16558	0.0949411941071452
16559	0.0994759938400316
16560	0.131219591970236
16561	0.135754391703122
16562	0.113080393038691
16563	0.0813367949084862
16564	0.113080393038691
16565	0.140289191436008
16566	0.104010793572918
16567	0.122149992504463
16568	0.140289191436008
16569	0.113080393038691
16570	0.0949411941071452
16571	0.172032789566213
16572	0.16296319010044
16573	0.117615192771577
16574	0.0450583970453957
16575	0.135754391703122
16576	0.153893590634667
16577	0.104010793572918
16578	0.176567589299099
16579	0.0495931967782821
16580	0.140289191436008
16581	0.153893590634667
16582	0.172032789566213
16583	0.0722671954427137
16584	0.090406394374259
16585	0.131219591970236
16586	0.181102389031985
16587	0.12668479223735
16588	0.108545593305804
16589	0.131219591970236
16590	0.113080393038691
16591	0.135754391703122
16592	0.12668479223735
16593	0.199241587963531
16594	0.135754391703122
16595	0.0949411941071452
16596	0.122149992504463
16597	0.140289191436008
16598	0.0813367949084862
16599	0.108545593305804
16600	0.149358790901781
16601	0.167497989833326
16602	0.144823991168895
16603	0.108545593305804
16604	0.12668479223735
16605	0.12668479223735
16606	0.144823991168895
16607	0.117615192771577
16608	0.12668479223735
16609	0.131219591970236
16610	0.117615192771577
16611	0.131219591970236
16612	0.0994759938400316
16613	0.0949411941071452
16614	0.113080393038691
16615	0.131219591970236
16616	0.0858715946413726
16617	0.140289191436008
16618	0.153893590634667
16619	0.135754391703122
16620	0.135754391703122
16621	0.167497989833326
16622	0.0858715946413726
16623	0.176567589299099
16624	0.113080393038691
16625	0.0541279965111683
16626	0.0858715946413726
16627	0.16296319010044
16628	0.12668479223735
16629	0.0722671954427137
16630	0.144823991168895
16631	0.135754391703122
16632	0.181102389031985
16633	0.122149992504463
16634	0.122149992504463
16635	0.104010793572918
16636	0.135754391703122
16637	0.0994759938400316
16638	0.140289191436008
16639	0.16296319010044
16640	0.12668479223735
16641	0.0722671954427137
16642	0.144823991168895
16643	0.181102389031985
16644	0.117615192771577
16645	0.090406394374259
16646	0.0541279965111683
16647	0.122149992504463
16648	0.117615192771577
16649	0.0949411941071452
16650	0.144823991168895
16651	0.203776387696417
16652	0.108545593305804
16653	0.104010793572918
16654	0.117615192771577
16655	0.104010793572918
16656	0.153893590634667
16657	0.117615192771577
16658	0.0949411941071452
16659	0.0495931967782821
16660	0.167497989833326
16661	0.149358790901781
16662	0.117615192771577
16663	0.12668479223735
16664	0.0949411941071452
16665	0.140289191436008
16666	0.117615192771577
16667	0.158428390367554
16668	0.090406394374259
16669	0.185637188764872
16670	0.176567589299099
16671	0.185637188764872
16672	0.113080393038691
16673	0.12668479223735
16674	0.090406394374259
16675	0.117615192771577
16676	0.158428390367554
16677	0.158428390367554
16678	0.108545593305804
16679	0.104010793572918
16680	0.0858715946413726
16681	0.117615192771577
16682	0.0813367949084862
16683	0.117615192771577
16684	0.16296319010044
16685	0.135754391703122
16686	0.104010793572918
16687	0.117615192771577
16688	0.12668479223735
16689	0.0858715946413726
16690	0.090406394374259
16691	0.108545593305804
16692	0.113080393038691
16693	0.113080393038691
16694	0.16296319010044
16695	0.113080393038691
16696	0.122149992504463
16697	0.131219591970236
16698	0.113080393038691
16699	0.153893590634667
16700	0.113080393038691
16701	0.144823991168895
16702	0.12668479223735
16703	0.149358790901781
16704	0.153893590634667
16705	0.140289191436008
16706	0.153893590634667
16707	0.135754391703122
16708	0.12668479223735
16709	0.113080393038691
16710	0.167497989833326
16711	0.0949411941071452
16712	0.104010793572918
16713	0.0994759938400316
16714	0.0677323957098273
16715	0.090406394374259
16716	0.0949411941071452
16717	0.0994759938400316
16718	0.104010793572918
16719	0.0541279965111683
16720	0.113080393038691
16721	0.153893590634667
16722	0.104010793572918
16723	0.122149992504463
16724	0.117615192771577
16725	0.108545593305804
16726	0.108545593305804
16727	0.108545593305804
16728	0.140289191436008
16729	0.117615192771577
16730	0.090406394374259
16731	0.090406394374259
16732	0.158428390367554
16733	0.203776387696417
16734	0.0858715946413726
16735	0.149358790901781
16736	0.117615192771577
16737	0.203776387696417
16738	0.12668479223735
16739	0.131219591970236
16740	0.117615192771577
16741	0.090406394374259
16742	0.117615192771577
16743	0.0677323957098273
16744	0.140289191436008
16745	0.158428390367554
16746	0.153893590634667
16747	0.108545593305804
16748	0.153893590634667
16749	0.0949411941071452
16750	0.16296319010044
16751	0.208311187429303
16752	0.108545593305804
16753	0.144823991168895
16754	0.131219591970236
16755	0.0768019951756001
16756	0.117615192771577
16757	0.135754391703122
16758	0.117615192771577
16759	0.131219591970236
16760	0.108545593305804
16761	0.117615192771577
16762	0.122149992504463
16763	0.135754391703122
16764	0.122149992504463
16765	0.181102389031985
16766	0.135754391703122
16767	0.0994759938400316
16768	0.0586627962440547
16769	0.0768019951756001
16770	0.117615192771577
16771	0.158428390367554
16772	0.104010793572918
16773	0.0858715946413726
16774	0.090406394374259
16775	0.0994759938400316
16776	0.108545593305804
16777	0.149358790901781
16778	0.122149992504463
16779	0.194706788230644
16780	0.158428390367554
16781	0.167497989833326
16782	0.172032789566213
16783	0.108545593305804
16784	0.104010793572918
16785	0.21284598716219
16786	0.0631975959769411
16787	0.0677323957098273
16788	0.12668479223735
16789	0.135754391703122
16790	0.0858715946413726
16791	0.149358790901781
16792	0.122149992504463
16793	0.16296319010044
16794	0.140289191436008
16795	0.144823991168895
16796	0.131219591970236
16797	0.0949411941071452
16798	0.122149992504463
16799	0.12668479223735
16800	0.0858715946413726
16801	0.117615192771577
16802	0.0949411941071452
16803	0.108545593305804
16804	0.12668479223735
16805	0.0631975959769411
16806	0.0722671954427137
16807	0.176567589299099
16808	0.117615192771577
16809	0.108545593305804
16810	0.167497989833326
16811	0.0586627962440547
16812	0.104010793572918
16813	0.090406394374259
16814	0.144823991168895
16815	0.172032789566213
16816	0.16296319010044
16817	0.172032789566213
16818	0.199241587963531
16819	0.167497989833326
16820	0.0994759938400316
16821	0.0994759938400316
16822	0.113080393038691
16823	0.131219591970236
16824	0.0586627962440547
16825	0.153893590634667
16826	0.158428390367554
16827	0.172032789566213
16828	0.190171988497758
16829	0.140289191436008
16830	0.149358790901781
16831	0.172032789566213
16832	0.131219591970236
16833	0.090406394374259
16834	0.12668479223735
16835	0.140289191436008
16836	0.140289191436008
16837	0.090406394374259
16838	0.149358790901781
16839	0.0949411941071452
16840	0.153893590634667
16841	0.090406394374259
16842	0.172032789566213
16843	0.131219591970236
16844	0.0768019951756001
16845	0.131219591970236
16846	0.153893590634667
16847	0.0994759938400316
16848	0.185637188764872
16849	0.140289191436008
16850	0.0722671954427137
16851	0.122149992504463
16852	0.12668479223735
16853	0.0677323957098273
16854	0.158428390367554
16855	0.0722671954427137
16856	0.181102389031985
16857	0.140289191436008
16858	0.0813367949084862
16859	0.12668479223735
16860	0.104010793572918
16861	0.113080393038691
16862	0.131219591970236
16863	0.0722671954427137
16864	0.122149992504463
16865	0.117615192771577
16866	0.131219591970236
16867	0.0994759938400316
16868	0.0858715946413726
16869	0.122149992504463
16870	0.140289191436008
16871	0.104010793572918
16872	0.117615192771577
16873	0.16296319010044
16874	0.108545593305804
16875	0.117615192771577
16876	0.108545593305804
16877	0.113080393038691
16878	0.176567589299099
16879	0.090406394374259
16880	0.113080393038691
16881	0.0994759938400316
16882	0.0949411941071452
16883	0.158428390367554
16884	0.0949411941071452
16885	0.0768019951756001
16886	0.122149992504463
16887	0.203776387696417
16888	0.108545593305804
16889	0.108545593305804
16890	0.0994759938400316
16891	0.122149992504463
16892	0.108545593305804
16893	0.158428390367554
16894	0.135754391703122
16895	0.176567589299099
16896	0.131219591970236
16897	0.12668479223735
16898	0.181102389031985
16899	0.117615192771577
16900	0.0813367949084862
16901	0.113080393038691
16902	0.122149992504463
16903	0.131219591970236
16904	0.122149992504463
16905	0.0994759938400316
16906	0.122149992504463
16907	0.122149992504463
16908	0.144823991168895
16909	0.0813367949084862
16910	0.122149992504463
16911	0.16296319010044
16912	0.144823991168895
16913	0.113080393038691
16914	0.117615192771577
16915	0.172032789566213
16916	0.117615192771577
16917	0.122149992504463
16918	0.0994759938400316
16919	0.0813367949084862
16920	0.0586627962440547
16921	0.149358790901781
16922	0.135754391703122
16923	0.104010793572918
16924	0.122149992504463
16925	0.0813367949084862
16926	0.153893590634667
16927	0.135754391703122
16928	0.0858715946413726
16929	0.0994759938400316
16930	0.167497989833326
16931	0.0405235973125093
16932	0.172032789566213
16933	0.104010793572918
16934	0.140289191436008
16935	0.113080393038691
16936	0.16296319010044
16937	0.135754391703122
16938	0.0858715946413726
16939	0.090406394374259
16940	0.140289191436008
16941	0.0949411941071452
16942	0.135754391703122
16943	0.0949411941071452
16944	0.153893590634667
16945	0.113080393038691
16946	0.131219591970236
16947	0.172032789566213
16948	0.131219591970236
16949	0.090406394374259
16950	0.181102389031985
16951	0.113080393038691
16952	0.12668479223735
16953	0.199241587963531
16954	0.131219591970236
16955	0.0813367949084862
16956	0.117615192771577
16957	0.0722671954427137
16958	0.122149992504463
16959	0.0949411941071452
16960	0.0722671954427137
16961	0.16296319010044
16962	0.113080393038691
16963	0.0994759938400316
16964	0.117615192771577
16965	0.117615192771577
16966	0.131219591970236
16967	0.0994759938400316
16968	0.117615192771577
16969	0.117615192771577
16970	0.090406394374259
16971	0.199241587963531
16972	0.16296319010044
16973	0.153893590634667
16974	0.0994759938400316
16975	0.12668479223735
16976	0.199241587963531
16977	0.12668479223735
16978	0.158428390367554
16979	0.113080393038691
16980	0.144823991168895
16981	0.149358790901781
16982	0.108545593305804
16983	0.12668479223735
16984	0.090406394374259
16985	0.0949411941071452
16986	0.167497989833326
16987	0.144823991168895
16988	0.16296319010044
16989	0.113080393038691
16990	0.194706788230644
16991	0.131219591970236
16992	0.0722671954427137
16993	0.12668479223735
16994	0.181102389031985
16995	0.176567589299099
16996	0.12668479223735
16997	0.0768019951756001
16998	0.0858715946413726
16999	0.131219591970236
17000	0.144823991168895
17001	0.135754391703122
17002	0.153893590634667
17003	0.0994759938400316
17004	0.0949411941071452
17005	0.0949411941071452
17006	0.149358790901781
17007	0.12668479223735
17008	0.122149992504463
17009	0.0813367949084862
17010	0.153893590634667
17011	0.158428390367554
17012	0.172032789566213
17013	0.135754391703122
17014	0.117615192771577
17015	0.0631975959769411
17016	0.172032789566213
17017	0.12668479223735
17018	0.16296319010044
17019	0.12668479223735
17020	0.0722671954427137
17021	0.104010793572918
17022	0.104010793572918
17023	0.0586627962440547
17024	0.140289191436008
17025	0.135754391703122
17026	0.0768019951756001
17027	0.131219591970236
17028	0.12668479223735
17029	0.108545593305804
17030	0.140289191436008
17031	0.0949411941071452
17032	0.12668479223735
17033	0.108545593305804
17034	0.113080393038691
17035	0.0994759938400316
17036	0.104010793572918
17037	0.0768019951756001
17038	0.135754391703122
17039	0.0722671954427137
17040	0.113080393038691
17041	0.140289191436008
17042	0.158428390367554
17043	0.117615192771577
17044	0.153893590634667
17045	0.167497989833326
17046	0.104010793572918
17047	0.172032789566213
17048	0.140289191436008
17049	0.0994759938400316
17050	0.149358790901781
17051	0.0586627962440547
17052	0.12668479223735
17053	0.12668479223735
17054	0.108545593305804
17055	0.108545593305804
17056	0.140289191436008
17057	0.140289191436008
17058	0.0677323957098273
17059	0.203776387696417
17060	0.0949411941071452
17061	0.144823991168895
17062	0.0813367949084862
17063	0.122149992504463
17064	0.149358790901781
17065	0.122149992504463
17066	0.12668479223735
17067	0.12668479223735
17068	0.0722671954427137
17069	0.135754391703122
17070	0.153893590634667
17071	0.158428390367554
17072	0.090406394374259
17073	0.090406394374259
17074	0.108545593305804
17075	0.122149992504463
17076	0.113080393038691
17077	0.144823991168895
17078	0.12668479223735
17079	0.0858715946413726
17080	0.135754391703122
17081	0.167497989833326
17082	0.0677323957098273
17083	0.108545593305804
17084	0.135754391703122
17085	0.108545593305804
17086	0.104010793572918
17087	0.108545593305804
17088	0.090406394374259
17089	0.0858715946413726
17090	0.149358790901781
17091	0.090406394374259
17092	0.12668479223735
17093	0.122149992504463
17094	0.117615192771577
17095	0.0677323957098273
17096	0.104010793572918
17097	0.12668479223735
17098	0.167497989833326
17099	0.117615192771577
17100	0.16296319010044
17101	0.108545593305804
17102	0.140289191436008
17103	0.0994759938400316
17104	0.158428390367554
17105	0.203776387696417
17106	0.153893590634667
17107	0.108545593305804
17108	0.16296319010044
17109	0.0813367949084862
17110	0.0677323957098273
17111	0.158428390367554
17112	0.0949411941071452
17113	0.117615192771577
17114	0.104010793572918
17115	0.0677323957098273
17116	0.117615192771577
17117	0.149358790901781
17118	0.0722671954427137
17119	0.144823991168895
17120	0.131219591970236
17121	0.0949411941071452
17122	0.176567589299099
17123	0.12668479223735
17124	0.140289191436008
17125	0.104010793572918
17126	0.16296319010044
17127	0.0994759938400316
17128	0.135754391703122
17129	0.135754391703122
17130	0.176567589299099
17131	0.122149992504463
17132	0.117615192771577
17133	0.135754391703122
17134	0.158428390367554
17135	0.0768019951756001
17136	0.113080393038691
17137	0.217380786895076
17138	0.0949411941071452
17139	0.0994759938400316
17140	0.117615192771577
17141	0.108545593305804
17142	0.12668479223735
17143	0.122149992504463
17144	0.185637188764872
17145	0.144823991168895
17146	0.135754391703122
17147	0.117615192771577
17148	0.0768019951756001
17149	0.140289191436008
17150	0.108545593305804
17151	0.16296319010044
17152	0.113080393038691
17153	0.104010793572918
17154	0.172032789566213
17155	0.117615192771577
17156	0.12668479223735
17157	0.135754391703122
17158	0.16296319010044
17159	0.208311187429303
17160	0.108545593305804
17161	0.208311187429303
17162	0.158428390367554
17163	0.104010793572918
17164	0.104010793572918
17165	0.0858715946413726
17166	0.104010793572918
17167	0.0677323957098273
17168	0.0994759938400316
17169	0.144823991168895
17170	0.090406394374259
17171	0.0949411941071452
17172	0.149358790901781
17173	0.12668479223735
17174	0.140289191436008
17175	0.12668479223735
17176	0.149358790901781
17177	0.0586627962440547
17178	0.144823991168895
17179	0.181102389031985
17180	0.12668479223735
17181	0.12668479223735
17182	0.158428390367554
17183	0.153893590634667
17184	0.122149992504463
17185	0.0949411941071452
17186	0.122149992504463
17187	0.176567589299099
17188	0.0858715946413726
17189	0.113080393038691
17190	0.117615192771577
17191	0.131219591970236
17192	0.158428390367554
17193	0.0949411941071452
17194	0.181102389031985
17195	0.0768019951756001
17196	0.158428390367554
17197	0.0949411941071452
17198	0.113080393038691
17199	0.153893590634667
17200	0.0994759938400316
17201	0.104010793572918
17202	0.0405235973125093
17203	0.108545593305804
17204	0.117615192771577
17205	0.104010793572918
17206	0.131219591970236
17207	0.135754391703122
17208	0.0586627962440547
17209	0.149358790901781
17210	0.117615192771577
17211	0.131219591970236
17212	0.149358790901781
17213	0.131219591970236
17214	0.0631975959769411
17215	0.144823991168895
17216	0.108545593305804
17217	0.181102389031985
17218	0.122149992504463
17219	0.153893590634667
17220	0.144823991168895
17221	0.0994759938400316
17222	0.194706788230644
17223	0.0858715946413726
17224	0.0949411941071452
17225	0.194706788230644
17226	0.153893590634667
17227	0.122149992504463
17228	0.104010793572918
17229	0.135754391703122
17230	0.158428390367554
17231	0.113080393038691
17232	0.0858715946413726
17233	0.0631975959769411
17234	0.0949411941071452
17235	0.0994759938400316
17236	0.113080393038691
17237	0.122149992504463
17238	0.153893590634667
17239	0.12668479223735
17240	0.122149992504463
17241	0.122149992504463
17242	0.144823991168895
17243	0.0949411941071452
17244	0.0813367949084862
17245	0.140289191436008
17246	0.12668479223735
17247	0.172032789566213
17248	0.16296319010044
17249	0.0722671954427137
17250	0.122149992504463
17251	0.135754391703122
17252	0.108545593305804
17253	0.0858715946413726
17254	0.0768019951756001
17255	0.0949411941071452
17256	0.090406394374259
17257	0.185637188764872
17258	0.0994759938400316
17259	0.0722671954427137
17260	0.149358790901781
17261	0.090406394374259
17262	0.167497989833326
17263	0.122149992504463
17264	0.117615192771577
17265	0.122149992504463
17266	0.117615192771577
17267	0.167497989833326
17268	0.208311187429303
17269	0.149358790901781
17270	0.172032789566213
17271	0.0949411941071452
17272	0.135754391703122
17273	0.0768019951756001
17274	0.158428390367554
17275	0.135754391703122
17276	0.090406394374259
17277	0.144823991168895
17278	0.0994759938400316
17279	0.149358790901781
17280	0.172032789566213
17281	0.149358790901781
17282	0.104010793572918
17283	0.135754391703122
17284	0.108545593305804
17285	0.122149992504463
17286	0.149358790901781
17287	0.153893590634667
17288	0.113080393038691
17289	0.144823991168895
17290	0.149358790901781
17291	0.117615192771577
17292	0.0949411941071452
17293	0.12668479223735
17294	0.113080393038691
17295	0.12668479223735
17296	0.0722671954427137
17297	0.135754391703122
17298	0.140289191436008
17299	0.0768019951756001
17300	0.122149992504463
17301	0.0450583970453957
17302	0.0994759938400316
17303	0.0949411941071452
17304	0.104010793572918
17305	0.0631975959769411
17306	0.090406394374259
17307	0.0586627962440547
17308	0.090406394374259
17309	0.113080393038691
17310	0.104010793572918
17311	0.104010793572918
17312	0.0949411941071452
17313	0.144823991168895
17314	0.0677323957098273
17315	0.16296319010044
17316	0.108545593305804
17317	0.140289191436008
17318	0.0994759938400316
17319	0.113080393038691
17320	0.113080393038691
17321	0.0949411941071452
17322	0.108545593305804
17323	0.158428390367554
17324	0.185637188764872
17325	0.117615192771577
17326	0.149358790901781
17327	0.108545593305804
17328	0.0994759938400316
17329	0.140289191436008
17330	0.0994759938400316
17331	0.104010793572918
17332	0.149358790901781
17333	0.090406394374259
17334	0.181102389031985
17335	0.117615192771577
17336	0.0813367949084862
17337	0.12668479223735
17338	0.122149992504463
17339	0.0858715946413726
17340	0.0722671954427137
17341	0.0722671954427137
17342	0.104010793572918
17343	0.108545593305804
17344	0.0949411941071452
17345	0.172032789566213
17346	0.104010793572918
17347	0.0722671954427137
17348	0.149358790901781
17349	0.104010793572918
17350	0.153893590634667
17351	0.181102389031985
17352	0.190171988497758
17353	0.167497989833326
17354	0.131219591970236
17355	0.16296319010044
17356	0.144823991168895
17357	0.0722671954427137
17358	0.12668479223735
17359	0.104010793572918
17360	0.122149992504463
17361	0.158428390367554
17362	0.0949411941071452
17363	0.104010793572918
17364	0.0858715946413726
17365	0.144823991168895
17366	0.167497989833326
17367	0.0495931967782821
17368	0.12668479223735
17369	0.0949411941071452
17370	0.144823991168895
17371	0.113080393038691
17372	0.0949411941071452
17373	0.167497989833326
17374	0.12668479223735
17375	0.0813367949084862
17376	0.113080393038691
17377	0.140289191436008
17378	0.0813367949084862
17379	0.0858715946413726
17380	0.140289191436008
17381	0.108545593305804
17382	0.0722671954427137
17383	0.149358790901781
17384	0.144823991168895
17385	0.090406394374259
17386	0.131219591970236
17387	0.104010793572918
17388	0.12668479223735
17389	0.199241587963531
17390	0.135754391703122
17391	0.176567589299099
17392	0.185637188764872
17393	0.176567589299099
17394	0.172032789566213
17395	0.113080393038691
17396	0.113080393038691
17397	0.0768019951756001
17398	0.0949411941071452
17399	0.153893590634667
17400	0.153893590634667
17401	0.113080393038691
17402	0.135754391703122
17403	0.167497989833326
17404	0.108545593305804
17405	0.135754391703122
17406	0.0949411941071452
17407	0.122149992504463
17408	0.144823991168895
17409	0.122149992504463
17410	0.113080393038691
17411	0.158428390367554
17412	0.0314539978467368
17413	0.144823991168895
17414	0.0858715946413726
17415	0.104010793572918
17416	0.122149992504463
17417	0.113080393038691
17418	0.0813367949084862
17419	0.131219591970236
17420	0.0722671954427137
17421	0.113080393038691
17422	0.104010793572918
17423	0.153893590634667
17424	0.090406394374259
17425	0.0631975959769411
17426	0.16296319010044
17427	0.176567589299099
17428	0.167497989833326
17429	0.153893590634667
17430	0.149358790901781
17431	0.149358790901781
17432	0.0949411941071452
17433	0.0359887975796231
17434	0.117615192771577
17435	0.0949411941071452
17436	0.122149992504463
17437	0.0994759938400316
17438	0.113080393038691
17439	0.090406394374259
17440	0.0813367949084862
17441	0.158428390367554
17442	0.108545593305804
17443	0.0949411941071452
17444	0.0631975959769411
17445	0.16296319010044
17446	0.185637188764872
17447	0.158428390367554
17448	0.0949411941071452
17449	0.12668479223735
17450	0.122149992504463
17451	0.16296319010044
17452	0.117615192771577
17453	0.0586627962440547
17454	0.0677323957098273
17455	0.117615192771577
17456	0.16296319010044
17457	0.144823991168895
17458	0.104010793572918
17459	0.117615192771577
17460	0.090406394374259
17461	0.113080393038691
17462	0.12668479223735
17463	0.090406394374259
17464	0.135754391703122
17465	0.158428390367554
17466	0.122149992504463
17467	0.140289191436008
17468	0.113080393038691
17469	0.0949411941071452
17470	0.153893590634667
17471	0.0858715946413726
17472	0.108545593305804
17473	0.172032789566213
17474	0.104010793572918
17475	0.167497989833326
17476	0.0813367949084862
17477	0.131219591970236
17478	0.144823991168895
17479	0.158428390367554
17480	0.149358790901781
17481	0.108545593305804
17482	0.0949411941071452
17483	0.0586627962440547
17484	0.113080393038691
17485	0.131219591970236
17486	0.135754391703122
17487	0.104010793572918
17488	0.190171988497758
17489	0.108545593305804
17490	0.113080393038691
17491	0.122149992504463
17492	0.104010793572918
17493	0.131219591970236
17494	0.12668479223735
17495	0.0631975959769411
17496	0.108545593305804
17497	0.090406394374259
17498	0.181102389031985
17499	0.140289191436008
17500	0.0994759938400316
17501	0.0813367949084862
17502	0.153893590634667
17503	0.0677323957098273
17504	0.0994759938400316
17505	0.135754391703122
17506	0.117615192771577
17507	0.153893590634667
17508	0.131219591970236
17509	0.153893590634667
17510	0.140289191436008
17511	0.113080393038691
17512	0.0722671954427137
17513	0.0949411941071452
17514	0.144823991168895
17515	0.135754391703122
17516	0.113080393038691
17517	0.12668479223735
17518	0.176567589299099
17519	0.117615192771577
17520	0.203776387696417
17521	0.140289191436008
17522	0.0994759938400316
17523	0.0994759938400316
17524	0.158428390367554
17525	0.172032789566213
17526	0.0722671954427137
17527	0.0722671954427137
17528	0.131219591970236
17529	0.0949411941071452
17530	0.176567589299099
17531	0.140289191436008
17532	0.131219591970236
17533	0.0405235973125093
17534	0.131219591970236
17535	0.0813367949084862
17536	0.122149992504463
17537	0.153893590634667
17538	0.0858715946413726
17539	0.158428390367554
17540	0.117615192771577
17541	0.104010793572918
17542	0.181102389031985
17543	0.153893590634667
17544	0.104010793572918
17545	0.0994759938400316
17546	0.167497989833326
17547	0.117615192771577
17548	0.12668479223735
17549	0.0677323957098273
17550	0.144823991168895
17551	0.0994759938400316
17552	0.113080393038691
17553	0.0858715946413726
17554	0.16296319010044
17555	0.149358790901781
17556	0.12668479223735
17557	0.16296319010044
17558	0.131219591970236
17559	0.122149992504463
17560	0.104010793572918
17561	0.135754391703122
17562	0.140289191436008
17563	0.0631975959769411
17564	0.0858715946413726
17565	0.131219591970236
17566	0.12668479223735
17567	0.131219591970236
17568	0.117615192771577
17569	0.0994759938400316
17570	0.0994759938400316
17571	0.104010793572918
17572	0.158428390367554
17573	0.108545593305804
17574	0.0813367949084862
17575	0.117615192771577
17576	0.108545593305804
17577	0.158428390367554
17578	0.203776387696417
17579	0.108545593305804
17580	0.0949411941071452
17581	0.176567589299099
17582	0.0949411941071452
17583	0.12668479223735
17584	0.140289191436008
17585	0.104010793572918
17586	0.0858715946413726
17587	0.144823991168895
17588	0.12668479223735
17589	0.0631975959769411
17590	0.172032789566213
17591	0.0541279965111683
17592	0.135754391703122
17593	0.0813367949084862
17594	0.190171988497758
17595	0.108545593305804
17596	0.16296319010044
17597	0.104010793572918
17598	0.0541279965111683
17599	0.135754391703122
17600	0.113080393038691
17601	0.108545593305804
17602	0.12668479223735
17603	0.122149992504463
17604	0.117615192771577
17605	0.144823991168895
17606	0.194706788230644
17607	0.122149992504463
17608	0.208311187429303
17609	0.135754391703122
17610	0.117615192771577
17611	0.135754391703122
17612	0.0994759938400316
17613	0.108545593305804
17614	0.140289191436008
17615	0.144823991168895
17616	0.0813367949084862
17617	0.0813367949084862
17618	0.190171988497758
17619	0.0586627962440547
17620	0.0768019951756001
17621	0.131219591970236
17622	0.104010793572918
17623	0.158428390367554
17624	0.167497989833326
17625	0.176567589299099
17626	0.122149992504463
17627	0.104010793572918
17628	0.12668479223735
17629	0.113080393038691
17630	0.108545593305804
17631	0.0994759938400316
17632	0.140289191436008
17633	0.117615192771577
17634	0.0949411941071452
17635	0.131219591970236
17636	0.149358790901781
17637	0.122149992504463
17638	0.0949411941071452
17639	0.167497989833326
17640	0.113080393038691
17641	0.12668479223735
17642	0.221915586627962
17643	0.140289191436008
17644	0.104010793572918
17645	0.104010793572918
17646	0.153893590634667
17647	0.104010793572918
17648	0.149358790901781
17649	0.140289191436008
17650	0.0586627962440547
17651	0.140289191436008
17652	0.117615192771577
17653	0.0994759938400316
17654	0.158428390367554
17655	0.117615192771577
17656	0.172032789566213
17657	0.0541279965111683
17658	0.158428390367554
17659	0.0768019951756001
17660	0.113080393038691
17661	0.117615192771577
17662	0.12668479223735
17663	0.0949411941071452
17664	0.122149992504463
17665	0.149358790901781
17666	0.113080393038691
17667	0.0994759938400316
17668	0.122149992504463
17669	0.172032789566213
17670	0.117615192771577
17671	0.16296319010044
17672	0.0994759938400316
17673	0.131219591970236
17674	0.108545593305804
17675	0.0994759938400316
17676	0.0722671954427137
17677	0.122149992504463
17678	0.113080393038691
17679	0.16296319010044
17680	0.144823991168895
17681	0.153893590634667
17682	0.144823991168895
17683	0.0541279965111683
17684	0.0858715946413726
17685	0.117615192771577
17686	0.0541279965111683
17687	0.140289191436008
17688	0.0813367949084862
17689	0.131219591970236
17690	0.113080393038691
17691	0.185637188764872
17692	0.185637188764872
17693	0.167497989833326
17694	0.104010793572918
17695	0.113080393038691
17696	0.149358790901781
17697	0.108545593305804
17698	0.0768019951756001
17699	0.0994759938400316
17700	0.12668479223735
17701	0.0677323957098273
17702	0.0631975959769411
17703	0.0768019951756001
17704	0.185637188764872
17705	0.090406394374259
17706	0.090406394374259
17707	0.108545593305804
17708	0.113080393038691
17709	0.0994759938400316
17710	0.12668479223735
17711	0.0768019951756001
17712	0.0994759938400316
17713	0.0994759938400316
17714	0.108545593305804
17715	0.131219591970236
17716	0.153893590634667
17717	0.0586627962440547
17718	0.0722671954427137
17719	0.0722671954427137
17720	0.104010793572918
17721	0.153893590634667
17722	0.113080393038691
17723	0.16296319010044
17724	0.0858715946413726
17725	0.131219591970236
17726	0.16296319010044
17727	0.113080393038691
17728	0.135754391703122
17729	0.131219591970236
17730	0.117615192771577
17731	0.0813367949084862
17732	0.117615192771577
17733	0.131219591970236
17734	0.16296319010044
17735	0.149358790901781
17736	0.167497989833326
17737	0.185637188764872
17738	0.122149992504463
17739	0.153893590634667
17740	0.122149992504463
17741	0.144823991168895
17742	0.144823991168895
17743	0.117615192771577
17744	0.12668479223735
17745	0.131219591970236
17746	0.176567589299099
17747	0.131219591970236
17748	0.113080393038691
17749	0.172032789566213
17750	0.16296319010044
17751	0.149358790901781
17752	0.0994759938400316
17753	0.135754391703122
17754	0.131219591970236
17755	0.0949411941071452
17756	0.117615192771577
17757	0.158428390367554
17758	0.172032789566213
17759	0.122149992504463
17760	0.135754391703122
17761	0.149358790901781
17762	0.117615192771577
17763	0.117615192771577
17764	0.199241587963531
17765	0.0994759938400316
17766	0.149358790901781
17767	0.153893590634667
17768	0.158428390367554
17769	0.172032789566213
17770	0.113080393038691
17771	0.144823991168895
17772	0.181102389031985
17773	0.113080393038691
17774	0.172032789566213
17775	0.153893590634667
17776	0.117615192771577
17777	0.140289191436008
17778	0.140289191436008
17779	0.167497989833326
17780	0.16296319010044
17781	0.122149992504463
17782	0.117615192771577
17783	0.158428390367554
17784	0.12668479223735
17785	0.0949411941071452
17786	0.12668479223735
17787	0.122149992504463
17788	0.104010793572918
17789	0.117615192771577
17790	0.203776387696417
17791	0.0949411941071452
17792	0.117615192771577
17793	0.122149992504463
17794	0.0768019951756001
17795	0.172032789566213
17796	0.108545593305804
17797	0.0722671954427137
17798	0.203776387696417
17799	0.122149992504463
17800	0.153893590634667
17801	0.135754391703122
17802	0.16296319010044
17803	0.158428390367554
17804	0.0994759938400316
17805	0.176567589299099
17806	0.113080393038691
17807	0.12668479223735
17808	0.135754391703122
17809	0.158428390367554
17810	0.117615192771577
17811	0.158428390367554
17812	0.108545593305804
17813	0.0858715946413726
17814	0.16296319010044
17815	0.12668479223735
17816	0.190171988497758
17817	0.0768019951756001
17818	0.0858715946413726
17819	0.167497989833326
17820	0.113080393038691
17821	0.122149992504463
17822	0.104010793572918
17823	0.0949411941071452
17824	0.090406394374259
17825	0.153893590634667
17826	0.113080393038691
17827	0.113080393038691
17828	0.144823991168895
17829	0.0495931967782821
17830	0.153893590634667
17831	0.12668479223735
17832	0.113080393038691
17833	0.0994759938400316
17834	0.158428390367554
17835	0.158428390367554
17836	0.122149992504463
17837	0.140289191436008
17838	0.185637188764872
17839	0.12668479223735
17840	0.144823991168895
17841	0.117615192771577
17842	0.117615192771577
17843	0.131219591970236
17844	0.144823991168895
17845	0.131219591970236
17846	0.153893590634667
17847	0.12668479223735
17848	0.122149992504463
17849	0.131219591970236
17850	0.0677323957098273
17851	0.108545593305804
17852	0.0858715946413726
17853	0.144823991168895
17854	0.0994759938400316
17855	0.176567589299099
17856	0.122149992504463
17857	0.0813367949084862
17858	0.153893590634667
17859	0.113080393038691
17860	0.135754391703122
17861	0.0677323957098273
17862	0.144823991168895
17863	0.0813367949084862
17864	0.108545593305804
17865	0.0677323957098273
17866	0.16296319010044
17867	0.131219591970236
17868	0.12668479223735
17869	0.140289191436008
17870	0.181102389031985
17871	0.140289191436008
17872	0.0858715946413726
17873	0.122149992504463
17874	0.117615192771577
17875	0.117615192771577
17876	0.122149992504463
17877	0.131219591970236
17878	0.0813367949084862
17879	0.0994759938400316
17880	0.12668479223735
17881	0.122149992504463
17882	0.12668479223735
17883	0.122149992504463
17884	0.0813367949084862
17885	0.16296319010044
17886	0.0813367949084862
17887	0.181102389031985
17888	0.117615192771577
17889	0.181102389031985
17890	0.113080393038691
17891	0.117615192771577
17892	0.0677323957098273
17893	0.12668479223735
17894	0.131219591970236
17895	0.0813367949084862
17896	0.185637188764872
17897	0.144823991168895
17898	0.149358790901781
17899	0.167497989833326
17900	0.0949411941071452
17901	0.122149992504463
17902	0.16296319010044
17903	0.12668479223735
17904	0.0677323957098273
17905	0.108545593305804
17906	0.104010793572918
17907	0.140289191436008
17908	0.090406394374259
17909	0.158428390367554
17910	0.199241587963531
17911	0.140289191436008
17912	0.0768019951756001
17913	0.153893590634667
17914	0.0949411941071452
17915	0.0994759938400316
17916	0.16296319010044
17917	0.131219591970236
17918	0.108545593305804
17919	0.149358790901781
17920	0.131219591970236
17921	0.0994759938400316
17922	0.149358790901781
17923	0.131219591970236
17924	0.167497989833326
17925	0.135754391703122
17926	0.0949411941071452
17927	0.0405235973125093
17928	0.221915586627962
17929	0.0813367949084862
17930	0.090406394374259
17931	0.0813367949084862
17932	0.140289191436008
17933	0.190171988497758
17934	0.090406394374259
17935	0.190171988497758
17936	0.194706788230644
17937	0.12668479223735
17938	0.140289191436008
17939	0.113080393038691
17940	0.153893590634667
17941	0.140289191436008
17942	0.172032789566213
17943	0.0722671954427137
17944	0.0813367949084862
17945	0.108545593305804
17946	0.0949411941071452
17947	0.12668479223735
17948	0.131219591970236
17949	0.199241587963531
17950	0.0949411941071452
17951	0.16296319010044
17952	0.149358790901781
17953	0.12668479223735
17954	0.167497989833326
17955	0.135754391703122
17956	0.16296319010044
17957	0.158428390367554
17958	0.122149992504463
17959	0.131219591970236
17960	0.0405235973125093
17961	0.144823991168895
17962	0.117615192771577
17963	0.113080393038691
17964	0.12668479223735
17965	0.0858715946413726
17966	0.122149992504463
17967	0.176567589299099
17968	0.190171988497758
17969	0.113080393038691
17970	0.12668479223735
17971	0.113080393038691
17972	0.131219591970236
17973	0.12668479223735
17974	0.0495931967782821
17975	0.0813367949084862
17976	0.176567589299099
17977	0.0631975959769411
17978	0.108545593305804
17979	0.0994759938400316
17980	0.12668479223735
17981	0.0722671954427137
17982	0.185637188764872
17983	0.158428390367554
17984	0.0949411941071452
17985	0.117615192771577
17986	0.149358790901781
17987	0.144823991168895
17988	0.0541279965111683
17989	0.144823991168895
17990	0.135754391703122
17991	0.0722671954427137
17992	0.0813367949084862
17993	0.0631975959769411
17994	0.172032789566213
17995	0.0994759938400316
17996	0.153893590634667
17997	0.0631975959769411
17998	0.172032789566213
17999	0.113080393038691
18000	0.108545593305804
18001	0.181102389031985
18002	0.0541279965111683
18003	0.0949411941071452
18004	0.104010793572918
18005	0.108545593305804
18006	0.144823991168895
18007	0.0631975959769411
18008	0.172032789566213
18009	0.131219591970236
18010	0.153893590634667
18011	0.140289191436008
18012	0.090406394374259
18013	0.104010793572918
18014	0.0768019951756001
18015	0.0994759938400316
18016	0.0813367949084862
18017	0.149358790901781
18018	0.0768019951756001
18019	0.104010793572918
18020	0.0858715946413726
18021	0.167497989833326
18022	0.122149992504463
18023	0.16296319010044
18024	0.153893590634667
18025	0.117615192771577
18026	0.144823991168895
18027	0.144823991168895
18028	0.181102389031985
18029	0.0994759938400316
18030	0.144823991168895
18031	0.108545593305804
18032	0.140289191436008
18033	0.108545593305804
18034	0.181102389031985
18035	0.144823991168895
18036	0.122149992504463
18037	0.0858715946413726
18038	0.117615192771577
18039	0.117615192771577
18040	0.172032789566213
18041	0.0858715946413726
18042	0.12668479223735
18043	0.16296319010044
18044	0.108545593305804
18045	0.104010793572918
18046	0.149358790901781
18047	0.122149992504463
18048	0.153893590634667
18049	0.149358790901781
18050	0.153893590634667
18051	0.172032789566213
18052	0.0994759938400316
18053	0.122149992504463
18054	0.0949411941071452
18055	0.221915586627962
18056	0.0813367949084862
18057	0.0631975959769411
18058	0.108545593305804
18059	0.172032789566213
18060	0.113080393038691
18061	0.113080393038691
18062	0.144823991168895
18063	0.122149992504463
18064	0.108545593305804
18065	0.176567589299099
18066	0.190171988497758
18067	0.131219591970236
18068	0.122149992504463
18069	0.16296319010044
18070	0.108545593305804
18071	0.090406394374259
18072	0.149358790901781
18073	0.108545593305804
18074	0.122149992504463
18075	0.104010793572918
18076	0.0994759938400316
18077	0.0768019951756001
18078	0.153893590634667
18079	0.117615192771577
18080	0.135754391703122
18081	0.0949411941071452
18082	0.108545593305804
18083	0.144823991168895
18084	0.0541279965111683
18085	0.12668479223735
18086	0.149358790901781
18087	0.104010793572918
18088	0.144823991168895
18089	0.135754391703122
18090	0.167497989833326
18091	0.144823991168895
18092	0.0949411941071452
18093	0.140289191436008
18094	0.12668479223735
18095	0.0949411941071452
18096	0.12668479223735
18097	0.0813367949084862
18098	0.0949411941071452
18099	0.104010793572918
18100	0.117615192771577
18101	0.131219591970236
18102	0.0722671954427137
18103	0.158428390367554
18104	0.135754391703122
18105	0.090406394374259
18106	0.0677323957098273
18107	0.117615192771577
18108	0.113080393038691
18109	0.122149992504463
18110	0.131219591970236
18111	0.131219591970236
18112	0.108545593305804
18113	0.104010793572918
18114	0.117615192771577
18115	0.131219591970236
18116	0.172032789566213
18117	0.135754391703122
18118	0.113080393038691
18119	0.140289191436008
18120	0.122149992504463
18121	0.090406394374259
18122	0.0813367949084862
18123	0.167497989833326
18124	0.131219591970236
18125	0.12668479223735
18126	0.0450583970453957
18127	0.117615192771577
18128	0.172032789566213
18129	0.135754391703122
18130	0.0722671954427137
18131	0.167497989833326
18132	0.135754391703122
18133	0.131219591970236
18134	0.117615192771577
18135	0.104010793572918
18136	0.131219591970236
18137	0.131219591970236
18138	0.144823991168895
18139	0.0813367949084862
18140	0.135754391703122
18141	0.176567589299099
18142	0.090406394374259
18143	0.0813367949084862
18144	0.16296319010044
18145	0.104010793572918
18146	0.230985186093735
18147	0.140289191436008
18148	0.104010793572918
18149	0.0768019951756001
18150	0.172032789566213
18151	0.158428390367554
18152	0.0858715946413726
18153	0.117615192771577
18154	0.0631975959769411
18155	0.117615192771577
18156	0.131219591970236
18157	0.208311187429303
18158	0.140289191436008
18159	0.108545593305804
18160	0.0994759938400316
18161	0.194706788230644
18162	0.0813367949084862
18163	0.149358790901781
18164	0.144823991168895
18165	0.104010793572918
18166	0.149358790901781
18167	0.135754391703122
18168	0.0813367949084862
18169	0.104010793572918
18170	0.104010793572918
18171	0.108545593305804
18172	0.131219591970236
18173	0.108545593305804
18174	0.140289191436008
18175	0.149358790901781
18176	0.12668479223735
18177	0.135754391703122
18178	0.108545593305804
18179	0.0677323957098273
18180	0.117615192771577
18181	0.149358790901781
18182	0.12668479223735
18183	0.117615192771577
18184	0.090406394374259
18185	0.108545593305804
18186	0.0133147989151914
18187	0.104010793572918
18188	0.0813367949084862
18189	0.131219591970236
18190	0.131219591970236
18191	0.135754391703122
18192	0.113080393038691
18193	0.158428390367554
18194	0.167497989833326
18195	0.208311187429303
18196	0.131219591970236
18197	0.108545593305804
18198	0.12668479223735
18199	0.113080393038691
18200	0.0586627962440547
18201	0.140289191436008
18202	0.090406394374259
18203	0.113080393038691
18204	0.176567589299099
18205	0.135754391703122
18206	0.0541279965111683
18207	0.140289191436008
18208	0.135754391703122
18209	0.104010793572918
18210	0.122149992504463
18211	0.190171988497758
18212	0.0858715946413726
18213	0.090406394374259
18214	0.181102389031985
18215	0.113080393038691
18216	0.12668479223735
18217	0.131219591970236
18218	0.113080393038691
18219	0.135754391703122
18220	0.104010793572918
18221	0.153893590634667
18222	0.144823991168895
18223	0.16296319010044
18224	0.176567589299099
18225	0.149358790901781
18226	0.108545593305804
18227	0.149358790901781
18228	0.149358790901781
18229	0.0858715946413726
18230	0.0994759938400316
18231	0.090406394374259
18232	0.0994759938400316
18233	0.12668479223735
18234	0.117615192771577
18235	0.090406394374259
18236	0.0994759938400316
18237	0.0722671954427137
18238	0.0541279965111683
18239	0.144823991168895
18240	0.149358790901781
18241	0.12668479223735
18242	0.0949411941071452
18243	0.0813367949084862
18244	0.135754391703122
18245	0.135754391703122
18246	0.153893590634667
18247	0.149358790901781
18248	0.131219591970236
18249	0.108545593305804
18250	0.117615192771577
18251	0.113080393038691
18252	0.108545593305804
18253	0.149358790901781
18254	0.12668479223735
18255	0.113080393038691
18256	0.113080393038691
18257	0.090406394374259
18258	0.144823991168895
18259	0.104010793572918
18260	0.135754391703122
18261	0.167497989833326
18262	0.122149992504463
18263	0.131219591970236
18264	0.108545593305804
18265	0.113080393038691
18266	0.153893590634667
18267	0.135754391703122
18268	0.0858715946413726
18269	0.122149992504463
18270	0.117615192771577
18271	0.144823991168895
18272	0.0677323957098273
18273	0.104010793572918
18274	0.140289191436008
18275	0.131219591970236
18276	0.131219591970236
18277	0.122149992504463
18278	0.108545593305804
18279	0.140289191436008
18280	0.122149992504463
18281	0.135754391703122
18282	0.104010793572918
18283	0.135754391703122
18284	0.0994759938400316
18285	0.144823991168895
18286	0.16296319010044
18287	0.113080393038691
18288	0.172032789566213
18289	0.176567589299099
18290	0.144823991168895
18291	0.149358790901781
18292	0.108545593305804
18293	0.12668479223735
18294	0.158428390367554
18295	0.158428390367554
18296	0.122149992504463
18297	0.0858715946413726
18298	0.172032789566213
18299	0.167497989833326
18300	0.0677323957098273
18301	0.122149992504463
18302	0.0677323957098273
18303	0.0949411941071452
18304	0.0631975959769411
18305	0.135754391703122
18306	0.090406394374259
18307	0.0858715946413726
18308	0.167497989833326
18309	0.0858715946413726
18310	0.144823991168895
18311	0.117615192771577
18312	0.117615192771577
18313	0.117615192771577
18314	0.16296319010044
18315	0.12668479223735
18316	0.144823991168895
18317	0.149358790901781
18318	0.0994759938400316
18319	0.167497989833326
18320	0.0994759938400316
18321	0.12668479223735
18322	0.135754391703122
18323	0.113080393038691
18324	0.131219591970236
18325	0.135754391703122
18326	0.16296319010044
18327	0.140289191436008
18328	0.108545593305804
18329	0.122149992504463
18330	0.153893590634667
18331	0.113080393038691
18332	0.0949411941071452
18333	0.117615192771577
18334	0.117615192771577
18335	0.181102389031985
18336	0.090406394374259
18337	0.226450386360849
18338	0.113080393038691
18339	0.135754391703122
18340	0.090406394374259
18341	0.0994759938400316
18342	0.122149992504463
18343	0.0949411941071452
18344	0.158428390367554
18345	0.090406394374259
18346	0.131219591970236
18347	0.158428390367554
18348	0.090406394374259
18349	0.0722671954427137
18350	0.122149992504463
18351	0.12668479223735
18352	0.131219591970236
18353	0.090406394374259
18354	0.131219591970236
18355	0.140289191436008
18356	0.0541279965111683
18357	0.135754391703122
18358	0.149358790901781
18359	0.122149992504463
18360	0.144823991168895
18361	0.131219591970236
18362	0.0858715946413726
18363	0.131219591970236
18364	0.0858715946413726
18365	0.0677323957098273
18366	0.090406394374259
18367	0.12668479223735
18368	0.144823991168895
18369	0.104010793572918
18370	0.135754391703122
18371	0.104010793572918
18372	0.117615192771577
18373	0.190171988497758
18374	0.158428390367554
18375	0.113080393038691
18376	0.108545593305804
18377	0.140289191436008
18378	0.108545593305804
18379	0.131219591970236
18380	0.144823991168895
18381	0.149358790901781
18382	0.108545593305804
18383	0.117615192771577
18384	0.104010793572918
18385	0.0677323957098273
18386	0.144823991168895
18387	0.131219591970236
18388	0.149358790901781
18389	0.144823991168895
18390	0.122149992504463
18391	0.117615192771577
18392	0.113080393038691
18393	0.131219591970236
18394	0.131219591970236
18395	0.12668479223735
18396	0.122149992504463
18397	0.108545593305804
18398	0.153893590634667
18399	0.199241587963531
18400	0.135754391703122
18401	0.16296319010044
18402	0.0722671954427137
18403	0.090406394374259
18404	0.12668479223735
18405	0.140289191436008
18406	0.122149992504463
18407	0.12668479223735
18408	0.12668479223735
18409	0.113080393038691
18410	0.117615192771577
18411	0.0677323957098273
18412	0.12668479223735
18413	0.16296319010044
18414	0.144823991168895
18415	0.104010793572918
18416	0.203776387696417
18417	0.0631975959769411
18418	0.144823991168895
18419	0.0858715946413726
18420	0.0631975959769411
18421	0.104010793572918
18422	0.0949411941071452
18423	0.172032789566213
18424	0.158428390367554
18425	0.131219591970236
18426	0.167497989833326
18427	0.140289191436008
18428	0.158428390367554
18429	0.104010793572918
18430	0.104010793572918
18431	0.0858715946413726
18432	0.158428390367554
18433	0.135754391703122
18434	0.172032789566213
18435	0.153893590634667
18436	0.149358790901781
18437	0.108545593305804
18438	0.0949411941071452
18439	0.0949411941071452
18440	0.104010793572918
18441	0.108545593305804
18442	0.104010793572918
18443	0.194706788230644
18444	0.0858715946413726
18445	0.12668479223735
18446	0.167497989833326
18447	0.104010793572918
18448	0.135754391703122
18449	0.153893590634667
18450	0.131219591970236
18451	0.131219591970236
18452	0.117615192771577
18453	0.12668479223735
18454	0.16296319010044
18455	0.140289191436008
18456	0.117615192771577
18457	0.090406394374259
18458	0.131219591970236
18459	0.135754391703122
18460	0.104010793572918
18461	0.0858715946413726
18462	0.158428390367554
18463	0.0768019951756001
18464	0.158428390367554
18465	0.158428390367554
18466	0.0677323957098273
18467	0.144823991168895
18468	0.117615192771577
18469	0.0768019951756001
18470	0.122149992504463
18471	0.090406394374259
18472	0.0858715946413726
18473	0.0768019951756001
18474	0.0450583970453957
18475	0.122149992504463
18476	0.104010793572918
18477	0.16296319010044
18478	0.208311187429303
18479	0.131219591970236
18480	0.0586627962440547
18481	0.117615192771577
18482	0.0994759938400316
18483	0.0994759938400316
18484	0.113080393038691
18485	0.117615192771577
18486	0.167497989833326
18487	0.153893590634667
18488	0.117615192771577
18489	0.131219591970236
18490	0.0994759938400316
18491	0.144823991168895
18492	0.0768019951756001
18493	0.149358790901781
18494	0.0949411941071452
18495	0.108545593305804
18496	0.135754391703122
18497	0.131219591970236
18498	0.0994759938400316
18499	0.113080393038691
18500	0.16296319010044
18501	0.113080393038691
18502	0.12668479223735
18503	0.135754391703122
18504	0.140289191436008
18505	0.144823991168895
18506	0.12668479223735
18507	0.135754391703122
18508	0.149358790901781
18509	0.140289191436008
18510	0.0858715946413726
18511	0.0768019951756001
18512	0.0405235973125093
18513	0.090406394374259
18514	0.090406394374259
18515	0.117615192771577
18516	0.0813367949084862
18517	0.113080393038691
18518	0.172032789566213
18519	0.122149992504463
18520	0.0949411941071452
18521	0.108545593305804
18522	0.0858715946413726
18523	0.0813367949084862
18524	0.090406394374259
18525	0.135754391703122
18526	0.140289191436008
18527	0.144823991168895
18528	0.108545593305804
18529	0.153893590634667
18530	0.113080393038691
18531	0.108545593305804
18532	0.108545593305804
18533	0.0813367949084862
18534	0.144823991168895
18535	0.131219591970236
18536	0.140289191436008
18537	0.153893590634667
18538	0.140289191436008
18539	0.140289191436008
18540	0.122149992504463
18541	0.158428390367554
18542	0.144823991168895
18543	0.0677323957098273
18544	0.0858715946413726
18545	0.122149992504463
18546	0.0722671954427137
18547	0.181102389031985
18548	0.0405235973125093
18549	0.153893590634667
18550	0.0858715946413726
18551	0.176567589299099
18552	0.0949411941071452
18553	0.0858715946413726
18554	0.16296319010044
18555	0.12668479223735
18556	0.131219591970236
18557	0.104010793572918
18558	0.12668479223735
18559	0.0813367949084862
18560	0.117615192771577
18561	0.122149992504463
18562	0.144823991168895
18563	0.113080393038691
18564	0.135754391703122
18565	0.108545593305804
18566	0.0722671954427137
18567	0.153893590634667
18568	0.117615192771577
18569	0.122149992504463
18570	0.199241587963531
18571	0.167497989833326
18572	0.194706788230644
18573	0.122149992504463
18574	0.113080393038691
18575	0.0994759938400316
18576	0.12668479223735
18577	0.135754391703122
18578	0.0994759938400316
18579	0.0541279965111683
18580	0.113080393038691
18581	0.0994759938400316
18582	0.135754391703122
18583	0.0631975959769411
18584	0.16296319010044
18585	0.0631975959769411
18586	0.135754391703122
18587	0.194706788230644
18588	0.0994759938400316
18589	0.108545593305804
18590	0.176567589299099
18591	0.153893590634667
18592	0.149358790901781
18593	0.0813367949084862
18594	0.108545593305804
18595	0.122149992504463
18596	0.176567589299099
18597	0.108545593305804
18598	0.0949411941071452
18599	0.0949411941071452
18600	0.149358790901781
18601	0.172032789566213
18602	0.0858715946413726
18603	0.16296319010044
18604	0.12668479223735
18605	0.090406394374259
18606	0.158428390367554
18607	0.149358790901781
18608	0.199241587963531
18609	0.0677323957098273
18610	0.153893590634667
18611	0.172032789566213
18612	0.122149992504463
18613	0.0768019951756001
18614	0.0949411941071452
18615	0.144823991168895
18616	0.131219591970236
18617	0.153893590634667
18618	0.131219591970236
18619	0.0994759938400316
18620	0.153893590634667
18621	0.149358790901781
18622	0.117615192771577
18623	0.122149992504463
18624	0.0994759938400316
18625	0.153893590634667
18626	0.158428390367554
18627	0.113080393038691
18628	0.12668479223735
18629	0.117615192771577
18630	0.140289191436008
18631	0.158428390367554
18632	0.113080393038691
18633	0.113080393038691
18634	0.135754391703122
18635	0.140289191436008
18636	0.0949411941071452
18637	0.108545593305804
18638	0.149358790901781
18639	0.090406394374259
18640	0.113080393038691
18641	0.153893590634667
18642	0.090406394374259
18643	0.0994759938400316
18644	0.104010793572918
18645	0.117615192771577
18646	0.108545593305804
18647	0.149358790901781
18648	0.140289191436008
18649	0.135754391703122
18650	0.0677323957098273
18651	0.131219591970236
18652	0.176567589299099
18653	0.108545593305804
18654	0.104010793572918
18655	0.16296319010044
18656	0.131219591970236
18657	0.194706788230644
18658	0.16296319010044
18659	0.158428390367554
18660	0.12668479223735
18661	0.104010793572918
18662	0.0631975959769411
18663	0.149358790901781
18664	0.0269191981138504
18665	0.0949411941071452
18666	0.0768019951756001
18667	0.113080393038691
18668	0.113080393038691
18669	0.122149992504463
18670	0.122149992504463
18671	0.176567589299099
18672	0.135754391703122
18673	0.090406394374259
18674	0.131219591970236
18675	0.122149992504463
18676	0.0994759938400316
18677	0.16296319010044
18678	0.122149992504463
18679	0.149358790901781
18680	0.090406394374259
18681	0.0813367949084862
18682	0.12668479223735
18683	0.0994759938400316
18684	0.181102389031985
18685	0.12668479223735
18686	0.0949411941071452
18687	0.12668479223735
18688	0.149358790901781
18689	0.113080393038691
18690	0.090406394374259
18691	0.108545593305804
18692	0.113080393038691
18693	0.135754391703122
18694	0.108545593305804
18695	0.104010793572918
18696	0.0949411941071452
18697	0.0813367949084862
18698	0.090406394374259
18699	0.167497989833326
18700	0.131219591970236
18701	0.122149992504463
18702	0.16296319010044
18703	0.158428390367554
18704	0.135754391703122
18705	0.090406394374259
18706	0.0949411941071452
18707	0.0994759938400316
18708	0.194706788230644
18709	0.199241587963531
18710	0.0858715946413726
18711	0.153893590634667
18712	0.185637188764872
18713	0.104010793572918
18714	0.0994759938400316
18715	0.113080393038691
18716	0.104010793572918
18717	0.135754391703122
18718	0.149358790901781
18719	0.131219591970236
18720	0.108545593305804
18721	0.0813367949084862
18722	0.172032789566213
18723	0.185637188764872
18724	0.140289191436008
18725	0.108545593305804
18726	0.131219591970236
18727	0.0858715946413726
18728	0.0813367949084862
18729	0.16296319010044
18730	0.176567589299099
18731	0.0994759938400316
18732	0.153893590634667
18733	0.12668479223735
18734	0.135754391703122
18735	0.0949411941071452
18736	0.131219591970236
18737	0.149358790901781
18738	0.190171988497758
18739	0.140289191436008
18740	0.0768019951756001
18741	0.131219591970236
18742	0.104010793572918
18743	0.12668479223735
18744	0.0994759938400316
18745	0.131219591970236
18746	0.176567589299099
18747	0.0314539978467368
18748	0.122149992504463
18749	0.122149992504463
18750	0.108545593305804
18751	0.135754391703122
18752	0.203776387696417
18753	0.149358790901781
18754	0.140289191436008
18755	0.12668479223735
18756	0.135754391703122
18757	0.0949411941071452
18758	0.104010793572918
18759	0.0858715946413726
18760	0.131219591970236
18761	0.167497989833326
18762	0.149358790901781
18763	0.0949411941071452
18764	0.0949411941071452
18765	0.122149992504463
18766	0.153893590634667
18767	0.108545593305804
18768	0.12668479223735
18769	0.117615192771577
18770	0.122149992504463
18771	0.108545593305804
18772	0.153893590634667
18773	0.12668479223735
18774	0.153893590634667
18775	0.144823991168895
18776	0.140289191436008
18777	0.140289191436008
18778	0.117615192771577
18779	0.0586627962440547
18780	0.12668479223735
18781	0.194706788230644
18782	0.149358790901781
18783	0.113080393038691
18784	0.113080393038691
18785	0.135754391703122
18786	0.194706788230644
18787	0.167497989833326
18788	0.135754391703122
18789	0.135754391703122
18790	0.090406394374259
18791	0.113080393038691
18792	0.16296319010044
18793	0.131219591970236
18794	0.122149992504463
18795	0.135754391703122
18796	0.144823991168895
18797	0.108545593305804
18798	0.149358790901781
18799	0.153893590634667
18800	0.12668479223735
18801	0.113080393038691
18802	0.144823991168895
18803	0.117615192771577
18804	0.0631975959769411
18805	0.0994759938400316
18806	0.090406394374259
18807	0.12668479223735
18808	0.0949411941071452
18809	0.153893590634667
18810	0.108545593305804
18811	0.12668479223735
18812	0.185637188764872
18813	0.181102389031985
18814	0.0994759938400316
18815	0.0949411941071452
18816	0.108545593305804
18817	0.131219591970236
18818	0.131219591970236
18819	0.158428390367554
18820	0.158428390367554
18821	0.0994759938400316
18822	0.113080393038691
18823	0.12668479223735
18824	0.0994759938400316
18825	0.167497989833326
18826	0.153893590634667
18827	0.122149992504463
18828	0.149358790901781
18829	0.221915586627962
18830	0.135754391703122
18831	0.117615192771577
18832	0.144823991168895
18833	0.149358790901781
18834	0.16296319010044
18835	0.0586627962440547
18836	0.144823991168895
18837	0.0858715946413726
18838	0.167497989833326
18839	0.149358790901781
18840	0.153893590634667
18841	0.0858715946413726
18842	0.113080393038691
18843	0.0677323957098273
18844	0.0722671954427137
18845	0.12668479223735
18846	0.0949411941071452
18847	0.0994759938400316
18848	0.181102389031985
18849	0.190171988497758
18850	0.194706788230644
18851	0.131219591970236
18852	0.176567589299099
18853	0.185637188764872
18854	0.158428390367554
18855	0.0949411941071452
18856	0.12668479223735
18857	0.117615192771577
18858	0.0994759938400316
18859	0.135754391703122
18860	0.117615192771577
18861	0.135754391703122
18862	0.12668479223735
18863	0.0586627962440547
18864	0.113080393038691
18865	0.149358790901781
18866	0.108545593305804
18867	0.176567589299099
18868	0.144823991168895
18869	0.090406394374259
18870	0.131219591970236
18871	0.153893590634667
18872	0.135754391703122
18873	0.090406394374259
18874	0.0631975959769411
18875	0.122149992504463
18876	0.131219591970236
18877	0.0178495986480778
18878	0.0631975959769411
18879	0.0495931967782821
18880	0.135754391703122
18881	0.0813367949084862
18882	0.12668479223735
18883	0.144823991168895
18884	0.117615192771577
18885	0.0768019951756001
18886	0.104010793572918
18887	0.176567589299099
18888	0.117615192771577
18889	0.108545593305804
18890	0.149358790901781
18891	0.122149992504463
18892	0.113080393038691
18893	0.0949411941071452
18894	0.149358790901781
18895	0.117615192771577
18896	0.0722671954427137
18897	0.131219591970236
18898	0.12668479223735
18899	0.144823991168895
18900	0.0994759938400316
18901	0.16296319010044
18902	0.153893590634667
18903	0.12668479223735
18904	0.135754391703122
18905	0.131219591970236
18906	0.176567589299099
18907	0.104010793572918
18908	0.113080393038691
18909	0.149358790901781
18910	0.135754391703122
18911	0.0994759938400316
18912	0.108545593305804
18913	0.0722671954427137
18914	0.153893590634667
18915	0.172032789566213
18916	0.12668479223735
18917	0.0949411941071452
18918	0.185637188764872
18919	0.0768019951756001
18920	0.199241587963531
18921	0.117615192771577
18922	0.158428390367554
18923	0.104010793572918
18924	0.122149992504463
18925	0.113080393038691
18926	0.167497989833326
18927	0.090406394374259
18928	0.0858715946413726
18929	0.131219591970236
18930	0.117615192771577
18931	0.140289191436008
18932	0.158428390367554
18933	0.190171988497758
18934	0.158428390367554
18935	0.113080393038691
18936	0.181102389031985
18937	0.0722671954427137
18938	0.167497989833326
18939	0.104010793572918
18940	0.0858715946413726
18941	0.153893590634667
18942	0.108545593305804
18943	0.149358790901781
18944	0.122149992504463
18945	0.172032789566213
18946	0.0722671954427137
18947	0.122149992504463
18948	0.12668479223735
18949	0.104010793572918
18950	0.172032789566213
18951	0.113080393038691
18952	0.16296319010044
18953	0.108545593305804
18954	0.0994759938400316
18955	0.12668479223735
18956	0.131219591970236
18957	0.0768019951756001
18958	0.131219591970236
18959	0.153893590634667
18960	0.158428390367554
18961	0.0813367949084862
18962	0.113080393038691
18963	0.090406394374259
18964	0.153893590634667
18965	0.144823991168895
18966	0.167497989833326
18967	0.172032789566213
18968	0.172032789566213
18969	0.140289191436008
18970	0.135754391703122
18971	0.108545593305804
18972	0.167497989833326
18973	0.117615192771577
18974	0.176567589299099
18975	0.172032789566213
18976	0.0677323957098273
18977	0.0994759938400316
18978	0.221915586627962
18979	0.12668479223735
18980	0.117615192771577
18981	0.113080393038691
18982	0.0858715946413726
18983	0.0586627962440547
18984	0.122149992504463
18985	0.144823991168895
18986	0.153893590634667
18987	0.135754391703122
18988	0.0813367949084862
18989	0.158428390367554
18990	0.135754391703122
18991	0.113080393038691
18992	0.131219591970236
18993	0.104010793572918
18994	0.117615192771577
18995	0.117615192771577
18996	0.122149992504463
18997	0.117615192771577
18998	0.113080393038691
18999	0.090406394374259
19000	0.0586627962440547
19001	0.122149992504463
19002	0.135754391703122
19003	0.113080393038691
19004	0.117615192771577
19005	0.131219591970236
19006	0.117615192771577
19007	0.167497989833326
19008	0.135754391703122
19009	0.140289191436008
19010	0.0994759938400316
19011	0.0269191981138504
19012	0.140289191436008
19013	0.140289191436008
19014	0.153893590634667
19015	0.0631975959769411
19016	0.108545593305804
19017	0.185637188764872
19018	0.090406394374259
19019	0.185637188764872
19020	0.0949411941071452
19021	0.149358790901781
19022	0.12668479223735
19023	0.194706788230644
19024	0.108545593305804
19025	0.0813367949084862
19026	0.158428390367554
19027	0.158428390367554
19028	0.131219591970236
19029	0.0858715946413726
19030	0.153893590634667
19031	0.104010793572918
19032	0.0994759938400316
19033	0.0858715946413726
19034	0.113080393038691
19035	0.176567589299099
19036	0.176567589299099
19037	0.0813367949084862
19038	0.12668479223735
19039	0.135754391703122
19040	0.135754391703122
19041	0.144823991168895
19042	0.158428390367554
19043	0.0722671954427137
19044	0.0994759938400316
19045	0.104010793572918
19046	0.144823991168895
19047	0.0858715946413726
19048	0.167497989833326
19049	0.117615192771577
19050	0.0949411941071452
19051	0.131219591970236
19052	0.122149992504463
19053	0.108545593305804
19054	0.153893590634667
19055	0.0858715946413726
19056	0.104010793572918
19057	0.0858715946413726
19058	0.090406394374259
19059	0.108545593305804
19060	0.0949411941071452
19061	0.090406394374259
19062	0.158428390367554
19063	0.108545593305804
19064	0.0586627962440547
19065	0.090406394374259
19066	0.135754391703122
19067	0.0813367949084862
19068	0.131219591970236
19069	0.0994759938400316
19070	0.0677323957098273
19071	0.0994759938400316
19072	0.167497989833326
19073	0.153893590634667
19074	0.113080393038691
19075	0.12668479223735
19076	0.0858715946413726
19077	0.194706788230644
19078	0.0994759938400316
19079	0.172032789566213
19080	0.113080393038691
19081	0.16296319010044
19082	0.108545593305804
19083	0.117615192771577
19084	0.0722671954427137
19085	0.117615192771577
19086	0.122149992504463
19087	0.0949411941071452
19088	0.090406394374259
19089	0.167497989833326
19090	0.113080393038691
19091	0.167497989833326
19092	0.131219591970236
19093	0.153893590634667
19094	0.0677323957098273
19095	0.131219591970236
19096	0.0949411941071452
19097	0.149358790901781
19098	0.153893590634667
19099	0.104010793572918
19100	0.113080393038691
19101	0.144823991168895
19102	0.16296319010044
19103	0.122149992504463
19104	0.108545593305804
19105	0.158428390367554
19106	0.144823991168895
19107	0.131219591970236
19108	0.199241587963531
19109	0.153893590634667
19110	0.090406394374259
19111	0.131219591970236
19112	0.167497989833326
19113	0.117615192771577
19114	0.149358790901781
19115	0.113080393038691
19116	0.113080393038691
19117	0.0768019951756001
19118	0.122149992504463
19119	0.0722671954427137
19120	0.140289191436008
19121	0.176567589299099
19122	0.117615192771577
19123	0.131219591970236
19124	0.117615192771577
19125	0.16296319010044
19126	0.158428390367554
19127	0.113080393038691
19128	0.176567589299099
19129	0.0949411941071452
19130	0.135754391703122
19131	0.0631975959769411
19132	0.158428390367554
19133	0.140289191436008
19134	0.181102389031985
19135	0.12668479223735
19136	0.122149992504463
19137	0.117615192771577
19138	0.176567589299099
19139	0.104010793572918
19140	0.144823991168895
19141	0.122149992504463
19142	0.122149992504463
19143	0.0722671954427137
19144	0.12668479223735
19145	0.0677323957098273
19146	0.185637188764872
19147	0.135754391703122
19148	0.190171988497758
19149	0.12668479223735
19150	0.12668479223735
19151	0.140289191436008
19152	0.12668479223735
19153	0.108545593305804
19154	0.12668479223735
19155	0.140289191436008
19156	0.140289191436008
19157	0.199241587963531
19158	0.16296319010044
19159	0.090406394374259
19160	0.122149992504463
19161	0.108545593305804
19162	0.090406394374259
19163	0.122149992504463
19164	0.16296319010044
19165	0.144823991168895
19166	0.113080393038691
19167	0.199241587963531
19168	0.167497989833326
19169	0.117615192771577
19170	0.140289191436008
19171	0.122149992504463
19172	0.167497989833326
19173	0.0949411941071452
19174	0.135754391703122
19175	0.153893590634667
19176	0.144823991168895
19177	0.181102389031985
19178	0.0813367949084862
19179	0.144823991168895
19180	0.104010793572918
19181	0.0994759938400316
19182	0.12668479223735
19183	0.117615192771577
19184	0.104010793572918
19185	0.176567589299099
19186	0.131219591970236
19187	0.0631975959769411
19188	0.131219591970236
19189	0.104010793572918
19190	0.113080393038691
19191	0.153893590634667
19192	0.140289191436008
19193	0.122149992504463
19194	0.131219591970236
19195	0.117615192771577
19196	0.158428390367554
19197	0.090406394374259
19198	0.0949411941071452
19199	0.12668479223735
19200	0.122149992504463
19201	0.12668479223735
19202	0.0949411941071452
19203	0.0949411941071452
19204	0.113080393038691
19205	0.149358790901781
19206	0.113080393038691
19207	0.140289191436008
19208	0.158428390367554
19209	0.104010793572918
19210	0.122149992504463
19211	0.0994759938400316
19212	0.140289191436008
19213	0.117615192771577
19214	0.167497989833326
19215	0.0994759938400316
19216	0.131219591970236
19217	0.0994759938400316
19218	0.0631975959769411
19219	0.113080393038691
19220	0.122149992504463
19221	0.131219591970236
19222	0.167497989833326
19223	0.0269191981138504
19224	0.181102389031985
19225	0.0314539978467368
19226	0.090406394374259
19227	0.108545593305804
19228	0.144823991168895
19229	0.0994759938400316
19230	0.158428390367554
19231	0.108545593305804
19232	0.0495931967782821
19233	0.12668479223735
19234	0.181102389031985
19235	0.131219591970236
19236	0.122149992504463
19237	0.090406394374259
19238	0.122149992504463
19239	0.0586627962440547
19240	0.153893590634667
19241	0.0858715946413726
19242	0.117615192771577
19243	0.158428390367554
19244	0.185637188764872
19245	0.153893590634667
19246	0.0949411941071452
19247	0.122149992504463
19248	0.113080393038691
19249	0.117615192771577
19250	0.12668479223735
19251	0.0994759938400316
19252	0.158428390367554
19253	0.176567589299099
19254	0.0949411941071452
19255	0.12668479223735
19256	0.16296319010044
19257	0.0994759938400316
19258	0.172032789566213
19259	0.167497989833326
19260	0.140289191436008
19261	0.140289191436008
19262	0.140289191436008
19263	0.104010793572918
19264	0.221915586627962
19265	0.113080393038691
19266	0.144823991168895
19267	0.144823991168895
19268	0.0450583970453957
19269	0.108545593305804
19270	0.108545593305804
19271	0.117615192771577
19272	0.0677323957098273
19273	0.12668479223735
19274	0.140289191436008
19275	0.0768019951756001
19276	0.190171988497758
19277	0.0994759938400316
19278	0.090406394374259
19279	0.0858715946413726
19280	0.144823991168895
19281	0.0949411941071452
19282	0.158428390367554
19283	0.135754391703122
19284	0.144823991168895
19285	0.0949411941071452
19286	0.113080393038691
19287	0.122149992504463
19288	0.117615192771577
19289	0.0994759938400316
19290	0.135754391703122
19291	0.108545593305804
19292	0.149358790901781
19293	0.194706788230644
19294	0.135754391703122
19295	0.0949411941071452
19296	0.144823991168895
19297	0.158428390367554
19298	0.122149992504463
19299	0.108545593305804
19300	0.153893590634667
19301	0.158428390367554
19302	0.140289191436008
19303	0.135754391703122
19304	0.117615192771577
19305	0.194706788230644
19306	0.140289191436008
19307	0.117615192771577
19308	0.131219591970236
19309	0.113080393038691
19310	0.0858715946413726
19311	0.185637188764872
19312	0.172032789566213
19313	0.0813367949084862
19314	0.12668479223735
19315	0.158428390367554
19316	0.144823991168895
19317	0.131219591970236
19318	0.172032789566213
19319	0.153893590634667
19320	0.0722671954427137
19321	0.172032789566213
19322	0.135754391703122
19323	0.122149992504463
19324	0.122149992504463
19325	0.117615192771577
19326	0.194706788230644
19327	0.108545593305804
19328	0.144823991168895
19329	0.104010793572918
19330	0.0994759938400316
19331	0.104010793572918
19332	0.176567589299099
19333	0.104010793572918
19334	0.135754391703122
19335	0.0722671954427137
19336	0.113080393038691
19337	0.113080393038691
19338	0.0813367949084862
19339	0.090406394374259
19340	0.167497989833326
19341	0.12668479223735
19342	0.122149992504463
19343	0.108545593305804
19344	0.149358790901781
19345	0.194706788230644
19346	0.144823991168895
19347	0.0677323957098273
19348	0.122149992504463
19349	0.0768019951756001
19350	0.140289191436008
19351	0.113080393038691
19352	0.0813367949084862
19353	0.0677323957098273
19354	0.140289191436008
19355	0.0768019951756001
19356	0.108545593305804
19357	0.113080393038691
19358	0.131219591970236
19359	0.122149992504463
19360	0.0994759938400316
19361	0.140289191436008
19362	0.158428390367554
19363	0.0586627962440547
19364	0.117615192771577
19365	0.090406394374259
19366	0.0677323957098273
19367	0.117615192771577
19368	0.144823991168895
19369	0.149358790901781
19370	0.167497989833326
19371	0.167497989833326
19372	0.0858715946413726
19373	0.12668479223735
19374	0.172032789566213
19375	0.117615192771577
19376	0.0405235973125093
19377	0.158428390367554
19378	0.131219591970236
19379	0.0858715946413726
19380	0.167497989833326
19381	0.0405235973125093
19382	0.135754391703122
19383	0.0813367949084862
19384	0.117615192771577
19385	0.16296319010044
19386	0.104010793572918
19387	0.194706788230644
19388	0.0722671954427137
19389	0.158428390367554
19390	0.108545593305804
19391	0.0994759938400316
19392	0.140289191436008
19393	0.131219591970236
19394	0.122149992504463
19395	0.0813367949084862
19396	0.190171988497758
19397	0.117615192771577
19398	0.108545593305804
19399	0.108545593305804
19400	0.0631975959769411
19401	0.131219591970236
19402	0.0495931967782821
19403	0.167497989833326
19404	0.149358790901781
19405	0.0813367949084862
19406	0.140289191436008
19407	0.149358790901781
19408	0.12668479223735
19409	0.104010793572918
19410	0.149358790901781
19411	0.0949411941071452
19412	0.122149992504463
19413	0.149358790901781
19414	0.12668479223735
19415	0.140289191436008
19416	0.149358790901781
19417	0.117615192771577
19418	0.113080393038691
19419	0.108545593305804
19420	0.190171988497758
19421	0.135754391703122
19422	0.117615192771577
19423	0.090406394374259
19424	0.131219591970236
19425	0.131219591970236
19426	0.0858715946413726
19427	0.153893590634667
19428	0.0405235973125093
19429	0.113080393038691
19430	0.122149992504463
19431	0.108545593305804
19432	0.113080393038691
19433	0.0994759938400316
19434	0.199241587963531
19435	0.135754391703122
19436	0.149358790901781
19437	0.0994759938400316
19438	0.185637188764872
19439	0.12668479223735
19440	0.140289191436008
19441	0.0858715946413726
19442	0.122149992504463
19443	0.0722671954427137
19444	0.113080393038691
19445	0.117615192771577
19446	0.16296319010044
19447	0.131219591970236
19448	0.117615192771577
19449	0.131219591970236
19450	0.176567589299099
19451	0.12668479223735
19452	0.140289191436008
19453	0.144823991168895
19454	0.140289191436008
19455	0.135754391703122
19456	0.167497989833326
19457	0.090406394374259
19458	0.113080393038691
19459	0.176567589299099
19460	0.144823991168895
19461	0.149358790901781
19462	0.0949411941071452
19463	0.140289191436008
19464	0.131219591970236
19465	0.144823991168895
19466	0.144823991168895
19467	0.0994759938400316
19468	0.0768019951756001
19469	0.131219591970236
19470	0.0813367949084862
19471	0.176567589299099
19472	0.153893590634667
19473	0.140289191436008
19474	0.090406394374259
19475	0.140289191436008
19476	0.131219591970236
19477	0.0949411941071452
19478	0.122149992504463
19479	0.0858715946413726
19480	0.153893590634667
19481	0.176567589299099
19482	0.135754391703122
19483	0.131219591970236
19484	0.0813367949084862
19485	0.0722671954427137
19486	0.131219591970236
19487	0.16296319010044
19488	0.158428390367554
19489	0.172032789566213
19490	0.144823991168895
19491	0.158428390367554
19492	0.12668479223735
19493	0.144823991168895
19494	0.149358790901781
19495	0.104010793572918
19496	0.0994759938400316
19497	0.0949411941071452
19498	0.12668479223735
19499	0.117615192771577
19500	0.117615192771577
19501	0.131219591970236
19502	0.149358790901781
19503	0.0768019951756001
19504	0.117615192771577
19505	0.149358790901781
19506	0.108545593305804
19507	0.090406394374259
19508	0.0768019951756001
19509	0.149358790901781
19510	0.135754391703122
19511	0.149358790901781
19512	0.108545593305804
19513	0.122149992504463
19514	0.108545593305804
19515	0.0949411941071452
19516	0.0586627962440547
19517	0.113080393038691
19518	0.185637188764872
19519	0.090406394374259
19520	0.144823991168895
19521	0.117615192771577
19522	0.117615192771577
19523	0.140289191436008
19524	0.117615192771577
19525	0.135754391703122
19526	0.140289191436008
19527	0.108545593305804
19528	0.131219591970236
19529	0.140289191436008
19530	0.153893590634667
19531	0.190171988497758
19532	0.0994759938400316
19533	0.149358790901781
19534	0.185637188764872
19535	0.185637188764872
19536	0.153893590634667
19537	0.0949411941071452
19538	0.153893590634667
19539	0.0631975959769411
19540	0.0631975959769411
19541	0.0677323957098273
19542	0.0813367949084862
19543	0.113080393038691
19544	0.0722671954427137
19545	0.090406394374259
19546	0.135754391703122
19547	0.149358790901781
19548	0.117615192771577
19549	0.0994759938400316
19550	0.140289191436008
19551	0.0813367949084862
19552	0.108545593305804
19553	0.144823991168895
19554	0.122149992504463
19555	0.135754391703122
19556	0.144823991168895
19557	0.172032789566213
19558	0.194706788230644
19559	0.117615192771577
19560	0.135754391703122
19561	0.0858715946413726
19562	0.0858715946413726
19563	0.0813367949084862
19564	0.108545593305804
19565	0.0858715946413726
19566	0.12668479223735
19567	0.140289191436008
19568	0.104010793572918
19569	0.144823991168895
19570	0.12668479223735
19571	0.153893590634667
19572	0.117615192771577
19573	0.140289191436008
19574	0.176567589299099
19575	0.108545593305804
19576	0.0858715946413726
19577	0.122149992504463
19578	0.158428390367554
19579	0.0994759938400316
19580	0.203776387696417
19581	0.16296319010044
19582	0.108545593305804
19583	0.158428390367554
19584	0.0994759938400316
19585	0.12668479223735
19586	0.0994759938400316
19587	0.0768019951756001
19588	0.158428390367554
19589	0.122149992504463
19590	0.144823991168895
19591	0.104010793572918
19592	0.0949411941071452
19593	0.135754391703122
19594	0.153893590634667
19595	0.0994759938400316
19596	0.108545593305804
19597	0.149358790901781
19598	0.113080393038691
19599	0.149358790901781
19600	0.0949411941071452
19601	0.117615192771577
19602	0.122149992504463
19603	0.104010793572918
19604	0.181102389031985
19605	0.0949411941071452
19606	0.131219591970236
19607	0.131219591970236
19608	0.113080393038691
19609	0.108545593305804
19610	0.140289191436008
19611	0.140289191436008
19612	0.0949411941071452
19613	0.135754391703122
19614	0.0858715946413726
19615	0.113080393038691
19616	0.113080393038691
19617	0.104010793572918
19618	0.122149992504463
19619	0.135754391703122
19620	0.104010793572918
19621	0.144823991168895
19622	0.090406394374259
19623	0.131219591970236
19624	0.153893590634667
19625	0.104010793572918
19626	0.131219591970236
19627	0.117615192771577
19628	0.0768019951756001
19629	0.108545593305804
19630	0.12668479223735
19631	0.153893590634667
19632	0.140289191436008
19633	0.117615192771577
19634	0.122149992504463
19635	0.181102389031985
19636	0.108545593305804
19637	0.0813367949084862
19638	0.113080393038691
19639	0.122149992504463
19640	0.12668479223735
19641	0.172032789566213
19642	0.0994759938400316
19643	0.0768019951756001
19644	0.117615192771577
19645	0.108545593305804
19646	0.0949411941071452
19647	0.144823991168895
19648	0.0495931967782821
19649	0.153893590634667
19650	0.0768019951756001
19651	0.140289191436008
19652	0.0677323957098273
19653	0.0949411941071452
19654	0.135754391703122
19655	0.122149992504463
19656	0.0949411941071452
19657	0.172032789566213
19658	0.158428390367554
19659	0.090406394374259
19660	0.0722671954427137
19661	0.0994759938400316
19662	0.185637188764872
19663	0.16296319010044
19664	0.0813367949084862
19665	0.149358790901781
19666	0.113080393038691
19667	0.16296319010044
19668	0.167497989833326
19669	0.0677323957098273
19670	0.135754391703122
19671	0.0994759938400316
19672	0.117615192771577
19673	0.172032789566213
19674	0.117615192771577
19675	0.144823991168895
19676	0.104010793572918
19677	0.108545593305804
19678	0.149358790901781
19679	0.0858715946413726
19680	0.0949411941071452
19681	0.140289191436008
19682	0.122149992504463
19683	0.140289191436008
19684	0.131219591970236
19685	0.153893590634667
19686	0.140289191436008
19687	0.153893590634667
19688	0.158428390367554
19689	0.149358790901781
19690	0.149358790901781
19691	0.140289191436008
19692	0.135754391703122
19693	0.090406394374259
19694	0.12668479223735
19695	0.153893590634667
19696	0.167497989833326
19697	0.108545593305804
19698	0.0949411941071452
19699	0.108545593305804
19700	0.12668479223735
19701	0.194706788230644
19702	0.0858715946413726
19703	0.226450386360849
19704	0.131219591970236
19705	0.172032789566213
19706	0.0541279965111683
19707	0.144823991168895
19708	0.0994759938400316
19709	0.176567589299099
19710	0.117615192771577
19711	0.144823991168895
19712	0.135754391703122
19713	0.144823991168895
19714	0.117615192771577
19715	0.153893590634667
19716	0.144823991168895
19717	0.131219591970236
19718	0.117615192771577
19719	0.104010793572918
19720	0.149358790901781
19721	0.153893590634667
19722	0.0858715946413726
19723	0.140289191436008
19724	0.108545593305804
19725	0.140289191436008
19726	0.0813367949084862
19727	0.158428390367554
19728	0.135754391703122
19729	0.144823991168895
19730	0.104010793572918
19731	0.12668479223735
19732	0.140289191436008
19733	0.122149992504463
19734	0.0858715946413726
19735	0.104010793572918
19736	0.108545593305804
19737	0.149358790901781
19738	0.108545593305804
19739	0.158428390367554
19740	0.0994759938400316
19741	0.104010793572918
19742	0.0949411941071452
19743	0.0495931967782821
19744	0.090406394374259
19745	0.108545593305804
19746	0.122149992504463
19747	0.131219591970236
19748	0.172032789566213
19749	0.131219591970236
19750	0.108545593305804
19751	0.090406394374259
19752	0.172032789566213
19753	0.131219591970236
19754	0.181102389031985
19755	0.104010793572918
19756	0.140289191436008
19757	0.108545593305804
19758	0.0722671954427137
19759	0.0631975959769411
19760	0.144823991168895
19761	0.0994759938400316
19762	0.176567589299099
19763	0.172032789566213
19764	0.104010793572918
19765	0.117615192771577
19766	0.167497989833326
19767	0.0994759938400316
19768	0.144823991168895
19769	0.117615192771577
19770	0.153893590634667
19771	0.0768019951756001
19772	0.117615192771577
19773	0.0541279965111683
19774	0.122149992504463
19775	0.090406394374259
19776	0.135754391703122
19777	0.12668479223735
19778	0.122149992504463
19779	0.090406394374259
19780	0.140289191436008
19781	0.122149992504463
19782	0.140289191436008
19783	0.0768019951756001
19784	0.108545593305804
19785	0.0314539978467368
19786	0.090406394374259
19787	0.122149992504463
19788	0.0949411941071452
19789	0.181102389031985
19790	0.144823991168895
19791	0.140289191436008
19792	0.149358790901781
19793	0.0949411941071452
19794	0.104010793572918
19795	0.104010793572918
19796	0.122149992504463
19797	0.16296319010044
19798	0.113080393038691
19799	0.190171988497758
19800	0.122149992504463
19801	0.16296319010044
19802	0.0858715946413726
19803	0.108545593305804
19804	0.144823991168895
19805	0.122149992504463
19806	0.16296319010044
19807	0.172032789566213
19808	0.113080393038691
19809	0.0768019951756001
19810	0.140289191436008
19811	0.122149992504463
19812	0.140289191436008
19813	0.158428390367554
19814	0.108545593305804
19815	0.140289191436008
19816	0.122149992504463
19817	0.16296319010044
19818	0.122149992504463
19819	0.117615192771577
19820	0.0949411941071452
19821	0.122149992504463
19822	0.104010793572918
19823	0.12668479223735
19824	0.12668479223735
19825	0.16296319010044
19826	0.117615192771577
19827	0.108545593305804
19828	0.108545593305804
19829	0.144823991168895
19830	0.0813367949084862
19831	0.135754391703122
19832	0.0813367949084862
19833	0.16296319010044
19834	0.167497989833326
19835	0.135754391703122
19836	0.185637188764872
19837	0.122149992504463
19838	0.140289191436008
19839	0.122149992504463
19840	0.149358790901781
19841	0.0813367949084862
19842	0.0631975959769411
19843	0.104010793572918
19844	0.153893590634667
19845	0.16296319010044
19846	0.113080393038691
19847	0.0994759938400316
19848	0.122149992504463
19849	0.122149992504463
19850	0.104010793572918
19851	0.181102389031985
19852	0.122149992504463
19853	0.144823991168895
19854	0.104010793572918
19855	0.172032789566213
19856	0.0586627962440547
19857	0.113080393038691
19858	0.140289191436008
19859	0.113080393038691
19860	0.153893590634667
19861	0.122149992504463
19862	0.135754391703122
19863	0.0677323957098273
19864	0.0949411941071452
19865	0.140289191436008
19866	0.0949411941071452
19867	0.153893590634667
19868	0.140289191436008
19869	0.172032789566213
19870	0.172032789566213
19871	0.144823991168895
19872	0.167497989833326
19873	0.131219591970236
19874	0.176567589299099
19875	0.0949411941071452
19876	0.131219591970236
19877	0.122149992504463
19878	0.104010793572918
19879	0.144823991168895
19880	0.0495931967782821
19881	0.0858715946413726
19882	0.0949411941071452
19883	0.144823991168895
19884	0.0994759938400316
19885	0.0858715946413726
19886	0.131219591970236
19887	0.0768019951756001
19888	0.0858715946413726
19889	0.0994759938400316
19890	0.190171988497758
19891	0.122149992504463
19892	0.144823991168895
19893	0.131219591970236
19894	0.090406394374259
19895	0.117615192771577
19896	0.135754391703122
19897	0.122149992504463
19898	0.0949411941071452
19899	0.0858715946413726
19900	0.117615192771577
19901	0.0813367949084862
19902	0.153893590634667
19903	0.144823991168895
19904	0.117615192771577
19905	0.0858715946413726
19906	0.149358790901781
19907	0.122149992504463
19908	0.108545593305804
19909	0.167497989833326
19910	0.0813367949084862
19911	0.0994759938400316
19912	0.0768019951756001
19913	0.153893590634667
19914	0.0768019951756001
19915	0.113080393038691
19916	0.113080393038691
19917	0.122149992504463
19918	0.117615192771577
19919	0.144823991168895
19920	0.108545593305804
19921	0.0813367949084862
19922	0.149358790901781
19923	0.108545593305804
19924	0.158428390367554
19925	0.144823991168895
19926	0.12668479223735
19927	0.0813367949084862
19928	0.16296319010044
19929	0.0677323957098273
19930	0.131219591970236
19931	0.0994759938400316
19932	0.149358790901781
19933	0.172032789566213
19934	0.0813367949084862
19935	0.090406394374259
19936	0.0586627962440547
19937	0.194706788230644
19938	0.0813367949084862
19939	0.108545593305804
19940	0.090406394374259
19941	0.113080393038691
19942	0.117615192771577
19943	0.0677323957098273
19944	0.108545593305804
19945	0.140289191436008
19946	0.108545593305804
19947	0.108545593305804
19948	0.0631975959769411
19949	0.117615192771577
19950	0.144823991168895
19951	0.0586627962440547
19952	0.153893590634667
19953	0.117615192771577
19954	0.0631975959769411
19955	0.158428390367554
19956	0.12668479223735
19957	0.144823991168895
19958	0.090406394374259
19959	0.0450583970453957
19960	0.0722671954427137
19961	0.185637188764872
19962	0.135754391703122
19963	0.0858715946413726
19964	0.140289191436008
19965	0.113080393038691
19966	0.172032789566213
19967	0.144823991168895
19968	0.0586627962440547
19969	0.117615192771577
19970	0.0677323957098273
19971	0.113080393038691
19972	0.149358790901781
19973	0.0813367949084862
19974	0.113080393038691
19975	0.0858715946413726
19976	0.0677323957098273
19977	0.135754391703122
19978	0.122149992504463
19979	0.140289191436008
19980	0.16296319010044
19981	0.0858715946413726
19982	0.185637188764872
19983	0.140289191436008
19984	0.140289191436008
19985	0.144823991168895
19986	0.185637188764872
19987	0.104010793572918
19988	0.140289191436008
19989	0.122149992504463
19990	0.0768019951756001
19991	0.140289191436008
19992	0.117615192771577
19993	0.149358790901781
19994	0.153893590634667
19995	0.104010793572918
19996	0.0768019951756001
19997	0.144823991168895
19998	0.108545593305804
19999	0.199241587963531
20000	0.144823991168895
