permutation_id	null_statistic
1	0.0949411941071452
2	0.104010793572918
3	0.167497989833326
4	0.117615192771577
5	0.190171988497758
6	0.158428390367554
7	0.117615192771577
8	0.153893590634667
9	0.113080393038691
10	0.0994759938400316
11	0.0994759938400316
12	0.144823991168895
13	0.153893590634667
14	0.0994759938400316
15	0.149358790901781
16	0.131219591970236
17	0.108545593305804
18	0.104010793572918
19	0.16296319010044
20	0.113080393038691
21	0.108545593305804
22	0.131219591970236
23	0.140289191436008
24	0.135754391703122
25	0.131219591970236
26	0.176567589299099
27	0.135754391703122
28	0.117615192771577
29	0.153893590634667
30	0.131219591970236
31	0.158428390367554
32	0.131219591970236
33	0.0813367949084862
34	0.0768019951756001
35	0.117615192771577
36	0.135754391703122
37	0.0495931967782821
38	0.0768019951756001
39	0.135754391703122
40	0.167497989833326
41	0.158428390367554
42	0.0722671954427137
43	0.176567589299099
44	0.0949411941071452
45	0.108545593305804
46	0.181102389031985
47	0.12668479223735
48	0.104010793572918
49	0.158428390367554
50	0.090406394374259
51	0.0949411941071452
52	0.140289191436008
53	0.140289191436008
54	0.108545593305804
55	0.0949411941071452
56	0.158428390367554
57	0.172032789566213
58	0.167497989833326
59	0.0813367949084862
60	0.0949411941071452
61	0.144823991168895
62	0.135754391703122
63	0.199241587963531
64	0.0949411941071452
65	0.135754391703122
66	0.12668479223735
67	0.12668479223735
68	0.16296319010044
69	0.0858715946413726
70	0.167497989833326
71	0.0949411941071452
72	0.176567589299099
73	0.149358790901781
74	0.104010793572918
75	0.185637188764872
76	0.135754391703122
77	0.158428390367554
78	0.167497989833326
79	0.0949411941071452
80	0.113080393038691
81	0.144823991168895
82	0.158428390367554
83	0.181102389031985
84	0.0768019951756001
85	0.090406394374259
86	0.122149992504463
87	0.0994759938400316
88	0.117615192771577
89	0.0450583970453957
90	0.122149992504463
91	0.149358790901781
92	0.0768019951756001
93	0.0994759938400316
94	0.131219591970236
95	0.149358790901781
96	0.108545593305804
97	0.135754391703122
98	0.176567589299099
99	0.090406394374259
100	0.108545593305804
101	0.167497989833326
102	0.135754391703122
103	0.167497989833326
104	0.0405235973125093
105	0.0994759938400316
106	0.167497989833326
107	0.135754391703122
108	0.131219591970236
109	0.144823991168895
110	0.149358790901781
111	0.090406394374259
112	0.0949411941071452
113	0.172032789566213
114	0.176567589299099
115	0.122149992504463
116	0.0813367949084862
117	0.144823991168895
118	0.0994759938400316
119	0.140289191436008
120	0.131219591970236
121	0.153893590634667
122	0.0994759938400316
123	0.140289191436008
124	0.122149992504463
125	0.167497989833326
126	0.149358790901781
127	0.0858715946413726
128	0.140289191436008
129	0.0949411941071452
130	0.153893590634667
131	0.090406394374259
132	0.149358790901781
133	0.0722671954427137
134	0.0949411941071452
135	0.113080393038691
136	0.122149992504463
137	0.153893590634667
138	0.104010793572918
139	0.144823991168895
140	0.117615192771577
141	0.113080393038691
142	0.090406394374259
143	0.140289191436008
144	0.108545593305804
145	0.208311187429303
146	0.16296319010044
147	0.0677323957098273
148	0.144823991168895
149	0.0949411941071452
150	0.108545593305804
151	0.113080393038691
152	0.0813367949084862
153	0.190171988497758
154	0.158428390367554
155	0.090406394374259
156	0.0858715946413726
157	0.0994759938400316
158	0.153893590634667
159	0.0994759938400316
160	0.122149992504463
161	0.153893590634667
162	0.140289191436008
163	0.140289191436008
164	0.117615192771577
165	0.108545593305804
166	0.0994759938400316
167	0.172032789566213
168	0.0768019951756001
169	0.131219591970236
170	0.131219591970236
171	0.104010793572918
172	0.185637188764872
173	0.12668479223735
174	0.135754391703122
175	0.113080393038691
176	0.0450583970453957
177	0.140289191436008
178	0.0677323957098273
179	0.108545593305804
180	0.140289191436008
181	0.16296319010044
182	0.104010793572918
183	0.140289191436008
184	0.144823991168895
185	0.12668479223735
186	0.0722671954427137
187	0.122149992504463
188	0.158428390367554
189	0.104010793572918
190	0.113080393038691
191	0.104010793572918
192	0.131219591970236
193	0.135754391703122
194	0.158428390367554
195	0.117615192771577
196	0.0677323957098273
197	0.135754391703122
198	0.0813367949084862
199	0.135754391703122
200	0.0858715946413726
201	0.117615192771577
202	0.108545593305804
203	0.135754391703122
204	0.117615192771577
205	0.117615192771577
206	0.0813367949084862
207	0.0994759938400316
208	0.104010793572918
209	0.144823991168895
210	0.090406394374259
211	0.12668479223735
212	0.0994759938400316
213	0.16296319010044
214	0.104010793572918
215	0.16296319010044
216	0.140289191436008
217	0.158428390367554
218	0.144823991168895
219	0.108545593305804
220	0.167497989833326
221	0.149358790901781
222	0.135754391703122
223	0.140289191436008
224	0.158428390367554
225	0.153893590634667
226	0.0994759938400316
227	0.113080393038691
228	0.117615192771577
229	0.153893590634667
230	0.113080393038691
231	0.131219591970236
232	0.131219591970236
233	0.149358790901781
234	0.108545593305804
235	0.153893590634667
236	0.113080393038691
237	0.12668479223735
238	0.0813367949084862
239	0.0586627962440547
240	0.0994759938400316
241	0.0858715946413726
242	0.117615192771577
243	0.0722671954427137
244	0.0813367949084862
245	0.108545593305804
246	0.135754391703122
247	0.104010793572918
248	0.131219591970236
249	0.090406394374259
250	0.12668479223735
251	0.12668479223735
252	0.0631975959769411
253	0.149358790901781
254	0.104010793572918
255	0.0858715946413726
256	0.131219591970236
257	0.104010793572918
258	0.0631975959769411
259	0.117615192771577
260	0.131219591970236
261	0.144823991168895
262	0.0994759938400316
263	0.108545593305804
264	0.167497989833326
265	0.104010793572918
266	0.158428390367554
267	0.0994759938400316
268	0.135754391703122
269	0.167497989833326
270	0.167497989833326
271	0.090406394374259
272	0.135754391703122
273	0.122149992504463
274	0.16296319010044
275	0.158428390367554
276	0.0677323957098273
277	0.117615192771577
278	0.0994759938400316
279	0.153893590634667
280	0.122149992504463
281	0.140289191436008
282	0.117615192771577
283	0.176567589299099
284	0.131219591970236
285	0.135754391703122
286	0.12668479223735
287	0.21284598716219
288	0.176567589299099
289	0.194706788230644
290	0.140289191436008
291	0.158428390367554
292	0.153893590634667
293	0.135754391703122
294	0.122149992504463
295	0.0994759938400316
296	0.144823991168895
297	0.122149992504463
298	0.122149992504463
299	0.0949411941071452
300	0.117615192771577
301	0.158428390367554
302	0.199241587963531
303	0.0768019951756001
304	0.221915586627962
305	0.0994759938400316
306	0.167497989833326
307	0.12668479223735
308	0.149358790901781
309	0.117615192771577
310	0.0631975959769411
311	0.0994759938400316
312	0.12668479223735
313	0.122149992504463
314	0.135754391703122
315	0.108545593305804
316	0.122149992504463
317	0.140289191436008
318	0.16296319010044
319	0.140289191436008
320	0.131219591970236
321	0.144823991168895
322	0.172032789566213
323	0.135754391703122
324	0.12668479223735
325	0.158428390367554
326	0.0813367949084862
327	0.108545593305804
328	0.16296319010044
329	0.0722671954427137
330	0.113080393038691
331	0.194706788230644
332	0.185637188764872
333	0.113080393038691
334	0.0223843983809642
335	0.135754391703122
336	0.117615192771577
337	0.122149992504463
338	0.158428390367554
339	0.090406394374259
340	0.153893590634667
341	0.149358790901781
342	0.104010793572918
343	0.135754391703122
344	0.149358790901781
345	0.108545593305804
346	0.108545593305804
347	0.117615192771577
348	0.122149992504463
349	0.140289191436008
350	0.167497989833326
351	0.131219591970236
352	0.149358790901781
353	0.0269191981138504
354	0.0949411941071452
355	0.122149992504463
356	0.0949411941071452
357	0.0768019951756001
358	0.0994759938400316
359	0.113080393038691
360	0.149358790901781
361	0.0631975959769411
362	0.0949411941071452
363	0.0994759938400316
364	0.0541279965111683
365	0.0994759938400316
366	0.104010793572918
367	0.12668479223735
368	0.131219591970236
369	0.149358790901781
370	0.0949411941071452
371	0.104010793572918
372	0.090406394374259
373	0.117615192771577
374	0.0768019951756001
375	0.144823991168895
376	0.104010793572918
377	0.144823991168895
378	0.140289191436008
379	0.122149992504463
380	0.12668479223735
381	0.0858715946413726
382	0.0949411941071452
383	0.113080393038691
384	0.0586627962440547
385	0.12668479223735
386	0.108545593305804
387	0.131219591970236
388	0.176567589299099
389	0.0722671954427137
390	0.104010793572918
391	0.144823991168895
392	0.140289191436008
393	0.16296319010044
394	0.108545593305804
395	0.176567589299099
396	0.172032789566213
397	0.0949411941071452
398	0.140289191436008
399	0.113080393038691
400	0.131219591970236
401	0.135754391703122
402	0.0133147989151914
403	0.113080393038691
404	0.104010793572918
405	0.122149992504463
406	0.117615192771577
407	0.131219591970236
408	0.140289191436008
409	0.12668479223735
410	0.0949411941071452
411	0.153893590634667
412	0.158428390367554
413	0.153893590634667
414	0.0813367949084862
415	0.108545593305804
416	0.0677323957098273
417	0.149358790901781
418	0.113080393038691
419	0.158428390367554
420	0.0768019951756001
421	0.158428390367554
422	0.0677323957098273
423	0.0586627962440547
424	0.0677323957098273
425	0.131219591970236
426	0.158428390367554
427	0.144823991168895
428	0.122149992504463
429	0.113080393038691
430	0.0994759938400316
431	0.149358790901781
432	0.144823991168895
433	0.190171988497758
434	0.0949411941071452
435	0.149358790901781
436	0.16296319010044
437	0.167497989833326
438	0.158428390367554
439	0.140289191436008
440	0.122149992504463
441	0.0677323957098273
442	0.108545593305804
443	0.108545593305804
444	0.117615192771577
445	0.090406394374259
446	0.135754391703122
447	0.131219591970236
448	0.172032789566213
449	0.149358790901781
450	0.16296319010044
451	0.104010793572918
452	0.16296319010044
453	0.0722671954427137
454	0.0722671954427137
455	0.12668479223735
456	0.135754391703122
457	0.117615192771577
458	0.194706788230644
459	0.122149992504463
460	0.113080393038691
461	0.108545593305804
462	0.117615192771577
463	0.122149992504463
464	0.0768019951756001
465	0.140289191436008
466	0.135754391703122
467	0.172032789566213
468	0.12668479223735
469	0.144823991168895
470	0.0768019951756001
471	0.185637188764872
472	0.122149992504463
473	0.108545593305804
474	0.090406394374259
475	0.140289191436008
476	0.172032789566213
477	0.135754391703122
478	0.140289191436008
479	0.122149992504463
480	0.0677323957098273
481	0.135754391703122
482	0.0949411941071452
483	0.140289191436008
484	0.158428390367554
485	0.117615192771577
486	0.158428390367554
487	0.113080393038691
488	0.131219591970236
489	0.144823991168895
490	0.135754391703122
491	0.149358790901781
492	0.153893590634667
493	0.117615192771577
494	0.140289191436008
495	0.140289191436008
496	0.135754391703122
497	0.122149992504463
498	0.117615192771577
499	0.0994759938400316
500	0.144823991168895
501	0.140289191436008
502	0.0722671954427137
503	0.144823991168895
504	0.108545593305804
505	0.0858715946413726
506	0.0269191981138504
507	0.0994759938400316
508	0.0813367949084862
509	0.140289191436008
510	0.12668479223735
511	0.131219591970236
512	0.117615192771577
513	0.181102389031985
514	0.131219591970236
515	0.185637188764872
516	0.153893590634667
517	0.0768019951756001
518	0.140289191436008
519	0.131219591970236
520	0.0722671954427137
521	0.144823991168895
522	0.108545593305804
523	0.122149992504463
524	0.108545593305804
525	0.0858715946413726
526	0.104010793572918
527	0.199241587963531
528	0.158428390367554
529	0.185637188764872
530	0.117615192771577
531	0.090406394374259
532	0.131219591970236
533	0.16296319010044
534	0.0994759938400316
535	0.113080393038691
536	0.181102389031985
537	0.0949411941071452
538	0.172032789566213
539	0.0813367949084862
540	0.0768019951756001
541	0.117615192771577
542	0.113080393038691
543	0.104010793572918
544	0.158428390367554
545	0.0858715946413726
546	0.0813367949084862
547	0.0994759938400316
548	0.122149992504463
549	0.176567589299099
550	0.140289191436008
551	0.144823991168895
552	0.153893590634667
553	0.12668479223735
554	0.0858715946413726
555	0.140289191436008
556	0.090406394374259
557	0.090406394374259
558	0.131219591970236
559	0.135754391703122
560	0.108545593305804
561	0.16296319010044
562	0.144823991168895
563	0.135754391703122
564	0.104010793572918
565	0.117615192771577
566	0.135754391703122
567	0.0994759938400316
568	0.104010793572918
569	0.135754391703122
570	0.135754391703122
571	0.144823991168895
572	0.108545593305804
573	0.113080393038691
574	0.090406394374259
575	0.153893590634667
576	0.149358790901781
577	0.108545593305804
578	0.181102389031985
579	0.0949411941071452
580	0.153893590634667
581	0.185637188764872
582	0.122149992504463
583	0.0722671954427137
584	0.144823991168895
585	0.117615192771577
586	0.113080393038691
587	0.16296319010044
588	0.131219591970236
589	0.140289191436008
590	0.144823991168895
591	0.12668479223735
592	0.104010793572918
593	0.135754391703122
594	0.0994759938400316
595	0.113080393038691
596	0.108545593305804
597	0.16296319010044
598	0.140289191436008
599	0.122149992504463
600	0.0994759938400316
601	0.122149992504463
602	0.108545593305804
603	0.140289191436008
604	0.108545593305804
605	0.135754391703122
606	0.144823991168895
607	0.144823991168895
608	0.16296319010044
609	0.113080393038691
610	0.153893590634667
611	0.12668479223735
612	0.108545593305804
613	0.0949411941071452
614	0.176567589299099
615	0.113080393038691
616	0.117615192771577
617	0.0949411941071452
618	0.153893590634667
619	0.117615192771577
620	0.135754391703122
621	0.194706788230644
622	0.135754391703122
623	0.140289191436008
624	0.12668479223735
625	0.144823991168895
626	0.144823991168895
627	0.144823991168895
628	0.0858715946413726
629	0.113080393038691
630	0.140289191436008
631	0.0994759938400316
632	0.131219591970236
633	0.090406394374259
634	0.144823991168895
635	0.140289191436008
636	0.0994759938400316
637	0.104010793572918
638	0.149358790901781
639	0.144823991168895
640	0.122149992504463
641	0.122149992504463
642	0.140289191436008
643	0.117615192771577
644	0.108545593305804
645	0.135754391703122
646	0.153893590634667
647	0.108545593305804
648	0.122149992504463
649	0.153893590634667
650	0.090406394374259
651	0.0858715946413726
652	0.135754391703122
653	0.12668479223735
654	0.135754391703122
655	0.16296319010044
656	0.113080393038691
657	0.090406394374259
658	0.158428390367554
659	0.140289191436008
660	0.090406394374259
661	0.153893590634667
662	0.131219591970236
663	0.12668479223735
664	0.140289191436008
665	0.0813367949084862
666	0.149358790901781
667	0.117615192771577
668	0.181102389031985
669	0.158428390367554
670	0.149358790901781
671	0.21284598716219
672	0.140289191436008
673	0.149358790901781
674	0.12668479223735
675	0.104010793572918
676	0.0994759938400316
677	0.090406394374259
678	0.104010793572918
679	0.0949411941071452
680	0.108545593305804
681	0.0722671954427137
682	0.190171988497758
683	0.113080393038691
684	0.0768019951756001
685	0.167497989833326
686	0.090406394374259
687	0.122149992504463
688	0.203776387696417
689	0.0949411941071452
690	0.0949411941071452
691	0.158428390367554
692	0.12668479223735
693	0.140289191436008
694	0.0813367949084862
695	0.0858715946413726
696	0.185637188764872
697	0.108545593305804
698	0.0722671954427137
699	0.135754391703122
700	0.153893590634667
701	0.117615192771577
702	0.12668479223735
703	0.144823991168895
704	0.131219591970236
705	0.104010793572918
706	0.117615192771577
707	0.167497989833326
708	0.144823991168895
709	0.12668479223735
710	0.0994759938400316
711	0.199241587963531
712	0.176567589299099
713	0.172032789566213
714	0.12668479223735
715	0.158428390367554
716	0.117615192771577
717	0.185637188764872
718	0.135754391703122
719	0.144823991168895
720	0.0949411941071452
721	0.0768019951756001
722	0.108545593305804
723	0.131219591970236
724	0.0949411941071452
725	0.135754391703122
726	0.131219591970236
727	0.158428390367554
728	0.140289191436008
729	0.104010793572918
730	0.108545593305804
731	0.117615192771577
732	0.144823991168895
733	0.167497989833326
734	0.0994759938400316
735	0.16296319010044
736	0.0858715946413726
737	0.135754391703122
738	0.0858715946413726
739	0.090406394374259
740	0.090406394374259
741	0.135754391703122
742	0.108545593305804
743	0.153893590634667
744	0.140289191436008
745	0.113080393038691
746	0.0768019951756001
747	0.0677323957098273
748	0.122149992504463
749	0.135754391703122
750	0.194706788230644
751	0.176567589299099
752	0.0994759938400316
753	0.0949411941071452
754	0.122149992504463
755	0.149358790901781
756	0.176567589299099
757	0.113080393038691
758	0.0631975959769411
759	0.144823991168895
760	0.104010793572918
761	0.0586627962440547
762	0.12668479223735
763	0.194706788230644
764	0.16296319010044
765	0.117615192771577
766	0.12668479223735
767	0.104010793572918
768	0.090406394374259
769	0.194706788230644
770	0.122149992504463
771	0.144823991168895
772	0.104010793572918
773	0.131219591970236
774	0.140289191436008
775	0.0949411941071452
776	0.131219591970236
777	0.113080393038691
778	0.117615192771577
779	0.149358790901781
780	0.244589585292394
781	0.117615192771577
782	0.0722671954427137
783	0.0813367949084862
784	0.0677323957098273
785	0.0813367949084862
786	0.0949411941071452
787	0.122149992504463
788	0.090406394374259
789	0.16296319010044
790	0.140289191436008
791	0.140289191436008
792	0.185637188764872
793	0.149358790901781
794	0.194706788230644
795	0.131219591970236
796	0.113080393038691
797	0.0450583970453957
798	0.113080393038691
799	0.0631975959769411
800	0.090406394374259
801	0.153893590634667
802	0.090406394374259
803	0.0858715946413726
804	0.140289191436008
805	0.140289191436008
806	0.0949411941071452
807	0.167497989833326
808	0.0722671954427137
809	0.0768019951756001
810	0.0813367949084862
811	0.158428390367554
812	0.0949411941071452
813	0.16296319010044
814	0.158428390367554
815	0.181102389031985
816	0.16296319010044
817	0.090406394374259
818	0.0677323957098273
819	0.0495931967782821
820	0.0994759938400316
821	0.153893590634667
822	0.153893590634667
823	0.0813367949084862
824	0.090406394374259
825	0.104010793572918
826	0.131219591970236
827	0.12668479223735
828	0.12668479223735
829	0.0586627962440547
830	0.131219591970236
831	0.131219591970236
832	0.131219591970236
833	0.122149992504463
834	0.16296319010044
835	0.108545593305804
836	0.135754391703122
837	0.117615192771577
838	0.0813367949084862
839	0.167497989833326
840	0.140289191436008
841	0.0405235973125093
842	0.167497989833326
843	0.140289191436008
844	0.122149992504463
845	0.12668479223735
846	0.194706788230644
847	0.108545593305804
848	0.0677323957098273
849	0.108545593305804
850	0.0722671954427137
851	0.090406394374259
852	0.153893590634667
853	0.090406394374259
854	0.0994759938400316
855	0.131219591970236
856	0.16296319010044
857	0.153893590634667
858	0.104010793572918
859	0.144823991168895
860	0.0768019951756001
861	0.12668479223735
862	0.113080393038691
863	0.0722671954427137
864	0.158428390367554
865	0.122149992504463
866	0.16296319010044
867	0.176567589299099
868	0.131219591970236
869	0.117615192771577
870	0.153893590634667
871	0.090406394374259
872	0.12668479223735
873	0.131219591970236
874	0.0994759938400316
875	0.144823991168895
876	0.185637188764872
877	0.135754391703122
878	0.0858715946413726
879	0.104010793572918
880	0.0586627962440547
881	0.0813367949084862
882	0.208311187429303
883	0.208311187429303
884	0.0949411941071452
885	0.158428390367554
886	0.108545593305804
887	0.140289191436008
888	0.117615192771577
889	0.158428390367554
890	0.108545593305804
891	0.113080393038691
892	0.12668479223735
893	0.117615192771577
894	0.16296319010044
895	0.149358790901781
896	0.0858715946413726
897	0.172032789566213
898	0.16296319010044
899	0.0813367949084862
900	0.0858715946413726
901	0.090406394374259
902	0.185637188764872
903	0.12668479223735
904	0.113080393038691
905	0.108545593305804
906	0.0586627962440547
907	0.149358790901781
908	0.149358790901781
909	0.0677323957098273
910	0.113080393038691
911	0.131219591970236
912	0.108545593305804
913	0.113080393038691
914	0.167497989833326
915	0.149358790901781
916	0.117615192771577
917	0.0949411941071452
918	0.131219591970236
919	0.0858715946413726
920	0.12668479223735
921	0.140289191436008
922	0.122149992504463
923	0.149358790901781
924	0.131219591970236
925	0.0813367949084862
926	0.108545593305804
927	0.113080393038691
928	0.0813367949084862
929	0.117615192771577
930	0.172032789566213
931	0.149358790901781
932	0.0495931967782821
933	0.117615192771577
934	0.122149992504463
935	0.108545593305804
936	0.176567589299099
937	0.131219591970236
938	0.104010793572918
939	0.16296319010044
940	0.117615192771577
941	0.149358790901781
942	0.12668479223735
943	0.153893590634667
944	0.0949411941071452
945	0.0994759938400316
946	0.0994759938400316
947	0.113080393038691
948	0.113080393038691
949	0.185637188764872
950	0.104010793572918
951	0.144823991168895
952	0.117615192771577
953	0.12668479223735
954	0.0858715946413726
955	0.0677323957098273
956	0.122149992504463
957	0.149358790901781
958	0.0768019951756001
959	0.153893590634667
960	0.153893590634667
961	0.117615192771577
962	0.104010793572918
963	0.135754391703122
964	0.144823991168895
965	0.135754391703122
966	0.144823991168895
967	0.113080393038691
968	0.090406394374259
969	0.172032789566213
970	0.135754391703122
971	0.090406394374259
972	0.108545593305804
973	0.16296319010044
974	0.135754391703122
975	0.108545593305804
976	0.140289191436008
977	0.113080393038691
978	0.117615192771577
979	0.0994759938400316
980	0.117615192771577
981	0.172032789566213
982	0.0994759938400316
983	0.176567589299099
984	0.0949411941071452
985	0.0813367949084862
986	0.12668479223735
987	0.135754391703122
988	0.135754391703122
989	0.108545593305804
990	0.16296319010044
991	0.135754391703122
992	0.131219591970236
993	0.190171988497758
994	0.0768019951756001
995	0.113080393038691
996	0.153893590634667
997	0.108545593305804
998	0.117615192771577
999	0.140289191436008
1000	0.16296319010044
1001	0.12668479223735
1002	0.122149992504463
1003	0.131219591970236
1004	0.090406394374259
1005	0.0994759938400316
1006	0.113080393038691
1007	0.0949411941071452
1008	0.0677323957098273
1009	0.12668479223735
1010	0.0994759938400316
1011	0.090406394374259
1012	0.122149992504463
1013	0.117615192771577
1014	0.190171988497758
1015	0.140289191436008
1016	0.158428390367554
1017	0.167497989833326
1018	0.158428390367554
1019	0.181102389031985
1020	0.113080393038691
1021	0.140289191436008
1022	0.113080393038691
1023	0.190171988497758
1024	0.108545593305804
1025	0.108545593305804
1026	0.131219591970236
1027	0.0994759938400316
1028	0.153893590634667
1029	0.090406394374259
1030	0.117615192771577
1031	0.149358790901781
1032	0.117615192771577
1033	0.176567589299099
1034	0.131219591970236
1035	0.0994759938400316
1036	0.140289191436008
1037	0.12668479223735
1038	0.217380786895076
1039	0.158428390367554
1040	0.117615192771577
1041	0.0541279965111683
1042	0.135754391703122
1043	0.0722671954427137
1044	0.149358790901781
1045	0.0858715946413726
1046	0.158428390367554
1047	0.0994759938400316
1048	0.16296319010044
1049	0.131219591970236
1050	0.181102389031985
1051	0.190171988497758
1052	0.0858715946413726
1053	0.203776387696417
1054	0.104010793572918
1055	0.140289191436008
1056	0.167497989833326
1057	0.167497989833326
1058	0.167497989833326
1059	0.0677323957098273
1060	0.12668479223735
1061	0.0813367949084862
1062	0.0586627962440547
1063	0.131219591970236
1064	0.158428390367554
1065	0.135754391703122
1066	0.104010793572918
1067	0.0813367949084862
1068	0.185637188764872
1069	0.16296319010044
1070	0.185637188764872
1071	0.113080393038691
1072	0.117615192771577
1073	0.135754391703122
1074	0.104010793572918
1075	0.144823991168895
1076	0.0813367949084862
1077	0.108545593305804
1078	0.135754391703122
1079	0.0858715946413726
1080	0.0677323957098273
1081	0.16296319010044
1082	0.144823991168895
1083	0.208311187429303
1084	0.172032789566213
1085	0.0994759938400316
1086	0.12668479223735
1087	0.117615192771577
1088	0.176567589299099
1089	0.190171988497758
1090	0.0768019951756001
1091	0.131219591970236
1092	0.167497989833326
1093	0.149358790901781
1094	0.153893590634667
1095	0.172032789566213
1096	0.149358790901781
1097	0.140289191436008
1098	0.144823991168895
1099	0.122149992504463
1100	0.0677323957098273
1101	0.12668479223735
1102	0.122149992504463
1103	0.122149992504463
1104	0.131219591970236
1105	0.16296319010044
1106	0.149358790901781
1107	0.194706788230644
1108	0.0813367949084862
1109	0.117615192771577
1110	0.090406394374259
1111	0.0722671954427137
1112	0.0541279965111683
1113	0.0768019951756001
1114	0.0949411941071452
1115	0.108545593305804
1116	0.122149992504463
1117	0.149358790901781
1118	0.149358790901781
1119	0.122149992504463
1120	0.153893590634667
1121	0.140289191436008
1122	0.104010793572918
1123	0.122149992504463
1124	0.104010793572918
1125	0.117615192771577
1126	0.135754391703122
1127	0.140289191436008
1128	0.122149992504463
1129	0.172032789566213
1130	0.0994759938400316
1131	0.113080393038691
1132	0.0631975959769411
1133	0.12668479223735
1134	0.0949411941071452
1135	0.167497989833326
1136	0.144823991168895
1137	0.0949411941071452
1138	0.16296319010044
1139	0.131219591970236
1140	0.0858715946413726
1141	0.0949411941071452
1142	0.149358790901781
1143	0.0722671954427137
1144	0.140289191436008
1145	0.0495931967782821
1146	0.149358790901781
1147	0.0858715946413726
1148	0.12668479223735
1149	0.149358790901781
1150	0.144823991168895
1151	0.0949411941071452
1152	0.144823991168895
1153	0.0858715946413726
1154	0.0858715946413726
1155	0.16296319010044
1156	0.090406394374259
1157	0.0359887975796231
1158	0.158428390367554
1159	0.12668479223735
1160	0.0858715946413726
1161	0.117615192771577
1162	0.131219591970236
1163	0.144823991168895
1164	0.172032789566213
1165	0.167497989833326
1166	0.140289191436008
1167	0.140289191436008
1168	0.172032789566213
1169	0.0858715946413726
1170	0.230985186093735
1171	0.194706788230644
1172	0.122149992504463
1173	0.113080393038691
1174	0.190171988497758
1175	0.0631975959769411
1176	0.090406394374259
1177	0.122149992504463
1178	0.144823991168895
1179	0.113080393038691
1180	0.090406394374259
1181	0.0858715946413726
1182	0.113080393038691
1183	0.0858715946413726
1184	0.140289191436008
1185	0.144823991168895
1186	0.122149992504463
1187	0.153893590634667
1188	0.0994759938400316
1189	0.113080393038691
1190	0.131219591970236
1191	0.117615192771577
1192	0.0768019951756001
1193	0.104010793572918
1194	0.0768019951756001
1195	0.135754391703122
1196	0.167497989833326
1197	0.153893590634667
1198	0.0949411941071452
1199	0.0858715946413726
1200	0.113080393038691
1201	0.108545593305804
1202	0.122149992504463
1203	0.149358790901781
1204	0.131219591970236
1205	0.144823991168895
1206	0.0949411941071452
1207	0.117615192771577
1208	0.167497989833326
1209	0.0722671954427137
1210	0.194706788230644
1211	0.090406394374259
1212	0.12668479223735
1213	0.190171988497758
1214	0.158428390367554
1215	0.108545593305804
1216	0.167497989833326
1217	0.0631975959769411
1218	0.135754391703122
1219	0.108545593305804
1220	0.117615192771577
1221	0.144823991168895
1222	0.12668479223735
1223	0.0813367949084862
1224	0.12668479223735
1225	0.108545593305804
1226	0.122149992504463
1227	0.0586627962440547
1228	0.176567589299099
1229	0.104010793572918
1230	0.0858715946413726
1231	0.140289191436008
1232	0.0949411941071452
1233	0.0677323957098273
1234	0.117615192771577
1235	0.167497989833326
1236	0.144823991168895
1237	0.158428390367554
1238	0.122149992504463
1239	0.108545593305804
1240	0.0813367949084862
1241	0.131219591970236
1242	0.0858715946413726
1243	0.16296319010044
1244	0.090406394374259
1245	0.0813367949084862
1246	0.135754391703122
1247	0.135754391703122
1248	0.122149992504463
1249	0.135754391703122
1250	0.144823991168895
1251	0.0949411941071452
1252	0.0949411941071452
1253	0.0813367949084862
1254	0.113080393038691
1255	0.090406394374259
1256	0.167497989833326
1257	0.144823991168895
1258	0.135754391703122
1259	0.153893590634667
1260	0.108545593305804
1261	0.149358790901781
1262	0.090406394374259
1263	0.0949411941071452
1264	0.0722671954427137
1265	0.176567589299099
1266	0.158428390367554
1267	0.167497989833326
1268	0.176567589299099
1269	0.158428390367554
1270	0.108545593305804
1271	0.0994759938400316
1272	0.113080393038691
1273	0.113080393038691
1274	0.122149992504463
1275	0.16296319010044
1276	0.158428390367554
1277	0.0722671954427137
1278	0.12668479223735
1279	0.108545593305804
1280	0.167497989833326
1281	0.185637188764872
1282	0.176567589299099
1283	0.104010793572918
1284	0.140289191436008
1285	0.0858715946413726
1286	0.0405235973125093
1287	0.149358790901781
1288	0.16296319010044
1289	0.203776387696417
1290	0.167497989833326
1291	0.16296319010044
1292	0.176567589299099
1293	0.135754391703122
1294	0.167497989833326
1295	0.16296319010044
1296	0.12668479223735
1297	0.131219591970236
1298	0.0495931967782821
1299	0.122149992504463
1300	0.12668479223735
1301	0.104010793572918
1302	0.167497989833326
1303	0.0813367949084862
1304	0.149358790901781
1305	0.158428390367554
1306	0.144823991168895
1307	0.0994759938400316
1308	0.158428390367554
1309	0.122149992504463
1310	0.122149992504463
1311	0.16296319010044
1312	0.0722671954427137
1313	0.144823991168895
1314	0.117615192771577
1315	0.113080393038691
1316	0.167497989833326
1317	0.190171988497758
1318	0.0949411941071452
1319	0.167497989833326
1320	0.149358790901781
1321	0.167497989833326
1322	0.104010793572918
1323	0.12668479223735
1324	0.0994759938400316
1325	0.158428390367554
1326	0.12668479223735
1327	0.149358790901781
1328	0.0495931967782821
1329	0.0768019951756001
1330	0.113080393038691
1331	0.158428390367554
1332	0.144823991168895
1333	0.0994759938400316
1334	0.0813367949084862
1335	0.131219591970236
1336	0.131219591970236
1337	0.167497989833326
1338	0.153893590634667
1339	0.149358790901781
1340	0.158428390367554
1341	0.0949411941071452
1342	0.149358790901781
1343	0.140289191436008
1344	0.104010793572918
1345	0.0813367949084862
1346	0.122149992504463
1347	0.172032789566213
1348	0.0813367949084862
1349	0.176567589299099
1350	0.144823991168895
1351	0.131219591970236
1352	0.117615192771577
1353	0.104010793572918
1354	0.131219591970236
1355	0.117615192771577
1356	0.104010793572918
1357	0.135754391703122
1358	0.0768019951756001
1359	0.113080393038691
1360	0.167497989833326
1361	0.113080393038691
1362	0.12668479223735
1363	0.0813367949084862
1364	0.135754391703122
1365	0.194706788230644
1366	0.190171988497758
1367	0.117615192771577
1368	0.149358790901781
1369	0.122149992504463
1370	0.113080393038691
1371	0.0858715946413726
1372	0.135754391703122
1373	0.117615192771577
1374	0.131219591970236
1375	0.144823991168895
1376	0.090406394374259
1377	0.131219591970236
1378	0.172032789566213
1379	0.149358790901781
1380	0.140289191436008
1381	0.153893590634667
1382	0.144823991168895
1383	0.122149992504463
1384	0.0677323957098273
1385	0.149358790901781
1386	0.176567589299099
1387	0.149358790901781
1388	0.158428390367554
1389	0.090406394374259
1390	0.131219591970236
1391	0.00424519944941881
1392	0.0858715946413726
1393	0.0994759938400316
1394	0.149358790901781
1395	0.0768019951756001
1396	0.131219591970236
1397	0.108545593305804
1398	0.113080393038691
1399	0.131219591970236
1400	0.117615192771577
1401	0.131219591970236
1402	0.208311187429303
1403	0.113080393038691
1404	0.117615192771577
1405	0.104010793572918
1406	0.0994759938400316
1407	0.104010793572918
1408	0.158428390367554
1409	0.104010793572918
1410	0.153893590634667
1411	0.0994759938400316
1412	0.0541279965111683
1413	0.090406394374259
1414	0.172032789566213
1415	0.149358790901781
1416	0.12668479223735
1417	0.149358790901781
1418	0.104010793572918
1419	0.117615192771577
1420	0.153893590634667
1421	0.122149992504463
1422	0.108545593305804
1423	0.12668479223735
1424	0.144823991168895
1425	0.12668479223735
1426	0.153893590634667
1427	0.0813367949084862
1428	0.12668479223735
1429	0.12668479223735
1430	0.16296319010044
1431	0.0994759938400316
1432	0.122149992504463
1433	0.0949411941071452
1434	0.158428390367554
1435	0.113080393038691
1436	0.0994759938400316
1437	0.176567589299099
1438	0.199241587963531
1439	0.144823991168895
1440	0.149358790901781
1441	0.144823991168895
1442	0.131219591970236
1443	0.16296319010044
1444	0.16296319010044
1445	0.149358790901781
1446	0.158428390367554
1447	0.104010793572918
1448	0.122149992504463
1449	0.149358790901781
1450	0.12668479223735
1451	0.090406394374259
1452	0.0949411941071452
1453	0.149358790901781
1454	0.144823991168895
1455	0.108545593305804
1456	0.16296319010044
1457	0.149358790901781
1458	0.117615192771577
1459	0.0813367949084862
1460	0.104010793572918
1461	0.090406394374259
1462	0.108545593305804
1463	0.140289191436008
1464	0.0858715946413726
1465	0.16296319010044
1466	0.140289191436008
1467	0.104010793572918
1468	0.113080393038691
1469	0.0722671954427137
1470	0.190171988497758
1471	0.108545593305804
1472	0.0813367949084862
1473	0.117615192771577
1474	0.104010793572918
1475	0.122149992504463
1476	0.0768019951756001
1477	0.122149992504463
1478	0.0450583970453957
1479	0.158428390367554
1480	0.0768019951756001
1481	0.122149992504463
1482	0.113080393038691
1483	0.0541279965111683
1484	0.104010793572918
1485	0.104010793572918
1486	0.0768019951756001
1487	0.176567589299099
1488	0.090406394374259
1489	0.149358790901781
1490	0.144823991168895
1491	0.113080393038691
1492	0.122149992504463
1493	0.117615192771577
1494	0.131219591970236
1495	0.117615192771577
1496	0.131219591970236
1497	0.0722671954427137
1498	0.12668479223735
1499	0.140289191436008
1500	0.117615192771577
1501	0.158428390367554
1502	0.135754391703122
1503	0.140289191436008
1504	0.122149992504463
1505	0.117615192771577
1506	0.108545593305804
1507	0.12668479223735
1508	0.12668479223735
1509	0.12668479223735
1510	0.0949411941071452
1511	0.140289191436008
1512	0.181102389031985
1513	0.172032789566213
1514	0.167497989833326
1515	0.190171988497758
1516	0.167497989833326
1517	0.0813367949084862
1518	0.117615192771577
1519	0.167497989833326
1520	0.117615192771577
1521	0.12668479223735
1522	0.144823991168895
1523	0.144823991168895
1524	0.0677323957098273
1525	0.0813367949084862
1526	0.113080393038691
1527	0.135754391703122
1528	0.12668479223735
1529	0.108545593305804
1530	0.113080393038691
1531	0.131219591970236
1532	0.104010793572918
1533	0.0994759938400316
1534	0.12668479223735
1535	0.0994759938400316
1536	0.0677323957098273
1537	0.144823991168895
1538	0.176567589299099
1539	0.149358790901781
1540	0.181102389031985
1541	0.0994759938400316
1542	0.122149992504463
1543	0.0722671954427137
1544	0.0631975959769411
1545	0.0768019951756001
1546	0.131219591970236
1547	0.0541279965111683
1548	0.0722671954427137
1549	0.0994759938400316
1550	0.0994759938400316
1551	0.0949411941071452
1552	0.167497989833326
1553	0.185637188764872
1554	0.153893590634667
1555	0.0677323957098273
1556	0.0994759938400316
1557	0.158428390367554
1558	0.117615192771577
1559	0.113080393038691
1560	0.090406394374259
1561	0.131219591970236
1562	0.090406394374259
1563	0.113080393038691
1564	0.140289191436008
1565	0.122149992504463
1566	0.12668479223735
1567	0.0858715946413726
1568	0.122149992504463
1569	0.122149992504463
1570	0.153893590634667
1571	0.108545593305804
1572	0.108545593305804
1573	0.16296319010044
1574	0.113080393038691
1575	0.131219591970236
1576	0.117615192771577
1577	0.0949411941071452
1578	0.140289191436008
1579	0.0949411941071452
1580	0.153893590634667
1581	0.0631975959769411
1582	0.117615192771577
1583	0.12668479223735
1584	0.217380786895076
1585	0.117615192771577
1586	0.104010793572918
1587	0.0722671954427137
1588	0.131219591970236
1589	0.0813367949084862
1590	0.0994759938400316
1591	0.176567589299099
1592	0.104010793572918
1593	0.149358790901781
1594	0.185637188764872
1595	0.117615192771577
1596	0.0631975959769411
1597	0.153893590634667
1598	0.140289191436008
1599	0.108545593305804
1600	0.117615192771577
1601	0.113080393038691
1602	0.181102389031985
1603	0.158428390367554
1604	0.108545593305804
1605	0.113080393038691
1606	0.135754391703122
1607	0.140289191436008
1608	0.181102389031985
1609	0.140289191436008
1610	0.135754391703122
1611	0.172032789566213
1612	0.172032789566213
1613	0.176567589299099
1614	0.153893590634667
1615	0.117615192771577
1616	0.0949411941071452
1617	0.117615192771577
1618	0.0858715946413726
1619	0.0768019951756001
1620	0.0768019951756001
1621	0.090406394374259
1622	0.0813367949084862
1623	0.144823991168895
1624	0.122149992504463
1625	0.144823991168895
1626	0.153893590634667
1627	0.113080393038691
1628	0.131219591970236
1629	0.144823991168895
1630	0.117615192771577
1631	0.144823991168895
1632	0.12668479223735
1633	0.117615192771577
1634	0.149358790901781
1635	0.0858715946413726
1636	0.140289191436008
1637	0.104010793572918
1638	0.144823991168895
1639	0.122149992504463
1640	0.0722671954427137
1641	0.135754391703122
1642	0.104010793572918
1643	0.131219591970236
1644	0.16296319010044
1645	0.0631975959769411
1646	0.0405235973125093
1647	0.108545593305804
1648	0.16296319010044
1649	0.140289191436008
1650	0.153893590634667
1651	0.153893590634667
1652	0.158428390367554
1653	0.131219591970236
1654	0.0813367949084862
1655	0.0813367949084862
1656	0.0722671954427137
1657	0.16296319010044
1658	0.0722671954427137
1659	0.181102389031985
1660	0.149358790901781
1661	0.0677323957098273
1662	0.140289191436008
1663	0.158428390367554
1664	0.172032789566213
1665	0.090406394374259
1666	0.12668479223735
1667	0.122149992504463
1668	0.0994759938400316
1669	0.117615192771577
1670	0.12668479223735
1671	0.0314539978467368
1672	0.122149992504463
1673	0.122149992504463
1674	0.0994759938400316
1675	0.0858715946413726
1676	0.090406394374259
1677	0.122149992504463
1678	0.104010793572918
1679	0.131219591970236
1680	0.16296319010044
1681	0.113080393038691
1682	0.0813367949084862
1683	0.158428390367554
1684	0.0722671954427137
1685	0.140289191436008
1686	0.0858715946413726
1687	0.153893590634667
1688	0.135754391703122
1689	0.144823991168895
1690	0.0858715946413726
1691	0.131219591970236
1692	0.144823991168895
1693	0.0768019951756001
1694	0.158428390367554
1695	0.140289191436008
1696	0.131219591970236
1697	0.0768019951756001
1698	0.113080393038691
1699	0.12668479223735
1700	0.0586627962440547
1701	0.090406394374259
1702	0.153893590634667
1703	0.0813367949084862
1704	0.158428390367554
1705	0.108545593305804
1706	0.113080393038691
1707	0.16296319010044
1708	0.113080393038691
1709	0.122149992504463
1710	0.185637188764872
1711	0.108545593305804
1712	0.158428390367554
1713	0.0722671954427137
1714	0.16296319010044
1715	0.0677323957098273
1716	0.153893590634667
1717	0.113080393038691
1718	0.0994759938400316
1719	0.0813367949084862
1720	0.144823991168895
1721	0.153893590634667
1722	0.158428390367554
1723	0.172032789566213
1724	0.176567589299099
1725	0.0586627962440547
1726	0.0677323957098273
1727	0.172032789566213
1728	0.135754391703122
1729	0.0994759938400316
1730	0.0949411941071452
1731	0.0994759938400316
1732	0.0768019951756001
1733	0.131219591970236
1734	0.0269191981138504
1735	0.140289191436008
1736	0.149358790901781
1737	0.104010793572918
1738	0.153893590634667
1739	0.144823991168895
1740	0.0858715946413726
1741	0.117615192771577
1742	0.0858715946413726
1743	0.135754391703122
1744	0.131219591970236
1745	0.153893590634667
1746	0.140289191436008
1747	0.181102389031985
1748	0.135754391703122
1749	0.104010793572918
1750	0.104010793572918
1751	0.149358790901781
1752	0.104010793572918
1753	0.0722671954427137
1754	0.0768019951756001
1755	0.144823991168895
1756	0.16296319010044
1757	0.135754391703122
1758	0.135754391703122
1759	0.113080393038691
1760	0.12668479223735
1761	0.0722671954427137
1762	0.113080393038691
1763	0.131219591970236
1764	0.12668479223735
1765	0.149358790901781
1766	0.158428390367554
1767	0.0949411941071452
1768	0.144823991168895
1769	0.190171988497758
1770	0.12668479223735
1771	0.12668479223735
1772	0.149358790901781
1773	0.0722671954427137
1774	0.122149992504463
1775	0.153893590634667
1776	0.135754391703122
1777	0.149358790901781
1778	0.176567589299099
1779	0.0858715946413726
1780	0.16296319010044
1781	0.0405235973125093
1782	0.149358790901781
1783	0.172032789566213
1784	0.122149992504463
1785	0.108545593305804
1786	0.117615192771577
1787	0.117615192771577
1788	0.0994759938400316
1789	0.113080393038691
1790	0.0949411941071452
1791	0.104010793572918
1792	0.149358790901781
1793	0.16296319010044
1794	0.135754391703122
1795	0.135754391703122
1796	0.16296319010044
1797	0.108545593305804
1798	0.140289191436008
1799	0.149358790901781
1800	0.090406394374259
1801	0.0813367949084862
1802	0.0813367949084862
1803	0.131219591970236
1804	0.144823991168895
1805	0.131219591970236
1806	0.108545593305804
1807	0.0858715946413726
1808	0.0994759938400316
1809	0.12668479223735
1810	0.149358790901781
1811	0.144823991168895
1812	0.131219591970236
1813	0.108545593305804
1814	0.0949411941071452
1815	0.149358790901781
1816	0.0631975959769411
1817	0.113080393038691
1818	0.0768019951756001
1819	0.144823991168895
1820	0.090406394374259
1821	0.144823991168895
1822	0.12668479223735
1823	0.131219591970236
1824	0.135754391703122
1825	0.144823991168895
1826	0.113080393038691
1827	0.181102389031985
1828	0.135754391703122
1829	0.122149992504463
1830	0.131219591970236
1831	0.0858715946413726
1832	0.122149992504463
1833	0.140289191436008
1834	0.117615192771577
1835	0.117615192771577
1836	0.0722671954427137
1837	0.135754391703122
1838	0.12668479223735
1839	0.090406394374259
1840	0.158428390367554
1841	0.153893590634667
1842	0.176567589299099
1843	0.117615192771577
1844	0.0949411941071452
1845	0.0858715946413726
1846	0.113080393038691
1847	0.135754391703122
1848	0.108545593305804
1849	0.0949411941071452
1850	0.140289191436008
1851	0.104010793572918
1852	0.122149992504463
1853	0.144823991168895
1854	0.16296319010044
1855	0.117615192771577
1856	0.0994759938400316
1857	0.0858715946413726
1858	0.090406394374259
1859	0.158428390367554
1860	0.158428390367554
1861	0.0858715946413726
1862	0.113080393038691
1863	0.131219591970236
1864	0.144823991168895
1865	0.0495931967782821
1866	0.140289191436008
1867	0.104010793572918
1868	0.113080393038691
1869	0.0813367949084862
1870	0.135754391703122
1871	0.0994759938400316
1872	0.0813367949084862
1873	0.090406394374259
1874	0.117615192771577
1875	0.131219591970236
1876	0.144823991168895
1877	0.131219591970236
1878	0.0858715946413726
1879	0.16296319010044
1880	0.0768019951756001
1881	0.208311187429303
1882	0.0994759938400316
1883	0.0677323957098273
1884	0.104010793572918
1885	0.122149992504463
1886	0.176567589299099
1887	0.0813367949084862
1888	0.167497989833326
1889	0.108545593305804
1890	0.176567589299099
1891	0.122149992504463
1892	0.104010793572918
1893	0.0858715946413726
1894	0.113080393038691
1895	0.140289191436008
1896	0.122149992504463
1897	0.0949411941071452
1898	0.104010793572918
1899	0.104010793572918
1900	0.12668479223735
1901	0.113080393038691
1902	0.090406394374259
1903	0.113080393038691
1904	0.0631975959769411
1905	0.131219591970236
1906	0.172032789566213
1907	0.172032789566213
1908	0.158428390367554
1909	0.16296319010044
1910	0.0858715946413726
1911	0.153893590634667
1912	0.0949411941071452
1913	0.12668479223735
1914	0.149358790901781
1915	0.12668479223735
1916	0.144823991168895
1917	0.117615192771577
1918	0.0359887975796231
1919	0.0858715946413726
1920	0.135754391703122
1921	0.0994759938400316
1922	0.108545593305804
1923	0.12668479223735
1924	0.176567589299099
1925	0.140289191436008
1926	0.090406394374259
1927	0.122149992504463
1928	0.16296319010044
1929	0.144823991168895
1930	0.0813367949084862
1931	0.113080393038691
1932	0.117615192771577
1933	0.090406394374259
1934	0.131219591970236
1935	0.104010793572918
1936	0.0858715946413726
1937	0.12668479223735
1938	0.158428390367554
1939	0.149358790901781
1940	0.12668479223735
1941	0.199241587963531
1942	0.0541279965111683
1943	0.0677323957098273
1944	0.149358790901781
1945	0.104010793572918
1946	0.16296319010044
1947	0.0813367949084862
1948	0.0994759938400316
1949	0.113080393038691
1950	0.153893590634667
1951	0.144823991168895
1952	0.167497989833326
1953	0.131219591970236
1954	0.185637188764872
1955	0.113080393038691
1956	0.122149992504463
1957	0.0813367949084862
1958	0.158428390367554
1959	0.090406394374259
1960	0.113080393038691
1961	0.176567589299099
1962	0.140289191436008
1963	0.0949411941071452
1964	0.131219591970236
1965	0.0813367949084862
1966	0.135754391703122
1967	0.108545593305804
1968	0.135754391703122
1969	0.144823991168895
1970	0.16296319010044
1971	0.131219591970236
1972	0.140289191436008
1973	0.181102389031985
1974	0.117615192771577
1975	0.135754391703122
1976	0.140289191436008
1977	0.122149992504463
1978	0.0677323957098273
1979	0.16296319010044
1980	0.149358790901781
1981	0.16296319010044
1982	0.176567589299099
1983	0.0586627962440547
1984	0.167497989833326
1985	0.140289191436008
1986	0.190171988497758
1987	0.167497989833326
1988	0.122149992504463
1989	0.0858715946413726
1990	0.113080393038691
1991	0.153893590634667
1992	0.0949411941071452
1993	0.113080393038691
1994	0.12668479223735
1995	0.190171988497758
1996	0.135754391703122
1997	0.167497989833326
1998	0.117615192771577
1999	0.117615192771577
2000	0.117615192771577
2001	0.16296319010044
2002	0.0858715946413726
2003	0.108545593305804
2004	0.108545593305804
2005	0.12668479223735
2006	0.144823991168895
2007	0.117615192771577
2008	0.0677323957098273
2009	0.0631975959769411
2010	0.113080393038691
2011	0.108545593305804
2012	0.135754391703122
2013	0.131219591970236
2014	0.0858715946413726
2015	0.0858715946413726
2016	0.0768019951756001
2017	0.0858715946413726
2018	0.117615192771577
2019	0.144823991168895
2020	0.117615192771577
2021	0.0768019951756001
2022	0.149358790901781
2023	0.117615192771577
2024	0.0722671954427137
2025	0.144823991168895
2026	0.12668479223735
2027	0.113080393038691
2028	0.12668479223735
2029	0.090406394374259
2030	0.0631975959769411
2031	0.113080393038691
2032	0.131219591970236
2033	0.158428390367554
2034	0.12668479223735
2035	0.131219591970236
2036	0.117615192771577
2037	0.131219591970236
2038	0.149358790901781
2039	0.131219591970236
2040	0.0722671954427137
2041	0.122149992504463
2042	0.149358790901781
2043	0.0994759938400316
2044	0.113080393038691
2045	0.12668479223735
2046	0.158428390367554
2047	0.0858715946413726
2048	0.108545593305804
2049	0.135754391703122
2050	0.090406394374259
2051	0.117615192771577
2052	0.153893590634667
2053	0.12668479223735
2054	0.0405235973125093
2055	0.104010793572918
2056	0.135754391703122
2057	0.117615192771577
2058	0.0994759938400316
2059	0.117615192771577
2060	0.108545593305804
2061	0.122149992504463
2062	0.140289191436008
2063	0.144823991168895
2064	0.104010793572918
2065	0.12668479223735
2066	0.131219591970236
2067	0.113080393038691
2068	0.0677323957098273
2069	0.104010793572918
2070	0.0994759938400316
2071	0.12668479223735
2072	0.0949411941071452
2073	0.16296319010044
2074	0.113080393038691
2075	0.0541279965111683
2076	0.122149992504463
2077	0.149358790901781
2078	0.158428390367554
2079	0.190171988497758
2080	0.122149992504463
2081	0.0813367949084862
2082	0.135754391703122
2083	0.153893590634667
2084	0.0858715946413726
2085	0.135754391703122
2086	0.0858715946413726
2087	0.167497989833326
2088	0.12668479223735
2089	0.153893590634667
2090	0.12668479223735
2091	0.135754391703122
2092	0.104010793572918
2093	0.153893590634667
2094	0.131219591970236
2095	0.117615192771577
2096	0.113080393038691
2097	0.113080393038691
2098	0.104010793572918
2099	0.16296319010044
2100	0.0949411941071452
2101	0.172032789566213
2102	0.12668479223735
2103	0.135754391703122
2104	0.135754391703122
2105	0.158428390367554
2106	0.158428390367554
2107	0.135754391703122
2108	0.158428390367554
2109	0.135754391703122
2110	0.199241587963531
2111	0.113080393038691
2112	0.144823991168895
2113	0.144823991168895
2114	0.122149992504463
2115	0.117615192771577
2116	0.108545593305804
2117	0.108545593305804
2118	0.104010793572918
2119	0.135754391703122
2120	0.149358790901781
2121	0.149358790901781
2122	0.122149992504463
2123	0.135754391703122
2124	0.0949411941071452
2125	0.0858715946413726
2126	0.108545593305804
2127	0.144823991168895
2128	0.190171988497758
2129	0.122149992504463
2130	0.0858715946413726
2131	0.117615192771577
2132	0.0813367949084862
2133	0.158428390367554
2134	0.172032789566213
2135	0.117615192771577
2136	0.140289191436008
2137	0.0994759938400316
2138	0.104010793572918
2139	0.117615192771577
2140	0.144823991168895
2141	0.149358790901781
2142	0.172032789566213
2143	0.104010793572918
2144	0.140289191436008
2145	0.176567589299099
2146	0.0768019951756001
2147	0.131219591970236
2148	0.208311187429303
2149	0.0768019951756001
2150	0.104010793572918
2151	0.117615192771577
2152	0.149358790901781
2153	0.12668479223735
2154	0.12668479223735
2155	0.117615192771577
2156	0.090406394374259
2157	0.0768019951756001
2158	0.176567589299099
2159	0.0994759938400316
2160	0.153893590634667
2161	0.176567589299099
2162	0.090406394374259
2163	0.140289191436008
2164	0.149358790901781
2165	0.0722671954427137
2166	0.135754391703122
2167	0.113080393038691
2168	0.113080393038691
2169	0.16296319010044
2170	0.135754391703122
2171	0.104010793572918
2172	0.113080393038691
2173	0.0858715946413726
2174	0.208311187429303
2175	0.0949411941071452
2176	0.144823991168895
2177	0.140289191436008
2178	0.144823991168895
2179	0.117615192771577
2180	0.149358790901781
2181	0.104010793572918
2182	0.117615192771577
2183	0.149358790901781
2184	0.153893590634667
2185	0.0858715946413726
2186	0.0677323957098273
2187	0.199241587963531
2188	0.144823991168895
2189	0.122149992504463
2190	0.0359887975796231
2191	0.16296319010044
2192	0.140289191436008
2193	0.104010793572918
2194	0.140289191436008
2195	0.153893590634667
2196	0.16296319010044
2197	0.144823991168895
2198	0.0858715946413726
2199	0.135754391703122
2200	0.185637188764872
2201	0.0994759938400316
2202	0.181102389031985
2203	0.0949411941071452
2204	0.135754391703122
2205	0.117615192771577
2206	0.122149992504463
2207	0.090406394374259
2208	0.122149992504463
2209	0.131219591970236
2210	0.131219591970236
2211	0.16296319010044
2212	0.0994759938400316
2213	0.117615192771577
2214	0.122149992504463
2215	0.0858715946413726
2216	0.0949411941071452
2217	0.176567589299099
2218	0.16296319010044
2219	0.122149992504463
2220	0.135754391703122
2221	0.0495931967782821
2222	0.185637188764872
2223	0.0949411941071452
2224	0.0768019951756001
2225	0.0994759938400316
2226	0.167497989833326
2227	0.122149992504463
2228	0.104010793572918
2229	0.0541279965111683
2230	0.208311187429303
2231	0.135754391703122
2232	0.0631975959769411
2233	0.167497989833326
2234	0.090406394374259
2235	0.135754391703122
2236	0.0722671954427137
2237	0.140289191436008
2238	0.113080393038691
2239	0.135754391703122
2240	0.131219591970236
2241	0.0813367949084862
2242	0.149358790901781
2243	0.131219591970236
2244	0.117615192771577
2245	0.167497989833326
2246	0.16296319010044
2247	0.131219591970236
2248	0.158428390367554
2249	0.158428390367554
2250	0.21284598716219
2251	0.108545593305804
2252	0.12668479223735
2253	0.135754391703122
2254	0.113080393038691
2255	0.16296319010044
2256	0.176567589299099
2257	0.117615192771577
2258	0.104010793572918
2259	0.12668479223735
2260	0.0586627962440547
2261	0.167497989833326
2262	0.194706788230644
2263	0.140289191436008
2264	0.122149992504463
2265	0.108545593305804
2266	0.108545593305804
2267	0.0949411941071452
2268	0.199241587963531
2269	0.172032789566213
2270	0.117615192771577
2271	0.113080393038691
2272	0.12668479223735
2273	0.149358790901781
2274	0.113080393038691
2275	0.122149992504463
2276	0.135754391703122
2277	0.12668479223735
2278	0.104010793572918
2279	0.149358790901781
2280	0.158428390367554
2281	0.135754391703122
2282	0.090406394374259
2283	0.12668479223735
2284	0.12668479223735
2285	0.0677323957098273
2286	0.144823991168895
2287	0.0405235973125093
2288	0.108545593305804
2289	0.12668479223735
2290	0.181102389031985
2291	0.135754391703122
2292	0.140289191436008
2293	0.12668479223735
2294	0.108545593305804
2295	0.16296319010044
2296	0.16296319010044
2297	0.0994759938400316
2298	0.199241587963531
2299	0.090406394374259
2300	0.0994759938400316
2301	0.12668479223735
2302	0.135754391703122
2303	0.117615192771577
2304	0.113080393038691
2305	0.104010793572918
2306	0.090406394374259
2307	0.117615192771577
2308	0.167497989833326
2309	0.104010793572918
2310	0.12668479223735
2311	0.104010793572918
2312	0.0949411941071452
2313	0.149358790901781
2314	0.12668479223735
2315	0.0994759938400316
2316	0.12668479223735
2317	0.0722671954427137
2318	0.172032789566213
2319	0.167497989833326
2320	0.108545593305804
2321	0.0722671954427137
2322	0.0813367949084862
2323	0.0677323957098273
2324	0.144823991168895
2325	0.0450583970453957
2326	0.117615192771577
2327	0.135754391703122
2328	0.16296319010044
2329	0.131219591970236
2330	0.0949411941071452
2331	0.090406394374259
2332	0.104010793572918
2333	0.140289191436008
2334	0.176567589299099
2335	0.12668479223735
2336	0.144823991168895
2337	0.135754391703122
2338	0.0631975959769411
2339	0.135754391703122
2340	0.113080393038691
2341	0.090406394374259
2342	0.140289191436008
2343	0.153893590634667
2344	0.167497989833326
2345	0.0813367949084862
2346	0.12668479223735
2347	0.122149992504463
2348	0.131219591970236
2349	0.090406394374259
2350	0.140289191436008
2351	0.135754391703122
2352	0.140289191436008
2353	0.140289191436008
2354	0.135754391703122
2355	0.117615192771577
2356	0.117615192771577
2357	0.0722671954427137
2358	0.104010793572918
2359	0.117615192771577
2360	0.108545593305804
2361	0.104010793572918
2362	0.117615192771577
2363	0.113080393038691
2364	0.140289191436008
2365	0.0768019951756001
2366	0.117615192771577
2367	0.12668479223735
2368	0.113080393038691
2369	0.185637188764872
2370	0.0541279965111683
2371	0.153893590634667
2372	0.131219591970236
2373	0.153893590634667
2374	0.131219591970236
2375	0.0269191981138504
2376	0.117615192771577
2377	0.131219591970236
2378	0.12668479223735
2379	0.104010793572918
2380	0.16296319010044
2381	0.12668479223735
2382	0.131219591970236
2383	0.104010793572918
2384	0.203776387696417
2385	0.0722671954427137
2386	0.16296319010044
2387	0.167497989833326
2388	0.181102389031985
2389	0.113080393038691
2390	0.0813367949084862
2391	0.104010793572918
2392	0.117615192771577
2393	0.0768019951756001
2394	0.135754391703122
2395	0.153893590634667
2396	0.117615192771577
2397	0.149358790901781
2398	0.16296319010044
2399	0.117615192771577
2400	0.153893590634667
2401	0.113080393038691
2402	0.0677323957098273
2403	0.12668479223735
2404	0.113080393038691
2405	0.140289191436008
2406	0.113080393038691
2407	0.090406394374259
2408	0.12668479223735
2409	0.104010793572918
2410	0.122149992504463
2411	0.158428390367554
2412	0.0631975959769411
2413	0.135754391703122
2414	0.135754391703122
2415	0.158428390367554
2416	0.199241587963531
2417	0.172032789566213
2418	0.104010793572918
2419	0.0677323957098273
2420	0.090406394374259
2421	0.090406394374259
2422	0.104010793572918
2423	0.12668479223735
2424	0.131219591970236
2425	0.149358790901781
2426	0.203776387696417
2427	0.153893590634667
2428	0.0994759938400316
2429	0.108545593305804
2430	0.140289191436008
2431	0.12668479223735
2432	0.090406394374259
2433	0.172032789566213
2434	0.140289191436008
2435	0.113080393038691
2436	0.153893590634667
2437	0.113080393038691
2438	0.149358790901781
2439	0.117615192771577
2440	0.144823991168895
2441	0.122149992504463
2442	0.172032789566213
2443	0.176567589299099
2444	0.176567589299099
2445	0.0813367949084862
2446	0.113080393038691
2447	0.176567589299099
2448	0.108545593305804
2449	0.117615192771577
2450	0.0813367949084862
2451	0.104010793572918
2452	0.0858715946413726
2453	0.149358790901781
2454	0.144823991168895
2455	0.144823991168895
2456	0.104010793572918
2457	0.0994759938400316
2458	0.122149992504463
2459	0.117615192771577
2460	0.0949411941071452
2461	0.135754391703122
2462	0.0405235973125093
2463	0.104010793572918
2464	0.140289191436008
2465	0.117615192771577
2466	0.144823991168895
2467	0.185637188764872
2468	0.0722671954427137
2469	0.122149992504463
2470	0.0722671954427137
2471	0.104010793572918
2472	0.135754391703122
2473	0.199241587963531
2474	0.16296319010044
2475	0.108545593305804
2476	0.167497989833326
2477	0.104010793572918
2478	0.122149992504463
2479	0.140289191436008
2480	0.172032789566213
2481	0.135754391703122
2482	0.090406394374259
2483	0.0223843983809642
2484	0.167497989833326
2485	0.172032789566213
2486	0.167497989833326
2487	0.0450583970453957
2488	0.140289191436008
2489	0.181102389031985
2490	0.144823991168895
2491	0.122149992504463
2492	0.172032789566213
2493	0.12668479223735
2494	0.108545593305804
2495	0.131219591970236
2496	0.140289191436008
2497	0.12668479223735
2498	0.172032789566213
2499	0.135754391703122
2500	0.135754391703122
2501	0.0813367949084862
2502	0.117615192771577
2503	0.140289191436008
2504	0.122149992504463
2505	0.0949411941071452
2506	0.104010793572918
2507	0.0994759938400316
2508	0.113080393038691
2509	0.0813367949084862
2510	0.108545593305804
2511	0.0722671954427137
2512	0.108545593305804
2513	0.135754391703122
2514	0.090406394374259
2515	0.12668479223735
2516	0.113080393038691
2517	0.158428390367554
2518	0.149358790901781
2519	0.140289191436008
2520	0.12668479223735
2521	0.185637188764872
2522	0.131219591970236
2523	0.108545593305804
2524	0.176567589299099
2525	0.108545593305804
2526	0.113080393038691
2527	0.158428390367554
2528	0.135754391703122
2529	0.140289191436008
2530	0.0858715946413726
2531	0.117615192771577
2532	0.090406394374259
2533	0.0813367949084862
2534	0.12668479223735
2535	0.0631975959769411
2536	0.122149992504463
2537	0.144823991168895
2538	0.158428390367554
2539	0.131219591970236
2540	0.144823991168895
2541	0.113080393038691
2542	0.108545593305804
2543	0.153893590634667
2544	0.0813367949084862
2545	0.113080393038691
2546	0.122149992504463
2547	0.153893590634667
2548	0.167497989833326
2549	0.0677323957098273
2550	0.104010793572918
2551	0.149358790901781
2552	0.0994759938400316
2553	0.113080393038691
2554	0.208311187429303
2555	0.149358790901781
2556	0.203776387696417
2557	0.135754391703122
2558	0.113080393038691
2559	0.108545593305804
2560	0.12668479223735
2561	0.104010793572918
2562	0.090406394374259
2563	0.158428390367554
2564	0.153893590634667
2565	0.122149992504463
2566	0.158428390367554
2567	0.104010793572918
2568	0.0722671954427137
2569	0.158428390367554
2570	0.104010793572918
2571	0.140289191436008
2572	0.113080393038691
2573	0.0949411941071452
2574	0.140289191436008
2575	0.144823991168895
2576	0.172032789566213
2577	0.0813367949084862
2578	0.0949411941071452
2579	0.144823991168895
2580	0.113080393038691
2581	0.181102389031985
2582	0.144823991168895
2583	0.140289191436008
2584	0.135754391703122
2585	0.149358790901781
2586	0.149358790901781
2587	0.0586627962440547
2588	0.122149992504463
2589	0.0858715946413726
2590	0.158428390367554
2591	0.122149992504463
2592	0.090406394374259
2593	0.153893590634667
2594	0.108545593305804
2595	0.117615192771577
2596	0.16296319010044
2597	0.117615192771577
2598	0.185637188764872
2599	0.144823991168895
2600	0.190171988497758
2601	0.140289191436008
2602	0.208311187429303
2603	0.0994759938400316
2604	0.104010793572918
2605	0.140289191436008
2606	0.135754391703122
2607	0.090406394374259
2608	0.131219591970236
2609	0.12668479223735
2610	0.117615192771577
2611	0.140289191436008
2612	0.190171988497758
2613	0.144823991168895
2614	0.0994759938400316
2615	0.140289191436008
2616	0.0768019951756001
2617	0.0994759938400316
2618	0.0541279965111683
2619	0.0722671954427137
2620	0.12668479223735
2621	0.172032789566213
2622	0.0994759938400316
2623	0.0813367949084862
2624	0.104010793572918
2625	0.176567589299099
2626	0.16296319010044
2627	0.135754391703122
2628	0.117615192771577
2629	0.190171988497758
2630	0.117615192771577
2631	0.149358790901781
2632	0.0768019951756001
2633	0.158428390367554
2634	0.117615192771577
2635	0.0813367949084862
2636	0.104010793572918
2637	0.176567589299099
2638	0.090406394374259
2639	0.090406394374259
2640	0.172032789566213
2641	0.144823991168895
2642	0.117615192771577
2643	0.12668479223735
2644	0.0722671954427137
2645	0.140289191436008
2646	0.090406394374259
2647	0.0722671954427137
2648	0.0858715946413726
2649	0.117615192771577
2650	0.131219591970236
2651	0.158428390367554
2652	0.140289191436008
2653	0.104010793572918
2654	0.153893590634667
2655	0.122149992504463
2656	0.0768019951756001
2657	0.149358790901781
2658	0.0722671954427137
2659	0.149358790901781
2660	0.117615192771577
2661	0.158428390367554
2662	0.149358790901781
2663	0.0768019951756001
2664	0.113080393038691
2665	0.0949411941071452
2666	0.122149992504463
2667	0.149358790901781
2668	0.149358790901781
2669	0.113080393038691
2670	0.0994759938400316
2671	0.0586627962440547
2672	0.108545593305804
2673	0.181102389031985
2674	0.16296319010044
2675	0.122149992504463
2676	0.0994759938400316
2677	0.0949411941071452
2678	0.0949411941071452
2679	0.108545593305804
2680	0.113080393038691
2681	0.140289191436008
2682	0.153893590634667
2683	0.0858715946413726
2684	0.090406394374259
2685	0.090406394374259
2686	0.153893590634667
2687	0.0949411941071452
2688	0.140289191436008
2689	0.149358790901781
2690	0.090406394374259
2691	0.172032789566213
2692	0.104010793572918
2693	0.0858715946413726
2694	0.131219591970236
2695	0.122149992504463
2696	0.117615192771577
2697	0.0586627962440547
2698	0.12668479223735
2699	0.113080393038691
2700	0.131219591970236
2701	0.117615192771577
2702	0.122149992504463
2703	0.135754391703122
2704	0.149358790901781
2705	0.12668479223735
2706	0.117615192771577
2707	0.12668479223735
2708	0.140289191436008
2709	0.158428390367554
2710	0.12668479223735
2711	0.108545593305804
2712	0.190171988497758
2713	0.0768019951756001
2714	0.131219591970236
2715	0.0541279965111683
2716	0.16296319010044
2717	0.113080393038691
2718	0.0631975959769411
2719	0.122149992504463
2720	0.131219591970236
2721	0.0858715946413726
2722	0.149358790901781
2723	0.113080393038691
2724	0.0586627962440547
2725	0.158428390367554
2726	0.0858715946413726
2727	0.117615192771577
2728	0.12668479223735
2729	0.131219591970236
2730	0.0813367949084862
2731	0.0949411941071452
2732	0.0677323957098273
2733	0.12668479223735
2734	0.153893590634667
2735	0.117615192771577
2736	0.104010793572918
2737	0.0994759938400316
2738	0.0722671954427137
2739	0.12668479223735
2740	0.0858715946413726
2741	0.140289191436008
2742	0.108545593305804
2743	0.135754391703122
2744	0.0813367949084862
2745	0.117615192771577
2746	0.167497989833326
2747	0.131219591970236
2748	0.16296319010044
2749	0.117615192771577
2750	0.113080393038691
2751	0.108545593305804
2752	0.108545593305804
2753	0.0994759938400316
2754	0.117615192771577
2755	0.135754391703122
2756	0.0813367949084862
2757	0.16296319010044
2758	0.113080393038691
2759	0.16296319010044
2760	0.158428390367554
2761	0.108545593305804
2762	0.108545593305804
2763	0.144823991168895
2764	0.090406394374259
2765	0.135754391703122
2766	0.140289191436008
2767	0.0722671954427137
2768	0.144823991168895
2769	0.113080393038691
2770	0.135754391703122
2771	0.176567589299099
2772	0.0949411941071452
2773	0.090406394374259
2774	0.144823991168895
2775	0.172032789566213
2776	0.090406394374259
2777	0.131219591970236
2778	0.167497989833326
2779	0.104010793572918
2780	0.12668479223735
2781	0.104010793572918
2782	0.135754391703122
2783	0.167497989833326
2784	0.0858715946413726
2785	0.167497989833326
2786	0.0722671954427137
2787	0.113080393038691
2788	0.0768019951756001
2789	0.122149992504463
2790	0.0949411941071452
2791	0.181102389031985
2792	0.0813367949084862
2793	0.167497989833326
2794	0.0858715946413726
2795	0.149358790901781
2796	0.113080393038691
2797	0.140289191436008
2798	0.090406394374259
2799	0.12668479223735
2800	0.104010793572918
2801	0.0858715946413726
2802	0.0858715946413726
2803	0.144823991168895
2804	0.158428390367554
2805	0.113080393038691
2806	0.108545593305804
2807	0.135754391703122
2808	0.104010793572918
2809	0.0450583970453957
2810	0.117615192771577
2811	0.158428390367554
2812	0.0949411941071452
2813	0.149358790901781
2814	0.117615192771577
2815	0.104010793572918
2816	0.135754391703122
2817	0.131219591970236
2818	0.104010793572918
2819	0.122149992504463
2820	0.153893590634667
2821	0.149358790901781
2822	0.113080393038691
2823	0.226450386360849
2824	0.0813367949084862
2825	0.12668479223735
2826	0.158428390367554
2827	0.135754391703122
2828	0.153893590634667
2829	0.0768019951756001
2830	0.122149992504463
2831	0.140289191436008
2832	0.144823991168895
2833	0.090406394374259
2834	0.108545593305804
2835	0.140289191436008
2836	0.117615192771577
2837	0.131219591970236
2838	0.158428390367554
2839	0.0949411941071452
2840	0.144823991168895
2841	0.153893590634667
2842	0.104010793572918
2843	0.12668479223735
2844	0.181102389031985
2845	0.122149992504463
2846	0.0858715946413726
2847	0.131219591970236
2848	0.122149992504463
2849	0.0722671954427137
2850	0.0722671954427137
2851	0.135754391703122
2852	0.117615192771577
2853	0.108545593305804
2854	0.190171988497758
2855	0.176567589299099
2856	0.113080393038691
2857	0.122149992504463
2858	0.0994759938400316
2859	0.131219591970236
2860	0.149358790901781
2861	0.12668479223735
2862	0.0994759938400316
2863	0.0768019951756001
2864	0.117615192771577
2865	0.12668479223735
2866	0.131219591970236
2867	0.104010793572918
2868	0.158428390367554
2869	0.0541279965111683
2870	0.0813367949084862
2871	0.104010793572918
2872	0.158428390367554
2873	0.122149992504463
2874	0.144823991168895
2875	0.135754391703122
2876	0.194706788230644
2877	0.113080393038691
2878	0.190171988497758
2879	0.12668479223735
2880	0.131219591970236
2881	0.0722671954427137
2882	0.113080393038691
2883	0.140289191436008
2884	0.090406394374259
2885	0.135754391703122
2886	0.0813367949084862
2887	0.0949411941071452
2888	0.12668479223735
2889	0.108545593305804
2890	0.16296319010044
2891	0.0677323957098273
2892	0.0586627962440547
2893	0.104010793572918
2894	0.0949411941071452
2895	0.104010793572918
2896	0.0994759938400316
2897	0.140289191436008
2898	0.090406394374259
2899	0.140289191436008
2900	0.0768019951756001
2901	0.16296319010044
2902	0.167497989833326
2903	0.153893590634667
2904	0.172032789566213
2905	0.117615192771577
2906	0.149358790901781
2907	0.140289191436008
2908	0.0813367949084862
2909	0.108545593305804
2910	0.108545593305804
2911	0.144823991168895
2912	0.113080393038691
2913	0.153893590634667
2914	0.167497989833326
2915	0.113080393038691
2916	0.108545593305804
2917	0.0768019951756001
2918	0.190171988497758
2919	0.0631975959769411
2920	0.16296319010044
2921	0.0722671954427137
2922	0.135754391703122
2923	0.104010793572918
2924	0.135754391703122
2925	0.131219591970236
2926	0.0586627962440547
2927	0.108545593305804
2928	0.153893590634667
2929	0.0994759938400316
2930	0.0768019951756001
2931	0.135754391703122
2932	0.190171988497758
2933	0.140289191436008
2934	0.12668479223735
2935	0.0949411941071452
2936	0.108545593305804
2937	0.131219591970236
2938	0.0949411941071452
2939	0.167497989833326
2940	0.0994759938400316
2941	0.12668479223735
2942	0.153893590634667
2943	0.176567589299099
2944	0.131219591970236
2945	0.0949411941071452
2946	0.113080393038691
2947	0.167497989833326
2948	0.122149992504463
2949	0.090406394374259
2950	0.140289191436008
2951	0.140289191436008
2952	0.113080393038691
2953	0.203776387696417
2954	0.140289191436008
2955	0.104010793572918
2956	0.190171988497758
2957	0.122149992504463
2958	0.153893590634667
2959	0.158428390367554
2960	0.0495931967782821
2961	0.144823991168895
2962	0.131219591970236
2963	0.122149992504463
2964	0.185637188764872
2965	0.0586627962440547
2966	0.149358790901781
2967	0.0631975959769411
2968	0.185637188764872
2969	0.117615192771577
2970	0.0722671954427137
2971	0.090406394374259
2972	0.140289191436008
2973	0.108545593305804
2974	0.104010793572918
2975	0.0768019951756001
2976	0.153893590634667
2977	0.0858715946413726
2978	0.140289191436008
2979	0.176567589299099
2980	0.113080393038691
2981	0.0768019951756001
2982	0.135754391703122
2983	0.172032789566213
2984	0.0994759938400316
2985	0.131219591970236
2986	0.153893590634667
2987	0.0722671954427137
2988	0.12668479223735
2989	0.0813367949084862
2990	0.181102389031985
2991	0.131219591970236
2992	0.16296319010044
2993	0.113080393038691
2994	0.16296319010044
2995	0.176567589299099
2996	0.172032789566213
2997	0.135754391703122
2998	0.122149992504463
2999	0.12668479223735
3000	0.0586627962440547
3001	0.167497989833326
3002	0.113080393038691
3003	0.0858715946413726
3004	0.108545593305804
3005	0.140289191436008
3006	0.122149992504463
3007	0.0994759938400316
3008	0.12668479223735
3009	0.104010793572918
3010	0.135754391703122
3011	0.090406394374259
3012	0.176567589299099
3013	0.0631975959769411
3014	0.181102389031985
3015	0.0813367949084862
3016	0.167497989833326
3017	0.172032789566213
3018	0.104010793572918
3019	0.0359887975796231
3020	0.0949411941071452
3021	0.131219591970236
3022	0.0722671954427137
3023	0.135754391703122
3024	0.12668479223735
3025	0.167497989833326
3026	0.131219591970236
3027	0.0858715946413726
3028	0.16296319010044
3029	0.108545593305804
3030	0.0994759938400316
3031	0.153893590634667
3032	0.167497989833326
3033	0.0813367949084862
3034	0.140289191436008
3035	0.16296319010044
3036	0.108545593305804
3037	0.0994759938400316
3038	0.149358790901781
3039	0.0994759938400316
3040	0.113080393038691
3041	0.144823991168895
3042	0.153893590634667
3043	0.108545593305804
3044	0.144823991168895
3045	0.113080393038691
3046	0.131219591970236
3047	0.090406394374259
3048	0.090406394374259
3049	0.122149992504463
3050	0.131219591970236
3051	0.135754391703122
3052	0.135754391703122
3053	0.12668479223735
3054	0.12668479223735
3055	0.131219591970236
3056	0.108545593305804
3057	0.0677323957098273
3058	0.113080393038691
3059	0.12668479223735
3060	0.16296319010044
3061	0.135754391703122
3062	0.153893590634667
3063	0.104010793572918
3064	0.0813367949084862
3065	0.12668479223735
3066	0.140289191436008
3067	0.122149992504463
3068	0.140289191436008
3069	0.108545593305804
3070	0.0768019951756001
3071	0.176567589299099
3072	0.104010793572918
3073	0.167497989833326
3074	0.149358790901781
3075	0.144823991168895
3076	0.16296319010044
3077	0.104010793572918
3078	0.131219591970236
3079	0.104010793572918
3080	0.12668479223735
3081	0.0631975959769411
3082	0.090406394374259
3083	0.104010793572918
3084	0.149358790901781
3085	0.0768019951756001
3086	0.0994759938400316
3087	0.0994759938400316
3088	0.181102389031985
3089	0.149358790901781
3090	0.108545593305804
3091	0.0994759938400316
3092	0.16296319010044
3093	0.117615192771577
3094	0.158428390367554
3095	0.140289191436008
3096	0.176567589299099
3097	0.0405235973125093
3098	0.0586627962440547
3099	0.185637188764872
3100	0.104010793572918
3101	0.108545593305804
3102	0.140289191436008
3103	0.117615192771577
3104	0.144823991168895
3105	0.104010793572918
3106	0.167497989833326
3107	0.135754391703122
3108	0.113080393038691
3109	0.117615192771577
3110	0.108545593305804
3111	0.12668479223735
3112	0.153893590634667
3113	0.0722671954427137
3114	0.131219591970236
3115	0.0722671954427137
3116	0.172032789566213
3117	0.135754391703122
3118	0.140289191436008
3119	0.144823991168895
3120	0.153893590634667
3121	0.149358790901781
3122	0.199241587963531
3123	0.144823991168895
3124	0.153893590634667
3125	0.144823991168895
3126	0.140289191436008
3127	0.122149992504463
3128	0.0495931967782821
3129	0.0677323957098273
3130	0.117615192771577
3131	0.158428390367554
3132	0.0677323957098273
3133	0.104010793572918
3134	0.104010793572918
3135	0.0722671954427137
3136	0.113080393038691
3137	0.0994759938400316
3138	0.140289191436008
3139	0.144823991168895
3140	0.108545593305804
3141	0.104010793572918
3142	0.0768019951756001
3143	0.0858715946413726
3144	0.113080393038691
3145	0.131219591970236
3146	0.172032789566213
3147	0.113080393038691
3148	0.16296319010044
3149	0.117615192771577
3150	0.0768019951756001
3151	0.113080393038691
3152	0.117615192771577
3153	0.199241587963531
3154	0.176567589299099
3155	0.0994759938400316
3156	0.113080393038691
3157	0.0768019951756001
3158	0.167497989833326
3159	0.16296319010044
3160	0.140289191436008
3161	0.131219591970236
3162	0.131219591970236
3163	0.117615192771577
3164	0.0495931967782821
3165	0.167497989833326
3166	0.104010793572918
3167	0.153893590634667
3168	0.0858715946413726
3169	0.0858715946413726
3170	0.117615192771577
3171	0.135754391703122
3172	0.117615192771577
3173	0.113080393038691
3174	0.113080393038691
3175	0.131219591970236
3176	0.135754391703122
3177	0.140289191436008
3178	0.149358790901781
3179	0.144823991168895
3180	0.108545593305804
3181	0.104010793572918
3182	0.090406394374259
3183	0.104010793572918
3184	0.172032789566213
3185	0.185637188764872
3186	0.153893590634667
3187	0.0994759938400316
3188	0.12668479223735
3189	0.122149992504463
3190	0.0994759938400316
3191	0.149358790901781
3192	0.153893590634667
3193	0.153893590634667
3194	0.158428390367554
3195	0.113080393038691
3196	0.0994759938400316
3197	0.117615192771577
3198	0.149358790901781
3199	0.0949411941071452
3200	0.104010793572918
3201	0.190171988497758
3202	0.113080393038691
3203	0.131219591970236
3204	0.172032789566213
3205	0.090406394374259
3206	0.122149992504463
3207	0.0994759938400316
3208	0.0949411941071452
3209	0.176567589299099
3210	0.117615192771577
3211	0.140289191436008
3212	0.117615192771577
3213	0.149358790901781
3214	0.131219591970236
3215	0.108545593305804
3216	0.194706788230644
3217	0.0949411941071452
3218	0.122149992504463
3219	0.0994759938400316
3220	0.117615192771577
3221	0.12668479223735
3222	0.140289191436008
3223	0.12668479223735
3224	0.122149992504463
3225	0.104010793572918
3226	0.135754391703122
3227	0.140289191436008
3228	0.0858715946413726
3229	0.153893590634667
3230	0.00877999918230521
3231	0.12668479223735
3232	0.117615192771577
3233	0.108545593305804
3234	0.104010793572918
3235	0.131219591970236
3236	0.117615192771577
3237	0.090406394374259
3238	0.131219591970236
3239	0.176567589299099
3240	0.108545593305804
3241	0.12668479223735
3242	0.131219591970236
3243	0.117615192771577
3244	0.090406394374259
3245	0.104010793572918
3246	0.108545593305804
3247	0.0768019951756001
3248	0.167497989833326
3249	0.0994759938400316
3250	0.140289191436008
3251	0.176567589299099
3252	0.0949411941071452
3253	0.104010793572918
3254	0.149358790901781
3255	0.144823991168895
3256	0.140289191436008
3257	0.12668479223735
3258	0.167497989833326
3259	0.0949411941071452
3260	0.104010793572918
3261	0.117615192771577
3262	0.090406394374259
3263	0.153893590634667
3264	0.104010793572918
3265	0.21284598716219
3266	0.117615192771577
3267	0.090406394374259
3268	0.144823991168895
3269	0.0813367949084862
3270	0.090406394374259
3271	0.0949411941071452
3272	0.104010793572918
3273	0.0813367949084862
3274	0.108545593305804
3275	0.117615192771577
3276	0.16296319010044
3277	0.117615192771577
3278	0.167497989833326
3279	0.113080393038691
3280	0.0994759938400316
3281	0.144823991168895
3282	0.176567589299099
3283	0.153893590634667
3284	0.090406394374259
3285	0.108545593305804
3286	0.0768019951756001
3287	0.131219591970236
3288	0.12668479223735
3289	0.149358790901781
3290	0.117615192771577
3291	0.122149992504463
3292	0.135754391703122
3293	0.172032789566213
3294	0.113080393038691
3295	0.12668479223735
3296	0.0858715946413726
3297	0.0722671954427137
3298	0.113080393038691
3299	0.16296319010044
3300	0.185637188764872
3301	0.113080393038691
3302	0.167497989833326
3303	0.16296319010044
3304	0.131219591970236
3305	0.144823991168895
3306	0.16296319010044
3307	0.0768019951756001
3308	0.131219591970236
3309	0.104010793572918
3310	0.194706788230644
3311	0.149358790901781
3312	0.131219591970236
3313	0.0994759938400316
3314	0.113080393038691
3315	0.135754391703122
3316	0.117615192771577
3317	0.104010793572918
3318	0.135754391703122
3319	0.144823991168895
3320	0.0813367949084862
3321	0.117615192771577
3322	0.12668479223735
3323	0.12668479223735
3324	0.12668479223735
3325	0.140289191436008
3326	0.181102389031985
3327	0.0994759938400316
3328	0.153893590634667
3329	0.16296319010044
3330	0.117615192771577
3331	0.167497989833326
3332	0.167497989833326
3333	0.12668479223735
3334	0.153893590634667
3335	0.140289191436008
3336	0.149358790901781
3337	0.12668479223735
3338	0.0813367949084862
3339	0.0586627962440547
3340	0.122149992504463
3341	0.131219591970236
3342	0.131219591970236
3343	0.113080393038691
3344	0.140289191436008
3345	0.12668479223735
3346	0.104010793572918
3347	0.0677323957098273
3348	0.172032789566213
3349	0.167497989833326
3350	0.144823991168895
3351	0.122149992504463
3352	0.122149992504463
3353	0.12668479223735
3354	0.149358790901781
3355	0.185637188764872
3356	0.16296319010044
3357	0.0813367949084862
3358	0.185637188764872
3359	0.117615192771577
3360	0.113080393038691
3361	0.0994759938400316
3362	0.185637188764872
3363	0.0994759938400316
3364	0.153893590634667
3365	0.140289191436008
3366	0.167497989833326
3367	0.203776387696417
3368	0.149358790901781
3369	0.167497989833326
3370	0.135754391703122
3371	0.153893590634667
3372	0.0631975959769411
3373	0.144823991168895
3374	0.172032789566213
3375	0.12668479223735
3376	0.0858715946413726
3377	0.090406394374259
3378	0.144823991168895
3379	0.117615192771577
3380	0.144823991168895
3381	0.144823991168895
3382	0.149358790901781
3383	0.113080393038691
3384	0.108545593305804
3385	0.113080393038691
3386	0.108545593305804
3387	0.135754391703122
3388	0.190171988497758
3389	0.090406394374259
3390	0.108545593305804
3391	0.135754391703122
3392	0.176567589299099
3393	0.131219591970236
3394	0.203776387696417
3395	0.131219591970236
3396	0.158428390367554
3397	0.113080393038691
3398	0.131219591970236
3399	0.153893590634667
3400	0.090406394374259
3401	0.122149992504463
3402	0.12668479223735
3403	0.0768019951756001
3404	0.158428390367554
3405	0.113080393038691
3406	0.0813367949084862
3407	0.140289191436008
3408	0.158428390367554
3409	0.0631975959769411
3410	0.104010793572918
3411	0.158428390367554
3412	0.185637188764872
3413	0.104010793572918
3414	0.090406394374259
3415	0.153893590634667
3416	0.0858715946413726
3417	0.153893590634667
3418	0.185637188764872
3419	0.172032789566213
3420	0.176567589299099
3421	0.158428390367554
3422	0.135754391703122
3423	0.0768019951756001
3424	0.153893590634667
3425	0.140289191436008
3426	0.117615192771577
3427	0.0813367949084862
3428	0.090406394374259
3429	0.0858715946413726
3430	0.181102389031985
3431	0.117615192771577
3432	0.135754391703122
3433	0.140289191436008
3434	0.158428390367554
3435	0.0949411941071452
3436	0.0586627962440547
3437	0.108545593305804
3438	0.144823991168895
3439	0.122149992504463
3440	0.104010793572918
3441	0.0994759938400316
3442	0.104010793572918
3443	0.0858715946413726
3444	0.0949411941071452
3445	0.16296319010044
3446	0.0722671954427137
3447	0.149358790901781
3448	0.122149992504463
3449	0.149358790901781
3450	0.185637188764872
3451	0.0949411941071452
3452	0.104010793572918
3453	0.104010793572918
3454	0.0586627962440547
3455	0.135754391703122
3456	0.16296319010044
3457	0.0813367949084862
3458	0.140289191436008
3459	0.16296319010044
3460	0.0405235973125093
3461	0.117615192771577
3462	0.117615192771577
3463	0.108545593305804
3464	0.149358790901781
3465	0.0994759938400316
3466	0.090406394374259
3467	0.113080393038691
3468	0.153893590634667
3469	0.0677323957098273
3470	0.12668479223735
3471	0.108545593305804
3472	0.0994759938400316
3473	0.172032789566213
3474	0.0631975959769411
3475	0.149358790901781
3476	0.113080393038691
3477	0.153893590634667
3478	0.0949411941071452
3479	0.117615192771577
3480	0.172032789566213
3481	0.113080393038691
3482	0.158428390367554
3483	0.0813367949084862
3484	0.0994759938400316
3485	0.108545593305804
3486	0.0949411941071452
3487	0.090406394374259
3488	0.135754391703122
3489	0.131219591970236
3490	0.144823991168895
3491	0.185637188764872
3492	0.0994759938400316
3493	0.0813367949084862
3494	0.0994759938400316
3495	0.21284598716219
3496	0.172032789566213
3497	0.140289191436008
3498	0.090406394374259
3499	0.104010793572918
3500	0.090406394374259
3501	0.144823991168895
3502	0.108545593305804
3503	0.122149992504463
3504	0.0722671954427137
3505	0.117615192771577
3506	0.117615192771577
3507	0.108545593305804
3508	0.144823991168895
3509	0.158428390367554
3510	0.122149992504463
3511	0.0949411941071452
3512	0.122149992504463
3513	0.16296319010044
3514	0.167497989833326
3515	0.158428390367554
3516	0.131219591970236
3517	0.122149992504463
3518	0.135754391703122
3519	0.117615192771577
3520	0.0495931967782821
3521	0.131219591970236
3522	0.113080393038691
3523	0.181102389031985
3524	0.176567589299099
3525	0.108545593305804
3526	0.108545593305804
3527	0.117615192771577
3528	0.0949411941071452
3529	0.149358790901781
3530	0.0949411941071452
3531	0.16296319010044
3532	0.090406394374259
3533	0.167497989833326
3534	0.113080393038691
3535	0.0495931967782821
3536	0.131219591970236
3537	0.090406394374259
3538	0.113080393038691
3539	0.122149992504463
3540	0.117615192771577
3541	0.108545593305804
3542	0.0813367949084862
3543	0.16296319010044
3544	0.176567589299099
3545	0.16296319010044
3546	0.135754391703122
3547	0.104010793572918
3548	0.12668479223735
3549	0.167497989833326
3550	0.140289191436008
3551	0.0994759938400316
3552	0.12668479223735
3553	0.117615192771577
3554	0.113080393038691
3555	0.0994759938400316
3556	0.090406394374259
3557	0.122149992504463
3558	0.113080393038691
3559	0.0722671954427137
3560	0.12668479223735
3561	0.135754391703122
3562	0.144823991168895
3563	0.149358790901781
3564	0.0677323957098273
3565	0.104010793572918
3566	0.135754391703122
3567	0.135754391703122
3568	0.0450583970453957
3569	0.131219591970236
3570	0.131219591970236
3571	0.0586627962440547
3572	0.113080393038691
3573	0.0450583970453957
3574	0.185637188764872
3575	0.0949411941071452
3576	0.0677323957098273
3577	0.0949411941071452
3578	0.0768019951756001
3579	0.113080393038691
3580	0.0858715946413726
3581	0.135754391703122
3582	0.144823991168895
3583	0.104010793572918
3584	0.108545593305804
3585	0.144823991168895
3586	0.104010793572918
3587	0.122149992504463
3588	0.153893590634667
3589	0.104010793572918
3590	0.117615192771577
3591	0.135754391703122
3592	0.153893590634667
3593	0.122149992504463
3594	0.113080393038691
3595	0.16296319010044
3596	0.0949411941071452
3597	0.208311187429303
3598	0.176567589299099
3599	0.117615192771577
3600	0.0949411941071452
3601	0.0994759938400316
3602	0.113080393038691
3603	0.140289191436008
3604	0.12668479223735
3605	0.0813367949084862
3606	0.12668479223735
3607	0.122149992504463
3608	0.113080393038691
3609	0.104010793572918
3610	0.181102389031985
3611	0.172032789566213
3612	0.117615192771577
3613	0.131219591970236
3614	0.117615192771577
3615	0.135754391703122
3616	0.0858715946413726
3617	0.0631975959769411
3618	0.122149992504463
3619	0.181102389031985
3620	0.104010793572918
3621	0.149358790901781
3622	0.117615192771577
3623	0.0858715946413726
3624	0.12668479223735
3625	0.194706788230644
3626	0.185637188764872
3627	0.0994759938400316
3628	0.144823991168895
3629	0.0949411941071452
3630	0.113080393038691
3631	0.149358790901781
3632	0.122149992504463
3633	0.0994759938400316
3634	0.131219591970236
3635	0.113080393038691
3636	0.090406394374259
3637	0.0722671954427137
3638	0.113080393038691
3639	0.144823991168895
3640	0.149358790901781
3641	0.153893590634667
3642	0.140289191436008
3643	0.144823991168895
3644	0.140289191436008
3645	0.131219591970236
3646	0.0813367949084862
3647	0.113080393038691
3648	0.185637188764872
3649	0.117615192771577
3650	0.153893590634667
3651	0.140289191436008
3652	0.153893590634667
3653	0.0768019951756001
3654	0.153893590634667
3655	0.0858715946413726
3656	0.172032789566213
3657	0.113080393038691
3658	0.149358790901781
3659	0.113080393038691
3660	0.149358790901781
3661	0.158428390367554
3662	0.144823991168895
3663	0.194706788230644
3664	0.122149992504463
3665	0.153893590634667
3666	0.131219591970236
3667	0.226450386360849
3668	0.0994759938400316
3669	0.144823991168895
3670	0.117615192771577
3671	0.158428390367554
3672	0.140289191436008
3673	0.12668479223735
3674	0.0858715946413726
3675	0.0858715946413726
3676	0.117615192771577
3677	0.153893590634667
3678	0.185637188764872
3679	0.140289191436008
3680	0.153893590634667
3681	0.0994759938400316
3682	0.167497989833326
3683	0.149358790901781
3684	0.0541279965111683
3685	0.090406394374259
3686	0.0858715946413726
3687	0.0858715946413726
3688	0.122149992504463
3689	0.190171988497758
3690	0.176567589299099
3691	0.135754391703122
3692	0.153893590634667
3693	0.158428390367554
3694	0.149358790901781
3695	0.0813367949084862
3696	0.135754391703122
3697	0.16296319010044
3698	0.12668479223735
3699	0.167497989833326
3700	0.0677323957098273
3701	0.117615192771577
3702	0.158428390367554
3703	0.0949411941071452
3704	0.12668479223735
3705	0.135754391703122
3706	0.167497989833326
3707	0.158428390367554
3708	0.108545593305804
3709	0.12668479223735
3710	0.0722671954427137
3711	0.0949411941071452
3712	0.135754391703122
3713	0.122149992504463
3714	0.0405235973125093
3715	0.16296319010044
3716	0.0949411941071452
3717	0.167497989833326
3718	0.144823991168895
3719	0.0813367949084862
3720	0.12668479223735
3721	0.108545593305804
3722	0.153893590634667
3723	0.117615192771577
3724	0.12668479223735
3725	0.113080393038691
3726	0.0813367949084862
3727	0.16296319010044
3728	0.176567589299099
3729	0.144823991168895
3730	0.122149992504463
3731	0.108545593305804
3732	0.12668479223735
3733	0.194706788230644
3734	0.140289191436008
3735	0.176567589299099
3736	0.0994759938400316
3737	0.117615192771577
3738	0.144823991168895
3739	0.16296319010044
3740	0.0949411941071452
3741	0.140289191436008
3742	0.0722671954427137
3743	0.122149992504463
3744	0.0677323957098273
3745	0.104010793572918
3746	0.122149992504463
3747	0.140289191436008
3748	0.108545593305804
3749	0.113080393038691
3750	0.131219591970236
3751	0.153893590634667
3752	0.172032789566213
3753	0.131219591970236
3754	0.135754391703122
3755	0.135754391703122
3756	0.194706788230644
3757	0.0994759938400316
3758	0.0813367949084862
3759	0.117615192771577
3760	0.122149992504463
3761	0.140289191436008
3762	0.149358790901781
3763	0.0813367949084862
3764	0.0858715946413726
3765	0.0949411941071452
3766	0.131219591970236
3767	0.16296319010044
3768	0.158428390367554
3769	0.122149992504463
3770	0.12668479223735
3771	0.0813367949084862
3772	0.0677323957098273
3773	0.0858715946413726
3774	0.149358790901781
3775	0.140289191436008
3776	0.181102389031985
3777	0.104010793572918
3778	0.0677323957098273
3779	0.172032789566213
3780	0.117615192771577
3781	0.131219591970236
3782	0.158428390367554
3783	0.0813367949084862
3784	0.140289191436008
3785	0.176567589299099
3786	0.0949411941071452
3787	0.153893590634667
3788	0.0858715946413726
3789	0.153893590634667
3790	0.140289191436008
3791	0.122149992504463
3792	0.0813367949084862
3793	0.140289191436008
3794	0.0495931967782821
3795	0.108545593305804
3796	0.181102389031985
3797	0.140289191436008
3798	0.104010793572918
3799	0.12668479223735
3800	0.144823991168895
3801	0.117615192771577
3802	0.122149992504463
3803	0.12668479223735
3804	0.153893590634667
3805	0.104010793572918
3806	0.113080393038691
3807	0.153893590634667
3808	0.113080393038691
3809	0.140289191436008
3810	0.0586627962440547
3811	0.0949411941071452
3812	0.158428390367554
3813	0.117615192771577
3814	0.0541279965111683
3815	0.144823991168895
3816	0.131219591970236
3817	0.108545593305804
3818	0.113080393038691
3819	0.108545593305804
3820	0.090406394374259
3821	0.117615192771577
3822	0.090406394374259
3823	0.140289191436008
3824	0.131219591970236
3825	0.172032789566213
3826	0.0722671954427137
3827	0.0949411941071452
3828	0.117615192771577
3829	0.104010793572918
3830	0.135754391703122
3831	0.199241587963531
3832	0.0541279965111683
3833	0.144823991168895
3834	0.144823991168895
3835	0.135754391703122
3836	0.199241587963531
3837	0.135754391703122
3838	0.0949411941071452
3839	0.140289191436008
3840	0.0813367949084862
3841	0.135754391703122
3842	0.113080393038691
3843	0.153893590634667
3844	0.0949411941071452
3845	0.0631975959769411
3846	0.181102389031985
3847	0.176567589299099
3848	0.104010793572918
3849	0.104010793572918
3850	0.104010793572918
3851	0.135754391703122
3852	0.104010793572918
3853	0.104010793572918
3854	0.153893590634667
3855	0.0768019951756001
3856	0.113080393038691
3857	0.12668479223735
3858	0.113080393038691
3859	0.149358790901781
3860	0.172032789566213
3861	0.135754391703122
3862	0.135754391703122
3863	0.12668479223735
3864	0.131219591970236
3865	0.12668479223735
3866	0.122149992504463
3867	0.0813367949084862
3868	0.0994759938400316
3869	0.0722671954427137
3870	0.104010793572918
3871	0.113080393038691
3872	0.117615192771577
3873	0.0813367949084862
3874	0.090406394374259
3875	0.158428390367554
3876	0.158428390367554
3877	0.12668479223735
3878	0.0677323957098273
3879	0.131219591970236
3880	0.144823991168895
3881	0.12668479223735
3882	0.117615192771577
3883	0.117615192771577
3884	0.176567589299099
3885	0.0813367949084862
3886	0.0949411941071452
3887	0.149358790901781
3888	0.12668479223735
3889	0.149358790901781
3890	0.158428390367554
3891	0.0450583970453957
3892	0.135754391703122
3893	0.113080393038691
3894	0.131219591970236
3895	0.140289191436008
3896	0.104010793572918
3897	0.0994759938400316
3898	0.12668479223735
3899	0.117615192771577
3900	0.0768019951756001
3901	0.108545593305804
3902	0.0768019951756001
3903	0.131219591970236
3904	0.12668479223735
3905	0.12668479223735
3906	0.153893590634667
3907	0.144823991168895
3908	0.140289191436008
3909	0.144823991168895
3910	0.144823991168895
3911	0.16296319010044
3912	0.158428390367554
3913	0.108545593305804
3914	0.158428390367554
3915	0.090406394374259
3916	0.0813367949084862
3917	0.0949411941071452
3918	0.140289191436008
3919	0.104010793572918
3920	0.12668479223735
3921	0.104010793572918
3922	0.194706788230644
3923	0.185637188764872
3924	0.135754391703122
3925	0.0994759938400316
3926	0.16296319010044
3927	0.117615192771577
3928	0.0813367949084862
3929	0.149358790901781
3930	0.0949411941071452
3931	0.172032789566213
3932	0.113080393038691
3933	0.131219591970236
3934	0.158428390367554
3935	0.131219591970236
3936	0.0949411941071452
3937	0.144823991168895
3938	0.149358790901781
3939	0.167497989833326
3940	0.122149992504463
3941	0.176567589299099
3942	0.12668479223735
3943	0.0994759938400316
3944	0.144823991168895
3945	0.104010793572918
3946	0.117615192771577
3947	0.131219591970236
3948	0.181102389031985
3949	0.104010793572918
3950	0.16296319010044
3951	0.12668479223735
3952	0.140289191436008
3953	0.131219591970236
3954	0.144823991168895
3955	0.176567589299099
3956	0.158428390367554
3957	0.090406394374259
3958	0.176567589299099
3959	0.172032789566213
3960	0.12668479223735
3961	0.0949411941071452
3962	0.144823991168895
3963	0.16296319010044
3964	0.108545593305804
3965	0.149358790901781
3966	0.0858715946413726
3967	0.16296319010044
3968	0.104010793572918
3969	0.144823991168895
3970	0.144823991168895
3971	0.0495931967782821
3972	0.135754391703122
3973	0.0813367949084862
3974	0.108545593305804
3975	0.190171988497758
3976	0.090406394374259
3977	0.167497989833326
3978	0.117615192771577
3979	0.140289191436008
3980	0.12668479223735
3981	0.16296319010044
3982	0.181102389031985
3983	0.158428390367554
3984	0.181102389031985
3985	0.131219591970236
3986	0.135754391703122
3987	0.135754391703122
3988	0.144823991168895
3989	0.140289191436008
3990	0.117615192771577
3991	0.12668479223735
3992	0.117615192771577
3993	0.0586627962440547
3994	0.181102389031985
3995	0.135754391703122
3996	0.104010793572918
3997	0.108545593305804
3998	0.135754391703122
3999	0.12668479223735
4000	0.122149992504463
4001	0.140289191436008
4002	0.113080393038691
4003	0.153893590634667
4004	0.140289191436008
4005	0.122149992504463
4006	0.108545593305804
4007	0.0994759938400316
4008	0.0858715946413726
4009	0.113080393038691
4010	0.12668479223735
4011	0.0994759938400316
4012	0.149358790901781
4013	0.135754391703122
4014	0.117615192771577
4015	0.117615192771577
4016	0.185637188764872
4017	0.217380786895076
4018	0.104010793572918
4019	0.153893590634667
4020	0.153893590634667
4021	0.149358790901781
4022	0.158428390367554
4023	0.113080393038691
4024	0.0858715946413726
4025	0.144823991168895
4026	0.194706788230644
4027	0.185637188764872
4028	0.0994759938400316
4029	0.113080393038691
4030	0.158428390367554
4031	0.0450583970453957
4032	0.0949411941071452
4033	0.135754391703122
4034	0.131219591970236
4035	0.108545593305804
4036	0.12668479223735
4037	0.0994759938400316
4038	0.190171988497758
4039	0.0813367949084862
4040	0.113080393038691
4041	0.131219591970236
4042	0.144823991168895
4043	0.0858715946413726
4044	0.0722671954427137
4045	0.0768019951756001
4046	0.12668479223735
4047	0.140289191436008
4048	0.104010793572918
4049	0.149358790901781
4050	0.0949411941071452
4051	0.113080393038691
4052	0.12668479223735
4053	0.0994759938400316
4054	0.0949411941071452
4055	0.0631975959769411
4056	0.108545593305804
4057	0.122149992504463
4058	0.0768019951756001
4059	0.167497989833326
4060	0.0768019951756001
4061	0.122149992504463
4062	0.0949411941071452
4063	0.140289191436008
4064	0.12668479223735
4065	0.0541279965111683
4066	0.16296319010044
4067	0.122149992504463
4068	0.0631975959769411
4069	0.122149992504463
4070	0.131219591970236
4071	0.149358790901781
4072	0.0994759938400316
4073	0.090406394374259
4074	0.104010793572918
4075	0.135754391703122
4076	0.0858715946413726
4077	0.131219591970236
4078	0.122149992504463
4079	0.153893590634667
4080	0.194706788230644
4081	0.108545593305804
4082	0.131219591970236
4083	0.104010793572918
4084	0.113080393038691
4085	0.235519985826621
4086	0.131219591970236
4087	0.122149992504463
4088	0.185637188764872
4089	0.149358790901781
4090	0.149358790901781
4091	0.167497989833326
4092	0.203776387696417
4093	0.104010793572918
4094	0.144823991168895
4095	0.108545593305804
4096	0.158428390367554
4097	0.167497989833326
4098	0.149358790901781
4099	0.0994759938400316
4100	0.12668479223735
4101	0.16296319010044
4102	0.117615192771577
4103	0.090406394374259
4104	0.144823991168895
4105	0.172032789566213
4106	0.140289191436008
4107	0.0813367949084862
4108	0.0722671954427137
4109	0.104010793572918
4110	0.122149992504463
4111	0.176567589299099
4112	0.135754391703122
4113	0.135754391703122
4114	0.135754391703122
4115	0.113080393038691
4116	0.108545593305804
4117	0.104010793572918
4118	0.0768019951756001
4119	0.0722671954427137
4120	0.158428390367554
4121	0.131219591970236
4122	0.12668479223735
4123	0.108545593305804
4124	0.144823991168895
4125	0.0813367949084862
4126	0.135754391703122
4127	0.0949411941071452
4128	0.140289191436008
4129	0.153893590634667
4130	0.0359887975796231
4131	0.131219591970236
4132	0.0677323957098273
4133	0.0631975959769411
4134	0.117615192771577
4135	0.090406394374259
4136	0.122149992504463
4137	0.104010793572918
4138	0.108545593305804
4139	0.122149992504463
4140	0.104010793572918
4141	0.16296319010044
4142	0.135754391703122
4143	0.167497989833326
4144	0.113080393038691
4145	0.12668479223735
4146	0.108545593305804
4147	0.131219591970236
4148	0.131219591970236
4149	0.104010793572918
4150	0.153893590634667
4151	0.167497989833326
4152	0.0768019951756001
4153	0.104010793572918
4154	0.113080393038691
4155	0.153893590634667
4156	0.090406394374259
4157	0.117615192771577
4158	0.16296319010044
4159	0.135754391703122
4160	0.0813367949084862
4161	0.158428390367554
4162	0.12668479223735
4163	0.0949411941071452
4164	0.108545593305804
4165	0.135754391703122
4166	0.144823991168895
4167	0.135754391703122
4168	0.12668479223735
4169	0.117615192771577
4170	0.16296319010044
4171	0.090406394374259
4172	0.131219591970236
4173	0.122149992504463
4174	0.16296319010044
4175	0.0813367949084862
4176	0.153893590634667
4177	0.172032789566213
4178	0.090406394374259
4179	0.0949411941071452
4180	0.113080393038691
4181	0.117615192771577
4182	0.104010793572918
4183	0.158428390367554
4184	0.0949411941071452
4185	0.144823991168895
4186	0.104010793572918
4187	0.117615192771577
4188	0.0994759938400316
4189	0.0858715946413726
4190	0.117615192771577
4191	0.131219591970236
4192	0.16296319010044
4193	0.108545593305804
4194	0.158428390367554
4195	0.117615192771577
4196	0.144823991168895
4197	0.131219591970236
4198	0.0722671954427137
4199	0.108545593305804
4200	0.0949411941071452
4201	0.113080393038691
4202	0.090406394374259
4203	0.113080393038691
4204	0.16296319010044
4205	0.122149992504463
4206	0.194706788230644
4207	0.12668479223735
4208	0.176567589299099
4209	0.144823991168895
4210	0.16296319010044
4211	0.12668479223735
4212	0.104010793572918
4213	0.12668479223735
4214	0.167497989833326
4215	0.0677323957098273
4216	0.153893590634667
4217	0.0586627962440547
4218	0.158428390367554
4219	0.149358790901781
4220	0.0722671954427137
4221	0.144823991168895
4222	0.176567589299099
4223	0.117615192771577
4224	0.0994759938400316
4225	0.12668479223735
4226	0.108545593305804
4227	0.135754391703122
4228	0.104010793572918
4229	0.0813367949084862
4230	0.122149992504463
4231	0.117615192771577
4232	0.135754391703122
4233	0.131219591970236
4234	0.0994759938400316
4235	0.135754391703122
4236	0.12668479223735
4237	0.122149992504463
4238	0.090406394374259
4239	0.122149992504463
4240	0.113080393038691
4241	0.0858715946413726
4242	0.144823991168895
4243	0.122149992504463
4244	0.0586627962440547
4245	0.149358790901781
4246	0.0631975959769411
4247	0.0722671954427137
4248	0.135754391703122
4249	0.108545593305804
4250	0.140289191436008
4251	0.135754391703122
4252	0.176567589299099
4253	0.135754391703122
4254	0.0994759938400316
4255	0.113080393038691
4256	0.131219591970236
4257	0.16296319010044
4258	0.149358790901781
4259	0.108545593305804
4260	0.0586627962440547
4261	0.153893590634667
4262	0.131219591970236
4263	0.0949411941071452
4264	0.16296319010044
4265	0.16296319010044
4266	0.149358790901781
4267	0.131219591970236
4268	0.113080393038691
4269	0.0813367949084862
4270	0.131219591970236
4271	0.203776387696417
4272	0.140289191436008
4273	0.135754391703122
4274	0.12668479223735
4275	0.131219591970236
4276	0.104010793572918
4277	0.108545593305804
4278	0.090406394374259
4279	0.117615192771577
4280	0.122149992504463
4281	0.108545593305804
4282	0.0858715946413726
4283	0.104010793572918
4284	0.108545593305804
4285	0.113080393038691
4286	0.12668479223735
4287	0.0813367949084862
4288	0.104010793572918
4289	0.117615192771577
4290	0.149358790901781
4291	0.0768019951756001
4292	0.135754391703122
4293	0.140289191436008
4294	0.199241587963531
4295	0.122149992504463
4296	0.158428390367554
4297	0.144823991168895
4298	0.0813367949084862
4299	0.090406394374259
4300	0.0994759938400316
4301	0.0994759938400316
4302	0.135754391703122
4303	0.12668479223735
4304	0.122149992504463
4305	0.12668479223735
4306	0.131219591970236
4307	0.113080393038691
4308	0.167497989833326
4309	0.144823991168895
4310	0.190171988497758
4311	0.12668479223735
4312	0.181102389031985
4313	0.108545593305804
4314	0.104010793572918
4315	0.0722671954427137
4316	0.117615192771577
4317	0.113080393038691
4318	0.16296319010044
4319	0.153893590634667
4320	0.122149992504463
4321	0.0768019951756001
4322	0.090406394374259
4323	0.149358790901781
4324	0.0858715946413726
4325	0.113080393038691
4326	0.153893590634667
4327	0.135754391703122
4328	0.113080393038691
4329	0.0813367949084862
4330	0.12668479223735
4331	0.131219591970236
4332	0.12668479223735
4333	0.113080393038691
4334	0.194706788230644
4335	0.181102389031985
4336	0.135754391703122
4337	0.090406394374259
4338	0.108545593305804
4339	0.135754391703122
4340	0.176567589299099
4341	0.108545593305804
4342	0.16296319010044
4343	0.16296319010044
4344	0.104010793572918
4345	0.140289191436008
4346	0.12668479223735
4347	0.0858715946413726
4348	0.0994759938400316
4349	0.131219591970236
4350	0.0994759938400316
4351	0.113080393038691
4352	0.158428390367554
4353	0.158428390367554
4354	0.144823991168895
4355	0.0949411941071452
4356	0.131219591970236
4357	0.140289191436008
4358	0.167497989833326
4359	0.090406394374259
4360	0.135754391703122
4361	0.0677323957098273
4362	0.16296319010044
4363	0.140289191436008
4364	0.185637188764872
4365	0.149358790901781
4366	0.153893590634667
4367	0.0949411941071452
4368	0.131219591970236
4369	0.122149992504463
4370	0.135754391703122
4371	0.117615192771577
4372	0.090406394374259
4373	0.135754391703122
4374	0.135754391703122
4375	0.140289191436008
4376	0.0858715946413726
4377	0.203776387696417
4378	0.0813367949084862
4379	0.149358790901781
4380	0.122149992504463
4381	0.0768019951756001
4382	0.090406394374259
4383	0.108545593305804
4384	0.108545593305804
4385	0.108545593305804
4386	0.090406394374259
4387	0.144823991168895
4388	0.16296319010044
4389	0.113080393038691
4390	0.135754391703122
4391	0.176567589299099
4392	0.144823991168895
4393	0.149358790901781
4394	0.122149992504463
4395	0.135754391703122
4396	0.135754391703122
4397	0.140289191436008
4398	0.0949411941071452
4399	0.104010793572918
4400	0.149358790901781
4401	0.131219591970236
4402	0.0677323957098273
4403	0.140289191436008
4404	0.144823991168895
4405	0.199241587963531
4406	0.104010793572918
4407	0.090406394374259
4408	0.122149992504463
4409	0.0858715946413726
4410	0.135754391703122
4411	0.12668479223735
4412	0.122149992504463
4413	0.122149992504463
4414	0.113080393038691
4415	0.0858715946413726
4416	0.131219591970236
4417	0.0858715946413726
4418	0.217380786895076
4419	0.131219591970236
4420	0.12668479223735
4421	0.144823991168895
4422	0.131219591970236
4423	0.12668479223735
4424	0.16296319010044
4425	0.181102389031985
4426	0.140289191436008
4427	0.144823991168895
4428	0.104010793572918
4429	0.176567589299099
4430	0.117615192771577
4431	0.117615192771577
4432	0.12668479223735
4433	0.090406394374259
4434	0.12668479223735
4435	0.172032789566213
4436	0.104010793572918
4437	0.104010793572918
4438	0.153893590634667
4439	0.12668479223735
4440	0.0495931967782821
4441	0.0722671954427137
4442	0.0677323957098273
4443	0.122149992504463
4444	0.0994759938400316
4445	0.131219591970236
4446	0.108545593305804
4447	0.153893590634667
4448	0.153893590634667
4449	0.131219591970236
4450	0.190171988497758
4451	0.117615192771577
4452	0.122149992504463
4453	0.12668479223735
4454	0.0994759938400316
4455	0.16296319010044
4456	0.131219591970236
4457	0.131219591970236
4458	0.153893590634667
4459	0.0858715946413726
4460	0.117615192771577
4461	0.0813367949084862
4462	0.0586627962440547
4463	0.090406394374259
4464	0.0813367949084862
4465	0.185637188764872
4466	0.117615192771577
4467	0.149358790901781
4468	0.135754391703122
4469	0.0858715946413726
4470	0.158428390367554
4471	0.190171988497758
4472	0.153893590634667
4473	0.199241587963531
4474	0.0949411941071452
4475	0.167497989833326
4476	0.117615192771577
4477	0.131219591970236
4478	0.117615192771577
4479	0.12668479223735
4480	0.108545593305804
4481	0.167497989833326
4482	0.217380786895076
4483	0.090406394374259
4484	0.131219591970236
4485	0.0722671954427137
4486	0.0949411941071452
4487	0.0677323957098273
4488	0.149358790901781
4489	0.158428390367554
4490	0.0495931967782821
4491	0.149358790901781
4492	0.172032789566213
4493	0.104010793572918
4494	0.0541279965111683
4495	0.167497989833326
4496	0.131219591970236
4497	0.113080393038691
4498	0.0768019951756001
4499	0.108545593305804
4500	0.104010793572918
4501	0.135754391703122
4502	0.144823991168895
4503	0.16296319010044
4504	0.167497989833326
4505	0.113080393038691
4506	0.158428390367554
4507	0.0768019951756001
4508	0.122149992504463
4509	0.140289191436008
4510	0.104010793572918
4511	0.144823991168895
4512	0.122149992504463
4513	0.117615192771577
4514	0.16296319010044
4515	0.190171988497758
4516	0.122149992504463
4517	0.176567589299099
4518	0.12668479223735
4519	0.153893590634667
4520	0.16296319010044
4521	0.0813367949084862
4522	0.167497989833326
4523	0.0722671954427137
4524	0.0813367949084862
4525	0.149358790901781
4526	0.108545593305804
4527	0.158428390367554
4528	0.135754391703122
4529	0.176567589299099
4530	0.0677323957098273
4531	0.0768019951756001
4532	0.131219591970236
4533	0.0813367949084862
4534	0.0677323957098273
4535	0.190171988497758
4536	0.117615192771577
4537	0.158428390367554
4538	0.131219591970236
4539	0.0813367949084862
4540	0.122149992504463
4541	0.117615192771577
4542	0.135754391703122
4543	0.172032789566213
4544	0.149358790901781
4545	0.113080393038691
4546	0.131219591970236
4547	0.149358790901781
4548	0.0994759938400316
4549	0.104010793572918
4550	0.144823991168895
4551	0.12668479223735
4552	0.149358790901781
4553	0.131219591970236
4554	0.113080393038691
4555	0.167497989833326
4556	0.0949411941071452
4557	0.113080393038691
4558	0.176567589299099
4559	0.0586627962440547
4560	0.12668479223735
4561	0.131219591970236
4562	0.117615192771577
4563	0.113080393038691
4564	0.153893590634667
4565	0.131219591970236
4566	0.108545593305804
4567	0.0994759938400316
4568	0.16296319010044
4569	0.12668479223735
4570	0.122149992504463
4571	0.144823991168895
4572	0.135754391703122
4573	0.158428390367554
4574	0.158428390367554
4575	0.153893590634667
4576	0.113080393038691
4577	0.117615192771577
4578	0.113080393038691
4579	0.117615192771577
4580	0.0949411941071452
4581	0.113080393038691
4582	0.12668479223735
4583	0.122149992504463
4584	0.122149992504463
4585	0.135754391703122
4586	0.0994759938400316
4587	0.181102389031985
4588	0.16296319010044
4589	0.140289191436008
4590	0.108545593305804
4591	0.0586627962440547
4592	0.140289191436008
4593	0.153893590634667
4594	0.090406394374259
4595	0.153893590634667
4596	0.140289191436008
4597	0.158428390367554
4598	0.149358790901781
4599	0.149358790901781
4600	0.113080393038691
4601	0.144823991168895
4602	0.144823991168895
4603	0.108545593305804
4604	0.135754391703122
4605	0.131219591970236
4606	0.149358790901781
4607	0.176567589299099
4608	0.0949411941071452
4609	0.217380786895076
4610	0.131219591970236
4611	0.140289191436008
4612	0.172032789566213
4613	0.0677323957098273
4614	0.12668479223735
4615	0.090406394374259
4616	0.153893590634667
4617	0.153893590634667
4618	0.0813367949084862
4619	0.144823991168895
4620	0.0677323957098273
4621	0.12668479223735
4622	0.0858715946413726
4623	0.135754391703122
4624	0.0631975959769411
4625	0.153893590634667
4626	0.167497989833326
4627	0.0541279965111683
4628	0.153893590634667
4629	0.12668479223735
4630	0.113080393038691
4631	0.131219591970236
4632	0.122149992504463
4633	0.135754391703122
4634	0.16296319010044
4635	0.090406394374259
4636	0.117615192771577
4637	0.149358790901781
4638	0.0994759938400316
4639	0.140289191436008
4640	0.144823991168895
4641	0.158428390367554
4642	0.153893590634667
4643	0.0768019951756001
4644	0.144823991168895
4645	0.185637188764872
4646	0.153893590634667
4647	0.090406394374259
4648	0.199241587963531
4649	0.131219591970236
4650	0.0677323957098273
4651	0.122149992504463
4652	0.158428390367554
4653	0.149358790901781
4654	0.185637188764872
4655	0.122149992504463
4656	0.16296319010044
4657	0.144823991168895
4658	0.153893590634667
4659	0.12668479223735
4660	0.190171988497758
4661	0.199241587963531
4662	0.153893590634667
4663	0.113080393038691
4664	0.0858715946413726
4665	0.167497989833326
4666	0.0949411941071452
4667	0.167497989833326
4668	0.199241587963531
4669	0.135754391703122
4670	0.135754391703122
4671	0.0768019951756001
4672	0.122149992504463
4673	0.131219591970236
4674	0.117615192771577
4675	0.131219591970236
4676	0.0813367949084862
4677	0.108545593305804
4678	0.158428390367554
4679	0.104010793572918
4680	0.158428390367554
4681	0.090406394374259
4682	0.144823991168895
4683	0.135754391703122
4684	0.131219591970236
4685	0.0631975959769411
4686	0.090406394374259
4687	0.0994759938400316
4688	0.0768019951756001
4689	0.16296319010044
4690	0.0858715946413726
4691	0.113080393038691
4692	0.0949411941071452
4693	0.104010793572918
4694	0.108545593305804
4695	0.0813367949084862
4696	0.0495931967782821
4697	0.108545593305804
4698	0.117615192771577
4699	0.0949411941071452
4700	0.176567589299099
4701	0.158428390367554
4702	0.131219591970236
4703	0.0677323957098273
4704	0.149358790901781
4705	0.122149992504463
4706	0.108545593305804
4707	0.090406394374259
4708	0.0722671954427137
4709	0.108545593305804
4710	0.108545593305804
4711	0.176567589299099
4712	0.16296319010044
4713	0.0858715946413726
4714	0.0994759938400316
4715	0.108545593305804
4716	0.135754391703122
4717	0.0949411941071452
4718	0.131219591970236
4719	0.140289191436008
4720	0.149358790901781
4721	0.104010793572918
4722	0.0994759938400316
4723	0.0541279965111683
4724	0.172032789566213
4725	0.117615192771577
4726	0.144823991168895
4727	0.0858715946413726
4728	0.104010793572918
4729	0.0768019951756001
4730	0.144823991168895
4731	0.104010793572918
4732	0.0768019951756001
4733	0.135754391703122
4734	0.140289191436008
4735	0.122149992504463
4736	0.181102389031985
4737	0.131219591970236
4738	0.122149992504463
4739	0.0722671954427137
4740	0.0813367949084862
4741	0.131219591970236
4742	0.113080393038691
4743	0.104010793572918
4744	0.0994759938400316
4745	0.149358790901781
4746	0.144823991168895
4747	0.140289191436008
4748	0.167497989833326
4749	0.0405235973125093
4750	0.0405235973125093
4751	0.0949411941071452
4752	0.122149992504463
4753	0.16296319010044
4754	0.122149992504463
4755	0.135754391703122
4756	0.108545593305804
4757	0.131219591970236
4758	0.140289191436008
4759	0.135754391703122
4760	0.158428390367554
4761	0.12668479223735
4762	0.113080393038691
4763	0.149358790901781
4764	0.0722671954427137
4765	0.12668479223735
4766	0.167497989833326
4767	0.0994759938400316
4768	0.167497989833326
4769	0.158428390367554
4770	0.140289191436008
4771	0.144823991168895
4772	0.144823991168895
4773	0.16296319010044
4774	0.181102389031985
4775	0.158428390367554
4776	0.108545593305804
4777	0.135754391703122
4778	0.12668479223735
4779	0.113080393038691
4780	0.135754391703122
4781	0.122149992504463
4782	0.122149992504463
4783	0.0994759938400316
4784	0.16296319010044
4785	0.144823991168895
4786	0.117615192771577
4787	0.149358790901781
4788	0.0949411941071452
4789	0.131219591970236
4790	0.135754391703122
4791	0.153893590634667
4792	0.144823991168895
4793	0.117615192771577
4794	0.230985186093735
4795	0.0768019951756001
4796	0.0949411941071452
4797	0.135754391703122
4798	0.122149992504463
4799	0.181102389031985
4800	0.0677323957098273
4801	0.113080393038691
4802	0.149358790901781
4803	0.0949411941071452
4804	0.090406394374259
4805	0.113080393038691
4806	0.149358790901781
4807	0.0450583970453957
4808	0.104010793572918
4809	0.135754391703122
4810	0.104010793572918
4811	0.172032789566213
4812	0.104010793572918
4813	0.135754391703122
4814	0.108545593305804
4815	0.131219591970236
4816	0.153893590634667
4817	0.135754391703122
4818	0.090406394374259
4819	0.135754391703122
4820	0.158428390367554
4821	0.149358790901781
4822	0.131219591970236
4823	0.149358790901781
4824	0.090406394374259
4825	0.090406394374259
4826	0.144823991168895
4827	0.117615192771577
4828	0.0768019951756001
4829	0.135754391703122
4830	0.0994759938400316
4831	0.0994759938400316
4832	0.181102389031985
4833	0.172032789566213
4834	0.108545593305804
4835	0.131219591970236
4836	0.0994759938400316
4837	0.176567589299099
4838	0.12668479223735
4839	0.149358790901781
4840	0.0949411941071452
4841	0.149358790901781
4842	0.104010793572918
4843	0.172032789566213
4844	0.0631975959769411
4845	0.12668479223735
4846	0.0768019951756001
4847	0.117615192771577
4848	0.149358790901781
4849	0.149358790901781
4850	0.144823991168895
4851	0.181102389031985
4852	0.140289191436008
4853	0.0994759938400316
4854	0.21284598716219
4855	0.0949411941071452
4856	0.117615192771577
4857	0.144823991168895
4858	0.090406394374259
4859	0.0949411941071452
4860	0.090406394374259
4861	0.167497989833326
4862	0.0949411941071452
4863	0.149358790901781
4864	0.149358790901781
4865	0.0858715946413726
4866	0.149358790901781
4867	0.0858715946413726
4868	0.16296319010044
4869	0.176567589299099
4870	0.122149992504463
4871	0.158428390367554
4872	0.158428390367554
4873	0.0949411941071452
4874	0.194706788230644
4875	0.131219591970236
4876	0.122149992504463
4877	0.122149992504463
4878	0.135754391703122
4879	0.0949411941071452
4880	0.0768019951756001
4881	0.0949411941071452
4882	0.153893590634667
4883	0.0631975959769411
4884	0.104010793572918
4885	0.0813367949084862
4886	0.176567589299099
4887	0.131219591970236
4888	0.176567589299099
4889	0.158428390367554
4890	0.0949411941071452
4891	0.0631975959769411
4892	0.113080393038691
4893	0.122149992504463
4894	0.158428390367554
4895	0.090406394374259
4896	0.108545593305804
4897	0.117615192771577
4898	0.0858715946413726
4899	0.0949411941071452
4900	0.185637188764872
4901	0.117615192771577
4902	0.0631975959769411
4903	0.113080393038691
4904	0.113080393038691
4905	0.135754391703122
4906	0.140289191436008
4907	0.090406394374259
4908	0.0949411941071452
4909	0.0495931967782821
4910	0.090406394374259
4911	0.113080393038691
4912	0.104010793572918
4913	0.117615192771577
4914	0.149358790901781
4915	0.117615192771577
4916	0.0994759938400316
4917	0.122149992504463
4918	0.12668479223735
4919	0.12668479223735
4920	0.108545593305804
4921	0.131219591970236
4922	0.135754391703122
4923	0.113080393038691
4924	0.176567589299099
4925	0.0858715946413726
4926	0.108545593305804
4927	0.181102389031985
4928	0.181102389031985
4929	0.122149992504463
4930	0.113080393038691
4931	0.144823991168895
4932	0.117615192771577
4933	0.185637188764872
4934	0.0858715946413726
4935	0.140289191436008
4936	0.190171988497758
4937	0.117615192771577
4938	0.135754391703122
4939	0.104010793572918
4940	0.108545593305804
4941	0.090406394374259
4942	0.131219591970236
4943	0.122149992504463
4944	0.108545593305804
4945	0.131219591970236
4946	0.104010793572918
4947	0.122149992504463
4948	0.135754391703122
4949	0.108545593305804
4950	0.117615192771577
4951	0.185637188764872
4952	0.158428390367554
4953	0.167497989833326
4954	0.117615192771577
4955	0.122149992504463
4956	0.131219591970236
4957	0.158428390367554
4958	0.0858715946413726
4959	0.131219591970236
4960	0.0949411941071452
4961	0.140289191436008
4962	0.108545593305804
4963	0.153893590634667
4964	0.144823991168895
4965	0.0949411941071452
4966	0.0405235973125093
4967	0.153893590634667
4968	0.090406394374259
4969	0.122149992504463
4970	0.0722671954427137
4971	0.140289191436008
4972	0.172032789566213
4973	0.108545593305804
4974	0.0949411941071452
4975	0.149358790901781
4976	0.090406394374259
4977	0.113080393038691
4978	0.0994759938400316
4979	0.090406394374259
4980	0.12668479223735
4981	0.0813367949084862
4982	0.122149992504463
4983	0.117615192771577
4984	0.131219591970236
4985	0.135754391703122
4986	0.144823991168895
4987	0.0541279965111683
4988	0.113080393038691
4989	0.172032789566213
4990	0.108545593305804
4991	0.131219591970236
4992	0.135754391703122
4993	0.117615192771577
4994	0.113080393038691
4995	0.158428390367554
4996	0.113080393038691
4997	0.135754391703122
4998	0.172032789566213
4999	0.0677323957098273
5000	0.113080393038691
5001	0.113080393038691
5002	0.149358790901781
5003	0.0722671954427137
5004	0.131219591970236
5005	0.0949411941071452
5006	0.131219591970236
5007	0.104010793572918
5008	0.12668479223735
5009	0.135754391703122
5010	0.122149992504463
5011	0.108545593305804
5012	0.16296319010044
5013	0.090406394374259
5014	0.135754391703122
5015	0.104010793572918
5016	0.149358790901781
5017	0.0677323957098273
5018	0.117615192771577
5019	0.185637188764872
5020	0.140289191436008
5021	0.108545593305804
5022	0.113080393038691
5023	0.149358790901781
5024	0.153893590634667
5025	0.167497989833326
5026	0.122149992504463
5027	0.122149992504463
5028	0.140289191436008
5029	0.0994759938400316
5030	0.12668479223735
5031	0.0722671954427137
5032	0.0994759938400316
5033	0.108545593305804
5034	0.199241587963531
5035	0.0949411941071452
5036	0.149358790901781
5037	0.172032789566213
5038	0.172032789566213
5039	0.153893590634667
5040	0.149358790901781
5041	0.149358790901781
5042	0.149358790901781
5043	0.108545593305804
5044	0.199241587963531
5045	0.149358790901781
5046	0.090406394374259
5047	0.113080393038691
5048	0.131219591970236
5049	0.167497989833326
5050	0.203776387696417
5051	0.0722671954427137
5052	0.131219591970236
5053	0.113080393038691
5054	0.149358790901781
5055	0.0949411941071452
5056	0.113080393038691
5057	0.0994759938400316
5058	0.217380786895076
5059	0.113080393038691
5060	0.0949411941071452
5061	0.194706788230644
5062	0.144823991168895
5063	0.113080393038691
5064	0.144823991168895
5065	0.113080393038691
5066	0.153893590634667
5067	0.0722671954427137
5068	0.131219591970236
5069	0.153893590634667
5070	0.12668479223735
5071	0.158428390367554
5072	0.104010793572918
5073	0.153893590634667
5074	0.104010793572918
5075	0.135754391703122
5076	0.117615192771577
5077	0.113080393038691
5078	0.0858715946413726
5079	0.135754391703122
5080	0.0450583970453957
5081	0.135754391703122
5082	0.217380786895076
5083	0.0813367949084862
5084	0.0586627962440547
5085	0.0813367949084862
5086	0.140289191436008
5087	0.0858715946413726
5088	0.0949411941071452
5089	0.144823991168895
5090	0.090406394374259
5091	0.149358790901781
5092	0.181102389031985
5093	0.131219591970236
5094	0.122149992504463
5095	0.135754391703122
5096	0.203776387696417
5097	0.090406394374259
5098	0.131219591970236
5099	0.0949411941071452
5100	0.113080393038691
5101	0.0994759938400316
5102	0.0541279965111683
5103	0.0949411941071452
5104	0.117615192771577
5105	0.104010793572918
5106	0.149358790901781
5107	0.135754391703122
5108	0.108545593305804
5109	0.113080393038691
5110	0.104010793572918
5111	0.108545593305804
5112	0.0677323957098273
5113	0.113080393038691
5114	0.0994759938400316
5115	0.12668479223735
5116	0.172032789566213
5117	0.16296319010044
5118	0.135754391703122
5119	0.090406394374259
5120	0.12668479223735
5121	0.131219591970236
5122	0.090406394374259
5123	0.122149992504463
5124	0.167497989833326
5125	0.140289191436008
5126	0.0677323957098273
5127	0.144823991168895
5128	0.12668479223735
5129	0.140289191436008
5130	0.108545593305804
5131	0.16296319010044
5132	0.113080393038691
5133	0.117615192771577
5134	0.144823991168895
5135	0.135754391703122
5136	0.131219591970236
5137	0.0722671954427137
5138	0.131219591970236
5139	0.149358790901781
5140	0.117615192771577
5141	0.149358790901781
5142	0.104010793572918
5143	0.190171988497758
5144	0.167497989833326
5145	0.113080393038691
5146	0.12668479223735
5147	0.090406394374259
5148	0.135754391703122
5149	0.0949411941071452
5150	0.185637188764872
5151	0.158428390367554
5152	0.167497989833326
5153	0.0813367949084862
5154	0.090406394374259
5155	0.144823991168895
5156	0.16296319010044
5157	0.117615192771577
5158	0.135754391703122
5159	0.0994759938400316
5160	0.0994759938400316
5161	0.0858715946413726
5162	0.122149992504463
5163	0.113080393038691
5164	0.12668479223735
5165	0.144823991168895
5166	0.090406394374259
5167	0.117615192771577
5168	0.135754391703122
5169	0.158428390367554
5170	0.181102389031985
5171	0.0858715946413726
5172	0.104010793572918
5173	0.0813367949084862
5174	0.135754391703122
5175	0.140289191436008
5176	0.090406394374259
5177	0.0949411941071452
5178	0.108545593305804
5179	0.090406394374259
5180	0.0768019951756001
5181	0.0949411941071452
5182	0.0949411941071452
5183	0.176567589299099
5184	0.144823991168895
5185	0.104010793572918
5186	0.0631975959769411
5187	0.113080393038691
5188	0.0768019951756001
5189	0.117615192771577
5190	0.0858715946413726
5191	0.153893590634667
5192	0.113080393038691
5193	0.144823991168895
5194	0.172032789566213
5195	0.0677323957098273
5196	0.140289191436008
5197	0.122149992504463
5198	0.153893590634667
5199	0.122149992504463
5200	0.108545593305804
5201	0.135754391703122
5202	0.153893590634667
5203	0.0858715946413726
5204	0.140289191436008
5205	0.149358790901781
5206	0.113080393038691
5207	0.0813367949084862
5208	0.131219591970236
5209	0.104010793572918
5210	0.158428390367554
5211	0.190171988497758
5212	0.158428390367554
5213	0.0858715946413726
5214	0.181102389031985
5215	0.158428390367554
5216	0.181102389031985
5217	0.144823991168895
5218	0.117615192771577
5219	0.117615192771577
5220	0.135754391703122
5221	0.108545593305804
5222	0.172032789566213
5223	0.0677323957098273
5224	0.167497989833326
5225	0.104010793572918
5226	0.135754391703122
5227	0.0994759938400316
5228	0.113080393038691
5229	0.108545593305804
5230	0.0949411941071452
5231	0.144823991168895
5232	0.12668479223735
5233	0.122149992504463
5234	0.144823991168895
5235	0.135754391703122
5236	0.0813367949084862
5237	0.113080393038691
5238	0.117615192771577
5239	0.140289191436008
5240	0.122149992504463
5241	0.181102389031985
5242	0.104010793572918
5243	0.181102389031985
5244	0.0949411941071452
5245	0.108545593305804
5246	0.149358790901781
5247	0.149358790901781
5248	0.0722671954427137
5249	0.108545593305804
5250	0.104010793572918
5251	0.172032789566213
5252	0.131219591970236
5253	0.0949411941071452
5254	0.0858715946413726
5255	0.144823991168895
5256	0.16296319010044
5257	0.0994759938400316
5258	0.176567589299099
5259	0.104010793572918
5260	0.140289191436008
5261	0.108545593305804
5262	0.153893590634667
5263	0.122149992504463
5264	0.0677323957098273
5265	0.104010793572918
5266	0.185637188764872
5267	0.12668479223735
5268	0.135754391703122
5269	0.135754391703122
5270	0.117615192771577
5271	0.190171988497758
5272	0.12668479223735
5273	0.144823991168895
5274	0.090406394374259
5275	0.12668479223735
5276	0.131219591970236
5277	0.113080393038691
5278	0.0858715946413726
5279	0.0949411941071452
5280	0.185637188764872
5281	0.108545593305804
5282	0.0813367949084862
5283	0.113080393038691
5284	0.16296319010044
5285	0.158428390367554
5286	0.135754391703122
5287	0.135754391703122
5288	0.090406394374259
5289	0.0722671954427137
5290	0.16296319010044
5291	0.135754391703122
5292	0.131219591970236
5293	0.172032789566213
5294	0.131219591970236
5295	0.108545593305804
5296	0.131219591970236
5297	0.122149992504463
5298	0.104010793572918
5299	0.131219591970236
5300	0.117615192771577
5301	0.230985186093735
5302	0.0586627962440547
5303	0.16296319010044
5304	0.144823991168895
5305	0.131219591970236
5306	0.12668479223735
5307	0.12668479223735
5308	0.12668479223735
5309	0.00877999918230521
5310	0.12668479223735
5311	0.0722671954427137
5312	0.0768019951756001
5313	0.104010793572918
5314	0.131219591970236
5315	0.12668479223735
5316	0.12668479223735
5317	0.0722671954427137
5318	0.144823991168895
5319	0.0405235973125093
5320	0.0994759938400316
5321	0.21284598716219
5322	0.131219591970236
5323	0.0949411941071452
5324	0.113080393038691
5325	0.0586627962440547
5326	0.135754391703122
5327	0.16296319010044
5328	0.144823991168895
5329	0.113080393038691
5330	0.113080393038691
5331	0.108545593305804
5332	0.12668479223735
5333	0.131219591970236
5334	0.149358790901781
5335	0.0858715946413726
5336	0.203776387696417
5337	0.135754391703122
5338	0.131219591970236
5339	0.167497989833326
5340	0.131219591970236
5341	0.12668479223735
5342	0.12668479223735
5343	0.113080393038691
5344	0.090406394374259
5345	0.149358790901781
5346	0.108545593305804
5347	0.108545593305804
5348	0.122149992504463
5349	0.0858715946413726
5350	0.21284598716219
5351	0.144823991168895
5352	0.0722671954427137
5353	0.104010793572918
5354	0.0813367949084862
5355	0.135754391703122
5356	0.149358790901781
5357	0.0768019951756001
5358	0.135754391703122
5359	0.104010793572918
5360	0.104010793572918
5361	0.181102389031985
5362	0.117615192771577
5363	0.122149992504463
5364	0.0586627962440547
5365	0.140289191436008
5366	0.12668479223735
5367	0.108545593305804
5368	0.181102389031985
5369	0.113080393038691
5370	0.149358790901781
5371	0.113080393038691
5372	0.153893590634667
5373	0.0768019951756001
5374	0.122149992504463
5375	0.181102389031985
5376	0.135754391703122
5377	0.090406394374259
5378	0.16296319010044
5379	0.190171988497758
5380	0.117615192771577
5381	0.117615192771577
5382	0.181102389031985
5383	0.140289191436008
5384	0.144823991168895
5385	0.176567589299099
5386	0.144823991168895
5387	0.104010793572918
5388	0.0677323957098273
5389	0.140289191436008
5390	0.167497989833326
5391	0.104010793572918
5392	0.21284598716219
5393	0.113080393038691
5394	0.131219591970236
5395	0.117615192771577
5396	0.176567589299099
5397	0.135754391703122
5398	0.104010793572918
5399	0.131219591970236
5400	0.140289191436008
5401	0.090406394374259
5402	0.172032789566213
5403	0.176567589299099
5404	0.108545593305804
5405	0.108545593305804
5406	0.117615192771577
5407	0.0813367949084862
5408	0.16296319010044
5409	0.153893590634667
5410	0.135754391703122
5411	0.108545593305804
5412	0.176567589299099
5413	0.0768019951756001
5414	0.12668479223735
5415	0.131219591970236
5416	0.158428390367554
5417	0.135754391703122
5418	0.149358790901781
5419	0.0768019951756001
5420	0.176567589299099
5421	0.0722671954427137
5422	0.140289191436008
5423	0.149358790901781
5424	0.0858715946413726
5425	0.0858715946413726
5426	0.131219591970236
5427	0.153893590634667
5428	0.16296319010044
5429	0.135754391703122
5430	0.104010793572918
5431	0.104010793572918
5432	0.090406394374259
5433	0.104010793572918
5434	0.140289191436008
5435	0.131219591970236
5436	0.104010793572918
5437	0.153893590634667
5438	0.0949411941071452
5439	0.0541279965111683
5440	0.135754391703122
5441	0.158428390367554
5442	0.12668479223735
5443	0.108545593305804
5444	0.113080393038691
5445	0.230985186093735
5446	0.113080393038691
5447	0.0994759938400316
5448	0.153893590634667
5449	0.144823991168895
5450	0.176567589299099
5451	0.144823991168895
5452	0.185637188764872
5453	0.153893590634667
5454	0.185637188764872
5455	0.0677323957098273
5456	0.140289191436008
5457	0.117615192771577
5458	0.12668479223735
5459	0.181102389031985
5460	0.131219591970236
5461	0.108545593305804
5462	0.108545593305804
5463	0.153893590634667
5464	0.090406394374259
5465	0.149358790901781
5466	0.0677323957098273
5467	0.135754391703122
5468	0.0858715946413726
5469	0.167497989833326
5470	0.135754391703122
5471	0.104010793572918
5472	0.104010793572918
5473	0.0722671954427137
5474	0.0858715946413726
5475	0.108545593305804
5476	0.131219591970236
5477	0.104010793572918
5478	0.158428390367554
5479	0.0949411941071452
5480	0.131219591970236
5481	0.0994759938400316
5482	0.0405235973125093
5483	0.0813367949084862
5484	0.144823991168895
5485	0.113080393038691
5486	0.172032789566213
5487	0.16296319010044
5488	0.181102389031985
5489	0.113080393038691
5490	0.108545593305804
5491	0.144823991168895
5492	0.149358790901781
5493	0.176567589299099
5494	0.117615192771577
5495	0.0858715946413726
5496	0.0722671954427137
5497	0.0631975959769411
5498	0.12668479223735
5499	0.158428390367554
5500	0.144823991168895
5501	0.117615192771577
5502	0.167497989833326
5503	0.117615192771577
5504	0.0631975959769411
5505	0.153893590634667
5506	0.167497989833326
5507	0.108545593305804
5508	0.167497989833326
5509	0.176567589299099
5510	0.12668479223735
5511	0.0450583970453957
5512	0.0949411941071452
5513	0.194706788230644
5514	0.0858715946413726
5515	0.108545593305804
5516	0.140289191436008
5517	0.0994759938400316
5518	0.172032789566213
5519	0.153893590634667
5520	0.0994759938400316
5521	0.113080393038691
5522	0.117615192771577
5523	0.104010793572918
5524	0.131219591970236
5525	0.144823991168895
5526	0.090406394374259
5527	0.140289191436008
5528	0.090406394374259
5529	0.181102389031985
5530	0.0631975959769411
5531	0.090406394374259
5532	0.135754391703122
5533	0.117615192771577
5534	0.140289191436008
5535	0.108545593305804
5536	0.108545593305804
5537	0.172032789566213
5538	0.0858715946413726
5539	0.108545593305804
5540	0.0722671954427137
5541	0.122149992504463
5542	0.090406394374259
5543	0.140289191436008
5544	0.108545593305804
5545	0.12668479223735
5546	0.122149992504463
5547	0.090406394374259
5548	0.0994759938400316
5549	0.122149992504463
5550	0.0586627962440547
5551	0.117615192771577
5552	0.167497989833326
5553	0.172032789566213
5554	0.176567589299099
5555	0.122149992504463
5556	0.167497989833326
5557	0.140289191436008
5558	0.181102389031985
5559	0.0858715946413726
5560	0.140289191436008
5561	0.0586627962440547
5562	0.135754391703122
5563	0.16296319010044
5564	0.144823991168895
5565	0.108545593305804
5566	0.149358790901781
5567	0.140289191436008
5568	0.117615192771577
5569	0.122149992504463
5570	0.0949411941071452
5571	0.144823991168895
5572	0.16296319010044
5573	0.131219591970236
5574	0.140289191436008
5575	0.149358790901781
5576	0.135754391703122
5577	0.131219591970236
5578	0.0813367949084862
5579	0.0994759938400316
5580	0.12668479223735
5581	0.135754391703122
5582	0.172032789566213
5583	0.167497989833326
5584	0.135754391703122
5585	0.0631975959769411
5586	0.131219591970236
5587	0.149358790901781
5588	0.0994759938400316
5589	0.12668479223735
5590	0.135754391703122
5591	0.149358790901781
5592	0.122149992504463
5593	0.176567589299099
5594	0.104010793572918
5595	0.203776387696417
5596	0.0858715946413726
5597	0.104010793572918
5598	0.090406394374259
5599	0.117615192771577
5600	0.0858715946413726
5601	0.0994759938400316
5602	0.12668479223735
5603	0.12668479223735
5604	0.153893590634667
5605	0.12668479223735
5606	0.108545593305804
5607	0.135754391703122
5608	0.135754391703122
5609	0.16296319010044
5610	0.0994759938400316
5611	0.221915586627962
5612	0.135754391703122
5613	0.21284598716219
5614	0.176567589299099
5615	0.090406394374259
5616	0.144823991168895
5617	0.158428390367554
5618	0.113080393038691
5619	0.149358790901781
5620	0.0994759938400316
5621	0.0450583970453957
5622	0.0768019951756001
5623	0.172032789566213
5624	0.0994759938400316
5625	0.131219591970236
5626	0.122149992504463
5627	0.144823991168895
5628	0.153893590634667
5629	0.176567589299099
5630	0.158428390367554
5631	0.0858715946413726
5632	0.131219591970236
5633	0.199241587963531
5634	0.0495931967782821
5635	0.176567589299099
5636	0.0586627962440547
5637	0.153893590634667
5638	0.153893590634667
5639	0.0631975959769411
5640	0.140289191436008
5641	0.16296319010044
5642	0.090406394374259
5643	0.117615192771577
5644	0.149358790901781
5645	0.108545593305804
5646	0.149358790901781
5647	0.140289191436008
5648	0.190171988497758
5649	0.0858715946413726
5650	0.16296319010044
5651	0.176567589299099
5652	0.135754391703122
5653	0.0994759938400316
5654	0.090406394374259
5655	0.172032789566213
5656	0.117615192771577
5657	0.153893590634667
5658	0.117615192771577
5659	0.0768019951756001
5660	0.117615192771577
5661	0.0994759938400316
5662	0.12668479223735
5663	0.0994759938400316
5664	0.140289191436008
5665	0.0768019951756001
5666	0.0768019951756001
5667	0.144823991168895
5668	0.144823991168895
5669	0.167497989833326
5670	0.122149992504463
5671	0.158428390367554
5672	0.117615192771577
5673	0.12668479223735
5674	0.153893590634667
5675	0.0631975959769411
5676	0.158428390367554
5677	0.0949411941071452
5678	0.149358790901781
5679	0.0813367949084862
5680	0.0949411941071452
5681	0.181102389031985
5682	0.090406394374259
5683	0.144823991168895
5684	0.140289191436008
5685	0.144823991168895
5686	0.090406394374259
5687	0.122149992504463
5688	0.0768019951756001
5689	0.0994759938400316
5690	0.131219591970236
5691	0.122149992504463
5692	0.172032789566213
5693	0.12668479223735
5694	0.16296319010044
5695	0.0858715946413726
5696	0.0450583970453957
5697	0.140289191436008
5698	0.12668479223735
5699	0.0450583970453957
5700	0.12668479223735
5701	0.12668479223735
5702	0.158428390367554
5703	0.131219591970236
5704	0.140289191436008
5705	0.0768019951756001
5706	0.0631975959769411
5707	0.144823991168895
5708	0.0994759938400316
5709	0.131219591970236
5710	0.0813367949084862
5711	0.12668479223735
5712	0.090406394374259
5713	0.167497989833326
5714	0.12668479223735
5715	0.199241587963531
5716	0.0994759938400316
5717	0.0722671954427137
5718	0.149358790901781
5719	0.090406394374259
5720	0.113080393038691
5721	0.135754391703122
5722	0.172032789566213
5723	0.135754391703122
5724	0.122149992504463
5725	0.090406394374259
5726	0.0495931967782821
5727	0.108545593305804
5728	0.140289191436008
5729	0.135754391703122
5730	0.113080393038691
5731	0.113080393038691
5732	0.12668479223735
5733	0.167497989833326
5734	0.113080393038691
5735	0.140289191436008
5736	0.149358790901781
5737	0.0949411941071452
5738	0.0586627962440547
5739	0.144823991168895
5740	0.122149992504463
5741	0.194706788230644
5742	0.122149992504463
5743	0.131219591970236
5744	0.144823991168895
5745	0.153893590634667
5746	0.131219591970236
5747	0.153893590634667
5748	0.0994759938400316
5749	0.0994759938400316
5750	0.0858715946413726
5751	0.185637188764872
5752	0.113080393038691
5753	0.0722671954427137
5754	0.090406394374259
5755	0.0994759938400316
5756	0.172032789566213
5757	0.16296319010044
5758	0.0994759938400316
5759	0.108545593305804
5760	0.12668479223735
5761	0.12668479223735
5762	0.190171988497758
5763	0.144823991168895
5764	0.153893590634667
5765	0.140289191436008
5766	0.0768019951756001
5767	0.113080393038691
5768	0.131219591970236
5769	0.0813367949084862
5770	0.158428390367554
5771	0.140289191436008
5772	0.149358790901781
5773	0.140289191436008
5774	0.113080393038691
5775	0.104010793572918
5776	0.176567589299099
5777	0.108545593305804
5778	0.113080393038691
5779	0.117615192771577
5780	0.172032789566213
5781	0.104010793572918
5782	0.0722671954427137
5783	0.122149992504463
5784	0.0949411941071452
5785	0.108545593305804
5786	0.0631975959769411
5787	0.122149992504463
5788	0.122149992504463
5789	0.158428390367554
5790	0.108545593305804
5791	0.135754391703122
5792	0.117615192771577
5793	0.113080393038691
5794	0.158428390367554
5795	0.140289191436008
5796	0.131219591970236
5797	0.131219591970236
5798	0.131219591970236
5799	0.122149992504463
5800	0.144823991168895
5801	0.12668479223735
5802	0.0813367949084862
5803	0.12668479223735
5804	0.0994759938400316
5805	0.131219591970236
5806	0.0994759938400316
5807	0.167497989833326
5808	0.131219591970236
5809	0.113080393038691
5810	0.131219591970236
5811	0.190171988497758
5812	0.0813367949084862
5813	0.140289191436008
5814	0.122149992504463
5815	0.153893590634667
5816	0.172032789566213
5817	0.144823991168895
5818	0.090406394374259
5819	0.113080393038691
5820	0.117615192771577
5821	0.113080393038691
5822	0.12668479223735
5823	0.0768019951756001
5824	0.113080393038691
5825	0.0858715946413726
5826	0.0858715946413726
5827	0.176567589299099
5828	0.172032789566213
5829	0.176567589299099
5830	0.181102389031985
5831	0.140289191436008
5832	0.090406394374259
5833	0.0994759938400316
5834	0.113080393038691
5835	0.117615192771577
5836	0.0677323957098273
5837	0.140289191436008
5838	0.0949411941071452
5839	0.135754391703122
5840	0.0949411941071452
5841	0.131219591970236
5842	0.12668479223735
5843	0.131219591970236
5844	0.135754391703122
5845	0.0858715946413726
5846	0.0994759938400316
5847	0.113080393038691
5848	0.0994759938400316
5849	0.158428390367554
5850	0.108545593305804
5851	0.122149992504463
5852	0.0631975959769411
5853	0.104010793572918
5854	0.176567589299099
5855	0.0858715946413726
5856	0.0949411941071452
5857	0.0994759938400316
5858	0.0994759938400316
5859	0.0949411941071452
5860	0.140289191436008
5861	0.149358790901781
5862	0.140289191436008
5863	0.113080393038691
5864	0.0813367949084862
5865	0.0813367949084862
5866	0.0994759938400316
5867	0.0949411941071452
5868	0.0949411941071452
5869	0.0631975959769411
5870	0.181102389031985
5871	0.16296319010044
5872	0.104010793572918
5873	0.144823991168895
5874	0.113080393038691
5875	0.117615192771577
5876	0.181102389031985
5877	0.0495931967782821
5878	0.0495931967782821
5879	0.108545593305804
5880	0.158428390367554
5881	0.21284598716219
5882	0.117615192771577
5883	0.104010793572918
5884	0.122149992504463
5885	0.131219591970236
5886	0.153893590634667
5887	0.12668479223735
5888	0.172032789566213
5889	0.158428390367554
5890	0.090406394374259
5891	0.0994759938400316
5892	0.0949411941071452
5893	0.108545593305804
5894	0.113080393038691
5895	0.153893590634667
5896	0.149358790901781
5897	0.149358790901781
5898	0.140289191436008
5899	0.144823991168895
5900	0.158428390367554
5901	0.176567589299099
5902	0.122149992504463
5903	0.131219591970236
5904	0.131219591970236
5905	0.117615192771577
5906	0.12668479223735
5907	0.108545593305804
5908	0.0949411941071452
5909	0.135754391703122
5910	0.0858715946413726
5911	0.144823991168895
5912	0.158428390367554
5913	0.113080393038691
5914	0.122149992504463
5915	0.131219591970236
5916	0.140289191436008
5917	0.131219591970236
5918	0.149358790901781
5919	0.135754391703122
5920	0.12668479223735
5921	0.144823991168895
5922	0.16296319010044
5923	0.104010793572918
5924	0.131219591970236
5925	0.104010793572918
5926	0.131219591970236
5927	0.108545593305804
5928	0.108545593305804
5929	0.117615192771577
5930	0.135754391703122
5931	0.0677323957098273
5932	0.176567589299099
5933	0.0949411941071452
5934	0.140289191436008
5935	0.149358790901781
5936	0.131219591970236
5937	0.167497989833326
5938	0.108545593305804
5939	0.158428390367554
5940	0.190171988497758
5941	0.0949411941071452
5942	0.135754391703122
5943	0.158428390367554
5944	0.140289191436008
5945	0.0768019951756001
5946	0.0631975959769411
5947	0.0949411941071452
5948	0.131219591970236
5949	0.0949411941071452
5950	0.113080393038691
5951	0.16296319010044
5952	0.135754391703122
5953	0.122149992504463
5954	0.117615192771577
5955	0.140289191436008
5956	0.144823991168895
5957	0.16296319010044
5958	0.0994759938400316
5959	0.149358790901781
5960	0.176567589299099
5961	0.153893590634667
5962	0.131219591970236
5963	0.140289191436008
5964	0.0858715946413726
5965	0.149358790901781
5966	0.208311187429303
5967	0.12668479223735
5968	0.113080393038691
5969	0.104010793572918
5970	0.113080393038691
5971	0.153893590634667
5972	0.153893590634667
5973	0.117615192771577
5974	0.0994759938400316
5975	0.12668479223735
5976	0.117615192771577
5977	0.158428390367554
5978	0.0631975959769411
5979	0.135754391703122
5980	0.12668479223735
5981	0.140289191436008
5982	0.149358790901781
5983	0.131219591970236
5984	0.131219591970236
5985	0.090406394374259
5986	0.108545593305804
5987	0.113080393038691
5988	0.0359887975796231
5989	0.185637188764872
5990	0.122149992504463
5991	0.117615192771577
5992	0.0768019951756001
5993	0.0949411941071452
5994	0.12668479223735
5995	0.0858715946413726
5996	0.140289191436008
5997	0.0631975959769411
5998	0.190171988497758
5999	0.144823991168895
6000	0.0768019951756001
6001	0.12668479223735
6002	0.144823991168895
6003	0.108545593305804
6004	0.0858715946413726
6005	0.135754391703122
6006	0.0768019951756001
6007	0.0858715946413726
6008	0.158428390367554
6009	0.0858715946413726
6010	0.104010793572918
6011	0.158428390367554
6012	0.0994759938400316
6013	0.140289191436008
6014	0.0994759938400316
6015	0.0949411941071452
6016	0.0858715946413726
6017	0.0813367949084862
6018	0.131219591970236
6019	0.131219591970236
6020	0.0813367949084862
6021	0.144823991168895
6022	0.135754391703122
6023	0.135754391703122
6024	0.181102389031985
6025	0.0949411941071452
6026	0.108545593305804
6027	0.122149992504463
6028	0.113080393038691
6029	0.135754391703122
6030	0.144823991168895
6031	0.144823991168895
6032	0.0994759938400316
6033	0.135754391703122
6034	0.158428390367554
6035	0.117615192771577
6036	0.12668479223735
6037	0.135754391703122
6038	0.108545593305804
6039	0.131219591970236
6040	0.12668479223735
6041	0.194706788230644
6042	0.158428390367554
6043	0.0722671954427137
6044	0.122149992504463
6045	0.167497989833326
6046	0.153893590634667
6047	0.113080393038691
6048	0.0949411941071452
6049	0.167497989833326
6050	0.122149992504463
6051	0.131219591970236
6052	0.104010793572918
6053	0.108545593305804
6054	0.108545593305804
6055	0.0631975959769411
6056	0.122149992504463
6057	0.149358790901781
6058	0.140289191436008
6059	0.153893590634667
6060	0.108545593305804
6061	0.16296319010044
6062	0.117615192771577
6063	0.0768019951756001
6064	0.113080393038691
6065	0.0949411941071452
6066	0.117615192771577
6067	0.104010793572918
6068	0.144823991168895
6069	0.0949411941071452
6070	0.0949411941071452
6071	0.144823991168895
6072	0.0949411941071452
6073	0.135754391703122
6074	0.149358790901781
6075	0.131219591970236
6076	0.0858715946413726
6077	0.131219591970236
6078	0.0949411941071452
6079	0.12668479223735
6080	0.113080393038691
6081	0.0858715946413726
6082	0.144823991168895
6083	0.153893590634667
6084	0.0949411941071452
6085	0.153893590634667
6086	0.140289191436008
6087	0.0994759938400316
6088	0.104010793572918
6089	0.140289191436008
6090	0.108545593305804
6091	0.090406394374259
6092	0.181102389031985
6093	0.0994759938400316
6094	0.135754391703122
6095	0.12668479223735
6096	0.0631975959769411
6097	0.149358790901781
6098	0.090406394374259
6099	0.140289191436008
6100	0.108545593305804
6101	0.167497989833326
6102	0.0858715946413726
6103	0.0858715946413726
6104	0.122149992504463
6105	0.113080393038691
6106	0.12668479223735
6107	0.0949411941071452
6108	0.117615192771577
6109	0.131219591970236
6110	0.104010793572918
6111	0.12668479223735
6112	0.090406394374259
6113	0.16296319010044
6114	0.176567589299099
6115	0.0949411941071452
6116	0.113080393038691
6117	0.135754391703122
6118	0.12668479223735
6119	0.153893590634667
6120	0.090406394374259
6121	0.135754391703122
6122	0.0631975959769411
6123	0.131219591970236
6124	0.167497989833326
6125	0.0994759938400316
6126	0.135754391703122
6127	0.149358790901781
6128	0.153893590634667
6129	0.140289191436008
6130	0.158428390367554
6131	0.117615192771577
6132	0.0586627962440547
6133	0.122149992504463
6134	0.153893590634667
6135	0.113080393038691
6136	0.113080393038691
6137	0.0813367949084862
6138	0.0858715946413726
6139	0.113080393038691
6140	0.0858715946413726
6141	0.158428390367554
6142	0.140289191436008
6143	0.0586627962440547
6144	0.104010793572918
6145	0.117615192771577
6146	0.172032789566213
6147	0.208311187429303
6148	0.0813367949084862
6149	0.144823991168895
6150	0.0994759938400316
6151	0.153893590634667
6152	0.0677323957098273
6153	0.16296319010044
6154	0.108545593305804
6155	0.149358790901781
6156	0.135754391703122
6157	0.104010793572918
6158	0.149358790901781
6159	0.194706788230644
6160	0.113080393038691
6161	0.0994759938400316
6162	0.16296319010044
6163	0.144823991168895
6164	0.12668479223735
6165	0.104010793572918
6166	0.0677323957098273
6167	0.117615192771577
6168	0.104010793572918
6169	0.104010793572918
6170	0.108545593305804
6171	0.104010793572918
6172	0.176567589299099
6173	0.0631975959769411
6174	0.153893590634667
6175	0.113080393038691
6176	0.185637188764872
6177	0.131219591970236
6178	0.16296319010044
6179	0.104010793572918
6180	0.176567589299099
6181	0.149358790901781
6182	0.113080393038691
6183	0.158428390367554
6184	0.0858715946413726
6185	0.140289191436008
6186	0.140289191436008
6187	0.104010793572918
6188	0.153893590634667
6189	0.0949411941071452
6190	0.149358790901781
6191	0.090406394374259
6192	0.104010793572918
6193	0.117615192771577
6194	0.181102389031985
6195	0.153893590634667
6196	0.117615192771577
6197	0.149358790901781
6198	0.117615192771577
6199	0.172032789566213
6200	0.113080393038691
6201	0.117615192771577
6202	0.0994759938400316
6203	0.0768019951756001
6204	0.122149992504463
6205	0.104010793572918
6206	0.108545593305804
6207	0.16296319010044
6208	0.144823991168895
6209	0.140289191436008
6210	0.108545593305804
6211	0.140289191436008
6212	0.149358790901781
6213	0.0677323957098273
6214	0.0677323957098273
6215	0.122149992504463
6216	0.16296319010044
6217	0.16296319010044
6218	0.131219591970236
6219	0.140289191436008
6220	0.131219591970236
6221	0.0994759938400316
6222	0.131219591970236
6223	0.158428390367554
6224	0.12668479223735
6225	0.149358790901781
6226	0.235519985826621
6227	0.090406394374259
6228	0.0586627962440547
6229	0.12668479223735
6230	0.158428390367554
6231	0.113080393038691
6232	0.090406394374259
6233	0.117615192771577
6234	0.0858715946413726
6235	0.108545593305804
6236	0.131219591970236
6237	0.108545593305804
6238	0.131219591970236
6239	0.0949411941071452
6240	0.158428390367554
6241	0.0813367949084862
6242	0.12668479223735
6243	0.0949411941071452
6244	0.12668479223735
6245	0.0631975959769411
6246	0.16296319010044
6247	0.108545593305804
6248	0.108545593305804
6249	0.176567589299099
6250	0.113080393038691
6251	0.104010793572918
6252	0.135754391703122
6253	0.0768019951756001
6254	0.135754391703122
6255	0.135754391703122
6256	0.217380786895076
6257	0.153893590634667
6258	0.158428390367554
6259	0.172032789566213
6260	0.090406394374259
6261	0.0994759938400316
6262	0.158428390367554
6263	0.149358790901781
6264	0.108545593305804
6265	0.172032789566213
6266	0.0813367949084862
6267	0.12668479223735
6268	0.176567589299099
6269	0.0994759938400316
6270	0.0858715946413726
6271	0.122149992504463
6272	0.104010793572918
6273	0.117615192771577
6274	0.12668479223735
6275	0.0858715946413726
6276	0.117615192771577
6277	0.0813367949084862
6278	0.144823991168895
6279	0.172032789566213
6280	0.104010793572918
6281	0.104010793572918
6282	0.16296319010044
6283	0.117615192771577
6284	0.0631975959769411
6285	0.108545593305804
6286	0.153893590634667
6287	0.135754391703122
6288	0.0722671954427137
6289	0.153893590634667
6290	0.144823991168895
6291	0.153893590634667
6292	0.117615192771577
6293	0.167497989833326
6294	0.113080393038691
6295	0.144823991168895
6296	0.104010793572918
6297	0.144823991168895
6298	0.0722671954427137
6299	0.176567589299099
6300	0.176567589299099
6301	0.158428390367554
6302	0.0994759938400316
6303	0.0858715946413726
6304	0.0813367949084862
6305	0.117615192771577
6306	0.12668479223735
6307	0.12668479223735
6308	0.0768019951756001
6309	0.0768019951756001
6310	0.117615192771577
6311	0.0949411941071452
6312	0.113080393038691
6313	0.104010793572918
6314	0.0677323957098273
6315	0.149358790901781
6316	0.0858715946413726
6317	0.0541279965111683
6318	0.117615192771577
6319	0.12668479223735
6320	0.131219591970236
6321	0.149358790901781
6322	0.0994759938400316
6323	0.0677323957098273
6324	0.199241587963531
6325	0.153893590634667
6326	0.135754391703122
6327	0.113080393038691
6328	0.12668479223735
6329	0.090406394374259
6330	0.122149992504463
6331	0.122149992504463
6332	0.108545593305804
6333	0.117615192771577
6334	0.0586627962440547
6335	0.0541279965111683
6336	0.104010793572918
6337	0.122149992504463
6338	0.16296319010044
6339	0.131219591970236
6340	0.12668479223735
6341	0.113080393038691
6342	0.0813367949084862
6343	0.0813367949084862
6344	0.226450386360849
6345	0.144823991168895
6346	0.16296319010044
6347	0.117615192771577
6348	0.113080393038691
6349	0.122149992504463
6350	0.131219591970236
6351	0.104010793572918
6352	0.108545593305804
6353	0.149358790901781
6354	0.167497989833326
6355	0.117615192771577
6356	0.113080393038691
6357	0.16296319010044
6358	0.104010793572918
6359	0.12668479223735
6360	0.140289191436008
6361	0.122149992504463
6362	0.117615192771577
6363	0.131219591970236
6364	0.122149992504463
6365	0.135754391703122
6366	0.140289191436008
6367	0.158428390367554
6368	0.149358790901781
6369	0.153893590634667
6370	0.135754391703122
6371	0.104010793572918
6372	0.0405235973125093
6373	0.122149992504463
6374	0.122149992504463
6375	0.108545593305804
6376	0.117615192771577
6377	0.185637188764872
6378	0.0949411941071452
6379	0.0949411941071452
6380	0.108545593305804
6381	0.12668479223735
6382	0.0994759938400316
6383	0.16296319010044
6384	0.090406394374259
6385	0.140289191436008
6386	0.0994759938400316
6387	0.135754391703122
6388	0.122149992504463
6389	0.108545593305804
6390	0.122149992504463
6391	0.208311187429303
6392	0.0768019951756001
6393	0.153893590634667
6394	0.167497989833326
6395	0.0722671954427137
6396	0.135754391703122
6397	0.108545593305804
6398	0.0813367949084862
6399	0.090406394374259
6400	0.144823991168895
6401	0.104010793572918
6402	0.176567589299099
6403	0.113080393038691
6404	0.16296319010044
6405	0.149358790901781
6406	0.149358790901781
6407	0.0768019951756001
6408	0.131219591970236
6409	0.117615192771577
6410	0.16296319010044
6411	0.108545593305804
6412	0.090406394374259
6413	0.12668479223735
6414	0.135754391703122
6415	0.16296319010044
6416	0.140289191436008
6417	0.0768019951756001
6418	0.113080393038691
6419	0.0768019951756001
6420	0.185637188764872
6421	0.158428390367554
6422	0.0722671954427137
6423	0.113080393038691
6424	0.21284598716219
6425	0.16296319010044
6426	0.104010793572918
6427	0.144823991168895
6428	0.0949411941071452
6429	0.185637188764872
6430	0.0677323957098273
6431	0.0994759938400316
6432	0.12668479223735
6433	0.194706788230644
6434	0.117615192771577
6435	0.131219591970236
6436	0.122149992504463
6437	0.122149992504463
6438	0.090406394374259
6439	0.0949411941071452
6440	0.131219591970236
6441	0.135754391703122
6442	0.199241587963531
6443	0.108545593305804
6444	0.12668479223735
6445	0.140289191436008
6446	0.135754391703122
6447	0.0858715946413726
6448	0.140289191436008
6449	0.149358790901781
6450	0.140289191436008
6451	0.113080393038691
6452	0.122149992504463
6453	0.117615192771577
6454	0.140289191436008
6455	0.0949411941071452
6456	0.140289191436008
6457	0.167497989833326
6458	0.153893590634667
6459	0.108545593305804
6460	0.0994759938400316
6461	0.16296319010044
6462	0.144823991168895
6463	0.185637188764872
6464	0.0768019951756001
6465	0.122149992504463
6466	0.131219591970236
6467	0.117615192771577
6468	0.104010793572918
6469	0.194706788230644
6470	0.172032789566213
6471	0.135754391703122
6472	0.12668479223735
6473	0.135754391703122
6474	0.149358790901781
6475	0.0949411941071452
6476	0.144823991168895
6477	0.181102389031985
6478	0.158428390367554
6479	0.104010793572918
6480	0.131219591970236
6481	0.0677323957098273
6482	0.140289191436008
6483	0.131219591970236
6484	0.203776387696417
6485	0.16296319010044
6486	0.108545593305804
6487	0.12668479223735
6488	0.0631975959769411
6489	0.113080393038691
6490	0.208311187429303
6491	0.0949411941071452
6492	0.131219591970236
6493	0.108545593305804
6494	0.104010793572918
6495	0.117615192771577
6496	0.113080393038691
6497	0.108545593305804
6498	0.167497989833326
6499	0.0677323957098273
6500	0.140289191436008
6501	0.140289191436008
6502	0.108545593305804
6503	0.108545593305804
6504	0.0495931967782821
6505	0.122149992504463
6506	0.122149992504463
6507	0.113080393038691
6508	0.12668479223735
6509	0.158428390367554
6510	0.0813367949084862
6511	0.0178495986480778
6512	0.0541279965111683
6513	0.185637188764872
6514	0.158428390367554
6515	0.135754391703122
6516	0.0813367949084862
6517	0.12668479223735
6518	0.194706788230644
6519	0.108545593305804
6520	0.0813367949084862
6521	0.131219591970236
6522	0.158428390367554
6523	0.203776387696417
6524	0.135754391703122
6525	0.176567589299099
6526	0.131219591970236
6527	0.12668479223735
6528	0.144823991168895
6529	0.0949411941071452
6530	0.199241587963531
6531	0.122149992504463
6532	0.0631975959769411
6533	0.208311187429303
6534	0.135754391703122
6535	0.0586627962440547
6536	0.117615192771577
6537	0.0768019951756001
6538	0.0949411941071452
6539	0.144823991168895
6540	0.144823991168895
6541	0.090406394374259
6542	0.0495931967782821
6543	0.131219591970236
6544	0.144823991168895
6545	0.158428390367554
6546	0.113080393038691
6547	0.117615192771577
6548	0.135754391703122
6549	0.131219591970236
6550	0.176567589299099
6551	0.122149992504463
6552	0.108545593305804
6553	0.176567589299099
6554	0.144823991168895
6555	0.144823991168895
6556	0.135754391703122
6557	0.0677323957098273
6558	0.167497989833326
6559	0.131219591970236
6560	0.194706788230644
6561	0.172032789566213
6562	0.135754391703122
6563	0.158428390367554
6564	0.158428390367554
6565	0.135754391703122
6566	0.0994759938400316
6567	0.0994759938400316
6568	0.144823991168895
6569	0.144823991168895
6570	0.122149992504463
6571	0.12668479223735
6572	0.12668479223735
6573	0.104010793572918
6574	0.131219591970236
6575	0.104010793572918
6576	0.0495931967782821
6577	0.0858715946413726
6578	0.117615192771577
6579	0.0722671954427137
6580	0.140289191436008
6581	0.0858715946413726
6582	0.153893590634667
6583	0.149358790901781
6584	0.158428390367554
6585	0.0768019951756001
6586	0.0994759938400316
6587	0.104010793572918
6588	0.16296319010044
6589	0.0813367949084862
6590	0.135754391703122
6591	0.16296319010044
6592	0.113080393038691
6593	0.108545593305804
6594	0.153893590634667
6595	0.0722671954427137
6596	0.0949411941071452
6597	0.117615192771577
6598	0.194706788230644
6599	0.104010793572918
6600	0.144823991168895
6601	0.176567589299099
6602	0.108545593305804
6603	0.0586627962440547
6604	0.149358790901781
6605	0.144823991168895
6606	0.158428390367554
6607	0.131219591970236
6608	0.122149992504463
6609	0.144823991168895
6610	0.0813367949084862
6611	0.16296319010044
6612	0.122149992504463
6613	0.122149992504463
6614	0.135754391703122
6615	0.12668479223735
6616	0.144823991168895
6617	0.144823991168895
6618	0.176567589299099
6619	0.131219591970236
6620	0.0722671954427137
6621	0.122149992504463
6622	0.0949411941071452
6623	0.090406394374259
6624	0.158428390367554
6625	0.153893590634667
6626	0.0949411941071452
6627	0.144823991168895
6628	0.135754391703122
6629	0.153893590634667
6630	0.113080393038691
6631	0.153893590634667
6632	0.122149992504463
6633	0.0541279965111683
6634	0.113080393038691
6635	0.149358790901781
6636	0.122149992504463
6637	0.122149992504463
6638	0.131219591970236
6639	0.131219591970236
6640	0.122149992504463
6641	0.108545593305804
6642	0.12668479223735
6643	0.149358790901781
6644	0.131219591970236
6645	0.122149992504463
6646	0.0949411941071452
6647	0.0722671954427137
6648	0.122149992504463
6649	0.117615192771577
6650	0.181102389031985
6651	0.12668479223735
6652	0.158428390367554
6653	0.12668479223735
6654	0.153893590634667
6655	0.144823991168895
6656	0.190171988497758
6657	0.167497989833326
6658	0.190171988497758
6659	0.172032789566213
6660	0.131219591970236
6661	0.117615192771577
6662	0.135754391703122
6663	0.0994759938400316
6664	0.140289191436008
6665	0.131219591970236
6666	0.0586627962440547
6667	0.172032789566213
6668	0.0813367949084862
6669	0.12668479223735
6670	0.172032789566213
6671	0.153893590634667
6672	0.190171988497758
6673	0.108545593305804
6674	0.172032789566213
6675	0.144823991168895
6676	0.0994759938400316
6677	0.153893590634667
6678	0.117615192771577
6679	0.104010793572918
6680	0.090406394374259
6681	0.16296319010044
6682	0.0314539978467368
6683	0.113080393038691
6684	0.149358790901781
6685	0.113080393038691
6686	0.149358790901781
6687	0.135754391703122
6688	0.090406394374259
6689	0.144823991168895
6690	0.131219591970236
6691	0.167497989833326
6692	0.108545593305804
6693	0.181102389031985
6694	0.167497989833326
6695	0.135754391703122
6696	0.153893590634667
6697	0.0541279965111683
6698	0.140289191436008
6699	0.131219591970236
6700	0.181102389031985
6701	0.108545593305804
6702	0.117615192771577
6703	0.117615192771577
6704	0.108545593305804
6705	0.0994759938400316
6706	0.135754391703122
6707	0.172032789566213
6708	0.167497989833326
6709	0.167497989833326
6710	0.0858715946413726
6711	0.0586627962440547
6712	0.144823991168895
6713	0.113080393038691
6714	0.144823991168895
6715	0.104010793572918
6716	0.117615192771577
6717	0.0949411941071452
6718	0.149358790901781
6719	0.144823991168895
6720	0.117615192771577
6721	0.12668479223735
6722	0.176567589299099
6723	0.122149992504463
6724	0.185637188764872
6725	0.104010793572918
6726	0.0858715946413726
6727	0.144823991168895
6728	0.0994759938400316
6729	0.140289191436008
6730	0.12668479223735
6731	0.0949411941071452
6732	0.090406394374259
6733	0.090406394374259
6734	0.176567589299099
6735	0.16296319010044
6736	0.149358790901781
6737	0.167497989833326
6738	0.0541279965111683
6739	0.0858715946413726
6740	0.0541279965111683
6741	0.12668479223735
6742	0.0631975959769411
6743	0.167497989833326
6744	0.131219591970236
6745	0.12668479223735
6746	0.140289191436008
6747	0.0949411941071452
6748	0.190171988497758
6749	0.140289191436008
6750	0.144823991168895
6751	0.172032789566213
6752	0.0949411941071452
6753	0.144823991168895
6754	0.0858715946413726
6755	0.0768019951756001
6756	0.135754391703122
6757	0.167497989833326
6758	0.158428390367554
6759	0.113080393038691
6760	0.185637188764872
6761	0.0949411941071452
6762	0.135754391703122
6763	0.113080393038691
6764	0.140289191436008
6765	0.158428390367554
6766	0.104010793572918
6767	0.122149992504463
6768	0.113080393038691
6769	0.131219591970236
6770	0.131219591970236
6771	0.113080393038691
6772	0.117615192771577
6773	0.158428390367554
6774	0.172032789566213
6775	0.0586627962440547
6776	0.0994759938400316
6777	0.12668479223735
6778	0.108545593305804
6779	0.0994759938400316
6780	0.149358790901781
6781	0.113080393038691
6782	0.0949411941071452
6783	0.158428390367554
6784	0.16296319010044
6785	0.117615192771577
6786	0.0631975959769411
6787	0.108545593305804
6788	0.153893590634667
6789	0.117615192771577
6790	0.0722671954427137
6791	0.108545593305804
6792	0.185637188764872
6793	0.140289191436008
6794	0.194706788230644
6795	0.149358790901781
6796	0.0813367949084862
6797	0.153893590634667
6798	0.153893590634667
6799	0.140289191436008
6800	0.16296319010044
6801	0.144823991168895
6802	0.104010793572918
6803	0.0949411941071452
6804	0.0858715946413726
6805	0.0949411941071452
6806	0.16296319010044
6807	0.140289191436008
6808	0.140289191436008
6809	0.113080393038691
6810	0.122149992504463
6811	0.140289191436008
6812	0.135754391703122
6813	0.16296319010044
6814	0.167497989833326
6815	0.149358790901781
6816	0.122149992504463
6817	0.16296319010044
6818	0.0994759938400316
6819	0.167497989833326
6820	0.0677323957098273
6821	0.12668479223735
6822	0.149358790901781
6823	0.108545593305804
6824	0.167497989833326
6825	0.140289191436008
6826	0.0949411941071452
6827	0.140289191436008
6828	0.176567589299099
6829	0.176567589299099
6830	0.140289191436008
6831	0.0949411941071452
6832	0.108545593305804
6833	0.140289191436008
6834	0.104010793572918
6835	0.0994759938400316
6836	0.131219591970236
6837	0.167497989833326
6838	0.172032789566213
6839	0.090406394374259
6840	0.144823991168895
6841	0.194706788230644
6842	0.113080393038691
6843	0.0722671954427137
6844	0.0994759938400316
6845	0.090406394374259
6846	0.0994759938400316
6847	0.108545593305804
6848	0.113080393038691
6849	0.0768019951756001
6850	0.144823991168895
6851	0.0949411941071452
6852	0.12668479223735
6853	0.0541279965111683
6854	0.0949411941071452
6855	0.181102389031985
6856	0.140289191436008
6857	0.0949411941071452
6858	0.113080393038691
6859	0.131219591970236
6860	0.117615192771577
6861	0.0949411941071452
6862	0.153893590634667
6863	0.172032789566213
6864	0.140289191436008
6865	0.131219591970236
6866	0.117615192771577
6867	0.108545593305804
6868	0.131219591970236
6869	0.108545593305804
6870	0.0858715946413726
6871	0.0858715946413726
6872	0.153893590634667
6873	0.117615192771577
6874	0.0677323957098273
6875	0.135754391703122
6876	0.181102389031985
6877	0.117615192771577
6878	0.0994759938400316
6879	0.113080393038691
6880	0.16296319010044
6881	0.0949411941071452
6882	0.122149992504463
6883	0.0994759938400316
6884	0.149358790901781
6885	0.0813367949084862
6886	0.158428390367554
6887	0.0994759938400316
6888	0.140289191436008
6889	0.0631975959769411
6890	0.0994759938400316
6891	0.12668479223735
6892	0.140289191436008
6893	0.135754391703122
6894	0.0722671954427137
6895	0.149358790901781
6896	0.208311187429303
6897	0.131219591970236
6898	0.117615192771577
6899	0.0949411941071452
6900	0.122149992504463
6901	0.12668479223735
6902	0.0541279965111683
6903	0.131219591970236
6904	0.117615192771577
6905	0.0722671954427137
6906	0.131219591970236
6907	0.117615192771577
6908	0.104010793572918
6909	0.0813367949084862
6910	0.122149992504463
6911	0.194706788230644
6912	0.135754391703122
6913	0.12668479223735
6914	0.167497989833326
6915	0.113080393038691
6916	0.0858715946413726
6917	0.149358790901781
6918	0.104010793572918
6919	0.167497989833326
6920	0.113080393038691
6921	0.0949411941071452
6922	0.131219591970236
6923	0.131219591970236
6924	0.12668479223735
6925	0.090406394374259
6926	0.0994759938400316
6927	0.140289191436008
6928	0.149358790901781
6929	0.131219591970236
6930	0.181102389031985
6931	0.108545593305804
6932	0.122149992504463
6933	0.12668479223735
6934	0.117615192771577
6935	0.158428390367554
6936	0.0450583970453957
6937	0.16296319010044
6938	0.108545593305804
6939	0.149358790901781
6940	0.0949411941071452
6941	0.140289191436008
6942	0.122149992504463
6943	0.113080393038691
6944	0.12668479223735
6945	0.131219591970236
6946	0.153893590634667
6947	0.172032789566213
6948	0.0994759938400316
6949	0.149358790901781
6950	0.108545593305804
6951	0.090406394374259
6952	0.12668479223735
6953	0.108545593305804
6954	0.113080393038691
6955	0.158428390367554
6956	0.104010793572918
6957	0.172032789566213
6958	0.0994759938400316
6959	0.090406394374259
6960	0.16296319010044
6961	0.135754391703122
6962	0.122149992504463
6963	0.113080393038691
6964	0.12668479223735
6965	0.167497989833326
6966	0.140289191436008
6967	0.176567589299099
6968	0.16296319010044
6969	0.149358790901781
6970	0.140289191436008
6971	0.12668479223735
6972	0.153893590634667
6973	0.0994759938400316
6974	0.16296319010044
6975	0.176567589299099
6976	0.140289191436008
6977	0.0768019951756001
6978	0.172032789566213
6979	0.144823991168895
6980	0.122149992504463
6981	0.172032789566213
6982	0.167497989833326
6983	0.190171988497758
6984	0.16296319010044
6985	0.108545593305804
6986	0.108545593305804
6987	0.113080393038691
6988	0.140289191436008
6989	0.0813367949084862
6990	0.190171988497758
6991	0.140289191436008
6992	0.131219591970236
6993	0.117615192771577
6994	0.158428390367554
6995	0.122149992504463
6996	0.122149992504463
6997	0.135754391703122
6998	0.104010793572918
6999	0.158428390367554
7000	0.158428390367554
7001	0.0722671954427137
7002	0.108545593305804
7003	0.131219591970236
7004	0.0813367949084862
7005	0.0768019951756001
7006	0.167497989833326
7007	0.122149992504463
7008	0.144823991168895
7009	0.149358790901781
7010	0.181102389031985
7011	0.167497989833326
7012	0.0631975959769411
7013	0.104010793572918
7014	0.153893590634667
7015	0.0813367949084862
7016	0.122149992504463
7017	0.104010793572918
7018	0.113080393038691
7019	0.131219591970236
7020	0.158428390367554
7021	0.158428390367554
7022	0.135754391703122
7023	0.144823991168895
7024	0.153893590634667
7025	0.104010793572918
7026	0.158428390367554
7027	0.0858715946413726
7028	0.0858715946413726
7029	0.149358790901781
7030	0.140289191436008
7031	0.131219591970236
7032	0.0813367949084862
7033	0.135754391703122
7034	0.140289191436008
7035	0.104010793572918
7036	0.0949411941071452
7037	0.144823991168895
7038	0.135754391703122
7039	0.149358790901781
7040	0.117615192771577
7041	0.117615192771577
7042	0.140289191436008
7043	0.149358790901781
7044	0.117615192771577
7045	0.131219591970236
7046	0.135754391703122
7047	0.153893590634667
7048	0.140289191436008
7049	0.113080393038691
7050	0.176567589299099
7051	0.135754391703122
7052	0.176567589299099
7053	0.108545593305804
7054	0.0631975959769411
7055	0.149358790901781
7056	0.140289191436008
7057	0.153893590634667
7058	0.131219591970236
7059	0.122149992504463
7060	0.0677323957098273
7061	0.104010793572918
7062	0.208311187429303
7063	0.104010793572918
7064	0.144823991168895
7065	0.122149992504463
7066	0.117615192771577
7067	0.0949411941071452
7068	0.144823991168895
7069	0.113080393038691
7070	0.158428390367554
7071	0.131219591970236
7072	0.16296319010044
7073	0.090406394374259
7074	0.185637188764872
7075	0.0677323957098273
7076	0.104010793572918
7077	0.0949411941071452
7078	0.153893590634667
7079	0.104010793572918
7080	0.144823991168895
7081	0.108545593305804
7082	0.108545593305804
7083	0.122149992504463
7084	0.149358790901781
7085	0.0949411941071452
7086	0.140289191436008
7087	0.12668479223735
7088	0.108545593305804
7089	0.0541279965111683
7090	0.149358790901781
7091	0.181102389031985
7092	0.176567589299099
7093	0.12668479223735
7094	0.167497989833326
7095	0.203776387696417
7096	0.113080393038691
7097	0.199241587963531
7098	0.149358790901781
7099	0.117615192771577
7100	0.12668479223735
7101	0.117615192771577
7102	0.0994759938400316
7103	0.135754391703122
7104	0.117615192771577
7105	0.090406394374259
7106	0.108545593305804
7107	0.0994759938400316
7108	0.0768019951756001
7109	0.122149992504463
7110	0.194706788230644
7111	0.149358790901781
7112	0.122149992504463
7113	0.0949411941071452
7114	0.172032789566213
7115	0.090406394374259
7116	0.122149992504463
7117	0.131219591970236
7118	0.149358790901781
7119	0.135754391703122
7120	0.149358790901781
7121	0.176567589299099
7122	0.12668479223735
7123	0.122149992504463
7124	0.131219591970236
7125	0.0858715946413726
7126	0.113080393038691
7127	0.158428390367554
7128	0.194706788230644
7129	0.113080393038691
7130	0.12668479223735
7131	0.153893590634667
7132	0.149358790901781
7133	0.149358790901781
7134	0.12668479223735
7135	0.12668479223735
7136	0.0949411941071452
7137	0.167497989833326
7138	0.140289191436008
7139	0.108545593305804
7140	0.144823991168895
7141	0.108545593305804
7142	0.131219591970236
7143	0.221915586627962
7144	0.131219591970236
7145	0.104010793572918
7146	0.140289191436008
7147	0.149358790901781
7148	0.140289191436008
7149	0.0768019951756001
7150	0.158428390367554
7151	0.104010793572918
7152	0.122149992504463
7153	0.0994759938400316
7154	0.12668479223735
7155	0.140289191436008
7156	0.12668479223735
7157	0.0541279965111683
7158	0.0768019951756001
7159	0.158428390367554
7160	0.0722671954427137
7161	0.0994759938400316
7162	0.167497989833326
7163	0.16296319010044
7164	0.144823991168895
7165	0.167497989833326
7166	0.122149992504463
7167	0.0813367949084862
7168	0.0994759938400316
7169	0.12668479223735
7170	0.113080393038691
7171	0.12668479223735
7172	0.190171988497758
7173	0.0949411941071452
7174	0.12668479223735
7175	0.0994759938400316
7176	0.12668479223735
7177	0.181102389031985
7178	0.113080393038691
7179	0.131219591970236
7180	0.131219591970236
7181	0.12668479223735
7182	0.144823991168895
7183	0.0949411941071452
7184	0.131219591970236
7185	0.135754391703122
7186	0.0994759938400316
7187	0.108545593305804
7188	0.140289191436008
7189	0.0949411941071452
7190	0.12668479223735
7191	0.108545593305804
7192	0.113080393038691
7193	0.0813367949084862
7194	0.135754391703122
7195	0.181102389031985
7196	0.158428390367554
7197	0.113080393038691
7198	0.153893590634667
7199	0.12668479223735
7200	0.122149992504463
7201	0.0949411941071452
7202	0.122149992504463
7203	0.153893590634667
7204	0.12668479223735
7205	0.12668479223735
7206	0.0677323957098273
7207	0.0949411941071452
7208	0.108545593305804
7209	0.0677323957098273
7210	0.149358790901781
7211	0.0949411941071452
7212	0.0677323957098273
7213	0.167497989833326
7214	0.140289191436008
7215	0.122149992504463
7216	0.135754391703122
7217	0.140289191436008
7218	0.0495931967782821
7219	0.113080393038691
7220	0.16296319010044
7221	0.158428390367554
7222	0.104010793572918
7223	0.176567589299099
7224	0.135754391703122
7225	0.104010793572918
7226	0.149358790901781
7227	0.21284598716219
7228	0.131219591970236
7229	0.131219591970236
7230	0.0768019951756001
7231	0.108545593305804
7232	0.122149992504463
7233	0.149358790901781
7234	0.0858715946413726
7235	0.0994759938400316
7236	0.153893590634667
7237	0.185637188764872
7238	0.0586627962440547
7239	0.131219591970236
7240	0.0994759938400316
7241	0.135754391703122
7242	0.140289191436008
7243	0.12668479223735
7244	0.176567589299099
7245	0.149358790901781
7246	0.140289191436008
7247	0.12668479223735
7248	0.167497989833326
7249	0.176567589299099
7250	0.108545593305804
7251	0.104010793572918
7252	0.135754391703122
7253	0.0994759938400316
7254	0.0813367949084862
7255	0.104010793572918
7256	0.104010793572918
7257	0.0631975959769411
7258	0.16296319010044
7259	0.104010793572918
7260	0.12668479223735
7261	0.190171988497758
7262	0.149358790901781
7263	0.194706788230644
7264	0.140289191436008
7265	0.12668479223735
7266	0.16296319010044
7267	0.0858715946413726
7268	0.12668479223735
7269	0.0949411941071452
7270	0.0677323957098273
7271	0.158428390367554
7272	0.167497989833326
7273	0.167497989833326
7274	0.131219591970236
7275	0.117615192771577
7276	0.117615192771577
7277	0.0994759938400316
7278	0.0994759938400316
7279	0.135754391703122
7280	0.090406394374259
7281	0.0450583970453957
7282	0.104010793572918
7283	0.0586627962440547
7284	0.158428390367554
7285	0.140289191436008
7286	0.104010793572918
7287	0.090406394374259
7288	0.135754391703122
7289	0.12668479223735
7290	0.140289191436008
7291	0.0768019951756001
7292	0.167497989833326
7293	0.113080393038691
7294	0.140289191436008
7295	0.0450583970453957
7296	0.0949411941071452
7297	0.122149992504463
7298	0.149358790901781
7299	0.0813367949084862
7300	0.0858715946413726
7301	0.0858715946413726
7302	0.167497989833326
7303	0.144823991168895
7304	0.090406394374259
7305	0.12668479223735
7306	0.208311187429303
7307	0.131219591970236
7308	0.12668479223735
7309	0.12668479223735
7310	0.090406394374259
7311	0.131219591970236
7312	0.153893590634667
7313	0.090406394374259
7314	0.144823991168895
7315	0.135754391703122
7316	0.131219591970236
7317	0.104010793572918
7318	0.0768019951756001
7319	0.144823991168895
7320	0.117615192771577
7321	0.144823991168895
7322	0.0450583970453957
7323	0.113080393038691
7324	0.117615192771577
7325	0.181102389031985
7326	0.0949411941071452
7327	0.0949411941071452
7328	0.140289191436008
7329	0.0677323957098273
7330	0.0813367949084862
7331	0.153893590634667
7332	0.131219591970236
7333	0.12668479223735
7334	0.149358790901781
7335	0.104010793572918
7336	0.12668479223735
7337	0.0541279965111683
7338	0.0813367949084862
7339	0.135754391703122
7340	0.190171988497758
7341	0.172032789566213
7342	0.135754391703122
7343	0.117615192771577
7344	0.113080393038691
7345	0.113080393038691
7346	0.0994759938400316
7347	0.0586627962440547
7348	0.0813367949084862
7349	0.12668479223735
7350	0.140289191436008
7351	0.176567589299099
7352	0.0949411941071452
7353	0.0722671954427137
7354	0.131219591970236
7355	0.135754391703122
7356	0.12668479223735
7357	0.203776387696417
7358	0.21284598716219
7359	0.176567589299099
7360	0.140289191436008
7361	0.0813367949084862
7362	0.131219591970236
7363	0.0768019951756001
7364	0.0813367949084862
7365	0.140289191436008
7366	0.12668479223735
7367	0.113080393038691
7368	0.144823991168895
7369	0.0722671954427137
7370	0.153893590634667
7371	0.12668479223735
7372	0.167497989833326
7373	0.149358790901781
7374	0.135754391703122
7375	0.144823991168895
7376	0.12668479223735
7377	0.117615192771577
7378	0.0813367949084862
7379	0.122149992504463
7380	0.158428390367554
7381	0.158428390367554
7382	0.135754391703122
7383	0.16296319010044
7384	0.181102389031985
7385	0.108545593305804
7386	0.131219591970236
7387	0.12668479223735
7388	0.144823991168895
7389	0.149358790901781
7390	0.122149992504463
7391	0.104010793572918
7392	0.149358790901781
7393	0.172032789566213
7394	0.149358790901781
7395	0.090406394374259
7396	0.0858715946413726
7397	0.12668479223735
7398	0.131219591970236
7399	0.167497989833326
7400	0.149358790901781
7401	0.135754391703122
7402	0.158428390367554
7403	0.090406394374259
7404	0.0768019951756001
7405	0.108545593305804
7406	0.12668479223735
7407	0.108545593305804
7408	0.0994759938400316
7409	0.194706788230644
7410	0.108545593305804
7411	0.0949411941071452
7412	0.090406394374259
7413	0.108545593305804
7414	0.117615192771577
7415	0.0541279965111683
7416	0.117615192771577
7417	0.131219591970236
7418	0.122149992504463
7419	0.0949411941071452
7420	0.144823991168895
7421	0.12668479223735
7422	0.090406394374259
7423	0.144823991168895
7424	0.135754391703122
7425	0.117615192771577
7426	0.0722671954427137
7427	0.122149992504463
7428	0.0359887975796231
7429	0.0813367949084862
7430	0.167497989833326
7431	0.158428390367554
7432	0.135754391703122
7433	0.0677323957098273
7434	0.12668479223735
7435	0.12668479223735
7436	0.12668479223735
7437	0.122149992504463
7438	0.0541279965111683
7439	0.113080393038691
7440	0.149358790901781
7441	0.108545593305804
7442	0.0949411941071452
7443	0.172032789566213
7444	0.108545593305804
7445	0.113080393038691
7446	0.135754391703122
7447	0.104010793572918
7448	0.140289191436008
7449	0.140289191436008
7450	0.131219591970236
7451	0.117615192771577
7452	0.104010793572918
7453	0.0949411941071452
7454	0.117615192771577
7455	0.0541279965111683
7456	0.117615192771577
7457	0.0631975959769411
7458	0.149358790901781
7459	0.0813367949084862
7460	0.0677323957098273
7461	0.108545593305804
7462	0.108545593305804
7463	0.131219591970236
7464	0.144823991168895
7465	0.0858715946413726
7466	0.153893590634667
7467	0.135754391703122
7468	0.0858715946413726
7469	0.0994759938400316
7470	0.131219591970236
7471	0.0677323957098273
7472	0.135754391703122
7473	0.135754391703122
7474	0.153893590634667
7475	0.144823991168895
7476	0.0677323957098273
7477	0.0586627962440547
7478	0.0949411941071452
7479	0.144823991168895
7480	0.167497989833326
7481	0.135754391703122
7482	0.090406394374259
7483	0.0994759938400316
7484	0.149358790901781
7485	0.131219591970236
7486	0.144823991168895
7487	0.21284598716219
7488	0.16296319010044
7489	0.12668479223735
7490	0.12668479223735
7491	0.117615192771577
7492	0.108545593305804
7493	0.144823991168895
7494	0.0994759938400316
7495	0.113080393038691
7496	0.181102389031985
7497	0.172032789566213
7498	0.16296319010044
7499	0.113080393038691
7500	0.221915586627962
7501	0.090406394374259
7502	0.135754391703122
7503	0.113080393038691
7504	0.108545593305804
7505	0.131219591970236
7506	0.113080393038691
7507	0.149358790901781
7508	0.0813367949084862
7509	0.0813367949084862
7510	0.135754391703122
7511	0.185637188764872
7512	0.131219591970236
7513	0.149358790901781
7514	0.185637188764872
7515	0.0677323957098273
7516	0.0768019951756001
7517	0.0994759938400316
7518	0.149358790901781
7519	0.0768019951756001
7520	0.0813367949084862
7521	0.108545593305804
7522	0.113080393038691
7523	0.0858715946413726
7524	0.167497989833326
7525	0.131219591970236
7526	0.12668479223735
7527	0.12668479223735
7528	0.149358790901781
7529	0.0677323957098273
7530	0.0858715946413726
7531	0.140289191436008
7532	0.144823991168895
7533	0.113080393038691
7534	0.0858715946413726
7535	0.158428390367554
7536	0.113080393038691
7537	0.0677323957098273
7538	0.090406394374259
7539	0.0813367949084862
7540	0.090406394374259
7541	0.104010793572918
7542	0.16296319010044
7543	0.230985186093735
7544	0.131219591970236
7545	0.12668479223735
7546	0.117615192771577
7547	0.0994759938400316
7548	0.144823991168895
7549	0.090406394374259
7550	0.131219591970236
7551	0.090406394374259
7552	0.176567589299099
7553	0.144823991168895
7554	0.140289191436008
7555	0.135754391703122
7556	0.131219591970236
7557	0.149358790901781
7558	0.117615192771577
7559	0.0949411941071452
7560	0.16296319010044
7561	0.190171988497758
7562	0.153893590634667
7563	0.149358790901781
7564	0.12668479223735
7565	0.167497989833326
7566	0.149358790901781
7567	0.113080393038691
7568	0.135754391703122
7569	0.0994759938400316
7570	0.0768019951756001
7571	0.122149992504463
7572	0.0677323957098273
7573	0.16296319010044
7574	0.158428390367554
7575	0.122149992504463
7576	0.172032789566213
7577	0.108545593305804
7578	0.0722671954427137
7579	0.12668479223735
7580	0.135754391703122
7581	0.0813367949084862
7582	0.090406394374259
7583	0.181102389031985
7584	0.104010793572918
7585	0.167497989833326
7586	0.117615192771577
7587	0.113080393038691
7588	0.140289191436008
7589	0.117615192771577
7590	0.135754391703122
7591	0.117615192771577
7592	0.181102389031985
7593	0.0858715946413726
7594	0.0994759938400316
7595	0.144823991168895
7596	0.244589585292394
7597	0.0677323957098273
7598	0.194706788230644
7599	0.12668479223735
7600	0.113080393038691
7601	0.0949411941071452
7602	0.153893590634667
7603	0.0631975959769411
7604	0.0994759938400316
7605	0.0949411941071452
7606	0.104010793572918
7607	0.122149992504463
7608	0.113080393038691
7609	0.0994759938400316
7610	0.0858715946413726
7611	0.140289191436008
7612	0.108545593305804
7613	0.131219591970236
7614	0.194706788230644
7615	0.135754391703122
7616	0.131219591970236
7617	0.12668479223735
7618	0.122149992504463
7619	0.135754391703122
7620	0.140289191436008
7621	0.12668479223735
7622	0.113080393038691
7623	0.0631975959769411
7624	0.108545593305804
7625	0.140289191436008
7626	0.108545593305804
7627	0.122149992504463
7628	0.140289191436008
7629	0.113080393038691
7630	0.0949411941071452
7631	0.117615192771577
7632	0.12668479223735
7633	0.0994759938400316
7634	0.135754391703122
7635	0.117615192771577
7636	0.181102389031985
7637	0.12668479223735
7638	0.108545593305804
7639	0.0541279965111683
7640	0.153893590634667
7641	0.12668479223735
7642	0.090406394374259
7643	0.199241587963531
7644	0.0813367949084862
7645	0.0768019951756001
7646	0.12668479223735
7647	0.113080393038691
7648	0.135754391703122
7649	0.113080393038691
7650	0.0314539978467368
7651	0.122149992504463
7652	0.12668479223735
7653	0.117615192771577
7654	0.0994759938400316
7655	0.158428390367554
7656	0.117615192771577
7657	0.113080393038691
7658	0.0994759938400316
7659	0.104010793572918
7660	0.144823991168895
7661	0.131219591970236
7662	0.16296319010044
7663	0.104010793572918
7664	0.122149992504463
7665	0.16296319010044
7666	0.090406394374259
7667	0.149358790901781
7668	0.140289191436008
7669	0.144823991168895
7670	0.149358790901781
7671	0.176567589299099
7672	0.117615192771577
7673	0.16296319010044
7674	0.0994759938400316
7675	0.0813367949084862
7676	0.149358790901781
7677	0.122149992504463
7678	0.0677323957098273
7679	0.117615192771577
7680	0.104010793572918
7681	0.0586627962440547
7682	0.131219591970236
7683	0.0813367949084862
7684	0.144823991168895
7685	0.181102389031985
7686	0.0586627962440547
7687	0.194706788230644
7688	0.176567589299099
7689	0.135754391703122
7690	0.0949411941071452
7691	0.140289191436008
7692	0.176567589299099
7693	0.117615192771577
7694	0.0949411941071452
7695	0.113080393038691
7696	0.190171988497758
7697	0.0994759938400316
7698	0.176567589299099
7699	0.181102389031985
7700	0.113080393038691
7701	0.113080393038691
7702	0.0768019951756001
7703	0.117615192771577
7704	0.167497989833326
7705	0.108545593305804
7706	0.0858715946413726
7707	0.0359887975796231
7708	0.16296319010044
7709	0.0631975959769411
7710	0.140289191436008
7711	0.176567589299099
7712	0.113080393038691
7713	0.135754391703122
7714	0.16296319010044
7715	0.135754391703122
7716	0.185637188764872
7717	0.0541279965111683
7718	0.117615192771577
7719	0.144823991168895
7720	0.12668479223735
7721	0.12668479223735
7722	0.12668479223735
7723	0.113080393038691
7724	0.135754391703122
7725	0.0994759938400316
7726	0.117615192771577
7727	0.172032789566213
7728	0.149358790901781
7729	0.131219591970236
7730	0.140289191436008
7731	0.149358790901781
7732	0.104010793572918
7733	0.108545593305804
7734	0.117615192771577
7735	0.12668479223735
7736	0.149358790901781
7737	0.203776387696417
7738	0.135754391703122
7739	0.12668479223735
7740	0.149358790901781
7741	0.104010793572918
7742	0.117615192771577
7743	0.131219591970236
7744	0.0858715946413726
7745	0.117615192771577
7746	0.12668479223735
7747	0.135754391703122
7748	0.113080393038691
7749	0.135754391703122
7750	0.104010793572918
7751	0.181102389031985
7752	0.172032789566213
7753	0.176567589299099
7754	0.144823991168895
7755	0.140289191436008
7756	0.181102389031985
7757	0.158428390367554
7758	0.0813367949084862
7759	0.0541279965111683
7760	0.0768019951756001
7761	0.0949411941071452
7762	0.144823991168895
7763	0.158428390367554
7764	0.108545593305804
7765	0.104010793572918
7766	0.16296319010044
7767	0.117615192771577
7768	0.149358790901781
7769	0.113080393038691
7770	0.0949411941071452
7771	0.135754391703122
7772	0.108545593305804
7773	0.0994759938400316
7774	0.122149992504463
7775	0.172032789566213
7776	0.153893590634667
7777	0.122149992504463
7778	0.153893590634667
7779	0.149358790901781
7780	0.131219591970236
7781	0.153893590634667
7782	0.0631975959769411
7783	0.185637188764872
7784	0.144823991168895
7785	0.117615192771577
7786	0.104010793572918
7787	0.117615192771577
7788	0.135754391703122
7789	0.16296319010044
7790	0.21284598716219
7791	0.135754391703122
7792	0.122149992504463
7793	0.172032789566213
7794	0.0722671954427137
7795	0.194706788230644
7796	0.149358790901781
7797	0.149358790901781
7798	0.149358790901781
7799	0.0994759938400316
7800	0.158428390367554
7801	0.117615192771577
7802	0.135754391703122
7803	0.117615192771577
7804	0.149358790901781
7805	0.144823991168895
7806	0.117615192771577
7807	0.0994759938400316
7808	0.090406394374259
7809	0.0768019951756001
7810	0.0994759938400316
7811	0.0994759938400316
7812	0.12668479223735
7813	0.0677323957098273
7814	0.140289191436008
7815	0.108545593305804
7816	0.122149992504463
7817	0.0768019951756001
7818	0.167497989833326
7819	0.131219591970236
7820	0.122149992504463
7821	0.122149992504463
7822	0.113080393038691
7823	0.135754391703122
7824	0.0813367949084862
7825	0.122149992504463
7826	0.122149992504463
7827	0.104010793572918
7828	0.0858715946413726
7829	0.104010793572918
7830	0.140289191436008
7831	0.158428390367554
7832	0.113080393038691
7833	0.12668479223735
7834	0.158428390367554
7835	0.108545593305804
7836	0.140289191436008
7837	0.131219591970236
7838	0.104010793572918
7839	0.149358790901781
7840	0.117615192771577
7841	0.0813367949084862
7842	0.0586627962440547
7843	0.172032789566213
7844	0.135754391703122
7845	0.135754391703122
7846	0.131219591970236
7847	0.153893590634667
7848	0.0949411941071452
7849	0.090406394374259
7850	0.113080393038691
7851	0.144823991168895
7852	0.144823991168895
7853	0.131219591970236
7854	0.153893590634667
7855	0.0405235973125093
7856	0.149358790901781
7857	0.140289191436008
7858	0.140289191436008
7859	0.140289191436008
7860	0.117615192771577
7861	0.108545593305804
7862	0.0586627962440547
7863	0.0178495986480778
7864	0.158428390367554
7865	0.140289191436008
7866	0.149358790901781
7867	0.16296319010044
7868	0.122149992504463
7869	0.108545593305804
7870	0.181102389031985
7871	0.140289191436008
7872	0.131219591970236
7873	0.0949411941071452
7874	0.172032789566213
7875	0.104010793572918
7876	0.122149992504463
7877	0.0994759938400316
7878	0.16296319010044
7879	0.172032789566213
7880	0.144823991168895
7881	0.104010793572918
7882	0.122149992504463
7883	0.0269191981138504
7884	0.16296319010044
7885	0.0858715946413726
7886	0.167497989833326
7887	0.131219591970236
7888	0.0858715946413726
7889	0.113080393038691
7890	0.185637188764872
7891	0.113080393038691
7892	0.0768019951756001
7893	0.12668479223735
7894	0.172032789566213
7895	0.12668479223735
7896	0.0949411941071452
7897	0.172032789566213
7898	0.176567589299099
7899	0.090406394374259
7900	0.122149992504463
7901	0.135754391703122
7902	0.181102389031985
7903	0.12668479223735
7904	0.135754391703122
7905	0.131219591970236
7906	0.108545593305804
7907	0.144823991168895
7908	0.090406394374259
7909	0.104010793572918
7910	0.135754391703122
7911	0.0722671954427137
7912	0.12668479223735
7913	0.0994759938400316
7914	0.117615192771577
7915	0.194706788230644
7916	0.104010793572918
7917	0.122149992504463
7918	0.0994759938400316
7919	0.122149992504463
7920	0.135754391703122
7921	0.167497989833326
7922	0.113080393038691
7923	0.108545593305804
7924	0.153893590634667
7925	0.117615192771577
7926	0.131219591970236
7927	0.140289191436008
7928	0.144823991168895
7929	0.12668479223735
7930	0.122149992504463
7931	0.144823991168895
7932	0.131219591970236
7933	0.104010793572918
7934	0.090406394374259
7935	0.172032789566213
7936	0.122149992504463
7937	0.108545593305804
7938	0.144823991168895
7939	0.16296319010044
7940	0.149358790901781
7941	0.0813367949084862
7942	0.113080393038691
7943	0.135754391703122
7944	0.153893590634667
7945	0.158428390367554
7946	0.0768019951756001
7947	0.113080393038691
7948	0.153893590634667
7949	0.104010793572918
7950	0.090406394374259
7951	0.158428390367554
7952	0.122149992504463
7953	0.131219591970236
7954	0.117615192771577
7955	0.117615192771577
7956	0.0813367949084862
7957	0.135754391703122
7958	0.122149992504463
7959	0.0994759938400316
7960	0.104010793572918
7961	0.108545593305804
7962	0.0631975959769411
7963	0.176567589299099
7964	0.144823991168895
7965	0.12668479223735
7966	0.117615192771577
7967	0.0813367949084862
7968	0.149358790901781
7969	0.117615192771577
7970	0.090406394374259
7971	0.108545593305804
7972	0.104010793572918
7973	0.153893590634667
7974	0.104010793572918
7975	0.135754391703122
7976	0.0541279965111683
7977	0.113080393038691
7978	0.0178495986480778
7979	0.135754391703122
7980	0.104010793572918
7981	0.208311187429303
7982	0.0994759938400316
7983	0.0495931967782821
7984	0.140289191436008
7985	0.0949411941071452
7986	0.135754391703122
7987	0.0677323957098273
7988	0.0858715946413726
7989	0.117615192771577
7990	0.158428390367554
7991	0.0994759938400316
7992	0.113080393038691
7993	0.0813367949084862
7994	0.190171988497758
7995	0.135754391703122
7996	0.108545593305804
7997	0.0994759938400316
7998	0.108545593305804
7999	0.172032789566213
8000	0.0450583970453957
8001	0.117615192771577
8002	0.149358790901781
8003	0.135754391703122
8004	0.135754391703122
8005	0.090406394374259
8006	0.108545593305804
8007	0.153893590634667
8008	0.135754391703122
8009	0.122149992504463
8010	0.117615192771577
8011	0.131219591970236
8012	0.158428390367554
8013	0.0813367949084862
8014	0.104010793572918
8015	0.0495931967782821
8016	0.158428390367554
8017	0.113080393038691
8018	0.167497989833326
8019	0.16296319010044
8020	0.122149992504463
8021	0.185637188764872
8022	0.090406394374259
8023	0.176567589299099
8024	0.153893590634667
8025	0.0949411941071452
8026	0.135754391703122
8027	0.0949411941071452
8028	0.181102389031985
8029	0.0858715946413726
8030	0.172032789566213
8031	0.0495931967782821
8032	0.122149992504463
8033	0.0768019951756001
8034	0.12668479223735
8035	0.117615192771577
8036	0.0813367949084862
8037	0.0949411941071452
8038	0.140289191436008
8039	0.104010793572918
8040	0.0949411941071452
8041	0.167497989833326
8042	0.122149992504463
8043	0.113080393038691
8044	0.104010793572918
8045	0.144823991168895
8046	0.117615192771577
8047	0.181102389031985
8048	0.117615192771577
8049	0.104010793572918
8050	0.122149992504463
8051	0.0541279965111683
8052	0.12668479223735
8053	0.12668479223735
8054	0.0994759938400316
8055	0.117615192771577
8056	0.0541279965111683
8057	0.122149992504463
8058	0.135754391703122
8059	0.185637188764872
8060	0.0813367949084862
8061	0.104010793572918
8062	0.0994759938400316
8063	0.149358790901781
8064	0.090406394374259
8065	0.153893590634667
8066	0.090406394374259
8067	0.0994759938400316
8068	0.135754391703122
8069	0.122149992504463
8070	0.158428390367554
8071	0.0813367949084862
8072	0.149358790901781
8073	0.135754391703122
8074	0.131219591970236
8075	0.144823991168895
8076	0.122149992504463
8077	0.12668479223735
8078	0.12668479223735
8079	0.135754391703122
8080	0.203776387696417
8081	0.194706788230644
8082	0.153893590634667
8083	0.108545593305804
8084	0.0994759938400316
8085	0.104010793572918
8086	0.104010793572918
8087	0.149358790901781
8088	0.122149992504463
8089	0.104010793572918
8090	0.0994759938400316
8091	0.135754391703122
8092	0.113080393038691
8093	0.108545593305804
8094	0.090406394374259
8095	0.140289191436008
8096	0.090406394374259
8097	0.0858715946413726
8098	0.135754391703122
8099	0.0994759938400316
8100	0.122149992504463
8101	0.149358790901781
8102	0.12668479223735
8103	0.090406394374259
8104	0.122149992504463
8105	0.131219591970236
8106	0.131219591970236
8107	0.131219591970236
8108	0.153893590634667
8109	0.135754391703122
8110	0.0858715946413726
8111	0.172032789566213
8112	0.131219591970236
8113	0.140289191436008
8114	0.16296319010044
8115	0.113080393038691
8116	0.167497989833326
8117	0.122149992504463
8118	0.090406394374259
8119	0.113080393038691
8120	0.122149992504463
8121	0.0858715946413726
8122	0.113080393038691
8123	0.12668479223735
8124	0.12668479223735
8125	0.158428390367554
8126	0.0949411941071452
8127	0.104010793572918
8128	0.0813367949084862
8129	0.21284598716219
8130	0.113080393038691
8131	0.122149992504463
8132	0.12668479223735
8133	0.0813367949084862
8134	0.117615192771577
8135	0.131219591970236
8136	0.176567589299099
8137	0.144823991168895
8138	0.16296319010044
8139	0.172032789566213
8140	0.0722671954427137
8141	0.135754391703122
8142	0.140289191436008
8143	0.122149992504463
8144	0.0858715946413726
8145	0.113080393038691
8146	0.12668479223735
8147	0.108545593305804
8148	0.0677323957098273
8149	0.176567589299099
8150	0.117615192771577
8151	0.131219591970236
8152	0.158428390367554
8153	0.0631975959769411
8154	0.108545593305804
8155	0.131219591970236
8156	0.131219591970236
8157	0.131219591970236
8158	0.0994759938400316
8159	0.131219591970236
8160	0.117615192771577
8161	0.12668479223735
8162	0.153893590634667
8163	0.167497989833326
8164	0.0994759938400316
8165	0.0813367949084862
8166	0.153893590634667
8167	0.113080393038691
8168	0.0813367949084862
8169	0.181102389031985
8170	0.131219591970236
8171	0.153893590634667
8172	0.113080393038691
8173	0.158428390367554
8174	0.0495931967782821
8175	0.140289191436008
8176	0.122149992504463
8177	0.090406394374259
8178	0.113080393038691
8179	0.0949411941071452
8180	0.140289191436008
8181	0.190171988497758
8182	0.117615192771577
8183	0.194706788230644
8184	0.135754391703122
8185	0.140289191436008
8186	0.12668479223735
8187	0.0813367949084862
8188	0.12668479223735
8189	0.208311187429303
8190	0.149358790901781
8191	0.113080393038691
8192	0.122149992504463
8193	0.135754391703122
8194	0.16296319010044
8195	0.149358790901781
8196	0.167497989833326
8197	0.113080393038691
8198	0.090406394374259
8199	0.140289191436008
8200	0.117615192771577
8201	0.149358790901781
8202	0.113080393038691
8203	0.190171988497758
8204	0.135754391703122
8205	0.144823991168895
8206	0.226450386360849
8207	0.122149992504463
8208	0.0994759938400316
8209	0.190171988497758
8210	0.0768019951756001
8211	0.167497989833326
8212	0.113080393038691
8213	0.104010793572918
8214	0.153893590634667
8215	0.113080393038691
8216	0.176567589299099
8217	0.135754391703122
8218	0.144823991168895
8219	0.0858715946413726
8220	0.153893590634667
8221	0.149358790901781
8222	0.153893590634667
8223	0.0768019951756001
8224	0.135754391703122
8225	0.12668479223735
8226	0.0994759938400316
8227	0.104010793572918
8228	0.122149992504463
8229	0.0994759938400316
8230	0.176567589299099
8231	0.12668479223735
8232	0.144823991168895
8233	0.108545593305804
8234	0.0949411941071452
8235	0.113080393038691
8236	0.149358790901781
8237	0.0858715946413726
8238	0.158428390367554
8239	0.158428390367554
8240	0.153893590634667
8241	0.0586627962440547
8242	0.131219591970236
8243	0.0994759938400316
8244	0.108545593305804
8245	0.158428390367554
8246	0.0722671954427137
8247	0.117615192771577
8248	0.0813367949084862
8249	0.153893590634667
8250	0.16296319010044
8251	0.122149992504463
8252	0.12668479223735
8253	0.144823991168895
8254	0.0541279965111683
8255	0.104010793572918
8256	0.158428390367554
8257	0.12668479223735
8258	0.135754391703122
8259	0.144823991168895
8260	0.104010793572918
8261	0.0994759938400316
8262	0.144823991168895
8263	0.0949411941071452
8264	0.113080393038691
8265	0.117615192771577
8266	0.117615192771577
8267	0.16296319010044
8268	0.176567589299099
8269	0.104010793572918
8270	0.0994759938400316
8271	0.181102389031985
8272	0.153893590634667
8273	0.0949411941071452
8274	0.090406394374259
8275	0.167497989833326
8276	0.122149992504463
8277	0.140289191436008
8278	0.0949411941071452
8279	0.0722671954427137
8280	0.153893590634667
8281	0.0949411941071452
8282	0.16296319010044
8283	0.104010793572918
8284	0.158428390367554
8285	0.158428390367554
8286	0.16296319010044
8287	0.131219591970236
8288	0.0813367949084862
8289	0.117615192771577
8290	0.113080393038691
8291	0.167497989833326
8292	0.0949411941071452
8293	0.104010793572918
8294	0.090406394374259
8295	0.140289191436008
8296	0.090406394374259
8297	0.131219591970236
8298	0.144823991168895
8299	0.0858715946413726
8300	0.104010793572918
8301	0.144823991168895
8302	0.167497989833326
8303	0.104010793572918
8304	0.153893590634667
8305	0.131219591970236
8306	0.167497989833326
8307	0.0677323957098273
8308	0.117615192771577
8309	0.149358790901781
8310	0.12668479223735
8311	0.149358790901781
8312	0.140289191436008
8313	0.140289191436008
8314	0.090406394374259
8315	0.090406394374259
8316	0.153893590634667
8317	0.104010793572918
8318	0.0541279965111683
8319	0.0677323957098273
8320	0.0768019951756001
8321	0.131219591970236
8322	0.090406394374259
8323	0.135754391703122
8324	0.12668479223735
8325	0.158428390367554
8326	0.208311187429303
8327	0.104010793572918
8328	0.208311187429303
8329	0.135754391703122
8330	0.117615192771577
8331	0.181102389031985
8332	0.113080393038691
8333	0.12668479223735
8334	0.153893590634667
8335	0.0813367949084862
8336	0.090406394374259
8337	0.113080393038691
8338	0.144823991168895
8339	0.117615192771577
8340	0.12668479223735
8341	0.0949411941071452
8342	0.0813367949084862
8343	0.117615192771577
8344	0.167497989833326
8345	0.113080393038691
8346	0.158428390367554
8347	0.0949411941071452
8348	0.108545593305804
8349	0.0813367949084862
8350	0.113080393038691
8351	0.190171988497758
8352	0.113080393038691
8353	0.135754391703122
8354	0.104010793572918
8355	0.176567589299099
8356	0.12668479223735
8357	0.108545593305804
8358	0.140289191436008
8359	0.0994759938400316
8360	0.131219591970236
8361	0.153893590634667
8362	0.0858715946413726
8363	0.140289191436008
8364	0.181102389031985
8365	0.117615192771577
8366	0.0949411941071452
8367	0.149358790901781
8368	0.16296319010044
8369	0.0722671954427137
8370	0.104010793572918
8371	0.0949411941071452
8372	0.0994759938400316
8373	0.149358790901781
8374	0.0813367949084862
8375	0.108545593305804
8376	0.12668479223735
8377	0.0722671954427137
8378	0.0994759938400316
8379	0.117615192771577
8380	0.131219591970236
8381	0.0813367949084862
8382	0.12668479223735
8383	0.117615192771577
8384	0.135754391703122
8385	0.153893590634667
8386	0.12668479223735
8387	0.135754391703122
8388	0.117615192771577
8389	0.0450583970453957
8390	0.104010793572918
8391	0.140289191436008
8392	0.122149992504463
8393	0.140289191436008
8394	0.144823991168895
8395	0.090406394374259
8396	0.108545593305804
8397	0.0994759938400316
8398	0.144823991168895
8399	0.0677323957098273
8400	0.0768019951756001
8401	0.135754391703122
8402	0.16296319010044
8403	0.0949411941071452
8404	0.104010793572918
8405	0.0858715946413726
8406	0.122149992504463
8407	0.090406394374259
8408	0.122149992504463
8409	0.144823991168895
8410	0.0949411941071452
8411	0.144823991168895
8412	0.0314539978467368
8413	0.12668479223735
8414	0.16296319010044
8415	0.12668479223735
8416	0.090406394374259
8417	0.117615192771577
8418	0.0722671954427137
8419	0.117615192771577
8420	0.158428390367554
8421	0.108545593305804
8422	0.122149992504463
8423	0.0949411941071452
8424	0.090406394374259
8425	0.153893590634667
8426	0.176567589299099
8427	0.144823991168895
8428	0.144823991168895
8429	0.158428390367554
8430	0.0994759938400316
8431	0.122149992504463
8432	0.0949411941071452
8433	0.090406394374259
8434	0.117615192771577
8435	0.12668479223735
8436	0.113080393038691
8437	0.158428390367554
8438	0.104010793572918
8439	0.16296319010044
8440	0.0405235973125093
8441	0.122149992504463
8442	0.117615192771577
8443	0.131219591970236
8444	0.12668479223735
8445	0.153893590634667
8446	0.108545593305804
8447	0.104010793572918
8448	0.21284598716219
8449	0.113080393038691
8450	0.0450583970453957
8451	0.0949411941071452
8452	0.131219591970236
8453	0.113080393038691
8454	0.167497989833326
8455	0.140289191436008
8456	0.0722671954427137
8457	0.149358790901781
8458	0.149358790901781
8459	0.090406394374259
8460	0.090406394374259
8461	0.203776387696417
8462	0.131219591970236
8463	0.122149992504463
8464	0.140289191436008
8465	0.140289191436008
8466	0.0994759938400316
8467	0.090406394374259
8468	0.140289191436008
8469	0.0858715946413726
8470	0.153893590634667
8471	0.122149992504463
8472	0.140289191436008
8473	0.194706788230644
8474	0.0858715946413726
8475	0.108545593305804
8476	0.108545593305804
8477	0.0768019951756001
8478	0.172032789566213
8479	0.104010793572918
8480	0.135754391703122
8481	0.108545593305804
8482	0.0994759938400316
8483	0.122149992504463
8484	0.16296319010044
8485	0.172032789566213
8486	0.149358790901781
8487	0.12668479223735
8488	0.113080393038691
8489	0.203776387696417
8490	0.144823991168895
8491	0.108545593305804
8492	0.117615192771577
8493	0.0677323957098273
8494	0.144823991168895
8495	0.12668479223735
8496	0.176567589299099
8497	0.153893590634667
8498	0.104010793572918
8499	0.113080393038691
8500	0.185637188764872
8501	0.131219591970236
8502	0.0813367949084862
8503	0.122149992504463
8504	0.0813367949084862
8505	0.149358790901781
8506	0.108545593305804
8507	0.090406394374259
8508	0.12668479223735
8509	0.122149992504463
8510	0.117615192771577
8511	0.108545593305804
8512	0.117615192771577
8513	0.0949411941071452
8514	0.144823991168895
8515	0.113080393038691
8516	0.194706788230644
8517	0.0768019951756001
8518	0.113080393038691
8519	0.0858715946413726
8520	0.0994759938400316
8521	0.149358790901781
8522	0.0631975959769411
8523	0.140289191436008
8524	0.144823991168895
8525	0.131219591970236
8526	0.131219591970236
8527	0.0858715946413726
8528	0.172032789566213
8529	0.0949411941071452
8530	0.153893590634667
8531	0.108545593305804
8532	0.176567589299099
8533	0.122149992504463
8534	0.108545593305804
8535	0.167497989833326
8536	0.0994759938400316
8537	0.122149992504463
8538	0.140289191436008
8539	0.0994759938400316
8540	0.135754391703122
8541	0.167497989833326
8542	0.131219591970236
8543	0.0994759938400316
8544	0.122149992504463
8545	0.0813367949084862
8546	0.117615192771577
8547	0.0541279965111683
8548	0.12668479223735
8549	0.0949411941071452
8550	0.122149992504463
8551	0.167497989833326
8552	0.172032789566213
8553	0.0813367949084862
8554	0.135754391703122
8555	0.131219591970236
8556	0.090406394374259
8557	0.131219591970236
8558	0.144823991168895
8559	0.135754391703122
8560	0.135754391703122
8561	0.0722671954427137
8562	0.0768019951756001
8563	0.0677323957098273
8564	0.108545593305804
8565	0.144823991168895
8566	0.113080393038691
8567	0.0631975959769411
8568	0.176567589299099
8569	0.0858715946413726
8570	0.12668479223735
8571	0.108545593305804
8572	0.149358790901781
8573	0.167497989833326
8574	0.149358790901781
8575	0.113080393038691
8576	0.149358790901781
8577	0.131219591970236
8578	0.0949411941071452
8579	0.0677323957098273
8580	0.12668479223735
8581	0.104010793572918
8582	0.108545593305804
8583	0.190171988497758
8584	0.149358790901781
8585	0.221915586627962
8586	0.0495931967782821
8587	0.158428390367554
8588	0.104010793572918
8589	0.135754391703122
8590	0.0722671954427137
8591	0.144823991168895
8592	0.0768019951756001
8593	0.158428390367554
8594	0.167497989833326
8595	0.0949411941071452
8596	0.140289191436008
8597	0.0768019951756001
8598	0.0858715946413726
8599	0.0586627962440547
8600	0.0949411941071452
8601	0.0994759938400316
8602	0.16296319010044
8603	0.12668479223735
8604	0.181102389031985
8605	0.122149992504463
8606	0.149358790901781
8607	0.153893590634667
8608	0.108545593305804
8609	0.113080393038691
8610	0.153893590634667
8611	0.135754391703122
8612	0.117615192771577
8613	0.117615192771577
8614	0.090406394374259
8615	0.158428390367554
8616	0.199241587963531
8617	0.104010793572918
8618	0.122149992504463
8619	0.176567589299099
8620	0.0677323957098273
8621	0.0994759938400316
8622	0.153893590634667
8623	0.135754391703122
8624	0.122149992504463
8625	0.0994759938400316
8626	0.149358790901781
8627	0.0858715946413726
8628	0.0858715946413726
8629	0.122149992504463
8630	0.104010793572918
8631	0.090406394374259
8632	0.113080393038691
8633	0.0813367949084862
8634	0.0949411941071452
8635	0.090406394374259
8636	0.104010793572918
8637	0.135754391703122
8638	0.122149992504463
8639	0.16296319010044
8640	0.0722671954427137
8641	0.172032789566213
8642	0.0677323957098273
8643	0.135754391703122
8644	0.113080393038691
8645	0.122149992504463
8646	0.140289191436008
8647	0.153893590634667
8648	0.135754391703122
8649	0.16296319010044
8650	0.0949411941071452
8651	0.108545593305804
8652	0.144823991168895
8653	0.0677323957098273
8654	0.113080393038691
8655	0.135754391703122
8656	0.0994759938400316
8657	0.16296319010044
8658	0.144823991168895
8659	0.16296319010044
8660	0.12668479223735
8661	0.181102389031985
8662	0.135754391703122
8663	0.149358790901781
8664	0.144823991168895
8665	0.090406394374259
8666	0.0813367949084862
8667	0.140289191436008
8668	0.0949411941071452
8669	0.117615192771577
8670	0.140289191436008
8671	0.108545593305804
8672	0.12668479223735
8673	0.108545593305804
8674	0.158428390367554
8675	0.0949411941071452
8676	0.0949411941071452
8677	0.16296319010044
8678	0.12668479223735
8679	0.122149992504463
8680	0.0949411941071452
8681	0.135754391703122
8682	0.0949411941071452
8683	0.12668479223735
8684	0.144823991168895
8685	0.153893590634667
8686	0.0677323957098273
8687	0.104010793572918
8688	0.122149992504463
8689	0.0858715946413726
8690	0.122149992504463
8691	0.199241587963531
8692	0.0768019951756001
8693	0.108545593305804
8694	0.158428390367554
8695	0.153893590634667
8696	0.140289191436008
8697	0.131219591970236
8698	0.176567589299099
8699	0.172032789566213
8700	0.0631975959769411
8701	0.090406394374259
8702	0.185637188764872
8703	0.0994759938400316
8704	0.00424519944941881
8705	0.0631975959769411
8706	0.135754391703122
8707	0.0994759938400316
8708	0.113080393038691
8709	0.21284598716219
8710	0.108545593305804
8711	0.131219591970236
8712	0.0949411941071452
8713	0.158428390367554
8714	0.0813367949084862
8715	0.104010793572918
8716	0.12668479223735
8717	0.090406394374259
8718	0.0677323957098273
8719	0.131219591970236
8720	0.158428390367554
8721	0.140289191436008
8722	0.104010793572918
8723	0.12668479223735
8724	0.0722671954427137
8725	0.131219591970236
8726	0.167497989833326
8727	0.117615192771577
8728	0.144823991168895
8729	0.153893590634667
8730	0.122149992504463
8731	0.090406394374259
8732	0.117615192771577
8733	0.135754391703122
8734	0.0722671954427137
8735	0.0722671954427137
8736	0.0677323957098273
8737	0.108545593305804
8738	0.153893590634667
8739	0.117615192771577
8740	0.0949411941071452
8741	0.149358790901781
8742	0.144823991168895
8743	0.0858715946413726
8744	0.122149992504463
8745	0.140289191436008
8746	0.140289191436008
8747	0.090406394374259
8748	0.149358790901781
8749	0.135754391703122
8750	0.153893590634667
8751	0.135754391703122
8752	0.131219591970236
8753	0.194706788230644
8754	0.0631975959769411
8755	0.135754391703122
8756	0.172032789566213
8757	0.153893590634667
8758	0.144823991168895
8759	0.153893590634667
8760	0.108545593305804
8761	0.117615192771577
8762	0.153893590634667
8763	0.0813367949084862
8764	0.144823991168895
8765	0.131219591970236
8766	0.108545593305804
8767	0.12668479223735
8768	0.090406394374259
8769	0.104010793572918
8770	0.108545593305804
8771	0.113080393038691
8772	0.0858715946413726
8773	0.181102389031985
8774	0.108545593305804
8775	0.122149992504463
8776	0.153893590634667
8777	0.158428390367554
8778	0.113080393038691
8779	0.0722671954427137
8780	0.140289191436008
8781	0.140289191436008
8782	0.104010793572918
8783	0.122149992504463
8784	0.135754391703122
8785	0.144823991168895
8786	0.104010793572918
8787	0.181102389031985
8788	0.135754391703122
8789	0.122149992504463
8790	0.108545593305804
8791	0.0813367949084862
8792	0.149358790901781
8793	0.0677323957098273
8794	0.0586627962440547
8795	0.149358790901781
8796	0.0722671954427137
8797	0.108545593305804
8798	0.16296319010044
8799	0.203776387696417
8800	0.149358790901781
8801	0.12668479223735
8802	0.0541279965111683
8803	0.16296319010044
8804	0.0858715946413726
8805	0.117615192771577
8806	0.12668479223735
8807	0.113080393038691
8808	0.135754391703122
8809	0.108545593305804
8810	0.113080393038691
8811	0.0722671954427137
8812	0.135754391703122
8813	0.104010793572918
8814	0.167497989833326
8815	0.153893590634667
8816	0.140289191436008
8817	0.185637188764872
8818	0.135754391703122
8819	0.113080393038691
8820	0.0949411941071452
8821	0.122149992504463
8822	0.113080393038691
8823	0.140289191436008
8824	0.149358790901781
8825	0.0949411941071452
8826	0.113080393038691
8827	0.144823991168895
8828	0.12668479223735
8829	0.158428390367554
8830	0.0631975959769411
8831	0.135754391703122
8832	0.117615192771577
8833	0.090406394374259
8834	0.181102389031985
8835	0.122149992504463
8836	0.176567589299099
8837	0.140289191436008
8838	0.0949411941071452
8839	0.104010793572918
8840	0.172032789566213
8841	0.140289191436008
8842	0.117615192771577
8843	0.090406394374259
8844	0.135754391703122
8845	0.16296319010044
8846	0.122149992504463
8847	0.113080393038691
8848	0.172032789566213
8849	0.12668479223735
8850	0.122149992504463
8851	0.176567589299099
8852	0.117615192771577
8853	0.0994759938400316
8854	0.158428390367554
8855	0.0631975959769411
8856	0.172032789566213
8857	0.0858715946413726
8858	0.104010793572918
8859	0.153893590634667
8860	0.135754391703122
8861	0.113080393038691
8862	0.176567589299099
8863	0.135754391703122
8864	0.149358790901781
8865	0.108545593305804
8866	0.0450583970453957
8867	0.172032789566213
8868	0.149358790901781
8869	0.144823991168895
8870	0.12668479223735
8871	0.16296319010044
8872	0.0949411941071452
8873	0.104010793572918
8874	0.104010793572918
8875	0.158428390367554
8876	0.0586627962440547
8877	0.131219591970236
8878	0.176567589299099
8879	0.117615192771577
8880	0.131219591970236
8881	0.144823991168895
8882	0.090406394374259
8883	0.0223843983809642
8884	0.117615192771577
8885	0.144823991168895
8886	0.194706788230644
8887	0.122149992504463
8888	0.104010793572918
8889	0.0813367949084862
8890	0.117615192771577
8891	0.158428390367554
8892	0.090406394374259
8893	0.140289191436008
8894	0.12668479223735
8895	0.135754391703122
8896	0.0768019951756001
8897	0.0541279965111683
8898	0.140289191436008
8899	0.140289191436008
8900	0.117615192771577
8901	0.0994759938400316
8902	0.144823991168895
8903	0.0586627962440547
8904	0.0586627962440547
8905	0.149358790901781
8906	0.153893590634667
8907	0.181102389031985
8908	0.149358790901781
8909	0.108545593305804
8910	0.0994759938400316
8911	0.122149992504463
8912	0.0858715946413726
8913	0.0677323957098273
8914	0.0949411941071452
8915	0.122149992504463
8916	0.194706788230644
8917	0.0813367949084862
8918	0.131219591970236
8919	0.158428390367554
8920	0.0949411941071452
8921	0.0722671954427137
8922	0.117615192771577
8923	0.113080393038691
8924	0.153893590634667
8925	0.12668479223735
8926	0.113080393038691
8927	0.131219591970236
8928	0.172032789566213
8929	0.113080393038691
8930	0.153893590634667
8931	0.144823991168895
8932	0.185637188764872
8933	0.0495931967782821
8934	0.108545593305804
8935	0.135754391703122
8936	0.153893590634667
8937	0.122149992504463
8938	0.16296319010044
8939	0.104010793572918
8940	0.0994759938400316
8941	0.0722671954427137
8942	0.131219591970236
8943	0.0722671954427137
8944	0.16296319010044
8945	0.122149992504463
8946	0.0813367949084862
8947	0.153893590634667
8948	0.104010793572918
8949	0.12668479223735
8950	0.131219591970236
8951	0.172032789566213
8952	0.140289191436008
8953	0.113080393038691
8954	0.0858715946413726
8955	0.104010793572918
8956	0.158428390367554
8957	0.0994759938400316
8958	0.0722671954427137
8959	0.113080393038691
8960	0.140289191436008
8961	0.122149992504463
8962	0.167497989833326
8963	0.0813367949084862
8964	0.113080393038691
8965	0.113080393038691
8966	0.167497989833326
8967	0.12668479223735
8968	0.135754391703122
8969	0.12668479223735
8970	0.090406394374259
8971	0.108545593305804
8972	0.131219591970236
8973	0.12668479223735
8974	0.131219591970236
8975	0.122149992504463
8976	0.12668479223735
8977	0.117615192771577
8978	0.12668479223735
8979	0.0994759938400316
8980	0.149358790901781
8981	0.140289191436008
8982	0.12668479223735
8983	0.149358790901781
8984	0.117615192771577
8985	0.108545593305804
8986	0.113080393038691
8987	0.140289191436008
8988	0.122149992504463
8989	0.208311187429303
8990	0.0994759938400316
8991	0.108545593305804
8992	0.144823991168895
8993	0.108545593305804
8994	0.131219591970236
8995	0.144823991168895
8996	0.090406394374259
8997	0.113080393038691
8998	0.090406394374259
8999	0.194706788230644
9000	0.16296319010044
9001	0.0994759938400316
9002	0.153893590634667
9003	0.0677323957098273
9004	0.153893590634667
9005	0.0768019951756001
9006	0.104010793572918
9007	0.12668479223735
9008	0.113080393038691
9009	0.12668479223735
9010	0.0949411941071452
9011	0.122149992504463
9012	0.122149992504463
9013	0.140289191436008
9014	0.0994759938400316
9015	0.104010793572918
9016	0.0994759938400316
9017	0.176567589299099
9018	0.190171988497758
9019	0.0631975959769411
9020	0.104010793572918
9021	0.176567589299099
9022	0.108545593305804
9023	0.0586627962440547
9024	0.113080393038691
9025	0.0994759938400316
9026	0.140289191436008
9027	0.122149992504463
9028	0.0677323957098273
9029	0.0813367949084862
9030	0.149358790901781
9031	0.104010793572918
9032	0.131219591970236
9033	0.108545593305804
9034	0.0541279965111683
9035	0.0949411941071452
9036	0.176567589299099
9037	0.158428390367554
9038	0.117615192771577
9039	0.194706788230644
9040	0.0541279965111683
9041	0.0949411941071452
9042	0.122149992504463
9043	0.149358790901781
9044	0.0768019951756001
9045	0.131219591970236
9046	0.0813367949084862
9047	0.12668479223735
9048	0.108545593305804
9049	0.158428390367554
9050	0.0858715946413726
9051	0.135754391703122
9052	0.108545593305804
9053	0.167497989833326
9054	0.104010793572918
9055	0.153893590634667
9056	0.104010793572918
9057	0.131219591970236
9058	0.144823991168895
9059	0.104010793572918
9060	0.0677323957098273
9061	0.167497989833326
9062	0.117615192771577
9063	0.0858715946413726
9064	0.149358790901781
9065	0.122149992504463
9066	0.181102389031985
9067	0.153893590634667
9068	0.144823991168895
9069	0.185637188764872
9070	0.172032789566213
9071	0.131219591970236
9072	0.0994759938400316
9073	0.122149992504463
9074	0.144823991168895
9075	0.0949411941071452
9076	0.12668479223735
9077	0.16296319010044
9078	0.144823991168895
9079	0.113080393038691
9080	0.181102389031985
9081	0.149358790901781
9082	0.135754391703122
9083	0.176567589299099
9084	0.12668479223735
9085	0.135754391703122
9086	0.117615192771577
9087	0.181102389031985
9088	0.090406394374259
9089	0.140289191436008
9090	0.122149992504463
9091	0.108545593305804
9092	0.16296319010044
9093	0.113080393038691
9094	0.0858715946413726
9095	0.131219591970236
9096	0.0994759938400316
9097	0.122149992504463
9098	0.185637188764872
9099	0.149358790901781
9100	0.135754391703122
9101	0.0994759938400316
9102	0.153893590634667
9103	0.090406394374259
9104	0.144823991168895
9105	0.0949411941071452
9106	0.117615192771577
9107	0.131219591970236
9108	0.090406394374259
9109	0.149358790901781
9110	0.153893590634667
9111	0.140289191436008
9112	0.144823991168895
9113	0.0949411941071452
9114	0.090406394374259
9115	0.0541279965111683
9116	0.108545593305804
9117	0.113080393038691
9118	0.0631975959769411
9119	0.144823991168895
9120	0.104010793572918
9121	0.131219591970236
9122	0.113080393038691
9123	0.190171988497758
9124	0.153893590634667
9125	0.117615192771577
9126	0.0813367949084862
9127	0.113080393038691
9128	0.153893590634667
9129	0.0269191981138504
9130	0.144823991168895
9131	0.135754391703122
9132	0.135754391703122
9133	0.149358790901781
9134	0.167497989833326
9135	0.122149992504463
9136	0.149358790901781
9137	0.117615192771577
9138	0.122149992504463
9139	0.153893590634667
9140	0.104010793572918
9141	0.144823991168895
9142	0.140289191436008
9143	0.131219591970236
9144	0.140289191436008
9145	0.144823991168895
9146	0.135754391703122
9147	0.167497989833326
9148	0.149358790901781
9149	0.0949411941071452
9150	0.12668479223735
9151	0.117615192771577
9152	0.12668479223735
9153	0.122149992504463
9154	0.131219591970236
9155	0.12668479223735
9156	0.16296319010044
9157	0.158428390367554
9158	0.104010793572918
9159	0.149358790901781
9160	0.131219591970236
9161	0.104010793572918
9162	0.108545593305804
9163	0.135754391703122
9164	0.0994759938400316
9165	0.117615192771577
9166	0.131219591970236
9167	0.090406394374259
9168	0.153893590634667
9169	0.149358790901781
9170	0.117615192771577
9171	0.117615192771577
9172	0.0949411941071452
9173	0.158428390367554
9174	0.16296319010044
9175	0.135754391703122
9176	0.135754391703122
9177	0.12668479223735
9178	0.158428390367554
9179	0.117615192771577
9180	0.16296319010044
9181	0.0768019951756001
9182	0.153893590634667
9183	0.122149992504463
9184	0.117615192771577
9185	0.117615192771577
9186	0.140289191436008
9187	0.131219591970236
9188	0.122149992504463
9189	0.16296319010044
9190	0.12668479223735
9191	0.113080393038691
9192	0.0949411941071452
9193	0.176567589299099
9194	0.149358790901781
9195	0.113080393038691
9196	0.090406394374259
9197	0.122149992504463
9198	0.108545593305804
9199	0.140289191436008
9200	0.0994759938400316
9201	0.090406394374259
9202	0.117615192771577
9203	0.117615192771577
9204	0.140289191436008
9205	0.131219591970236
9206	0.131219591970236
9207	0.221915586627962
9208	0.16296319010044
9209	0.0813367949084862
9210	0.090406394374259
9211	0.153893590634667
9212	0.12668479223735
9213	0.0994759938400316
9214	0.090406394374259
9215	0.176567589299099
9216	0.12668479223735
9217	0.12668479223735
9218	0.122149992504463
9219	0.0631975959769411
9220	0.135754391703122
9221	0.108545593305804
9222	0.140289191436008
9223	0.131219591970236
9224	0.135754391703122
9225	0.0768019951756001
9226	0.108545593305804
9227	0.0586627962440547
9228	0.131219591970236
9229	0.140289191436008
9230	0.113080393038691
9231	0.12668479223735
9232	0.090406394374259
9233	0.0768019951756001
9234	0.149358790901781
9235	0.153893590634667
9236	0.185637188764872
9237	0.0994759938400316
9238	0.12668479223735
9239	0.135754391703122
9240	0.090406394374259
9241	0.140289191436008
9242	0.0722671954427137
9243	0.12668479223735
9244	0.194706788230644
9245	0.149358790901781
9246	0.158428390367554
9247	0.135754391703122
9248	0.0994759938400316
9249	0.113080393038691
9250	0.131219591970236
9251	0.131219591970236
9252	0.140289191436008
9253	0.181102389031985
9254	0.117615192771577
9255	0.144823991168895
9256	0.190171988497758
9257	0.135754391703122
9258	0.113080393038691
9259	0.122149992504463
9260	0.12668479223735
9261	0.0858715946413726
9262	0.140289191436008
9263	0.158428390367554
9264	0.131219591970236
9265	0.12668479223735
9266	0.113080393038691
9267	0.0858715946413726
9268	0.0495931967782821
9269	0.108545593305804
9270	0.108545593305804
9271	0.0586627962440547
9272	0.113080393038691
9273	0.108545593305804
9274	0.185637188764872
9275	0.0677323957098273
9276	0.122149992504463
9277	0.0133147989151914
9278	0.0722671954427137
9279	0.140289191436008
9280	0.176567589299099
9281	0.117615192771577
9282	0.113080393038691
9283	0.140289191436008
9284	0.113080393038691
9285	0.104010793572918
9286	0.12668479223735
9287	0.172032789566213
9288	0.0858715946413726
9289	0.0994759938400316
9290	0.144823991168895
9291	0.108545593305804
9292	0.122149992504463
9293	0.12668479223735
9294	0.131219591970236
9295	0.144823991168895
9296	0.149358790901781
9297	0.113080393038691
9298	0.122149992504463
9299	0.158428390367554
9300	0.090406394374259
9301	0.122149992504463
9302	0.0994759938400316
9303	0.167497989833326
9304	0.176567589299099
9305	0.135754391703122
9306	0.108545593305804
9307	0.16296319010044
9308	0.135754391703122
9309	0.181102389031985
9310	0.108545593305804
9311	0.113080393038691
9312	0.113080393038691
9313	0.144823991168895
9314	0.199241587963531
9315	0.0994759938400316
9316	0.217380786895076
9317	0.140289191436008
9318	0.108545593305804
9319	0.0768019951756001
9320	0.0858715946413726
9321	0.0949411941071452
9322	0.108545593305804
9323	0.131219591970236
9324	0.12668479223735
9325	0.108545593305804
9326	0.12668479223735
9327	0.217380786895076
9328	0.135754391703122
9329	0.144823991168895
9330	0.149358790901781
9331	0.108545593305804
9332	0.158428390367554
9333	0.140289191436008
9334	0.108545593305804
9335	0.12668479223735
9336	0.0495931967782821
9337	0.149358790901781
9338	0.0858715946413726
9339	0.181102389031985
9340	0.108545593305804
9341	0.104010793572918
9342	0.131219591970236
9343	0.153893590634667
9344	0.113080393038691
9345	0.149358790901781
9346	0.12668479223735
9347	0.0813367949084862
9348	0.140289191436008
9349	0.12668479223735
9350	0.140289191436008
9351	0.0949411941071452
9352	0.131219591970236
9353	0.226450386360849
9354	0.135754391703122
9355	0.108545593305804
9356	0.135754391703122
9357	0.167497989833326
9358	0.153893590634667
9359	0.117615192771577
9360	0.172032789566213
9361	0.144823991168895
9362	0.16296319010044
9363	0.0994759938400316
9364	0.140289191436008
9365	0.153893590634667
9366	0.113080393038691
9367	0.12668479223735
9368	0.113080393038691
9369	0.104010793572918
9370	0.0677323957098273
9371	0.135754391703122
9372	0.172032789566213
9373	0.149358790901781
9374	0.208311187429303
9375	0.140289191436008
9376	0.104010793572918
9377	0.221915586627962
9378	0.167497989833326
9379	0.181102389031985
9380	0.172032789566213
9381	0.0677323957098273
9382	0.113080393038691
9383	0.122149992504463
9384	0.181102389031985
9385	0.0722671954427137
9386	0.117615192771577
9387	0.0722671954427137
9388	0.12668479223735
9389	0.090406394374259
9390	0.131219591970236
9391	0.0994759938400316
9392	0.167497989833326
9393	0.0722671954427137
9394	0.0949411941071452
9395	0.131219591970236
9396	0.12668479223735
9397	0.090406394374259
9398	0.0858715946413726
9399	0.144823991168895
9400	0.12668479223735
9401	0.0768019951756001
9402	0.135754391703122
9403	0.158428390367554
9404	0.0586627962440547
9405	0.158428390367554
9406	0.0631975959769411
9407	0.185637188764872
9408	0.131219591970236
9409	0.131219591970236
9410	0.185637188764872
9411	0.149358790901781
9412	0.16296319010044
9413	0.117615192771577
9414	0.0949411941071452
9415	0.144823991168895
9416	0.167497989833326
9417	0.12668479223735
9418	0.12668479223735
9419	0.122149992504463
9420	0.172032789566213
9421	0.0768019951756001
9422	0.0949411941071452
9423	0.140289191436008
9424	0.140289191436008
9425	0.12668479223735
9426	0.117615192771577
9427	0.131219591970236
9428	0.0405235973125093
9429	0.090406394374259
9430	0.140289191436008
9431	0.144823991168895
9432	0.104010793572918
9433	0.140289191436008
9434	0.122149992504463
9435	0.144823991168895
9436	0.108545593305804
9437	0.131219591970236
9438	0.135754391703122
9439	0.122149992504463
9440	0.194706788230644
9441	0.104010793572918
9442	0.140289191436008
9443	0.131219591970236
9444	0.135754391703122
9445	0.090406394374259
9446	0.104010793572918
9447	0.108545593305804
9448	0.16296319010044
9449	0.0768019951756001
9450	0.108545593305804
9451	0.090406394374259
9452	0.113080393038691
9453	0.149358790901781
9454	0.131219591970236
9455	0.217380786895076
9456	0.140289191436008
9457	0.0450583970453957
9458	0.0768019951756001
9459	0.117615192771577
9460	0.167497989833326
9461	0.0994759938400316
9462	0.172032789566213
9463	0.0949411941071452
9464	0.21284598716219
9465	0.122149992504463
9466	0.12668479223735
9467	0.0813367949084862
9468	0.117615192771577
9469	0.140289191436008
9470	0.158428390367554
9471	0.135754391703122
9472	0.0994759938400316
9473	0.108545593305804
9474	0.122149992504463
9475	0.0949411941071452
9476	0.113080393038691
9477	0.135754391703122
9478	0.0858715946413726
9479	0.108545593305804
9480	0.158428390367554
9481	0.108545593305804
9482	0.144823991168895
9483	0.140289191436008
9484	0.144823991168895
9485	0.0813367949084862
9486	0.135754391703122
9487	0.0994759938400316
9488	0.0949411941071452
9489	0.131219591970236
9490	0.153893590634667
9491	0.12668479223735
9492	0.135754391703122
9493	0.140289191436008
9494	0.0768019951756001
9495	0.104010793572918
9496	0.122149992504463
9497	0.108545593305804
9498	0.12668479223735
9499	0.108545593305804
9500	0.167497989833326
9501	0.0994759938400316
9502	0.144823991168895
9503	0.167497989833326
9504	0.12668479223735
9505	0.140289191436008
9506	0.108545593305804
9507	0.135754391703122
9508	0.135754391703122
9509	0.108545593305804
9510	0.158428390367554
9511	0.158428390367554
9512	0.144823991168895
9513	0.172032789566213
9514	0.131219591970236
9515	0.149358790901781
9516	0.140289191436008
9517	0.144823991168895
9518	0.167497989833326
9519	0.158428390367554
9520	0.12668479223735
9521	0.0768019951756001
9522	0.158428390367554
9523	0.0495931967782821
9524	0.21284598716219
9525	0.12668479223735
9526	0.122149992504463
9527	0.16296319010044
9528	0.172032789566213
9529	0.131219591970236
9530	0.090406394374259
9531	0.0813367949084862
9532	0.167497989833326
9533	0.0677323957098273
9534	0.149358790901781
9535	0.113080393038691
9536	0.12668479223735
9537	0.172032789566213
9538	0.153893590634667
9539	0.135754391703122
9540	0.108545593305804
9541	0.113080393038691
9542	0.190171988497758
9543	0.135754391703122
9544	0.104010793572918
9545	0.0994759938400316
9546	0.113080393038691
9547	0.108545593305804
9548	0.153893590634667
9549	0.135754391703122
9550	0.176567589299099
9551	0.153893590634667
9552	0.16296319010044
9553	0.181102389031985
9554	0.158428390367554
9555	0.117615192771577
9556	0.12668479223735
9557	0.0858715946413726
9558	0.190171988497758
9559	0.122149992504463
9560	0.0541279965111683
9561	0.140289191436008
9562	0.108545593305804
9563	0.104010793572918
9564	0.131219591970236
9565	0.117615192771577
9566	0.181102389031985
9567	0.144823991168895
9568	0.117615192771577
9569	0.135754391703122
9570	0.131219591970236
9571	0.0223843983809642
9572	0.172032789566213
9573	0.104010793572918
9574	0.0949411941071452
9575	0.104010793572918
9576	0.108545593305804
9577	0.172032789566213
9578	0.0495931967782821
9579	0.131219591970236
9580	0.144823991168895
9581	0.0994759938400316
9582	0.117615192771577
9583	0.190171988497758
9584	0.0994759938400316
9585	0.153893590634667
9586	0.144823991168895
9587	0.12668479223735
9588	0.135754391703122
9589	0.108545593305804
9590	0.122149992504463
9591	0.0858715946413726
9592	0.158428390367554
9593	0.104010793572918
9594	0.0586627962440547
9595	0.140289191436008
9596	0.181102389031985
9597	0.0994759938400316
9598	0.117615192771577
9599	0.0949411941071452
9600	0.113080393038691
9601	0.135754391703122
9602	0.131219591970236
9603	0.190171988497758
9604	0.117615192771577
9605	0.0994759938400316
9606	0.131219591970236
9607	0.153893590634667
9608	0.0858715946413726
9609	0.153893590634667
9610	0.181102389031985
9611	0.158428390367554
9612	0.108545593305804
9613	0.16296319010044
9614	0.12668479223735
9615	0.113080393038691
9616	0.131219591970236
9617	0.104010793572918
9618	0.113080393038691
9619	0.113080393038691
9620	0.0994759938400316
9621	0.090406394374259
9622	0.0858715946413726
9623	0.149358790901781
9624	0.113080393038691
9625	0.104010793572918
9626	0.167497989833326
9627	0.140289191436008
9628	0.090406394374259
9629	0.0677323957098273
9630	0.16296319010044
9631	0.0541279965111683
9632	0.135754391703122
9633	0.135754391703122
9634	0.104010793572918
9635	0.113080393038691
9636	0.12668479223735
9637	0.0858715946413726
9638	0.149358790901781
9639	0.16296319010044
9640	0.131219591970236
9641	0.131219591970236
9642	0.0586627962440547
9643	0.131219591970236
9644	0.140289191436008
9645	0.12668479223735
9646	0.12668479223735
9647	0.21284598716219
9648	0.122149992504463
9649	0.167497989833326
9650	0.0586627962440547
9651	0.122149992504463
9652	0.0949411941071452
9653	0.0813367949084862
9654	0.0858715946413726
9655	0.0813367949084862
9656	0.172032789566213
9657	0.0858715946413726
9658	0.113080393038691
9659	0.117615192771577
9660	0.135754391703122
9661	0.0813367949084862
9662	0.140289191436008
9663	0.104010793572918
9664	0.0722671954427137
9665	0.0994759938400316
9666	0.158428390367554
9667	0.117615192771577
9668	0.0768019951756001
9669	0.149358790901781
9670	0.0949411941071452
9671	0.181102389031985
9672	0.135754391703122
9673	0.0768019951756001
9674	0.135754391703122
9675	0.117615192771577
9676	0.144823991168895
9677	0.117615192771577
9678	0.0949411941071452
9679	0.172032789566213
9680	0.176567589299099
9681	0.090406394374259
9682	0.117615192771577
9683	0.0994759938400316
9684	0.090406394374259
9685	0.149358790901781
9686	0.144823991168895
9687	0.185637188764872
9688	0.122149992504463
9689	0.0949411941071452
9690	0.108545593305804
9691	0.144823991168895
9692	0.149358790901781
9693	0.131219591970236
9694	0.140289191436008
9695	0.113080393038691
9696	0.131219591970236
9697	0.144823991168895
9698	0.12668479223735
9699	0.0768019951756001
9700	0.108545593305804
9701	0.149358790901781
9702	0.113080393038691
9703	0.153893590634667
9704	0.153893590634667
9705	0.140289191436008
9706	0.140289191436008
9707	0.167497989833326
9708	0.131219591970236
9709	0.135754391703122
9710	0.172032789566213
9711	0.0994759938400316
9712	0.135754391703122
9713	0.108545593305804
9714	0.144823991168895
9715	0.12668479223735
9716	0.12668479223735
9717	0.167497989833326
9718	0.113080393038691
9719	0.172032789566213
9720	0.0768019951756001
9721	0.172032789566213
9722	0.108545593305804
9723	0.0858715946413726
9724	0.117615192771577
9725	0.176567589299099
9726	0.122149992504463
9727	0.113080393038691
9728	0.144823991168895
9729	0.167497989833326
9730	0.140289191436008
9731	0.090406394374259
9732	0.149358790901781
9733	0.108545593305804
9734	0.149358790901781
9735	0.122149992504463
9736	0.185637188764872
9737	0.12668479223735
9738	0.149358790901781
9739	0.140289191436008
9740	0.12668479223735
9741	0.140289191436008
9742	0.117615192771577
9743	0.131219591970236
9744	0.122149992504463
9745	0.12668479223735
9746	0.158428390367554
9747	0.0722671954427137
9748	0.144823991168895
9749	0.140289191436008
9750	0.0586627962440547
9751	0.104010793572918
9752	0.153893590634667
9753	0.104010793572918
9754	0.113080393038691
9755	0.104010793572918
9756	0.144823991168895
9757	0.0677323957098273
9758	0.140289191436008
9759	0.108545593305804
9760	0.144823991168895
9761	0.0994759938400316
9762	0.140289191436008
9763	0.167497989833326
9764	0.131219591970236
9765	0.0586627962440547
9766	0.0949411941071452
9767	0.108545593305804
9768	0.113080393038691
9769	0.140289191436008
9770	0.117615192771577
9771	0.113080393038691
9772	0.0858715946413726
9773	0.0994759938400316
9774	0.158428390367554
9775	0.0631975959769411
9776	0.12668479223735
9777	0.149358790901781
9778	0.108545593305804
9779	0.158428390367554
9780	0.140289191436008
9781	0.108545593305804
9782	0.12668479223735
9783	0.108545593305804
9784	0.113080393038691
9785	0.172032789566213
9786	0.0858715946413726
9787	0.144823991168895
9788	0.144823991168895
9789	0.153893590634667
9790	0.12668479223735
9791	0.135754391703122
9792	0.113080393038691
9793	0.131219591970236
9794	0.108545593305804
9795	0.135754391703122
9796	0.104010793572918
9797	0.181102389031985
9798	0.122149992504463
9799	0.167497989833326
9800	0.0586627962440547
9801	0.181102389031985
9802	0.181102389031985
9803	0.108545593305804
9804	0.12668479223735
9805	0.135754391703122
9806	0.172032789566213
9807	0.117615192771577
9808	0.104010793572918
9809	0.122149992504463
9810	0.153893590634667
9811	0.140289191436008
9812	0.16296319010044
9813	0.0994759938400316
9814	0.12668479223735
9815	0.21284598716219
9816	0.108545593305804
9817	0.16296319010044
9818	0.117615192771577
9819	0.0858715946413726
9820	0.131219591970236
9821	0.122149992504463
9822	0.131219591970236
9823	0.0631975959769411
9824	0.194706788230644
9825	0.135754391703122
9826	0.144823991168895
9827	0.12668479223735
9828	0.135754391703122
9829	0.104010793572918
9830	0.090406394374259
9831	0.144823991168895
9832	0.176567589299099
9833	0.16296319010044
9834	0.158428390367554
9835	0.0450583970453957
9836	0.0722671954427137
9837	0.176567589299099
9838	0.131219591970236
9839	0.12668479223735
9840	0.122149992504463
9841	0.167497989833326
9842	0.16296319010044
9843	0.0813367949084862
9844	0.117615192771577
9845	0.104010793572918
9846	0.122149992504463
9847	0.108545593305804
9848	0.167497989833326
9849	0.117615192771577
9850	0.104010793572918
9851	0.167497989833326
9852	0.140289191436008
9853	0.181102389031985
9854	0.104010793572918
9855	0.0813367949084862
9856	0.104010793572918
9857	0.131219591970236
9858	0.113080393038691
9859	0.144823991168895
9860	0.0677323957098273
9861	0.185637188764872
9862	0.181102389031985
9863	0.149358790901781
9864	0.135754391703122
9865	0.0949411941071452
9866	0.0994759938400316
9867	0.117615192771577
9868	0.108545593305804
9869	0.122149992504463
9870	0.122149992504463
9871	0.0994759938400316
9872	0.0994759938400316
9873	0.12668479223735
9874	0.158428390367554
9875	0.140289191436008
9876	0.104010793572918
9877	0.117615192771577
9878	0.172032789566213
9879	0.131219591970236
9880	0.117615192771577
9881	0.108545593305804
9882	0.12668479223735
9883	0.140289191436008
9884	0.140289191436008
9885	0.135754391703122
9886	0.0858715946413726
9887	0.104010793572918
9888	0.172032789566213
9889	0.122149992504463
9890	0.16296319010044
9891	0.12668479223735
9892	0.108545593305804
9893	0.104010793572918
9894	0.0994759938400316
9895	0.181102389031985
9896	0.117615192771577
9897	0.144823991168895
9898	0.0949411941071452
9899	0.117615192771577
9900	0.144823991168895
9901	0.0722671954427137
9902	0.12668479223735
9903	0.131219591970236
9904	0.12668479223735
9905	0.12668479223735
9906	0.104010793572918
9907	0.167497989833326
9908	0.153893590634667
9909	0.12668479223735
9910	0.0994759938400316
9911	0.0994759938400316
9912	0.149358790901781
9913	0.158428390367554
9914	0.153893590634667
9915	0.104010793572918
9916	0.12668479223735
9917	0.144823991168895
9918	0.104010793572918
9919	0.158428390367554
9920	0.135754391703122
9921	0.16296319010044
9922	0.0813367949084862
9923	0.0994759938400316
9924	0.113080393038691
9925	0.12668479223735
9926	0.12668479223735
9927	0.113080393038691
9928	0.199241587963531
9929	0.0858715946413726
9930	0.16296319010044
9931	0.0768019951756001
9932	0.135754391703122
9933	0.185637188764872
9934	0.108545593305804
9935	0.153893590634667
9936	0.117615192771577
9937	0.140289191436008
9938	0.21284598716219
9939	0.172032789566213
9940	0.0586627962440547
9941	0.117615192771577
9942	0.153893590634667
9943	0.176567589299099
9944	0.16296319010044
9945	0.131219591970236
9946	0.203776387696417
9947	0.0631975959769411
9948	0.122149992504463
9949	0.12668479223735
9950	0.12668479223735
9951	0.104010793572918
9952	0.149358790901781
9953	0.117615192771577
9954	0.144823991168895
9955	0.149358790901781
9956	0.131219591970236
9957	0.140289191436008
9958	0.122149992504463
9959	0.135754391703122
9960	0.172032789566213
9961	0.0858715946413726
9962	0.0677323957098273
9963	0.0858715946413726
9964	0.090406394374259
9965	0.090406394374259
9966	0.104010793572918
9967	0.113080393038691
9968	0.0768019951756001
9969	0.090406394374259
9970	0.0677323957098273
9971	0.16296319010044
9972	0.122149992504463
9973	0.122149992504463
9974	0.0858715946413726
9975	0.16296319010044
9976	0.122149992504463
9977	0.122149992504463
9978	0.113080393038691
9979	0.16296319010044
9980	0.167497989833326
9981	0.12668479223735
9982	0.153893590634667
9983	0.144823991168895
9984	0.153893590634667
9985	0.12668479223735
9986	0.108545593305804
9987	0.108545593305804
9988	0.153893590634667
9989	0.131219591970236
9990	0.135754391703122
9991	0.153893590634667
9992	0.144823991168895
9993	0.12668479223735
9994	0.158428390367554
9995	0.172032789566213
9996	0.131219591970236
9997	0.0858715946413726
9998	0.113080393038691
9999	0.113080393038691
10000	0.185637188764872
10001	0.104010793572918
10002	0.140289191436008
10003	0.149358790901781
10004	0.176567589299099
10005	0.135754391703122
10006	0.117615192771577
10007	0.0949411941071452
10008	0.140289191436008
10009	0.135754391703122
10010	0.0768019951756001
10011	0.0858715946413726
10012	0.12668479223735
10013	0.0768019951756001
10014	0.176567589299099
10015	0.0495931967782821
10016	0.104010793572918
10017	0.167497989833326
10018	0.12668479223735
10019	0.090406394374259
10020	0.0994759938400316
10021	0.122149992504463
10022	0.131219591970236
10023	0.113080393038691
10024	0.090406394374259
10025	0.108545593305804
10026	0.104010793572918
10027	0.176567589299099
10028	0.113080393038691
10029	0.149358790901781
10030	0.172032789566213
10031	0.0813367949084862
10032	0.122149992504463
10033	0.0722671954427137
10034	0.135754391703122
10035	0.176567589299099
10036	0.158428390367554
10037	0.12668479223735
10038	0.144823991168895
10039	0.0722671954427137
10040	0.0541279965111683
10041	0.140289191436008
10042	0.104010793572918
10043	0.12668479223735
10044	0.153893590634667
10045	0.122149992504463
10046	0.0994759938400316
10047	0.0949411941071452
10048	0.0768019951756001
10049	0.0994759938400316
10050	0.104010793572918
10051	0.140289191436008
10052	0.122149992504463
10053	0.131219591970236
10054	0.0495931967782821
10055	0.113080393038691
10056	0.149358790901781
10057	0.149358790901781
10058	0.194706788230644
10059	0.158428390367554
10060	0.122149992504463
10061	0.131219591970236
10062	0.0949411941071452
10063	0.167497989833326
10064	0.12668479223735
10065	0.090406394374259
10066	0.149358790901781
10067	0.104010793572918
10068	0.108545593305804
10069	0.104010793572918
10070	0.0631975959769411
10071	0.12668479223735
10072	0.144823991168895
10073	0.16296319010044
10074	0.117615192771577
10075	0.104010793572918
10076	0.0586627962440547
10077	0.16296319010044
10078	0.0994759938400316
10079	0.172032789566213
10080	0.0858715946413726
10081	0.203776387696417
10082	0.181102389031985
10083	0.12668479223735
10084	0.0994759938400316
10085	0.153893590634667
10086	0.16296319010044
10087	0.122149992504463
10088	0.117615192771577
10089	0.090406394374259
10090	0.153893590634667
10091	0.117615192771577
10092	0.135754391703122
10093	0.108545593305804
10094	0.090406394374259
10095	0.090406394374259
10096	0.0495931967782821
10097	0.113080393038691
10098	0.113080393038691
10099	0.153893590634667
10100	0.149358790901781
10101	0.12668479223735
10102	0.0631975959769411
10103	0.12668479223735
10104	0.181102389031985
10105	0.131219591970236
10106	0.144823991168895
10107	0.117615192771577
10108	0.135754391703122
10109	0.0768019951756001
10110	0.0994759938400316
10111	0.0813367949084862
10112	0.140289191436008
10113	0.140289191436008
10114	0.226450386360849
10115	0.172032789566213
10116	0.0768019951756001
10117	0.104010793572918
10118	0.113080393038691
10119	0.104010793572918
10120	0.122149992504463
10121	0.172032789566213
10122	0.108545593305804
10123	0.16296319010044
10124	0.0768019951756001
10125	0.140289191436008
10126	0.0994759938400316
10127	0.140289191436008
10128	0.108545593305804
10129	0.135754391703122
10130	0.122149992504463
10131	0.149358790901781
10132	0.117615192771577
10133	0.153893590634667
10134	0.144823991168895
10135	0.217380786895076
10136	0.135754391703122
10137	0.108545593305804
10138	0.104010793572918
10139	0.0223843983809642
10140	0.185637188764872
10141	0.122149992504463
10142	0.122149992504463
10143	0.0813367949084862
10144	0.12668479223735
10145	0.122149992504463
10146	0.0768019951756001
10147	0.0586627962440547
10148	0.113080393038691
10149	0.0994759938400316
10150	0.113080393038691
10151	0.16296319010044
10152	0.090406394374259
10153	0.158428390367554
10154	0.0994759938400316
10155	0.0858715946413726
10156	0.0994759938400316
10157	0.153893590634667
10158	0.104010793572918
10159	0.0768019951756001
10160	0.104010793572918
10161	0.131219591970236
10162	0.131219591970236
10163	0.135754391703122
10164	0.0586627962440547
10165	0.140289191436008
10166	0.176567589299099
10167	0.140289191436008
10168	0.104010793572918
10169	0.135754391703122
10170	0.131219591970236
10171	0.131219591970236
10172	0.0949411941071452
10173	0.140289191436008
10174	0.16296319010044
10175	0.181102389031985
10176	0.135754391703122
10177	0.113080393038691
10178	0.135754391703122
10179	0.16296319010044
10180	0.149358790901781
10181	0.0813367949084862
10182	0.090406394374259
10183	0.16296319010044
10184	0.00424519944941881
10185	0.144823991168895
10186	0.0631975959769411
10187	0.185637188764872
10188	0.0994759938400316
10189	0.135754391703122
10190	0.117615192771577
10191	0.12668479223735
10192	0.158428390367554
10193	0.0768019951756001
10194	0.140289191436008
10195	0.158428390367554
10196	0.0631975959769411
10197	0.135754391703122
10198	0.149358790901781
10199	0.144823991168895
10200	0.16296319010044
10201	0.0858715946413726
10202	0.113080393038691
10203	0.108545593305804
10204	0.0994759938400316
10205	0.113080393038691
10206	0.144823991168895
10207	0.090406394374259
10208	0.167497989833326
10209	0.167497989833326
10210	0.140289191436008
10211	0.131219591970236
10212	0.208311187429303
10213	0.158428390367554
10214	0.131219591970236
10215	0.153893590634667
10216	0.113080393038691
10217	0.104010793572918
10218	0.131219591970236
10219	0.108545593305804
10220	0.176567589299099
10221	0.0495931967782821
10222	0.0450583970453957
10223	0.108545593305804
10224	0.117615192771577
10225	0.0813367949084862
10226	0.104010793572918
10227	0.16296319010044
10228	0.140289191436008
10229	0.0858715946413726
10230	0.113080393038691
10231	0.149358790901781
10232	0.135754391703122
10233	0.0768019951756001
10234	0.12668479223735
10235	0.12668479223735
10236	0.144823991168895
10237	0.158428390367554
10238	0.0994759938400316
10239	0.090406394374259
10240	0.0813367949084862
10241	0.144823991168895
10242	0.12668479223735
10243	0.172032789566213
10244	0.122149992504463
10245	0.16296319010044
10246	0.12668479223735
10247	0.135754391703122
10248	0.108545593305804
10249	0.122149992504463
10250	0.113080393038691
10251	0.117615192771577
10252	0.144823991168895
10253	0.122149992504463
10254	0.0949411941071452
10255	0.167497989833326
10256	0.117615192771577
10257	0.0994759938400316
10258	0.190171988497758
10259	0.113080393038691
10260	0.140289191436008
10261	0.0858715946413726
10262	0.0768019951756001
10263	0.172032789566213
10264	0.135754391703122
10265	0.117615192771577
10266	0.0813367949084862
10267	0.104010793572918
10268	0.117615192771577
10269	0.108545593305804
10270	0.113080393038691
10271	0.108545593305804
10272	0.149358790901781
10273	0.104010793572918
10274	0.149358790901781
10275	0.104010793572918
10276	0.135754391703122
10277	0.131219591970236
10278	0.0631975959769411
10279	0.113080393038691
10280	0.108545593305804
10281	0.135754391703122
10282	0.131219591970236
10283	0.176567589299099
10284	0.104010793572918
10285	0.113080393038691
10286	0.0858715946413726
10287	0.140289191436008
10288	0.144823991168895
10289	0.090406394374259
10290	0.158428390367554
10291	0.117615192771577
10292	0.16296319010044
10293	0.144823991168895
10294	0.135754391703122
10295	0.144823991168895
10296	0.108545593305804
10297	0.0949411941071452
10298	0.140289191436008
10299	0.0722671954427137
10300	0.12668479223735
10301	0.144823991168895
10302	0.149358790901781
10303	0.16296319010044
10304	0.135754391703122
10305	0.194706788230644
10306	0.12668479223735
10307	0.122149992504463
10308	0.0858715946413726
10309	0.0677323957098273
10310	0.12668479223735
10311	0.0994759938400316
10312	0.140289191436008
10313	0.117615192771577
10314	0.090406394374259
10315	0.090406394374259
10316	0.16296319010044
10317	0.185637188764872
10318	0.158428390367554
10319	0.113080393038691
10320	0.153893590634667
10321	0.122149992504463
10322	0.158428390367554
10323	0.149358790901781
10324	0.167497989833326
10325	0.0768019951756001
10326	0.131219591970236
10327	0.153893590634667
10328	0.113080393038691
10329	0.122149992504463
10330	0.135754391703122
10331	0.158428390367554
10332	0.0722671954427137
10333	0.221915586627962
10334	0.131219591970236
10335	0.113080393038691
10336	0.0949411941071452
10337	0.12668479223735
10338	0.199241587963531
10339	0.144823991168895
10340	0.113080393038691
10341	0.158428390367554
10342	0.12668479223735
10343	0.122149992504463
10344	0.144823991168895
10345	0.131219591970236
10346	0.131219591970236
10347	0.108545593305804
10348	0.104010793572918
10349	0.190171988497758
10350	0.185637188764872
10351	0.0858715946413726
10352	0.144823991168895
10353	0.185637188764872
10354	0.131219591970236
10355	0.144823991168895
10356	0.140289191436008
10357	0.131219591970236
10358	0.113080393038691
10359	0.131219591970236
10360	0.0768019951756001
10361	0.181102389031985
10362	0.122149992504463
10363	0.21284598716219
10364	0.153893590634667
10365	0.131219591970236
10366	0.0813367949084862
10367	0.108545593305804
10368	0.122149992504463
10369	0.0813367949084862
10370	0.117615192771577
10371	0.122149992504463
10372	0.113080393038691
10373	0.149358790901781
10374	0.131219591970236
10375	0.113080393038691
10376	0.181102389031985
10377	0.0858715946413726
10378	0.199241587963531
10379	0.131219591970236
10380	0.122149992504463
10381	0.104010793572918
10382	0.117615192771577
10383	0.104010793572918
10384	0.113080393038691
10385	0.131219591970236
10386	0.140289191436008
10387	0.144823991168895
10388	0.153893590634667
10389	0.108545593305804
10390	0.16296319010044
10391	0.122149992504463
10392	0.140289191436008
10393	0.0858715946413726
10394	0.0994759938400316
10395	0.12668479223735
10396	0.108545593305804
10397	0.113080393038691
10398	0.108545593305804
10399	0.149358790901781
10400	0.108545593305804
10401	0.158428390367554
10402	0.104010793572918
10403	0.144823991168895
10404	0.0586627962440547
10405	0.113080393038691
10406	0.135754391703122
10407	0.108545593305804
10408	0.0858715946413726
10409	0.140289191436008
10410	0.113080393038691
10411	0.153893590634667
10412	0.117615192771577
10413	0.16296319010044
10414	0.140289191436008
10415	0.153893590634667
10416	0.117615192771577
10417	0.0677323957098273
10418	0.158428390367554
10419	0.12668479223735
10420	0.190171988497758
10421	0.16296319010044
10422	0.140289191436008
10423	0.104010793572918
10424	0.0541279965111683
10425	0.12668479223735
10426	0.144823991168895
10427	0.108545593305804
10428	0.0768019951756001
10429	0.181102389031985
10430	0.12668479223735
10431	0.122149992504463
10432	0.144823991168895
10433	0.0813367949084862
10434	0.0813367949084862
10435	0.0949411941071452
10436	0.144823991168895
10437	0.0949411941071452
10438	0.0949411941071452
10439	0.104010793572918
10440	0.117615192771577
10441	0.122149992504463
10442	0.181102389031985
10443	0.090406394374259
10444	0.104010793572918
10445	0.0677323957098273
10446	0.122149992504463
10447	0.12668479223735
10448	0.113080393038691
10449	0.104010793572918
10450	0.108545593305804
10451	0.140289191436008
10452	0.117615192771577
10453	0.104010793572918
10454	0.0858715946413726
10455	0.140289191436008
10456	0.21284598716219
10457	0.140289191436008
10458	0.144823991168895
10459	0.158428390367554
10460	0.108545593305804
10461	0.113080393038691
10462	0.117615192771577
10463	0.0994759938400316
10464	0.0949411941071452
10465	0.0631975959769411
10466	0.131219591970236
10467	0.0949411941071452
10468	0.158428390367554
10469	0.167497989833326
10470	0.12668479223735
10471	0.0994759938400316
10472	0.113080393038691
10473	0.153893590634667
10474	0.117615192771577
10475	0.158428390367554
10476	0.131219591970236
10477	0.135754391703122
10478	0.140289191436008
10479	0.113080393038691
10480	0.104010793572918
10481	0.149358790901781
10482	0.113080393038691
10483	0.12668479223735
10484	0.208311187429303
10485	0.104010793572918
10486	0.172032789566213
10487	0.113080393038691
10488	0.122149992504463
10489	0.104010793572918
10490	0.144823991168895
10491	0.108545593305804
10492	0.0768019951756001
10493	0.0813367949084862
10494	0.140289191436008
10495	0.16296319010044
10496	0.131219591970236
10497	0.117615192771577
10498	0.090406394374259
10499	0.0994759938400316
10500	0.135754391703122
10501	0.0994759938400316
10502	0.122149992504463
10503	0.108545593305804
10504	0.153893590634667
10505	0.135754391703122
10506	0.122149992504463
10507	0.104010793572918
10508	0.117615192771577
10509	0.0858715946413726
10510	0.190171988497758
10511	0.144823991168895
10512	0.135754391703122
10513	0.144823991168895
10514	0.12668479223735
10515	0.090406394374259
10516	0.140289191436008
10517	0.135754391703122
10518	0.122149992504463
10519	0.0541279965111683
10520	0.167497989833326
10521	0.108545593305804
10522	0.0768019951756001
10523	0.153893590634667
10524	0.149358790901781
10525	0.122149992504463
10526	0.194706788230644
10527	0.0994759938400316
10528	0.185637188764872
10529	0.190171988497758
10530	0.090406394374259
10531	0.144823991168895
10532	0.0949411941071452
10533	0.135754391703122
10534	0.117615192771577
10535	0.0722671954427137
10536	0.158428390367554
10537	0.117615192771577
10538	0.0949411941071452
10539	0.185637188764872
10540	0.104010793572918
10541	0.0949411941071452
10542	0.0858715946413726
10543	0.117615192771577
10544	0.135754391703122
10545	0.0768019951756001
10546	0.158428390367554
10547	0.108545593305804
10548	0.0994759938400316
10549	0.090406394374259
10550	0.144823991168895
10551	0.104010793572918
10552	0.135754391703122
10553	0.122149992504463
10554	0.0994759938400316
10555	0.104010793572918
10556	0.0768019951756001
10557	0.12668479223735
10558	0.167497989833326
10559	0.12668479223735
10560	0.122149992504463
10561	0.108545593305804
10562	0.113080393038691
10563	0.144823991168895
10564	0.181102389031985
10565	0.122149992504463
10566	0.0994759938400316
10567	0.149358790901781
10568	0.135754391703122
10569	0.113080393038691
10570	0.104010793572918
10571	0.090406394374259
10572	0.0949411941071452
10573	0.149358790901781
10574	0.122149992504463
10575	0.190171988497758
10576	0.176567589299099
10577	0.176567589299099
10578	0.117615192771577
10579	0.149358790901781
10580	0.104010793572918
10581	0.144823991168895
10582	0.135754391703122
10583	0.16296319010044
10584	0.140289191436008
10585	0.0949411941071452
10586	0.12668479223735
10587	0.0949411941071452
10588	0.108545593305804
10589	0.144823991168895
10590	0.122149992504463
10591	0.208311187429303
10592	0.090406394374259
10593	0.16296319010044
10594	0.172032789566213
10595	0.190171988497758
10596	0.208311187429303
10597	0.0631975959769411
10598	0.108545593305804
10599	0.131219591970236
10600	0.117615192771577
10601	0.122149992504463
10602	0.185637188764872
10603	0.0722671954427137
10604	0.140289191436008
10605	0.135754391703122
10606	0.172032789566213
10607	0.108545593305804
10608	0.117615192771577
10609	0.144823991168895
10610	0.131219591970236
10611	0.12668479223735
10612	0.185637188764872
10613	0.131219591970236
10614	0.12668479223735
10615	0.0813367949084862
10616	0.158428390367554
10617	0.140289191436008
10618	0.104010793572918
10619	0.21284598716219
10620	0.0813367949084862
10621	0.113080393038691
10622	0.0994759938400316
10623	0.0858715946413726
10624	0.122149992504463
10625	0.117615192771577
10626	0.144823991168895
10627	0.140289191436008
10628	0.104010793572918
10629	0.104010793572918
10630	0.0994759938400316
10631	0.144823991168895
10632	0.12668479223735
10633	0.104010793572918
10634	0.12668479223735
10635	0.158428390367554
10636	0.140289191436008
10637	0.153893590634667
10638	0.0949411941071452
10639	0.131219591970236
10640	0.0949411941071452
10641	0.153893590634667
10642	0.135754391703122
10643	0.144823991168895
10644	0.16296319010044
10645	0.135754391703122
10646	0.0495931967782821
10647	0.0858715946413726
10648	0.167497989833326
10649	0.144823991168895
10650	0.140289191436008
10651	0.158428390367554
10652	0.158428390367554
10653	0.158428390367554
10654	0.0994759938400316
10655	0.12668479223735
10656	0.113080393038691
10657	0.172032789566213
10658	0.144823991168895
10659	0.122149992504463
10660	0.172032789566213
10661	0.135754391703122
10662	0.140289191436008
10663	0.131219591970236
10664	0.113080393038691
10665	0.144823991168895
10666	0.12668479223735
10667	0.16296319010044
10668	0.172032789566213
10669	0.144823991168895
10670	0.153893590634667
10671	0.131219591970236
10672	0.167497989833326
10673	0.12668479223735
10674	0.140289191436008
10675	0.140289191436008
10676	0.158428390367554
10677	0.0813367949084862
10678	0.0586627962440547
10679	0.108545593305804
10680	0.104010793572918
10681	0.0631975959769411
10682	0.172032789566213
10683	0.185637188764872
10684	0.153893590634667
10685	0.144823991168895
10686	0.090406394374259
10687	0.0722671954427137
10688	0.158428390367554
10689	0.16296319010044
10690	0.0813367949084862
10691	0.131219591970236
10692	0.181102389031985
10693	0.149358790901781
10694	0.172032789566213
10695	0.113080393038691
10696	0.0858715946413726
10697	0.149358790901781
10698	0.176567589299099
10699	0.090406394374259
10700	0.135754391703122
10701	0.176567589299099
10702	0.117615192771577
10703	0.090406394374259
10704	0.108545593305804
10705	0.0541279965111683
10706	0.140289191436008
10707	0.135754391703122
10708	0.0813367949084862
10709	0.0949411941071452
10710	0.122149992504463
10711	0.135754391703122
10712	0.153893590634667
10713	0.0949411941071452
10714	0.117615192771577
10715	0.0768019951756001
10716	0.153893590634667
10717	0.158428390367554
10718	0.108545593305804
10719	0.117615192771577
10720	0.140289191436008
10721	0.149358790901781
10722	0.12668479223735
10723	0.140289191436008
10724	0.158428390367554
10725	0.104010793572918
10726	0.090406394374259
10727	0.135754391703122
10728	0.153893590634667
10729	0.0813367949084862
10730	0.113080393038691
10731	0.090406394374259
10732	0.172032789566213
10733	0.117615192771577
10734	0.117615192771577
10735	0.108545593305804
10736	0.122149992504463
10737	0.140289191436008
10738	0.131219591970236
10739	0.135754391703122
10740	0.153893590634667
10741	0.144823991168895
10742	0.158428390367554
10743	0.16296319010044
10744	0.149358790901781
10745	0.113080393038691
10746	0.0858715946413726
10747	0.0768019951756001
10748	0.12668479223735
10749	0.144823991168895
10750	0.090406394374259
10751	0.140289191436008
10752	0.122149992504463
10753	0.144823991168895
10754	0.0677323957098273
10755	0.122149992504463
10756	0.122149992504463
10757	0.108545593305804
10758	0.153893590634667
10759	0.185637188764872
10760	0.0994759938400316
10761	0.131219591970236
10762	0.117615192771577
10763	0.117615192771577
10764	0.135754391703122
10765	0.144823991168895
10766	0.0631975959769411
10767	0.153893590634667
10768	0.0768019951756001
10769	0.122149992504463
10770	0.140289191436008
10771	0.0858715946413726
10772	0.149358790901781
10773	0.158428390367554
10774	0.0768019951756001
10775	0.113080393038691
10776	0.131219591970236
10777	0.122149992504463
10778	0.167497989833326
10779	0.16296319010044
10780	0.113080393038691
10781	0.140289191436008
10782	0.122149992504463
10783	0.104010793572918
10784	0.140289191436008
10785	0.0994759938400316
10786	0.122149992504463
10787	0.090406394374259
10788	0.172032789566213
10789	0.135754391703122
10790	0.117615192771577
10791	0.113080393038691
10792	0.167497989833326
10793	0.0994759938400316
10794	0.0994759938400316
10795	0.117615192771577
10796	0.194706788230644
10797	0.144823991168895
10798	0.108545593305804
10799	0.144823991168895
10800	0.108545593305804
10801	0.203776387696417
10802	0.12668479223735
10803	0.140289191436008
10804	0.108545593305804
10805	0.0949411941071452
10806	0.140289191436008
10807	0.0858715946413726
10808	0.108545593305804
10809	0.149358790901781
10810	0.122149992504463
10811	0.108545593305804
10812	0.12668479223735
10813	0.108545593305804
10814	0.108545593305804
10815	0.172032789566213
10816	0.108545593305804
10817	0.117615192771577
10818	0.12668479223735
10819	0.16296319010044
10820	0.149358790901781
10821	0.117615192771577
10822	0.122149992504463
10823	0.144823991168895
10824	0.0858715946413726
10825	0.158428390367554
10826	0.0949411941071452
10827	0.122149992504463
10828	0.113080393038691
10829	0.0858715946413726
10830	0.158428390367554
10831	0.0768019951756001
10832	0.16296319010044
10833	0.0994759938400316
10834	0.12668479223735
10835	0.167497989833326
10836	0.104010793572918
10837	0.153893590634667
10838	0.194706788230644
10839	0.113080393038691
10840	0.0949411941071452
10841	0.113080393038691
10842	0.140289191436008
10843	0.12668479223735
10844	0.108545593305804
10845	0.0768019951756001
10846	0.140289191436008
10847	0.117615192771577
10848	0.0994759938400316
10849	0.190171988497758
10850	0.131219591970236
10851	0.167497989833326
10852	0.0949411941071452
10853	0.194706788230644
10854	0.113080393038691
10855	0.0541279965111683
10856	0.176567589299099
10857	0.135754391703122
10858	0.135754391703122
10859	0.158428390367554
10860	0.144823991168895
10861	0.135754391703122
10862	0.108545593305804
10863	0.0949411941071452
10864	0.090406394374259
10865	0.16296319010044
10866	0.144823991168895
10867	0.12668479223735
10868	0.149358790901781
10869	0.0541279965111683
10870	0.0994759938400316
10871	0.12668479223735
10872	0.140289191436008
10873	0.203776387696417
10874	0.194706788230644
10875	0.0949411941071452
10876	0.135754391703122
10877	0.0949411941071452
10878	0.0858715946413726
10879	0.185637188764872
10880	0.16296319010044
10881	0.16296319010044
10882	0.135754391703122
10883	0.176567589299099
10884	0.140289191436008
10885	0.0813367949084862
10886	0.158428390367554
10887	0.194706788230644
10888	0.0677323957098273
10889	0.144823991168895
10890	0.199241587963531
10891	0.122149992504463
10892	0.172032789566213
10893	0.117615192771577
10894	0.0994759938400316
10895	0.117615192771577
10896	0.108545593305804
10897	0.0949411941071452
10898	0.104010793572918
10899	0.0949411941071452
10900	0.172032789566213
10901	0.131219591970236
10902	0.140289191436008
10903	0.135754391703122
10904	0.149358790901781
10905	0.135754391703122
10906	0.172032789566213
10907	0.0949411941071452
10908	0.122149992504463
10909	0.0949411941071452
10910	0.0994759938400316
10911	0.158428390367554
10912	0.0858715946413726
10913	0.117615192771577
10914	0.122149992504463
10915	0.149358790901781
10916	0.0994759938400316
10917	0.090406394374259
10918	0.176567589299099
10919	0.113080393038691
10920	0.0994759938400316
10921	0.194706788230644
10922	0.117615192771577
10923	0.0813367949084862
10924	0.12668479223735
10925	0.172032789566213
10926	0.167497989833326
10927	0.113080393038691
10928	0.0949411941071452
10929	0.122149992504463
10930	0.12668479223735
10931	0.108545593305804
10932	0.090406394374259
10933	0.0994759938400316
10934	0.108545593305804
10935	0.113080393038691
10936	0.104010793572918
10937	0.104010793572918
10938	0.104010793572918
10939	0.117615192771577
10940	0.181102389031985
10941	0.113080393038691
10942	0.0541279965111683
10943	0.117615192771577
10944	0.131219591970236
10945	0.140289191436008
10946	0.149358790901781
10947	0.0858715946413726
10948	0.117615192771577
10949	0.0949411941071452
10950	0.12668479223735
10951	0.158428390367554
10952	0.104010793572918
10953	0.167497989833326
10954	0.140289191436008
10955	0.0768019951756001
10956	0.090406394374259
10957	0.131219591970236
10958	0.144823991168895
10959	0.21284598716219
10960	0.113080393038691
10961	0.0949411941071452
10962	0.117615192771577
10963	0.144823991168895
10964	0.131219591970236
10965	0.135754391703122
10966	0.172032789566213
10967	0.122149992504463
10968	0.0813367949084862
10969	0.090406394374259
10970	0.135754391703122
10971	0.113080393038691
10972	0.149358790901781
10973	0.090406394374259
10974	0.153893590634667
10975	0.176567589299099
10976	0.113080393038691
10977	0.122149992504463
10978	0.0994759938400316
10979	0.140289191436008
10980	0.12668479223735
10981	0.117615192771577
10982	0.135754391703122
10983	0.16296319010044
10984	0.172032789566213
10985	0.167497989833326
10986	0.090406394374259
10987	0.0722671954427137
10988	0.199241587963531
10989	0.12668479223735
10990	0.108545593305804
10991	0.144823991168895
10992	0.153893590634667
10993	0.117615192771577
10994	0.131219591970236
10995	0.0722671954427137
10996	0.117615192771577
10997	0.144823991168895
10998	0.0768019951756001
10999	0.113080393038691
11000	0.131219591970236
11001	0.172032789566213
11002	0.144823991168895
11003	0.12668479223735
11004	0.113080393038691
11005	0.12668479223735
11006	0.090406394374259
11007	0.12668479223735
11008	0.0858715946413726
11009	0.131219591970236
11010	0.104010793572918
11011	0.131219591970236
11012	0.153893590634667
11013	0.122149992504463
11014	0.122149992504463
11015	0.117615192771577
11016	0.158428390367554
11017	0.117615192771577
11018	0.12668479223735
11019	0.0631975959769411
11020	0.16296319010044
11021	0.122149992504463
11022	0.140289191436008
11023	0.12668479223735
11024	0.113080393038691
11025	0.0722671954427137
11026	0.135754391703122
11027	0.0949411941071452
11028	0.0541279965111683
11029	0.153893590634667
11030	0.181102389031985
11031	0.131219591970236
11032	0.12668479223735
11033	0.108545593305804
11034	0.12668479223735
11035	0.16296319010044
11036	0.149358790901781
11037	0.104010793572918
11038	0.122149992504463
11039	0.140289191436008
11040	0.0813367949084862
11041	0.113080393038691
11042	0.135754391703122
11043	0.0858715946413726
11044	0.0858715946413726
11045	0.135754391703122
11046	0.153893590634667
11047	0.131219591970236
11048	0.140289191436008
11049	0.172032789566213
11050	0.131219591970236
11051	0.135754391703122
11052	0.185637188764872
11053	0.149358790901781
11054	0.135754391703122
11055	0.113080393038691
11056	0.149358790901781
11057	0.176567589299099
11058	0.16296319010044
11059	0.0858715946413726
11060	0.135754391703122
11061	0.131219591970236
11062	0.090406394374259
11063	0.0949411941071452
11064	0.0813367949084862
11065	0.117615192771577
11066	0.0949411941071452
11067	0.181102389031985
11068	0.122149992504463
11069	0.153893590634667
11070	0.135754391703122
11071	0.122149992504463
11072	0.135754391703122
11073	0.0949411941071452
11074	0.090406394374259
11075	0.176567589299099
11076	0.117615192771577
11077	0.0586627962440547
11078	0.0994759938400316
11079	0.113080393038691
11080	0.0994759938400316
11081	0.117615192771577
11082	0.0813367949084862
11083	0.153893590634667
11084	0.104010793572918
11085	0.140289191436008
11086	0.0813367949084862
11087	0.0994759938400316
11088	0.12668479223735
11089	0.131219591970236
11090	0.0994759938400316
11091	0.131219591970236
11092	0.122149992504463
11093	0.16296319010044
11094	0.0949411941071452
11095	0.113080393038691
11096	0.12668479223735
11097	0.090406394374259
11098	0.149358790901781
11099	0.135754391703122
11100	0.113080393038691
11101	0.149358790901781
11102	0.0858715946413726
11103	0.140289191436008
11104	0.140289191436008
11105	0.158428390367554
11106	0.0949411941071452
11107	0.0768019951756001
11108	0.167497989833326
11109	0.0858715946413726
11110	0.167497989833326
11111	0.167497989833326
11112	0.144823991168895
11113	0.0768019951756001
11114	0.0949411941071452
11115	0.104010793572918
11116	0.21284598716219
11117	0.172032789566213
11118	0.135754391703122
11119	0.149358790901781
11120	0.0994759938400316
11121	0.21284598716219
11122	0.185637188764872
11123	0.16296319010044
11124	0.172032789566213
11125	0.113080393038691
11126	0.149358790901781
11127	0.117615192771577
11128	0.0949411941071452
11129	0.172032789566213
11130	0.0722671954427137
11131	0.181102389031985
11132	0.135754391703122
11133	0.122149992504463
11134	0.0858715946413726
11135	0.131219591970236
11136	0.113080393038691
11137	0.149358790901781
11138	0.144823991168895
11139	0.090406394374259
11140	0.16296319010044
11141	0.176567589299099
11142	0.104010793572918
11143	0.149358790901781
11144	0.0994759938400316
11145	0.140289191436008
11146	0.140289191436008
11147	0.131219591970236
11148	0.0586627962440547
11149	0.135754391703122
11150	0.117615192771577
11151	0.158428390367554
11152	0.090406394374259
11153	0.117615192771577
11154	0.135754391703122
11155	0.0631975959769411
11156	0.176567589299099
11157	0.131219591970236
11158	0.0858715946413726
11159	0.104010793572918
11160	0.131219591970236
11161	0.167497989833326
11162	0.0813367949084862
11163	0.149358790901781
11164	0.16296319010044
11165	0.0858715946413726
11166	0.131219591970236
11167	0.122149992504463
11168	0.0949411941071452
11169	0.0813367949084862
11170	0.135754391703122
11171	0.140289191436008
11172	0.0722671954427137
11173	0.158428390367554
11174	0.122149992504463
11175	0.153893590634667
11176	0.104010793572918
11177	0.0949411941071452
11178	0.158428390367554
11179	0.167497989833326
11180	0.104010793572918
11181	0.108545593305804
11182	0.144823991168895
11183	0.090406394374259
11184	0.090406394374259
11185	0.135754391703122
11186	0.122149992504463
11187	0.12668479223735
11188	0.117615192771577
11189	0.0994759938400316
11190	0.0677323957098273
11191	0.131219591970236
11192	0.194706788230644
11193	0.0858715946413726
11194	0.0858715946413726
11195	0.0813367949084862
11196	0.113080393038691
11197	0.0813367949084862
11198	0.12668479223735
11199	0.16296319010044
11200	0.0631975959769411
11201	0.153893590634667
11202	0.0994759938400316
11203	0.140289191436008
11204	0.122149992504463
11205	0.172032789566213
11206	0.135754391703122
11207	0.153893590634667
11208	0.144823991168895
11209	0.16296319010044
11210	0.153893590634667
11211	0.0677323957098273
11212	0.0450583970453957
11213	0.122149992504463
11214	0.0858715946413726
11215	0.12668479223735
11216	0.131219591970236
11217	0.122149992504463
11218	0.104010793572918
11219	0.135754391703122
11220	0.149358790901781
11221	0.153893590634667
11222	0.122149992504463
11223	0.149358790901781
11224	0.0994759938400316
11225	0.140289191436008
11226	0.144823991168895
11227	0.117615192771577
11228	0.140289191436008
11229	0.122149992504463
11230	0.140289191436008
11231	0.181102389031985
11232	0.0813367949084862
11233	0.122149992504463
11234	0.158428390367554
11235	0.0677323957098273
11236	0.122149992504463
11237	0.135754391703122
11238	0.153893590634667
11239	0.12668479223735
11240	0.153893590634667
11241	0.135754391703122
11242	0.117615192771577
11243	0.090406394374259
11244	0.0450583970453957
11245	0.185637188764872
11246	0.181102389031985
11247	0.0949411941071452
11248	0.153893590634667
11249	0.0813367949084862
11250	0.108545593305804
11251	0.16296319010044
11252	0.104010793572918
11253	0.117615192771577
11254	0.131219591970236
11255	0.0768019951756001
11256	0.12668479223735
11257	0.158428390367554
11258	0.104010793572918
11259	0.172032789566213
11260	0.140289191436008
11261	0.122149992504463
11262	0.167497989833326
11263	0.185637188764872
11264	0.113080393038691
11265	0.0994759938400316
11266	0.167497989833326
11267	0.135754391703122
11268	0.153893590634667
11269	0.140289191436008
11270	0.144823991168895
11271	0.090406394374259
11272	0.181102389031985
11273	0.0858715946413726
11274	0.108545593305804
11275	0.113080393038691
11276	0.12668479223735
11277	0.12668479223735
11278	0.104010793572918
11279	0.0949411941071452
11280	0.104010793572918
11281	0.0949411941071452
11282	0.16296319010044
11283	0.135754391703122
11284	0.16296319010044
11285	0.140289191436008
11286	0.113080393038691
11287	0.140289191436008
11288	0.144823991168895
11289	0.122149992504463
11290	0.0541279965111683
11291	0.176567589299099
11292	0.0858715946413726
11293	0.149358790901781
11294	0.0858715946413726
11295	0.117615192771577
11296	0.122149992504463
11297	0.090406394374259
11298	0.135754391703122
11299	0.0858715946413726
11300	0.176567589299099
11301	0.149358790901781
11302	0.158428390367554
11303	0.190171988497758
11304	0.108545593305804
11305	0.0813367949084862
11306	0.135754391703122
11307	0.113080393038691
11308	0.113080393038691
11309	0.0994759938400316
11310	0.117615192771577
11311	0.12668479223735
11312	0.0722671954427137
11313	0.190171988497758
11314	0.104010793572918
11315	0.12668479223735
11316	0.0768019951756001
11317	0.167497989833326
11318	0.113080393038691
11319	0.158428390367554
11320	0.104010793572918
11321	0.158428390367554
11322	0.140289191436008
11323	0.113080393038691
11324	0.122149992504463
11325	0.104010793572918
11326	0.149358790901781
11327	0.0949411941071452
11328	0.0994759938400316
11329	0.113080393038691
11330	0.0949411941071452
11331	0.144823991168895
11332	0.0495931967782821
11333	0.12668479223735
11334	0.117615192771577
11335	0.108545593305804
11336	0.108545593305804
11337	0.104010793572918
11338	0.104010793572918
11339	0.12668479223735
11340	0.16296319010044
11341	0.108545593305804
11342	0.153893590634667
11343	0.131219591970236
11344	0.122149992504463
11345	0.117615192771577
11346	0.0813367949084862
11347	0.113080393038691
11348	0.12668479223735
11349	0.0768019951756001
11350	0.16296319010044
11351	0.108545593305804
11352	0.0768019951756001
11353	0.0495931967782821
11354	0.181102389031985
11355	0.16296319010044
11356	0.167497989833326
11357	0.108545593305804
11358	0.131219591970236
11359	0.12668479223735
11360	0.108545593305804
11361	0.149358790901781
11362	0.144823991168895
11363	0.16296319010044
11364	0.12668479223735
11365	0.113080393038691
11366	0.12668479223735
11367	0.16296319010044
11368	0.108545593305804
11369	0.090406394374259
11370	0.153893590634667
11371	0.135754391703122
11372	0.12668479223735
11373	0.0858715946413726
11374	0.0949411941071452
11375	0.149358790901781
11376	0.135754391703122
11377	0.108545593305804
11378	0.21284598716219
11379	0.122149992504463
11380	0.108545593305804
11381	0.135754391703122
11382	0.12668479223735
11383	0.140289191436008
11384	0.0677323957098273
11385	0.158428390367554
11386	0.0677323957098273
11387	0.131219591970236
11388	0.153893590634667
11389	0.135754391703122
11390	0.0858715946413726
11391	0.149358790901781
11392	0.167497989833326
11393	0.113080393038691
11394	0.0722671954427137
11395	0.090406394374259
11396	0.0994759938400316
11397	0.135754391703122
11398	0.113080393038691
11399	0.0949411941071452
11400	0.190171988497758
11401	0.167497989833326
11402	0.140289191436008
11403	0.181102389031985
11404	0.122149992504463
11405	0.131219591970236
11406	0.0450583970453957
11407	0.144823991168895
11408	0.0858715946413726
11409	0.104010793572918
11410	0.117615192771577
11411	0.153893590634667
11412	0.172032789566213
11413	0.158428390367554
11414	0.131219591970236
11415	0.131219591970236
11416	0.117615192771577
11417	0.167497989833326
11418	0.0858715946413726
11419	0.131219591970236
11420	0.140289191436008
11421	0.0994759938400316
11422	0.113080393038691
11423	0.117615192771577
11424	0.0768019951756001
11425	0.140289191436008
11426	0.122149992504463
11427	0.113080393038691
11428	0.104010793572918
11429	0.0994759938400316
11430	0.16296319010044
11431	0.135754391703122
11432	0.0768019951756001
11433	0.12668479223735
11434	0.135754391703122
11435	0.172032789566213
11436	0.176567589299099
11437	0.21284598716219
11438	0.0949411941071452
11439	0.167497989833326
11440	0.16296319010044
11441	0.16296319010044
11442	0.0949411941071452
11443	0.140289191436008
11444	0.144823991168895
11445	0.131219591970236
11446	0.131219591970236
11447	0.104010793572918
11448	0.104010793572918
11449	0.158428390367554
11450	0.090406394374259
11451	0.12668479223735
11452	0.172032789566213
11453	0.199241587963531
11454	0.12668479223735
11455	0.0949411941071452
11456	0.135754391703122
11457	0.181102389031985
11458	0.0858715946413726
11459	0.131219591970236
11460	0.158428390367554
11461	0.153893590634667
11462	0.117615192771577
11463	0.104010793572918
11464	0.0631975959769411
11465	0.0994759938400316
11466	0.0631975959769411
11467	0.135754391703122
11468	0.149358790901781
11469	0.131219591970236
11470	0.12668479223735
11471	0.181102389031985
11472	0.117615192771577
11473	0.149358790901781
11474	0.131219591970236
11475	0.131219591970236
11476	0.135754391703122
11477	0.203776387696417
11478	0.131219591970236
11479	0.153893590634667
11480	0.140289191436008
11481	0.104010793572918
11482	0.0994759938400316
11483	0.104010793572918
11484	0.12668479223735
11485	0.172032789566213
11486	0.104010793572918
11487	0.0994759938400316
11488	0.0949411941071452
11489	0.0994759938400316
11490	0.108545593305804
11491	0.117615192771577
11492	0.158428390367554
11493	0.194706788230644
11494	0.167497989833326
11495	0.0586627962440547
11496	0.131219591970236
11497	0.131219591970236
11498	0.117615192771577
11499	0.12668479223735
11500	0.108545593305804
11501	0.108545593305804
11502	0.104010793572918
11503	0.135754391703122
11504	0.140289191436008
11505	0.149358790901781
11506	0.144823991168895
11507	0.131219591970236
11508	0.113080393038691
11509	0.0631975959769411
11510	0.153893590634667
11511	0.12668479223735
11512	0.108545593305804
11513	0.131219591970236
11514	0.104010793572918
11515	0.153893590634667
11516	0.0314539978467368
11517	0.0631975959769411
11518	0.0813367949084862
11519	0.12668479223735
11520	0.0994759938400316
11521	0.122149992504463
11522	0.131219591970236
11523	0.0994759938400316
11524	0.176567589299099
11525	0.0994759938400316
11526	0.140289191436008
11527	0.158428390367554
11528	0.0858715946413726
11529	0.176567589299099
11530	0.122149992504463
11531	0.0631975959769411
11532	0.144823991168895
11533	0.0631975959769411
11534	0.0631975959769411
11535	0.16296319010044
11536	0.12668479223735
11537	0.16296319010044
11538	0.135754391703122
11539	0.140289191436008
11540	0.181102389031985
11541	0.117615192771577
11542	0.0949411941071452
11543	0.0858715946413726
11544	0.12668479223735
11545	0.208311187429303
11546	0.0949411941071452
11547	0.122149992504463
11548	0.172032789566213
11549	0.122149992504463
11550	0.090406394374259
11551	0.144823991168895
11552	0.122149992504463
11553	0.0768019951756001
11554	0.104010793572918
11555	0.149358790901781
11556	0.0677323957098273
11557	0.104010793572918
11558	0.113080393038691
11559	0.117615192771577
11560	0.167497989833326
11561	0.140289191436008
11562	0.135754391703122
11563	0.0858715946413726
11564	0.172032789566213
11565	0.113080393038691
11566	0.131219591970236
11567	0.199241587963531
11568	0.144823991168895
11569	0.0994759938400316
11570	0.0541279965111683
11571	0.0949411941071452
11572	0.140289191436008
11573	0.194706788230644
11574	0.0994759938400316
11575	0.0858715946413726
11576	0.158428390367554
11577	0.149358790901781
11578	0.167497989833326
11579	0.144823991168895
11580	0.140289191436008
11581	0.12668479223735
11582	0.0677323957098273
11583	0.144823991168895
11584	0.158428390367554
11585	0.190171988497758
11586	0.199241587963531
11587	0.135754391703122
11588	0.131219591970236
11589	0.158428390367554
11590	0.12668479223735
11591	0.113080393038691
11592	0.122149992504463
11593	0.153893590634667
11594	0.12668479223735
11595	0.140289191436008
11596	0.199241587963531
11597	0.0677323957098273
11598	0.122149992504463
11599	0.104010793572918
11600	0.131219591970236
11601	0.16296319010044
11602	0.153893590634667
11603	0.149358790901781
11604	0.117615192771577
11605	0.199241587963531
11606	0.108545593305804
11607	0.108545593305804
11608	0.0586627962440547
11609	0.172032789566213
11610	0.0722671954427137
11611	0.149358790901781
11612	0.185637188764872
11613	0.0722671954427137
11614	0.158428390367554
11615	0.0994759938400316
11616	0.0541279965111683
11617	0.140289191436008
11618	0.172032789566213
11619	0.149358790901781
11620	0.117615192771577
11621	0.144823991168895
11622	0.203776387696417
11623	0.113080393038691
11624	0.0768019951756001
11625	0.16296319010044
11626	0.140289191436008
11627	0.172032789566213
11628	0.16296319010044
11629	0.144823991168895
11630	0.122149992504463
11631	0.131219591970236
11632	0.113080393038691
11633	0.131219591970236
11634	0.181102389031985
11635	0.158428390367554
11636	0.117615192771577
11637	0.158428390367554
11638	0.113080393038691
11639	0.149358790901781
11640	0.16296319010044
11641	0.0994759938400316
11642	0.135754391703122
11643	0.0722671954427137
11644	0.108545593305804
11645	0.131219591970236
11646	0.0813367949084862
11647	0.104010793572918
11648	0.12668479223735
11649	0.153893590634667
11650	0.117615192771577
11651	0.153893590634667
11652	0.0813367949084862
11653	0.153893590634667
11654	0.135754391703122
11655	0.16296319010044
11656	0.190171988497758
11657	0.149358790901781
11658	0.108545593305804
11659	0.104010793572918
11660	0.104010793572918
11661	0.117615192771577
11662	0.16296319010044
11663	0.144823991168895
11664	0.113080393038691
11665	0.16296319010044
11666	0.0631975959769411
11667	0.0994759938400316
11668	0.167497989833326
11669	0.149358790901781
11670	0.0858715946413726
11671	0.0768019951756001
11672	0.113080393038691
11673	0.16296319010044
11674	0.144823991168895
11675	0.0631975959769411
11676	0.108545593305804
11677	0.0631975959769411
11678	0.117615192771577
11679	0.149358790901781
11680	0.0768019951756001
11681	0.0994759938400316
11682	0.135754391703122
11683	0.131219591970236
11684	0.117615192771577
11685	0.149358790901781
11686	0.0949411941071452
11687	0.131219591970236
11688	0.122149992504463
11689	0.0949411941071452
11690	0.176567589299099
11691	0.108545593305804
11692	0.12668479223735
11693	0.108545593305804
11694	0.144823991168895
11695	0.203776387696417
11696	0.135754391703122
11697	0.149358790901781
11698	0.181102389031985
11699	0.113080393038691
11700	0.0858715946413726
11701	0.131219591970236
11702	0.113080393038691
11703	0.108545593305804
11704	0.104010793572918
11705	0.0314539978467368
11706	0.104010793572918
11707	0.122149992504463
11708	0.0858715946413726
11709	0.12668479223735
11710	0.149358790901781
11711	0.108545593305804
11712	0.0813367949084862
11713	0.158428390367554
11714	0.172032789566213
11715	0.153893590634667
11716	0.153893590634667
11717	0.113080393038691
11718	0.0858715946413726
11719	0.16296319010044
11720	0.104010793572918
11721	0.140289191436008
11722	0.0949411941071452
11723	0.0858715946413726
11724	0.153893590634667
11725	0.190171988497758
11726	0.12668479223735
11727	0.0768019951756001
11728	0.158428390367554
11729	0.135754391703122
11730	0.122149992504463
11731	0.117615192771577
11732	0.0677323957098273
11733	0.153893590634667
11734	0.104010793572918
11735	0.153893590634667
11736	0.16296319010044
11737	0.0768019951756001
11738	0.131219591970236
11739	0.122149992504463
11740	0.181102389031985
11741	0.131219591970236
11742	0.0949411941071452
11743	0.135754391703122
11744	0.117615192771577
11745	0.113080393038691
11746	0.153893590634667
11747	0.149358790901781
11748	0.0949411941071452
11749	0.181102389031985
11750	0.0949411941071452
11751	0.0722671954427137
11752	0.149358790901781
11753	0.090406394374259
11754	0.135754391703122
11755	0.181102389031985
11756	0.153893590634667
11757	0.172032789566213
11758	0.0858715946413726
11759	0.0994759938400316
11760	0.0768019951756001
11761	0.113080393038691
11762	0.0677323957098273
11763	0.12668479223735
11764	0.140289191436008
11765	0.153893590634667
11766	0.158428390367554
11767	0.153893590634667
11768	0.12668479223735
11769	0.172032789566213
11770	0.181102389031985
11771	0.0994759938400316
11772	0.131219591970236
11773	0.181102389031985
11774	0.090406394374259
11775	0.149358790901781
11776	0.122149992504463
11777	0.131219591970236
11778	0.117615192771577
11779	0.144823991168895
11780	0.181102389031985
11781	0.104010793572918
11782	0.167497989833326
11783	0.108545593305804
11784	0.199241587963531
11785	0.167497989833326
11786	0.0994759938400316
11787	0.0858715946413726
11788	0.122149992504463
11789	0.113080393038691
11790	0.090406394374259
11791	0.135754391703122
11792	0.158428390367554
11793	0.158428390367554
11794	0.144823991168895
11795	0.140289191436008
11796	0.0541279965111683
11797	0.144823991168895
11798	0.0631975959769411
11799	0.108545593305804
11800	0.135754391703122
11801	0.108545593305804
11802	0.104010793572918
11803	0.0768019951756001
11804	0.135754391703122
11805	0.199241587963531
11806	0.149358790901781
11807	0.122149992504463
11808	0.0994759938400316
11809	0.153893590634667
11810	0.0949411941071452
11811	0.144823991168895
11812	0.104010793572918
11813	0.117615192771577
11814	0.113080393038691
11815	0.104010793572918
11816	0.122149992504463
11817	0.0768019951756001
11818	0.117615192771577
11819	0.117615192771577
11820	0.172032789566213
11821	0.144823991168895
11822	0.122149992504463
11823	0.149358790901781
11824	0.181102389031985
11825	0.104010793572918
11826	0.0178495986480778
11827	0.0949411941071452
11828	0.0858715946413726
11829	0.113080393038691
11830	0.113080393038691
11831	0.0994759938400316
11832	0.158428390367554
11833	0.158428390367554
11834	0.158428390367554
11835	0.104010793572918
11836	0.140289191436008
11837	0.12668479223735
11838	0.108545593305804
11839	0.16296319010044
11840	0.0858715946413726
11841	0.158428390367554
11842	0.108545593305804
11843	0.113080393038691
11844	0.149358790901781
11845	0.113080393038691
11846	0.144823991168895
11847	0.176567589299099
11848	0.0586627962440547
11849	0.16296319010044
11850	0.131219591970236
11851	0.153893590634667
11852	0.158428390367554
11853	0.122149992504463
11854	0.140289191436008
11855	0.0994759938400316
11856	0.185637188764872
11857	0.0994759938400316
11858	0.090406394374259
11859	0.104010793572918
11860	0.0677323957098273
11861	0.140289191436008
11862	0.12668479223735
11863	0.117615192771577
11864	0.149358790901781
11865	0.117615192771577
11866	0.0768019951756001
11867	0.144823991168895
11868	0.149358790901781
11869	0.113080393038691
11870	0.149358790901781
11871	0.117615192771577
11872	0.135754391703122
11873	0.131219591970236
11874	0.113080393038691
11875	0.0858715946413726
11876	0.0858715946413726
11877	0.113080393038691
11878	0.144823991168895
11879	0.0994759938400316
11880	0.131219591970236
11881	0.117615192771577
11882	0.12668479223735
11883	0.140289191436008
11884	0.122149992504463
11885	0.144823991168895
11886	0.158428390367554
11887	0.181102389031985
11888	0.117615192771577
11889	0.122149992504463
11890	0.131219591970236
11891	0.0858715946413726
11892	0.144823991168895
11893	0.158428390367554
11894	0.158428390367554
11895	0.181102389031985
11896	0.149358790901781
11897	0.153893590634667
11898	0.0768019951756001
11899	0.108545593305804
11900	0.117615192771577
11901	0.176567589299099
11902	0.090406394374259
11903	0.131219591970236
11904	0.117615192771577
11905	0.131219591970236
11906	0.144823991168895
11907	0.104010793572918
11908	0.12668479223735
11909	0.135754391703122
11910	0.0677323957098273
11911	0.0813367949084862
11912	0.0768019951756001
11913	0.135754391703122
11914	0.0722671954427137
11915	0.122149992504463
11916	0.0768019951756001
11917	0.12668479223735
11918	0.104010793572918
11919	0.140289191436008
11920	0.108545593305804
11921	0.16296319010044
11922	0.153893590634667
11923	0.131219591970236
11924	0.135754391703122
11925	0.108545593305804
11926	0.185637188764872
11927	0.176567589299099
11928	0.140289191436008
11929	0.144823991168895
11930	0.153893590634667
11931	0.0858715946413726
11932	0.117615192771577
11933	0.0994759938400316
11934	0.135754391703122
11935	0.140289191436008
11936	0.108545593305804
11937	0.144823991168895
11938	0.12668479223735
11939	0.0949411941071452
11940	0.144823991168895
11941	0.185637188764872
11942	0.158428390367554
11943	0.104010793572918
11944	0.135754391703122
11945	0.108545593305804
11946	0.16296319010044
11947	0.131219591970236
11948	0.172032789566213
11949	0.16296319010044
11950	0.208311187429303
11951	0.203776387696417
11952	0.0949411941071452
11953	0.122149992504463
11954	0.117615192771577
11955	0.217380786895076
11956	0.12668479223735
11957	0.0223843983809642
11958	0.122149992504463
11959	0.131219591970236
11960	0.131219591970236
11961	0.0858715946413726
11962	0.12668479223735
11963	0.12668479223735
11964	0.131219591970236
11965	0.0994759938400316
11966	0.12668479223735
11967	0.194706788230644
11968	0.0994759938400316
11969	0.194706788230644
11970	0.0994759938400316
11971	0.108545593305804
11972	0.0722671954427137
11973	0.0722671954427137
11974	0.12668479223735
11975	0.0949411941071452
11976	0.167497989833326
11977	0.0858715946413726
11978	0.158428390367554
11979	0.108545593305804
11980	0.158428390367554
11981	0.144823991168895
11982	0.12668479223735
11983	0.167497989833326
11984	0.113080393038691
11985	0.0768019951756001
11986	0.0994759938400316
11987	0.104010793572918
11988	0.104010793572918
11989	0.149358790901781
11990	0.0994759938400316
11991	0.12668479223735
11992	0.144823991168895
11993	0.140289191436008
11994	0.144823991168895
11995	0.131219591970236
11996	0.108545593305804
11997	0.0858715946413726
11998	0.12668479223735
11999	0.113080393038691
12000	0.117615192771577
12001	0.144823991168895
12002	0.158428390367554
12003	0.0949411941071452
12004	0.144823991168895
12005	0.113080393038691
12006	0.104010793572918
12007	0.0541279965111683
12008	0.0994759938400316
12009	0.0541279965111683
12010	0.0994759938400316
12011	0.108545593305804
12012	0.149358790901781
12013	0.140289191436008
12014	0.167497989833326
12015	0.149358790901781
12016	0.122149992504463
12017	0.104010793572918
12018	0.104010793572918
12019	0.149358790901781
12020	0.090406394374259
12021	0.0949411941071452
12022	0.108545593305804
12023	0.140289191436008
12024	0.0949411941071452
12025	0.0631975959769411
12026	0.131219591970236
12027	0.0994759938400316
12028	0.0949411941071452
12029	0.090406394374259
12030	0.144823991168895
12031	0.0994759938400316
12032	0.117615192771577
12033	0.167497989833326
12034	0.208311187429303
12035	0.113080393038691
12036	0.203776387696417
12037	0.12668479223735
12038	0.0858715946413726
12039	0.104010793572918
12040	0.117615192771577
12041	0.131219591970236
12042	0.172032789566213
12043	0.0677323957098273
12044	0.0949411941071452
12045	0.21284598716219
12046	0.090406394374259
12047	0.144823991168895
12048	0.108545593305804
12049	0.190171988497758
12050	0.117615192771577
12051	0.135754391703122
12052	0.16296319010044
12053	0.140289191436008
12054	0.181102389031985
12055	0.135754391703122
12056	0.0813367949084862
12057	0.135754391703122
12058	0.0994759938400316
12059	0.12668479223735
12060	0.0858715946413726
12061	0.153893590634667
12062	0.144823991168895
12063	0.153893590634667
12064	0.0677323957098273
12065	0.185637188764872
12066	0.144823991168895
12067	0.158428390367554
12068	0.190171988497758
12069	0.122149992504463
12070	0.158428390367554
12071	0.194706788230644
12072	0.0994759938400316
12073	0.108545593305804
12074	0.131219591970236
12075	0.12668479223735
12076	0.131219591970236
12077	0.104010793572918
12078	0.12668479223735
12079	0.153893590634667
12080	0.149358790901781
12081	0.108545593305804
12082	0.135754391703122
12083	0.12668479223735
12084	0.149358790901781
12085	0.117615192771577
12086	0.12668479223735
12087	0.149358790901781
12088	0.117615192771577
12089	0.104010793572918
12090	0.131219591970236
12091	0.131219591970236
12092	0.140289191436008
12093	0.140289191436008
12094	0.208311187429303
12095	0.158428390367554
12096	0.0677323957098273
12097	0.0858715946413726
12098	0.0994759938400316
12099	0.0949411941071452
12100	0.140289191436008
12101	0.16296319010044
12102	0.113080393038691
12103	0.108545593305804
12104	0.185637188764872
12105	0.149358790901781
12106	0.12668479223735
12107	0.158428390367554
12108	0.149358790901781
12109	0.181102389031985
12110	0.090406394374259
12111	0.122149992504463
12112	0.135754391703122
12113	0.090406394374259
12114	0.0677323957098273
12115	0.122149992504463
12116	0.0858715946413726
12117	0.140289191436008
12118	0.122149992504463
12119	0.140289191436008
12120	0.185637188764872
12121	0.117615192771577
12122	0.135754391703122
12123	0.167497989833326
12124	0.135754391703122
12125	0.113080393038691
12126	0.135754391703122
12127	0.117615192771577
12128	0.172032789566213
12129	0.131219591970236
12130	0.0768019951756001
12131	0.122149992504463
12132	0.0994759938400316
12133	0.190171988497758
12134	0.135754391703122
12135	0.108545593305804
12136	0.122149992504463
12137	0.140289191436008
12138	0.0949411941071452
12139	0.167497989833326
12140	0.172032789566213
12141	0.135754391703122
12142	0.172032789566213
12143	0.0994759938400316
12144	0.117615192771577
12145	0.135754391703122
12146	0.149358790901781
12147	0.0949411941071452
12148	0.181102389031985
12149	0.0949411941071452
12150	0.122149992504463
12151	0.117615192771577
12152	0.208311187429303
12153	0.181102389031985
12154	0.104010793572918
12155	0.167497989833326
12156	0.135754391703122
12157	0.0768019951756001
12158	0.140289191436008
12159	0.131219591970236
12160	0.131219591970236
12161	0.131219591970236
12162	0.144823991168895
12163	0.122149992504463
12164	0.0813367949084862
12165	0.153893590634667
12166	0.12668479223735
12167	0.176567589299099
12168	0.167497989833326
12169	0.0269191981138504
12170	0.194706788230644
12171	0.113080393038691
12172	0.122149992504463
12173	0.176567589299099
12174	0.144823991168895
12175	0.122149992504463
12176	0.0949411941071452
12177	0.0359887975796231
12178	0.153893590634667
12179	0.0949411941071452
12180	0.131219591970236
12181	0.135754391703122
12182	0.117615192771577
12183	0.158428390367554
12184	0.135754391703122
12185	0.172032789566213
12186	0.0994759938400316
12187	0.0949411941071452
12188	0.16296319010044
12189	0.0949411941071452
12190	0.0677323957098273
12191	0.108545593305804
12192	0.172032789566213
12193	0.135754391703122
12194	0.149358790901781
12195	0.131219591970236
12196	0.140289191436008
12197	0.090406394374259
12198	0.158428390367554
12199	0.144823991168895
12200	0.149358790901781
12201	0.140289191436008
12202	0.122149992504463
12203	0.12668479223735
12204	0.144823991168895
12205	0.140289191436008
12206	0.144823991168895
12207	0.131219591970236
12208	0.135754391703122
12209	0.0949411941071452
12210	0.122149992504463
12211	0.167497989833326
12212	0.122149992504463
12213	0.153893590634667
12214	0.0949411941071452
12215	0.16296319010044
12216	0.140289191436008
12217	0.144823991168895
12218	0.131219591970236
12219	0.172032789566213
12220	0.104010793572918
12221	0.12668479223735
12222	0.199241587963531
12223	0.0858715946413726
12224	0.12668479223735
12225	0.0813367949084862
12226	0.144823991168895
12227	0.122149992504463
12228	0.131219591970236
12229	0.140289191436008
12230	0.16296319010044
12231	0.108545593305804
12232	0.0359887975796231
12233	0.122149992504463
12234	0.135754391703122
12235	0.144823991168895
12236	0.149358790901781
12237	0.176567589299099
12238	0.12668479223735
12239	0.0994759938400316
12240	0.12668479223735
12241	0.153893590634667
12242	0.190171988497758
12243	0.0768019951756001
12244	0.0768019951756001
12245	0.090406394374259
12246	0.172032789566213
12247	0.104010793572918
12248	0.0858715946413726
12249	0.131219591970236
12250	0.0631975959769411
12251	0.122149992504463
12252	0.090406394374259
12253	0.104010793572918
12254	0.149358790901781
12255	0.190171988497758
12256	0.104010793572918
12257	0.090406394374259
12258	0.122149992504463
12259	0.153893590634667
12260	0.122149992504463
12261	0.0813367949084862
12262	0.131219591970236
12263	0.158428390367554
12264	0.12668479223735
12265	0.185637188764872
12266	0.144823991168895
12267	0.0631975959769411
12268	0.0994759938400316
12269	0.158428390367554
12270	0.0994759938400316
12271	0.117615192771577
12272	0.135754391703122
12273	0.131219591970236
12274	0.108545593305804
12275	0.131219591970236
12276	0.149358790901781
12277	0.104010793572918
12278	0.181102389031985
12279	0.0768019951756001
12280	0.0631975959769411
12281	0.131219591970236
12282	0.117615192771577
12283	0.185637188764872
12284	0.135754391703122
12285	0.12668479223735
12286	0.167497989833326
12287	0.122149992504463
12288	0.140289191436008
12289	0.108545593305804
12290	0.16296319010044
12291	0.0768019951756001
12292	0.113080393038691
12293	0.140289191436008
12294	0.122149992504463
12295	0.104010793572918
12296	0.185637188764872
12297	0.0405235973125093
12298	0.0677323957098273
12299	0.190171988497758
12300	0.113080393038691
12301	0.122149992504463
12302	0.108545593305804
12303	0.113080393038691
12304	0.172032789566213
12305	0.12668479223735
12306	0.172032789566213
12307	0.117615192771577
12308	0.113080393038691
12309	0.140289191436008
12310	0.190171988497758
12311	0.104010793572918
12312	0.0586627962440547
12313	0.122149992504463
12314	0.16296319010044
12315	0.104010793572918
12316	0.108545593305804
12317	0.122149992504463
12318	0.131219591970236
12319	0.0994759938400316
12320	0.122149992504463
12321	0.190171988497758
12322	0.090406394374259
12323	0.135754391703122
12324	0.0768019951756001
12325	0.113080393038691
12326	0.158428390367554
12327	0.122149992504463
12328	0.0631975959769411
12329	0.190171988497758
12330	0.153893590634667
12331	0.149358790901781
12332	0.135754391703122
12333	0.0949411941071452
12334	0.0949411941071452
12335	0.113080393038691
12336	0.0768019951756001
12337	0.12668479223735
12338	0.090406394374259
12339	0.0586627962440547
12340	0.194706788230644
12341	0.090406394374259
12342	0.172032789566213
12343	0.0994759938400316
12344	0.144823991168895
12345	0.117615192771577
12346	0.135754391703122
12347	0.113080393038691
12348	0.153893590634667
12349	0.140289191436008
12350	0.0994759938400316
12351	0.12668479223735
12352	0.149358790901781
12353	0.12668479223735
12354	0.140289191436008
12355	0.104010793572918
12356	0.158428390367554
12357	0.153893590634667
12358	0.0994759938400316
12359	0.12668479223735
12360	0.12668479223735
12361	0.0994759938400316
12362	0.181102389031985
12363	0.108545593305804
12364	0.108545593305804
12365	0.117615192771577
12366	0.108545593305804
12367	0.158428390367554
12368	0.113080393038691
12369	0.0813367949084862
12370	0.0495931967782821
12371	0.158428390367554
12372	0.135754391703122
12373	0.122149992504463
12374	0.16296319010044
12375	0.176567589299099
12376	0.0994759938400316
12377	0.12668479223735
12378	0.140289191436008
12379	0.140289191436008
12380	0.122149992504463
12381	0.117615192771577
12382	0.122149992504463
12383	0.131219591970236
12384	0.0631975959769411
12385	0.0768019951756001
12386	0.12668479223735
12387	0.135754391703122
12388	0.122149992504463
12389	0.104010793572918
12390	0.140289191436008
12391	0.12668479223735
12392	0.104010793572918
12393	0.199241587963531
12394	0.12668479223735
12395	0.108545593305804
12396	0.0677323957098273
12397	0.16296319010044
12398	0.0813367949084862
12399	0.172032789566213
12400	0.104010793572918
12401	0.16296319010044
12402	0.090406394374259
12403	0.104010793572918
12404	0.0541279965111683
12405	0.117615192771577
12406	0.176567589299099
12407	0.176567589299099
12408	0.108545593305804
12409	0.0768019951756001
12410	0.0677323957098273
12411	0.104010793572918
12412	0.0722671954427137
12413	0.0768019951756001
12414	0.108545593305804
12415	0.117615192771577
12416	0.090406394374259
12417	0.153893590634667
12418	0.104010793572918
12419	0.108545593305804
12420	0.158428390367554
12421	0.144823991168895
12422	0.117615192771577
12423	0.131219591970236
12424	0.113080393038691
12425	0.108545593305804
12426	0.194706788230644
12427	0.122149992504463
12428	0.0994759938400316
12429	0.12668479223735
12430	0.122149992504463
12431	0.113080393038691
12432	0.135754391703122
12433	0.158428390367554
12434	0.117615192771577
12435	0.117615192771577
12436	0.140289191436008
12437	0.113080393038691
12438	0.0813367949084862
12439	0.0768019951756001
12440	0.190171988497758
12441	0.122149992504463
12442	0.0768019951756001
12443	0.113080393038691
12444	0.131219591970236
12445	0.131219591970236
12446	0.0677323957098273
12447	0.117615192771577
12448	0.176567589299099
12449	0.104010793572918
12450	0.0813367949084862
12451	0.153893590634667
12452	0.0631975959769411
12453	0.149358790901781
12454	0.117615192771577
12455	0.113080393038691
12456	0.135754391703122
12457	0.140289191436008
12458	0.144823991168895
12459	0.153893590634667
12460	0.167497989833326
12461	0.0586627962440547
12462	0.090406394374259
12463	0.16296319010044
12464	0.176567589299099
12465	0.122149992504463
12466	0.144823991168895
12467	0.144823991168895
12468	0.0994759938400316
12469	0.0631975959769411
12470	0.149358790901781
12471	0.153893590634667
12472	0.190171988497758
12473	0.185637188764872
12474	0.117615192771577
12475	0.0949411941071452
12476	0.149358790901781
12477	0.122149992504463
12478	0.117615192771577
12479	0.0994759938400316
12480	0.135754391703122
12481	0.153893590634667
12482	0.090406394374259
12483	0.149358790901781
12484	0.104010793572918
12485	0.090406394374259
12486	0.104010793572918
12487	0.0631975959769411
12488	0.167497989833326
12489	0.144823991168895
12490	0.149358790901781
12491	0.122149992504463
12492	0.122149992504463
12493	0.0813367949084862
12494	0.0994759938400316
12495	0.144823991168895
12496	0.135754391703122
12497	0.0994759938400316
12498	0.12668479223735
12499	0.153893590634667
12500	0.12668479223735
12501	0.090406394374259
12502	0.167497989833326
12503	0.108545593305804
12504	0.0314539978467368
12505	0.0994759938400316
12506	0.135754391703122
12507	0.108545593305804
12508	0.12668479223735
12509	0.176567589299099
12510	0.149358790901781
12511	0.12668479223735
12512	0.16296319010044
12513	0.149358790901781
12514	0.149358790901781
12515	0.0949411941071452
12516	0.12668479223735
12517	0.158428390367554
12518	0.104010793572918
12519	0.144823991168895
12520	0.0994759938400316
12521	0.117615192771577
12522	0.144823991168895
12523	0.135754391703122
12524	0.0677323957098273
12525	0.104010793572918
12526	0.131219591970236
12527	0.16296319010044
12528	0.113080393038691
12529	0.108545593305804
12530	0.144823991168895
12531	0.172032789566213
12532	0.190171988497758
12533	0.113080393038691
12534	0.158428390367554
12535	0.0949411941071452
12536	0.135754391703122
12537	0.144823991168895
12538	0.0677323957098273
12539	0.113080393038691
12540	0.104010793572918
12541	0.153893590634667
12542	0.0994759938400316
12543	0.0631975959769411
12544	0.104010793572918
12545	0.12668479223735
12546	0.0994759938400316
12547	0.0949411941071452
12548	0.108545593305804
12549	0.0949411941071452
12550	0.0813367949084862
12551	0.104010793572918
12552	0.104010793572918
12553	0.149358790901781
12554	0.12668479223735
12555	0.153893590634667
12556	0.172032789566213
12557	0.0858715946413726
12558	0.0858715946413726
12559	0.113080393038691
12560	0.090406394374259
12561	0.149358790901781
12562	0.113080393038691
12563	0.153893590634667
12564	0.117615192771577
12565	0.144823991168895
12566	0.167497989833326
12567	0.0858715946413726
12568	0.172032789566213
12569	0.149358790901781
12570	0.144823991168895
12571	0.0722671954427137
12572	0.144823991168895
12573	0.16296319010044
12574	0.167497989833326
12575	0.117615192771577
12576	0.0178495986480778
12577	0.172032789566213
12578	0.135754391703122
12579	0.167497989833326
12580	0.104010793572918
12581	0.0949411941071452
12582	0.117615192771577
12583	0.104010793572918
12584	0.113080393038691
12585	0.172032789566213
12586	0.131219591970236
12587	0.108545593305804
12588	0.185637188764872
12589	0.135754391703122
12590	0.194706788230644
12591	0.144823991168895
12592	0.12668479223735
12593	0.131219591970236
12594	0.113080393038691
12595	0.144823991168895
12596	0.090406394374259
12597	0.122149992504463
12598	0.0722671954427137
12599	0.181102389031985
12600	0.153893590634667
12601	0.090406394374259
12602	0.113080393038691
12603	0.113080393038691
12604	0.113080393038691
12605	0.172032789566213
12606	0.0677323957098273
12607	0.0994759938400316
12608	0.167497989833326
12609	0.140289191436008
12610	0.0631975959769411
12611	0.122149992504463
12612	0.190171988497758
12613	0.0813367949084862
12614	0.0858715946413726
12615	0.199241587963531
12616	0.117615192771577
12617	0.090406394374259
12618	0.090406394374259
12619	0.122149992504463
12620	0.0813367949084862
12621	0.135754391703122
12622	0.158428390367554
12623	0.185637188764872
12624	0.122149992504463
12625	0.131219591970236
12626	0.0768019951756001
12627	0.135754391703122
12628	0.131219591970236
12629	0.16296319010044
12630	0.104010793572918
12631	0.153893590634667
12632	0.176567589299099
12633	0.181102389031985
12634	0.131219591970236
12635	0.0994759938400316
12636	0.12668479223735
12637	0.153893590634667
12638	0.0858715946413726
12639	0.0994759938400316
12640	0.135754391703122
12641	0.12668479223735
12642	0.104010793572918
12643	0.149358790901781
12644	0.12668479223735
12645	0.122149992504463
12646	0.167497989833326
12647	0.158428390367554
12648	0.0949411941071452
12649	0.0994759938400316
12650	0.16296319010044
12651	0.0949411941071452
12652	0.167497989833326
12653	0.199241587963531
12654	0.104010793572918
12655	0.104010793572918
12656	0.135754391703122
12657	0.0541279965111683
12658	0.135754391703122
12659	0.16296319010044
12660	0.140289191436008
12661	0.149358790901781
12662	0.16296319010044
12663	0.0949411941071452
12664	0.108545593305804
12665	0.090406394374259
12666	0.0677323957098273
12667	0.140289191436008
12668	0.108545593305804
12669	0.104010793572918
12670	0.0450583970453957
12671	0.158428390367554
12672	0.0994759938400316
12673	0.190171988497758
12674	0.149358790901781
12675	0.122149992504463
12676	0.181102389031985
12677	0.117615192771577
12678	0.135754391703122
12679	0.135754391703122
12680	0.153893590634667
12681	0.113080393038691
12682	0.0949411941071452
12683	0.0949411941071452
12684	0.0768019951756001
12685	0.108545593305804
12686	0.167497989833326
12687	0.185637188764872
12688	0.131219591970236
12689	0.135754391703122
12690	0.117615192771577
12691	0.167497989833326
12692	0.131219591970236
12693	0.135754391703122
12694	0.131219591970236
12695	0.0495931967782821
12696	0.153893590634667
12697	0.131219591970236
12698	0.190171988497758
12699	0.131219591970236
12700	0.0495931967782821
12701	0.16296319010044
12702	0.172032789566213
12703	0.113080393038691
12704	0.140289191436008
12705	0.108545593305804
12706	0.149358790901781
12707	0.131219591970236
12708	0.117615192771577
12709	0.181102389031985
12710	0.131219591970236
12711	0.113080393038691
12712	0.135754391703122
12713	0.140289191436008
12714	0.108545593305804
12715	0.16296319010044
12716	0.158428390367554
12717	0.0949411941071452
12718	0.0949411941071452
12719	0.104010793572918
12720	0.122149992504463
12721	0.113080393038691
12722	0.0949411941071452
12723	0.0813367949084862
12724	0.113080393038691
12725	0.108545593305804
12726	0.149358790901781
12727	0.090406394374259
12728	0.12668479223735
12729	0.158428390367554
12730	0.090406394374259
12731	0.113080393038691
12732	0.140289191436008
12733	0.131219591970236
12734	0.117615192771577
12735	0.122149992504463
12736	0.144823991168895
12737	0.0722671954427137
12738	0.181102389031985
12739	0.113080393038691
12740	0.0677323957098273
12741	0.0631975959769411
12742	0.135754391703122
12743	0.131219591970236
12744	0.131219591970236
12745	0.0768019951756001
12746	0.0768019951756001
12747	0.140289191436008
12748	0.12668479223735
12749	0.0722671954427137
12750	0.0949411941071452
12751	0.0994759938400316
12752	0.172032789566213
12753	0.181102389031985
12754	0.0722671954427137
12755	0.176567589299099
12756	0.0722671954427137
12757	0.090406394374259
12758	0.0359887975796231
12759	0.108545593305804
12760	0.0994759938400316
12761	0.172032789566213
12762	0.117615192771577
12763	0.117615192771577
12764	0.181102389031985
12765	0.131219591970236
12766	0.167497989833326
12767	0.122149992504463
12768	0.104010793572918
12769	0.0677323957098273
12770	0.122149992504463
12771	0.140289191436008
12772	0.104010793572918
12773	0.113080393038691
12774	0.140289191436008
12775	0.135754391703122
12776	0.104010793572918
12777	0.135754391703122
12778	0.131219591970236
12779	0.199241587963531
12780	0.16296319010044
12781	0.12668479223735
12782	0.153893590634667
12783	0.167497989833326
12784	0.158428390367554
12785	0.158428390367554
12786	0.0949411941071452
12787	0.113080393038691
12788	0.176567589299099
12789	0.149358790901781
12790	0.0541279965111683
12791	0.144823991168895
12792	0.158428390367554
12793	0.12668479223735
12794	0.104010793572918
12795	0.140289191436008
12796	0.0722671954427137
12797	0.0994759938400316
12798	0.135754391703122
12799	0.208311187429303
12800	0.12668479223735
12801	0.172032789566213
12802	0.104010793572918
12803	0.0722671954427137
12804	0.0768019951756001
12805	0.172032789566213
12806	0.12668479223735
12807	0.090406394374259
12808	0.0631975959769411
12809	0.113080393038691
12810	0.158428390367554
12811	0.144823991168895
12812	0.0450583970453957
12813	0.16296319010044
12814	0.0722671954427137
12815	0.131219591970236
12816	0.122149992504463
12817	0.113080393038691
12818	0.158428390367554
12819	0.199241587963531
12820	0.12668479223735
12821	0.144823991168895
12822	0.153893590634667
12823	0.135754391703122
12824	0.122149992504463
12825	0.149358790901781
12826	0.16296319010044
12827	0.144823991168895
12828	0.113080393038691
12829	0.122149992504463
12830	0.158428390367554
12831	0.185637188764872
12832	0.131219591970236
12833	0.140289191436008
12834	0.140289191436008
12835	0.090406394374259
12836	0.0949411941071452
12837	0.0631975959769411
12838	0.108545593305804
12839	0.0722671954427137
12840	0.104010793572918
12841	0.176567589299099
12842	0.108545593305804
12843	0.135754391703122
12844	0.217380786895076
12845	0.104010793572918
12846	0.104010793572918
12847	0.131219591970236
12848	0.117615192771577
12849	0.104010793572918
12850	0.12668479223735
12851	0.140289191436008
12852	0.0994759938400316
12853	0.117615192771577
12854	0.153893590634667
12855	0.117615192771577
12856	0.194706788230644
12857	0.0813367949084862
12858	0.0994759938400316
12859	0.0949411941071452
12860	0.0858715946413726
12861	0.185637188764872
12862	0.0949411941071452
12863	0.167497989833326
12864	0.113080393038691
12865	0.117615192771577
12866	0.104010793572918
12867	0.117615192771577
12868	0.131219591970236
12869	0.122149992504463
12870	0.0858715946413726
12871	0.149358790901781
12872	0.090406394374259
12873	0.0949411941071452
12874	0.0541279965111683
12875	0.135754391703122
12876	0.0949411941071452
12877	0.113080393038691
12878	0.0858715946413726
12879	0.144823991168895
12880	0.144823991168895
12881	0.185637188764872
12882	0.12668479223735
12883	0.090406394374259
12884	0.104010793572918
12885	0.117615192771577
12886	0.12668479223735
12887	0.0949411941071452
12888	0.0631975959769411
12889	0.113080393038691
12890	0.144823991168895
12891	0.113080393038691
12892	0.176567589299099
12893	0.12668479223735
12894	0.117615192771577
12895	0.144823991168895
12896	0.153893590634667
12897	0.208311187429303
12898	0.0813367949084862
12899	0.117615192771577
12900	0.140289191436008
12901	0.149358790901781
12902	0.135754391703122
12903	0.153893590634667
12904	0.108545593305804
12905	0.172032789566213
12906	0.12668479223735
12907	0.117615192771577
12908	0.149358790901781
12909	0.104010793572918
12910	0.122149992504463
12911	0.122149992504463
12912	0.113080393038691
12913	0.131219591970236
12914	0.153893590634667
12915	0.190171988497758
12916	0.122149992504463
12917	0.122149992504463
12918	0.0949411941071452
12919	0.113080393038691
12920	0.117615192771577
12921	0.153893590634667
12922	0.135754391703122
12923	0.16296319010044
12924	0.194706788230644
12925	0.144823991168895
12926	0.0858715946413726
12927	0.0949411941071452
12928	0.090406394374259
12929	0.0858715946413726
12930	0.122149992504463
12931	0.131219591970236
12932	0.140289191436008
12933	0.0405235973125093
12934	0.122149992504463
12935	0.122149992504463
12936	0.113080393038691
12937	0.108545593305804
12938	0.0768019951756001
12939	0.16296319010044
12940	0.149358790901781
12941	0.144823991168895
12942	0.0949411941071452
12943	0.144823991168895
12944	0.0858715946413726
12945	0.181102389031985
12946	0.108545593305804
12947	0.090406394374259
12948	0.158428390367554
12949	0.140289191436008
12950	0.140289191436008
12951	0.108545593305804
12952	0.158428390367554
12953	0.144823991168895
12954	0.0949411941071452
12955	0.158428390367554
12956	0.12668479223735
12957	0.158428390367554
12958	0.140289191436008
12959	0.0768019951756001
12960	0.131219591970236
12961	0.12668479223735
12962	0.167497989833326
12963	0.0858715946413726
12964	0.149358790901781
12965	0.0994759938400316
12966	0.144823991168895
12967	0.158428390367554
12968	0.149358790901781
12969	0.12668479223735
12970	0.167497989833326
12971	0.158428390367554
12972	0.0813367949084862
12973	0.0994759938400316
12974	0.16296319010044
12975	0.108545593305804
12976	0.253659184758167
12977	0.113080393038691
12978	0.172032789566213
12979	0.140289191436008
12980	0.0994759938400316
12981	0.0813367949084862
12982	0.12668479223735
12983	0.199241587963531
12984	0.0495931967782821
12985	0.108545593305804
12986	0.12668479223735
12987	0.0858715946413726
12988	0.149358790901781
12989	0.131219591970236
12990	0.185637188764872
12991	0.140289191436008
12992	0.108545593305804
12993	0.117615192771577
12994	0.090406394374259
12995	0.0631975959769411
12996	0.221915586627962
12997	0.16296319010044
12998	0.12668479223735
12999	0.0949411941071452
13000	0.144823991168895
13001	0.140289191436008
13002	0.16296319010044
13003	0.12668479223735
13004	0.122149992504463
13005	0.104010793572918
13006	0.149358790901781
13007	0.108545593305804
13008	0.0994759938400316
13009	0.122149992504463
13010	0.153893590634667
13011	0.131219591970236
13012	0.135754391703122
13013	0.167497989833326
13014	0.108545593305804
13015	0.122149992504463
13016	0.149358790901781
13017	0.0949411941071452
13018	0.135754391703122
13019	0.0994759938400316
13020	0.140289191436008
13021	0.131219591970236
13022	0.153893590634667
13023	0.113080393038691
13024	0.158428390367554
13025	0.104010793572918
13026	0.0768019951756001
13027	0.153893590634667
13028	0.176567589299099
13029	0.12668479223735
13030	0.16296319010044
13031	0.131219591970236
13032	0.144823991168895
13033	0.117615192771577
13034	0.122149992504463
13035	0.108545593305804
13036	0.144823991168895
13037	0.158428390367554
13038	0.172032789566213
13039	0.122149992504463
13040	0.0949411941071452
13041	0.108545593305804
13042	0.176567589299099
13043	0.108545593305804
13044	0.176567589299099
13045	0.122149992504463
13046	0.0949411941071452
13047	0.158428390367554
13048	0.149358790901781
13049	0.122149992504463
13050	0.0586627962440547
13051	0.0994759938400316
13052	0.0586627962440547
13053	0.0994759938400316
13054	0.12668479223735
13055	0.0949411941071452
13056	0.144823991168895
13057	0.0994759938400316
13058	0.122149992504463
13059	0.135754391703122
13060	0.135754391703122
13061	0.108545593305804
13062	0.167497989833326
13063	0.113080393038691
13064	0.0949411941071452
13065	0.135754391703122
13066	0.12668479223735
13067	0.0858715946413726
13068	0.135754391703122
13069	0.0994759938400316
13070	0.144823991168895
13071	0.140289191436008
13072	0.090406394374259
13073	0.0949411941071452
13074	0.158428390367554
13075	0.113080393038691
13076	0.185637188764872
13077	0.113080393038691
13078	0.0813367949084862
13079	0.117615192771577
13080	0.158428390367554
13081	0.158428390367554
13082	0.090406394374259
13083	0.131219591970236
13084	0.131219591970236
13085	0.122149992504463
13086	0.0858715946413726
13087	0.21284598716219
13088	0.0722671954427137
13089	0.135754391703122
13090	0.135754391703122
13091	0.144823991168895
13092	0.0813367949084862
13093	0.104010793572918
13094	0.153893590634667
13095	0.135754391703122
13096	0.122149992504463
13097	0.176567589299099
13098	0.167497989833326
13099	0.185637188764872
13100	0.122149992504463
13101	0.12668479223735
13102	0.135754391703122
13103	0.0858715946413726
13104	0.0586627962440547
13105	0.113080393038691
13106	0.117615192771577
13107	0.140289191436008
13108	0.208311187429303
13109	0.153893590634667
13110	0.0813367949084862
13111	0.140289191436008
13112	0.158428390367554
13113	0.0858715946413726
13114	0.135754391703122
13115	0.149358790901781
13116	0.0768019951756001
13117	0.113080393038691
13118	0.149358790901781
13119	0.12668479223735
13120	0.140289191436008
13121	0.149358790901781
13122	0.153893590634667
13123	0.140289191436008
13124	0.0813367949084862
13125	0.149358790901781
13126	0.172032789566213
13127	0.12668479223735
13128	0.113080393038691
13129	0.0450583970453957
13130	0.0994759938400316
13131	0.149358790901781
13132	0.12668479223735
13133	0.172032789566213
13134	0.0858715946413726
13135	0.167497989833326
13136	0.0813367949084862
13137	0.0949411941071452
13138	0.149358790901781
13139	0.12668479223735
13140	0.149358790901781
13141	0.0813367949084862
13142	0.0677323957098273
13143	0.131219591970236
13144	0.0858715946413726
13145	0.108545593305804
13146	0.167497989833326
13147	0.113080393038691
13148	0.153893590634667
13149	0.113080393038691
13150	0.0994759938400316
13151	0.0813367949084862
13152	0.135754391703122
13153	0.144823991168895
13154	0.226450386360849
13155	0.16296319010044
13156	0.0949411941071452
13157	0.104010793572918
13158	0.12668479223735
13159	0.144823991168895
13160	0.167497989833326
13161	0.0994759938400316
13162	0.104010793572918
13163	0.0949411941071452
13164	0.0994759938400316
13165	0.0359887975796231
13166	0.0858715946413726
13167	0.131219591970236
13168	0.172032789566213
13169	0.113080393038691
13170	0.108545593305804
13171	0.167497989833326
13172	0.0768019951756001
13173	0.12668479223735
13174	0.117615192771577
13175	0.153893590634667
13176	0.135754391703122
13177	0.12668479223735
13178	0.167497989833326
13179	0.0949411941071452
13180	0.0813367949084862
13181	0.113080393038691
13182	0.122149992504463
13183	0.135754391703122
13184	0.144823991168895
13185	0.153893590634667
13186	0.158428390367554
13187	0.0631975959769411
13188	0.12668479223735
13189	0.12668479223735
13190	0.149358790901781
13191	0.176567589299099
13192	0.153893590634667
13193	0.16296319010044
13194	0.167497989833326
13195	0.0994759938400316
13196	0.140289191436008
13197	0.113080393038691
13198	0.104010793572918
13199	0.172032789566213
13200	0.0994759938400316
13201	0.135754391703122
13202	0.135754391703122
13203	0.149358790901781
13204	0.16296319010044
13205	0.090406394374259
13206	0.0994759938400316
13207	0.122149992504463
13208	0.167497989833326
13209	0.117615192771577
13210	0.135754391703122
13211	0.0586627962440547
13212	0.0949411941071452
13213	0.0768019951756001
13214	0.153893590634667
13215	0.104010793572918
13216	0.140289191436008
13217	0.0768019951756001
13218	0.149358790901781
13219	0.0949411941071452
13220	0.131219591970236
13221	0.131219591970236
13222	0.113080393038691
13223	0.131219591970236
13224	0.153893590634667
13225	0.090406394374259
13226	0.0994759938400316
13227	0.0631975959769411
13228	0.135754391703122
13229	0.117615192771577
13230	0.117615192771577
13231	0.0631975959769411
13232	0.167497989833326
13233	0.144823991168895
13234	0.117615192771577
13235	0.104010793572918
13236	0.167497989833326
13237	0.135754391703122
13238	0.167497989833326
13239	0.104010793572918
13240	0.113080393038691
13241	0.181102389031985
13242	0.104010793572918
13243	0.0858715946413726
13244	0.144823991168895
13245	0.194706788230644
13246	0.135754391703122
13247	0.104010793572918
13248	0.140289191436008
13249	0.108545593305804
13250	0.0858715946413726
13251	0.158428390367554
13252	0.158428390367554
13253	0.140289191436008
13254	0.176567589299099
13255	0.158428390367554
13256	0.108545593305804
13257	0.0768019951756001
13258	0.117615192771577
13259	0.135754391703122
13260	0.0949411941071452
13261	0.090406394374259
13262	0.131219591970236
13263	0.149358790901781
13264	0.131219591970236
13265	0.0949411941071452
13266	0.140289191436008
13267	0.135754391703122
13268	0.0994759938400316
13269	0.0949411941071452
13270	0.208311187429303
13271	0.181102389031985
13272	0.122149992504463
13273	0.131219591970236
13274	0.131219591970236
13275	0.16296319010044
13276	0.135754391703122
13277	0.140289191436008
13278	0.122149992504463
13279	0.113080393038691
13280	0.140289191436008
13281	0.0858715946413726
13282	0.153893590634667
13283	0.090406394374259
13284	0.153893590634667
13285	0.16296319010044
13286	0.090406394374259
13287	0.0495931967782821
13288	0.135754391703122
13289	0.149358790901781
13290	0.0994759938400316
13291	0.0858715946413726
13292	0.0813367949084862
13293	0.108545593305804
13294	0.12668479223735
13295	0.0994759938400316
13296	0.135754391703122
13297	0.140289191436008
13298	0.140289191436008
13299	0.0541279965111683
13300	0.149358790901781
13301	0.113080393038691
13302	0.153893590634667
13303	0.108545593305804
13304	0.172032789566213
13305	0.0450583970453957
13306	0.131219591970236
13307	0.113080393038691
13308	0.0677323957098273
13309	0.16296319010044
13310	0.140289191436008
13311	0.0768019951756001
13312	0.104010793572918
13313	0.153893590634667
13314	0.131219591970236
13315	0.0949411941071452
13316	0.131219591970236
13317	0.0949411941071452
13318	0.104010793572918
13319	0.0813367949084862
13320	0.149358790901781
13321	0.113080393038691
13322	0.117615192771577
13323	0.090406394374259
13324	0.167497989833326
13325	0.12668479223735
13326	0.113080393038691
13327	0.0586627962440547
13328	0.0949411941071452
13329	0.117615192771577
13330	0.117615192771577
13331	0.12668479223735
13332	0.131219591970236
13333	0.0858715946413726
13334	0.167497989833326
13335	0.149358790901781
13336	0.0405235973125093
13337	0.0994759938400316
13338	0.122149992504463
13339	0.135754391703122
13340	0.190171988497758
13341	0.167497989833326
13342	0.16296319010044
13343	0.135754391703122
13344	0.117615192771577
13345	0.0994759938400316
13346	0.153893590634667
13347	0.113080393038691
13348	0.131219591970236
13349	0.149358790901781
13350	0.108545593305804
13351	0.135754391703122
13352	0.140289191436008
13353	0.158428390367554
13354	0.140289191436008
13355	0.117615192771577
13356	0.153893590634667
13357	0.158428390367554
13358	0.113080393038691
13359	0.108545593305804
13360	0.0858715946413726
13361	0.135754391703122
13362	0.135754391703122
13363	0.0994759938400316
13364	0.0813367949084862
13365	0.167497989833326
13366	0.185637188764872
13367	0.153893590634667
13368	0.135754391703122
13369	0.108545593305804
13370	0.0994759938400316
13371	0.140289191436008
13372	0.131219591970236
13373	0.12668479223735
13374	0.185637188764872
13375	0.117615192771577
13376	0.0994759938400316
13377	0.108545593305804
13378	0.140289191436008
13379	0.203776387696417
13380	0.12668479223735
13381	0.131219591970236
13382	0.117615192771577
13383	0.117615192771577
13384	0.140289191436008
13385	0.144823991168895
13386	0.12668479223735
13387	0.144823991168895
13388	0.144823991168895
13389	0.140289191436008
13390	0.0858715946413726
13391	0.153893590634667
13392	0.122149992504463
13393	0.12668479223735
13394	0.167497989833326
13395	0.113080393038691
13396	0.0722671954427137
13397	0.117615192771577
13398	0.135754391703122
13399	0.181102389031985
13400	0.167497989833326
13401	0.0994759938400316
13402	0.108545593305804
13403	0.135754391703122
13404	0.090406394374259
13405	0.0768019951756001
13406	0.108545593305804
13407	0.0586627962440547
13408	0.153893590634667
13409	0.176567589299099
13410	0.16296319010044
13411	0.0631975959769411
13412	0.0858715946413726
13413	0.12668479223735
13414	0.181102389031985
13415	0.140289191436008
13416	0.135754391703122
13417	0.167497989833326
13418	0.153893590634667
13419	0.135754391703122
13420	0.0949411941071452
13421	0.0994759938400316
13422	0.190171988497758
13423	0.0949411941071452
13424	0.131219591970236
13425	0.158428390367554
13426	0.113080393038691
13427	0.185637188764872
13428	0.16296319010044
13429	0.16296319010044
13430	0.0586627962440547
13431	0.144823991168895
13432	0.153893590634667
13433	0.0677323957098273
13434	0.135754391703122
13435	0.090406394374259
13436	0.190171988497758
13437	0.108545593305804
13438	0.104010793572918
13439	0.0813367949084862
13440	0.104010793572918
13441	0.122149992504463
13442	0.153893590634667
13443	0.117615192771577
13444	0.199241587963531
13445	0.140289191436008
13446	0.12668479223735
13447	0.0813367949084862
13448	0.135754391703122
13449	0.0858715946413726
13450	0.149358790901781
13451	0.144823991168895
13452	0.144823991168895
13453	0.172032789566213
13454	0.144823991168895
13455	0.158428390367554
13456	0.0949411941071452
13457	0.117615192771577
13458	0.122149992504463
13459	0.117615192771577
13460	0.131219591970236
13461	0.176567589299099
13462	0.0949411941071452
13463	0.135754391703122
13464	0.194706788230644
13465	0.140289191436008
13466	0.117615192771577
13467	0.176567589299099
13468	0.140289191436008
13469	0.122149992504463
13470	0.0631975959769411
13471	0.0768019951756001
13472	0.122149992504463
13473	0.104010793572918
13474	0.122149992504463
13475	0.113080393038691
13476	0.135754391703122
13477	0.221915586627962
13478	0.135754391703122
13479	0.135754391703122
13480	0.149358790901781
13481	0.176567589299099
13482	0.117615192771577
13483	0.0858715946413726
13484	0.140289191436008
13485	0.149358790901781
13486	0.0994759938400316
13487	0.108545593305804
13488	0.117615192771577
13489	0.131219591970236
13490	0.113080393038691
13491	0.131219591970236
13492	0.108545593305804
13493	0.172032789566213
13494	0.172032789566213
13495	0.149358790901781
13496	0.149358790901781
13497	0.090406394374259
13498	0.113080393038691
13499	0.144823991168895
13500	0.176567589299099
13501	0.16296319010044
13502	0.16296319010044
13503	0.122149992504463
13504	0.104010793572918
13505	0.16296319010044
13506	0.104010793572918
13507	0.153893590634667
13508	0.131219591970236
13509	0.153893590634667
13510	0.104010793572918
13511	0.0677323957098273
13512	0.122149992504463
13513	0.117615192771577
13514	0.0949411941071452
13515	0.131219591970236
13516	0.144823991168895
13517	0.153893590634667
13518	0.140289191436008
13519	0.0949411941071452
13520	0.172032789566213
13521	0.0858715946413726
13522	0.090406394374259
13523	0.149358790901781
13524	0.113080393038691
13525	0.0994759938400316
13526	0.104010793572918
13527	0.172032789566213
13528	0.158428390367554
13529	0.158428390367554
13530	0.117615192771577
13531	0.153893590634667
13532	0.0722671954427137
13533	0.0994759938400316
13534	0.203776387696417
13535	0.0994759938400316
13536	0.117615192771577
13537	0.117615192771577
13538	0.140289191436008
13539	0.149358790901781
13540	0.172032789566213
13541	0.208311187429303
13542	0.117615192771577
13543	0.12668479223735
13544	0.208311187429303
13545	0.140289191436008
13546	0.0768019951756001
13547	0.0768019951756001
13548	0.090406394374259
13549	0.0813367949084862
13550	0.113080393038691
13551	0.221915586627962
13552	0.149358790901781
13553	0.122149992504463
13554	0.113080393038691
13555	0.0949411941071452
13556	0.117615192771577
13557	0.0994759938400316
13558	0.144823991168895
13559	0.113080393038691
13560	0.0949411941071452
13561	0.0722671954427137
13562	0.090406394374259
13563	0.131219591970236
13564	0.144823991168895
13565	0.16296319010044
13566	0.131219591970236
13567	0.0949411941071452
13568	0.135754391703122
13569	0.12668479223735
13570	0.131219591970236
13571	0.181102389031985
13572	0.090406394374259
13573	0.199241587963531
13574	0.153893590634667
13575	0.167497989833326
13576	0.12668479223735
13577	0.153893590634667
13578	0.090406394374259
13579	0.158428390367554
13580	0.113080393038691
13581	0.135754391703122
13582	0.0677323957098273
13583	0.113080393038691
13584	0.117615192771577
13585	0.117615192771577
13586	0.113080393038691
13587	0.16296319010044
13588	0.0813367949084862
13589	0.0813367949084862
13590	0.090406394374259
13591	0.0722671954427137
13592	0.113080393038691
13593	0.0722671954427137
13594	0.167497989833326
13595	0.104010793572918
13596	0.090406394374259
13597	0.131219591970236
13598	0.0858715946413726
13599	0.16296319010044
13600	0.131219591970236
13601	0.122149992504463
13602	0.0722671954427137
13603	0.0994759938400316
13604	0.144823991168895
13605	0.158428390367554
13606	0.176567589299099
13607	0.16296319010044
13608	0.131219591970236
13609	0.144823991168895
13610	0.144823991168895
13611	0.181102389031985
13612	0.16296319010044
13613	0.0994759938400316
13614	0.113080393038691
13615	0.104010793572918
13616	0.140289191436008
13617	0.167497989833326
13618	0.113080393038691
13619	0.12668479223735
13620	0.108545593305804
13621	0.135754391703122
13622	0.113080393038691
13623	0.144823991168895
13624	0.108545593305804
13625	0.135754391703122
13626	0.104010793572918
13627	0.172032789566213
13628	0.108545593305804
13629	0.153893590634667
13630	0.0949411941071452
13631	0.0949411941071452
13632	0.104010793572918
13633	0.117615192771577
13634	0.0994759938400316
13635	0.144823991168895
13636	0.113080393038691
13637	0.176567589299099
13638	0.113080393038691
13639	0.12668479223735
13640	0.135754391703122
13641	0.149358790901781
13642	0.122149992504463
13643	0.0858715946413726
13644	0.113080393038691
13645	0.090406394374259
13646	0.131219591970236
13647	0.167497989833326
13648	0.144823991168895
13649	0.167497989833326
13650	0.144823991168895
13651	0.104010793572918
13652	0.149358790901781
13653	0.140289191436008
13654	0.149358790901781
13655	0.12668479223735
13656	0.0858715946413726
13657	0.0994759938400316
13658	0.153893590634667
13659	0.149358790901781
13660	0.12668479223735
13661	0.153893590634667
13662	0.117615192771577
13663	0.149358790901781
13664	0.0722671954427137
13665	0.117615192771577
13666	0.113080393038691
13667	0.131219591970236
13668	0.158428390367554
13669	0.12668479223735
13670	0.0949411941071452
13671	0.140289191436008
13672	0.0858715946413726
13673	0.153893590634667
13674	0.108545593305804
13675	0.0813367949084862
13676	0.117615192771577
13677	0.122149992504463
13678	0.108545593305804
13679	0.172032789566213
13680	0.104010793572918
13681	0.0359887975796231
13682	0.153893590634667
13683	0.117615192771577
13684	0.113080393038691
13685	0.149358790901781
13686	0.113080393038691
13687	0.0813367949084862
13688	0.117615192771577
13689	0.12668479223735
13690	0.12668479223735
13691	0.0677323957098273
13692	0.113080393038691
13693	0.131219591970236
13694	0.135754391703122
13695	0.117615192771577
13696	0.153893590634667
13697	0.0813367949084862
13698	0.113080393038691
13699	0.167497989833326
13700	0.158428390367554
13701	0.140289191436008
13702	0.167497989833326
13703	0.140289191436008
13704	0.172032789566213
13705	0.153893590634667
13706	0.149358790901781
13707	0.0949411941071452
13708	0.181102389031985
13709	0.108545593305804
13710	0.108545593305804
13711	0.0405235973125093
13712	0.122149992504463
13713	0.0994759938400316
13714	0.16296319010044
13715	0.113080393038691
13716	0.135754391703122
13717	0.090406394374259
13718	0.153893590634667
13719	0.104010793572918
13720	0.0768019951756001
13721	0.167497989833326
13722	0.144823991168895
13723	0.131219591970236
13724	0.0994759938400316
13725	0.172032789566213
13726	0.153893590634667
13727	0.149358790901781
13728	0.122149992504463
13729	0.108545593305804
13730	0.144823991168895
13731	0.12668479223735
13732	0.113080393038691
13733	0.181102389031985
13734	0.16296319010044
13735	0.16296319010044
13736	0.153893590634667
13737	0.0813367949084862
13738	0.140289191436008
13739	0.172032789566213
13740	0.117615192771577
13741	0.149358790901781
13742	0.172032789566213
13743	0.0768019951756001
13744	0.090406394374259
13745	0.0994759938400316
13746	0.140289191436008
13747	0.0677323957098273
13748	0.0586627962440547
13749	0.153893590634667
13750	0.149358790901781
13751	0.122149992504463
13752	0.149358790901781
13753	0.16296319010044
13754	0.0586627962440547
13755	0.108545593305804
13756	0.0949411941071452
13757	0.176567589299099
13758	0.153893590634667
13759	0.0631975959769411
13760	0.12668479223735
13761	0.158428390367554
13762	0.135754391703122
13763	0.108545593305804
13764	0.0994759938400316
13765	0.185637188764872
13766	0.131219591970236
13767	0.0813367949084862
13768	0.135754391703122
13769	0.0994759938400316
13770	0.113080393038691
13771	0.0858715946413726
13772	0.0722671954427137
13773	0.0677323957098273
13774	0.104010793572918
13775	0.140289191436008
13776	0.131219591970236
13777	0.176567589299099
13778	0.16296319010044
13779	0.0994759938400316
13780	0.0768019951756001
13781	0.12668479223735
13782	0.12668479223735
13783	0.140289191436008
13784	0.153893590634667
13785	0.090406394374259
13786	0.144823991168895
13787	0.140289191436008
13788	0.104010793572918
13789	0.090406394374259
13790	0.153893590634667
13791	0.0994759938400316
13792	0.0768019951756001
13793	0.090406394374259
13794	0.181102389031985
13795	0.108545593305804
13796	0.0813367949084862
13797	0.131219591970236
13798	0.0813367949084862
13799	0.122149992504463
13800	0.0813367949084862
13801	0.117615192771577
13802	0.158428390367554
13803	0.149358790901781
13804	0.149358790901781
13805	0.108545593305804
13806	0.0994759938400316
13807	0.144823991168895
13808	0.104010793572918
13809	0.12668479223735
13810	0.135754391703122
13811	0.144823991168895
13812	0.0994759938400316
13813	0.149358790901781
13814	0.135754391703122
13815	0.208311187429303
13816	0.140289191436008
13817	0.16296319010044
13818	0.0994759938400316
13819	0.113080393038691
13820	0.104010793572918
13821	0.149358790901781
13822	0.135754391703122
13823	0.117615192771577
13824	0.149358790901781
13825	0.176567589299099
13826	0.131219591970236
13827	0.16296319010044
13828	0.104010793572918
13829	0.12668479223735
13830	0.0949411941071452
13831	0.117615192771577
13832	0.0722671954427137
13833	0.0994759938400316
13834	0.0677323957098273
13835	0.117615192771577
13836	0.113080393038691
13837	0.140289191436008
13838	0.108545593305804
13839	0.108545593305804
13840	0.0813367949084862
13841	0.122149992504463
13842	0.153893590634667
13843	0.135754391703122
13844	0.140289191436008
13845	0.0858715946413726
13846	0.104010793572918
13847	0.0858715946413726
13848	0.140289191436008
13849	0.144823991168895
13850	0.108545593305804
13851	0.0768019951756001
13852	0.113080393038691
13853	0.172032789566213
13854	0.0722671954427137
13855	0.108545593305804
13856	0.117615192771577
13857	0.113080393038691
13858	0.12668479223735
13859	0.108545593305804
13860	0.140289191436008
13861	0.108545593305804
13862	0.0949411941071452
13863	0.113080393038691
13864	0.0768019951756001
13865	0.167497989833326
13866	0.158428390367554
13867	0.0722671954427137
13868	0.104010793572918
13869	0.153893590634667
13870	0.149358790901781
13871	0.144823991168895
13872	0.117615192771577
13873	0.090406394374259
13874	0.0994759938400316
13875	0.131219591970236
13876	0.108545593305804
13877	0.12668479223735
13878	0.140289191436008
13879	0.108545593305804
13880	0.135754391703122
13881	0.0858715946413726
13882	0.0949411941071452
13883	0.12668479223735
13884	0.0858715946413726
13885	0.131219591970236
13886	0.117615192771577
13887	0.167497989833326
13888	0.113080393038691
13889	0.16296319010044
13890	0.158428390367554
13891	0.0994759938400316
13892	0.0813367949084862
13893	0.0994759938400316
13894	0.16296319010044
13895	0.104010793572918
13896	0.113080393038691
13897	0.135754391703122
13898	0.140289191436008
13899	0.104010793572918
13900	0.144823991168895
13901	0.0631975959769411
13902	0.0949411941071452
13903	0.122149992504463
13904	0.144823991168895
13905	0.12668479223735
13906	0.131219591970236
13907	0.0631975959769411
13908	0.117615192771577
13909	0.090406394374259
13910	0.144823991168895
13911	0.144823991168895
13912	0.0813367949084862
13913	0.135754391703122
13914	0.122149992504463
13915	0.104010793572918
13916	0.153893590634667
13917	0.0949411941071452
13918	0.12668479223735
13919	0.144823991168895
13920	0.140289191436008
13921	0.117615192771577
13922	0.122149992504463
13923	0.144823991168895
13924	0.194706788230644
13925	0.0314539978467368
13926	0.122149992504463
13927	0.122149992504463
13928	0.12668479223735
13929	0.0994759938400316
13930	0.131219591970236
13931	0.131219591970236
13932	0.0495931967782821
13933	0.117615192771577
13934	0.185637188764872
13935	0.0858715946413726
13936	0.144823991168895
13937	0.090406394374259
13938	0.131219591970236
13939	0.108545593305804
13940	0.16296319010044
13941	0.0677323957098273
13942	0.117615192771577
13943	0.158428390367554
13944	0.158428390367554
13945	0.149358790901781
13946	0.140289191436008
13947	0.0768019951756001
13948	0.149358790901781
13949	0.0858715946413726
13950	0.16296319010044
13951	0.181102389031985
13952	0.16296319010044
13953	0.12668479223735
13954	0.153893590634667
13955	0.0677323957098273
13956	0.122149992504463
13957	0.153893590634667
13958	0.122149992504463
13959	0.117615192771577
13960	0.0768019951756001
13961	0.0722671954427137
13962	0.0631975959769411
13963	0.158428390367554
13964	0.0768019951756001
13965	0.117615192771577
13966	0.117615192771577
13967	0.12668479223735
13968	0.0858715946413726
13969	0.167497989833326
13970	0.131219591970236
13971	0.194706788230644
13972	0.122149992504463
13973	0.108545593305804
13974	0.140289191436008
13975	0.12668479223735
13976	0.108545593305804
13977	0.0586627962440547
13978	0.113080393038691
13979	0.0768019951756001
13980	0.172032789566213
13981	0.090406394374259
13982	0.140289191436008
13983	0.140289191436008
13984	0.117615192771577
13985	0.108545593305804
13986	0.135754391703122
13987	0.158428390367554
13988	0.122149992504463
13989	0.144823991168895
13990	0.16296319010044
13991	0.108545593305804
13992	0.12668479223735
13993	0.16296319010044
13994	0.113080393038691
13995	0.122149992504463
13996	0.12668479223735
13997	0.0949411941071452
13998	0.113080393038691
13999	0.0949411941071452
14000	0.131219591970236
14001	0.090406394374259
14002	0.135754391703122
14003	0.135754391703122
14004	0.135754391703122
14005	0.113080393038691
14006	0.0949411941071452
14007	0.0768019951756001
14008	0.194706788230644
14009	0.122149992504463
14010	0.12668479223735
14011	0.135754391703122
14012	0.167497989833326
14013	0.140289191436008
14014	0.108545593305804
14015	0.0813367949084862
14016	0.176567589299099
14017	0.167497989833326
14018	0.104010793572918
14019	0.153893590634667
14020	0.16296319010044
14021	0.167497989833326
14022	0.176567589299099
14023	0.0677323957098273
14024	0.122149992504463
14025	0.12668479223735
14026	0.104010793572918
14027	0.149358790901781
14028	0.0677323957098273
14029	0.140289191436008
14030	0.135754391703122
14031	0.185637188764872
14032	0.104010793572918
14033	0.113080393038691
14034	0.090406394374259
14035	0.090406394374259
14036	0.140289191436008
14037	0.190171988497758
14038	0.131219591970236
14039	0.135754391703122
14040	0.149358790901781
14041	0.0495931967782821
14042	0.122149992504463
14043	0.117615192771577
14044	0.149358790901781
14045	0.117615192771577
14046	0.131219591970236
14047	0.0994759938400316
14048	0.0858715946413726
14049	0.122149992504463
14050	0.0949411941071452
14051	0.140289191436008
14052	0.140289191436008
14053	0.117615192771577
14054	0.104010793572918
14055	0.140289191436008
14056	0.12668479223735
14057	0.113080393038691
14058	0.0858715946413726
14059	0.0994759938400316
14060	0.0768019951756001
14061	0.172032789566213
14062	0.0949411941071452
14063	0.0949411941071452
14064	0.135754391703122
14065	0.149358790901781
14066	0.090406394374259
14067	0.0949411941071452
14068	0.149358790901781
14069	0.131219591970236
14070	0.0541279965111683
14071	0.153893590634667
14072	0.167497989833326
14073	0.108545593305804
14074	0.122149992504463
14075	0.104010793572918
14076	0.0768019951756001
14077	0.144823991168895
14078	0.12668479223735
14079	0.172032789566213
14080	0.0949411941071452
14081	0.117615192771577
14082	0.12668479223735
14083	0.117615192771577
14084	0.158428390367554
14085	0.12668479223735
14086	0.0949411941071452
14087	0.144823991168895
14088	0.0768019951756001
14089	0.16296319010044
14090	0.108545593305804
14091	0.0586627962440547
14092	0.108545593305804
14093	0.0722671954427137
14094	0.158428390367554
14095	0.158428390367554
14096	0.0677323957098273
14097	0.144823991168895
14098	0.0813367949084862
14099	0.108545593305804
14100	0.117615192771577
14101	0.158428390367554
14102	0.108545593305804
14103	0.0858715946413726
14104	0.0994759938400316
14105	0.135754391703122
14106	0.135754391703122
14107	0.0813367949084862
14108	0.153893590634667
14109	0.158428390367554
14110	0.140289191436008
14111	0.0949411941071452
14112	0.12668479223735
14113	0.090406394374259
14114	0.0541279965111683
14115	0.0631975959769411
14116	0.122149992504463
14117	0.149358790901781
14118	0.16296319010044
14119	0.140289191436008
14120	0.140289191436008
14121	0.12668479223735
14122	0.122149992504463
14123	0.153893590634667
14124	0.122149992504463
14125	0.122149992504463
14126	0.0631975959769411
14127	0.135754391703122
14128	0.117615192771577
14129	0.122149992504463
14130	0.12668479223735
14131	0.12668479223735
14132	0.131219591970236
14133	0.12668479223735
14134	0.135754391703122
14135	0.158428390367554
14136	0.158428390367554
14137	0.122149992504463
14138	0.117615192771577
14139	0.0994759938400316
14140	0.104010793572918
14141	0.0994759938400316
14142	0.113080393038691
14143	0.090406394374259
14144	0.158428390367554
14145	0.158428390367554
14146	0.131219591970236
14147	0.117615192771577
14148	0.185637188764872
14149	0.12668479223735
14150	0.12668479223735
14151	0.185637188764872
14152	0.158428390367554
14153	0.117615192771577
14154	0.0631975959769411
14155	0.0994759938400316
14156	0.104010793572918
14157	0.144823991168895
14158	0.16296319010044
14159	0.0994759938400316
14160	0.113080393038691
14161	0.12668479223735
14162	0.0768019951756001
14163	0.153893590634667
14164	0.0722671954427137
14165	0.190171988497758
14166	0.117615192771577
14167	0.140289191436008
14168	0.113080393038691
14169	0.108545593305804
14170	0.140289191436008
14171	0.149358790901781
14172	0.16296319010044
14173	0.0722671954427137
14174	0.0813367949084862
14175	0.176567589299099
14176	0.0949411941071452
14177	0.104010793572918
14178	0.0994759938400316
14179	0.122149992504463
14180	0.144823991168895
14181	0.158428390367554
14182	0.140289191436008
14183	0.131219591970236
14184	0.0813367949084862
14185	0.158428390367554
14186	0.16296319010044
14187	0.185637188764872
14188	0.113080393038691
14189	0.140289191436008
14190	0.167497989833326
14191	0.104010793572918
14192	0.0949411941071452
14193	0.122149992504463
14194	0.149358790901781
14195	0.122149992504463
14196	0.122149992504463
14197	0.104010793572918
14198	0.131219591970236
14199	0.117615192771577
14200	0.131219591970236
14201	0.122149992504463
14202	0.104010793572918
14203	0.12668479223735
14204	0.113080393038691
14205	0.144823991168895
14206	0.131219591970236
14207	0.140289191436008
14208	0.0949411941071452
14209	0.131219591970236
14210	0.117615192771577
14211	0.16296319010044
14212	0.0586627962440547
14213	0.16296319010044
14214	0.144823991168895
14215	0.108545593305804
14216	0.149358790901781
14217	0.113080393038691
14218	0.0858715946413726
14219	0.108545593305804
14220	0.0722671954427137
14221	0.0949411941071452
14222	0.176567589299099
14223	0.135754391703122
14224	0.140289191436008
14225	0.108545593305804
14226	0.149358790901781
14227	0.131219591970236
14228	0.122149992504463
14229	0.190171988497758
14230	0.122149992504463
14231	0.153893590634667
14232	0.135754391703122
14233	0.140289191436008
14234	0.0949411941071452
14235	0.090406394374259
14236	0.0405235973125093
14237	0.090406394374259
14238	0.167497989833326
14239	0.140289191436008
14240	0.158428390367554
14241	0.158428390367554
14242	0.122149992504463
14243	0.16296319010044
14244	0.12668479223735
14245	0.199241587963531
14246	0.144823991168895
14247	0.158428390367554
14248	0.135754391703122
14249	0.104010793572918
14250	0.181102389031985
14251	0.140289191436008
14252	0.153893590634667
14253	0.108545593305804
14254	0.090406394374259
14255	0.0677323957098273
14256	0.149358790901781
14257	0.12668479223735
14258	0.149358790901781
14259	0.0994759938400316
14260	0.0768019951756001
14261	0.149358790901781
14262	0.12668479223735
14263	0.181102389031985
14264	0.167497989833326
14265	0.24912438502528
14266	0.167497989833326
14267	0.135754391703122
14268	0.140289191436008
14269	0.131219591970236
14270	0.167497989833326
14271	0.104010793572918
14272	0.131219591970236
14273	0.0949411941071452
14274	0.149358790901781
14275	0.12668479223735
14276	0.117615192771577
14277	0.117615192771577
14278	0.135754391703122
14279	0.181102389031985
14280	0.108545593305804
14281	0.0405235973125093
14282	0.144823991168895
14283	0.113080393038691
14284	0.0949411941071452
14285	0.117615192771577
14286	0.0994759938400316
14287	0.131219591970236
14288	0.090406394374259
14289	0.12668479223735
14290	0.113080393038691
14291	0.090406394374259
14292	0.0949411941071452
14293	0.131219591970236
14294	0.135754391703122
14295	0.0949411941071452
14296	0.12668479223735
14297	0.113080393038691
14298	0.131219591970236
14299	0.113080393038691
14300	0.140289191436008
14301	0.0994759938400316
14302	0.122149992504463
14303	0.122149992504463
14304	0.144823991168895
14305	0.140289191436008
14306	0.153893590634667
14307	0.122149992504463
14308	0.104010793572918
14309	0.167497989833326
14310	0.12668479223735
14311	0.131219591970236
14312	0.144823991168895
14313	0.0949411941071452
14314	0.0994759938400316
14315	0.108545593305804
14316	0.140289191436008
14317	0.135754391703122
14318	0.113080393038691
14319	0.090406394374259
14320	0.0722671954427137
14321	0.117615192771577
14322	0.122149992504463
14323	0.158428390367554
14324	0.140289191436008
14325	0.104010793572918
14326	0.172032789566213
14327	0.181102389031985
14328	0.199241587963531
14329	0.172032789566213
14330	0.144823991168895
14331	0.135754391703122
14332	0.117615192771577
14333	0.131219591970236
14334	0.0994759938400316
14335	0.113080393038691
14336	0.108545593305804
14337	0.131219591970236
14338	0.0994759938400316
14339	0.131219591970236
14340	0.12668479223735
14341	0.117615192771577
14342	0.0586627962440547
14343	0.167497989833326
14344	0.131219591970236
14345	0.0994759938400316
14346	0.0813367949084862
14347	0.144823991168895
14348	0.176567589299099
14349	0.185637188764872
14350	0.131219591970236
14351	0.0541279965111683
14352	0.149358790901781
14353	0.12668479223735
14354	0.131219591970236
14355	0.122149992504463
14356	0.199241587963531
14357	0.0405235973125093
14358	0.144823991168895
14359	0.131219591970236
14360	0.135754391703122
14361	0.0858715946413726
14362	0.144823991168895
14363	0.090406394374259
14364	0.090406394374259
14365	0.21284598716219
14366	0.181102389031985
14367	0.0813367949084862
14368	0.158428390367554
14369	0.167497989833326
14370	0.135754391703122
14371	0.176567589299099
14372	0.0722671954427137
14373	0.153893590634667
14374	0.12668479223735
14375	0.0768019951756001
14376	0.12668479223735
14377	0.16296319010044
14378	0.140289191436008
14379	0.140289191436008
14380	0.108545593305804
14381	0.0586627962440547
14382	0.149358790901781
14383	0.108545593305804
14384	0.158428390367554
14385	0.12668479223735
14386	0.090406394374259
14387	0.167497989833326
14388	0.122149992504463
14389	0.131219591970236
14390	0.131219591970236
14391	0.16296319010044
14392	0.0541279965111683
14393	0.122149992504463
14394	0.153893590634667
14395	0.135754391703122
14396	0.113080393038691
14397	0.0722671954427137
14398	0.090406394374259
14399	0.158428390367554
14400	0.0768019951756001
14401	0.0722671954427137
14402	0.0994759938400316
14403	0.144823991168895
14404	0.117615192771577
14405	0.090406394374259
14406	0.0631975959769411
14407	0.0994759938400316
14408	0.0677323957098273
14409	0.140289191436008
14410	0.0994759938400316
14411	0.12668479223735
14412	0.12668479223735
14413	0.12668479223735
14414	0.144823991168895
14415	0.0586627962440547
14416	0.108545593305804
14417	0.12668479223735
14418	0.0768019951756001
14419	0.172032789566213
14420	0.0949411941071452
14421	0.135754391703122
14422	0.0768019951756001
14423	0.108545593305804
14424	0.108545593305804
14425	0.0858715946413726
14426	0.181102389031985
14427	0.0949411941071452
14428	0.16296319010044
14429	0.144823991168895
14430	0.117615192771577
14431	0.149358790901781
14432	0.144823991168895
14433	0.135754391703122
14434	0.0858715946413726
14435	0.0994759938400316
14436	0.117615192771577
14437	0.0722671954427137
14438	0.12668479223735
14439	0.144823991168895
14440	0.131219591970236
14441	0.117615192771577
14442	0.0178495986480778
14443	0.140289191436008
14444	0.153893590634667
14445	0.0858715946413726
14446	0.090406394374259
14447	0.158428390367554
14448	0.104010793572918
14449	0.140289191436008
14450	0.144823991168895
14451	0.090406394374259
14452	0.12668479223735
14453	0.108545593305804
14454	0.0768019951756001
14455	0.0768019951756001
14456	0.131219591970236
14457	0.12668479223735
14458	0.12668479223735
14459	0.149358790901781
14460	0.140289191436008
14461	0.0813367949084862
14462	0.0949411941071452
14463	0.131219591970236
14464	0.113080393038691
14465	0.16296319010044
14466	0.176567589299099
14467	0.153893590634667
14468	0.144823991168895
14469	0.167497989833326
14470	0.172032789566213
14471	0.0949411941071452
14472	0.135754391703122
14473	0.172032789566213
14474	0.12668479223735
14475	0.122149992504463
14476	0.181102389031985
14477	0.117615192771577
14478	0.113080393038691
14479	0.122149992504463
14480	0.0359887975796231
14481	0.0541279965111683
14482	0.0722671954427137
14483	0.122149992504463
14484	0.131219591970236
14485	0.117615192771577
14486	0.158428390367554
14487	0.0949411941071452
14488	0.172032789566213
14489	0.0586627962440547
14490	0.172032789566213
14491	0.149358790901781
14492	0.113080393038691
14493	0.16296319010044
14494	0.113080393038691
14495	0.140289191436008
14496	0.194706788230644
14497	0.144823991168895
14498	0.117615192771577
14499	0.190171988497758
14500	0.108545593305804
14501	0.117615192771577
14502	0.199241587963531
14503	0.131219591970236
14504	0.0768019951756001
14505	0.0949411941071452
14506	0.217380786895076
14507	0.0813367949084862
14508	0.158428390367554
14509	0.122149992504463
14510	0.117615192771577
14511	0.16296319010044
14512	0.144823991168895
14513	0.217380786895076
14514	0.12668479223735
14515	0.190171988497758
14516	0.144823991168895
14517	0.12668479223735
14518	0.149358790901781
14519	0.12668479223735
14520	0.104010793572918
14521	0.0994759938400316
14522	0.0813367949084862
14523	0.144823991168895
14524	0.12668479223735
14525	0.16296319010044
14526	0.113080393038691
14527	0.113080393038691
14528	0.090406394374259
14529	0.0813367949084862
14530	0.208311187429303
14531	0.140289191436008
14532	0.090406394374259
14533	0.117615192771577
14534	0.0858715946413726
14535	0.135754391703122
14536	0.12668479223735
14537	0.194706788230644
14538	0.140289191436008
14539	0.090406394374259
14540	0.090406394374259
14541	0.144823991168895
14542	0.158428390367554
14543	0.090406394374259
14544	0.117615192771577
14545	0.117615192771577
14546	0.122149992504463
14547	0.090406394374259
14548	0.104010793572918
14549	0.0994759938400316
14550	0.176567589299099
14551	0.0813367949084862
14552	0.12668479223735
14553	0.104010793572918
14554	0.131219591970236
14555	0.153893590634667
14556	0.131219591970236
14557	0.144823991168895
14558	0.190171988497758
14559	0.158428390367554
14560	0.153893590634667
14561	0.131219591970236
14562	0.158428390367554
14563	0.172032789566213
14564	0.16296319010044
14565	0.0813367949084862
14566	0.140289191436008
14567	0.0994759938400316
14568	0.131219591970236
14569	0.0813367949084862
14570	0.122149992504463
14571	0.104010793572918
14572	0.108545593305804
14573	0.153893590634667
14574	0.108545593305804
14575	0.108545593305804
14576	0.113080393038691
14577	0.122149992504463
14578	0.0858715946413726
14579	0.12668479223735
14580	0.149358790901781
14581	0.0813367949084862
14582	0.153893590634667
14583	0.0949411941071452
14584	0.140289191436008
14585	0.167497989833326
14586	0.104010793572918
14587	0.131219591970236
14588	0.194706788230644
14589	0.135754391703122
14590	0.144823991168895
14591	0.190171988497758
14592	0.117615192771577
14593	0.16296319010044
14594	0.122149992504463
14595	0.117615192771577
14596	0.0722671954427137
14597	0.176567589299099
14598	0.0495931967782821
14599	0.135754391703122
14600	0.0994759938400316
14601	0.149358790901781
14602	0.108545593305804
14603	0.158428390367554
14604	0.149358790901781
14605	0.117615192771577
14606	0.158428390367554
14607	0.0722671954427137
14608	0.113080393038691
14609	0.158428390367554
14610	0.0994759938400316
14611	0.131219591970236
14612	0.104010793572918
14613	0.185637188764872
14614	0.172032789566213
14615	0.0994759938400316
14616	0.149358790901781
14617	0.0858715946413726
14618	0.131219591970236
14619	0.149358790901781
14620	0.0813367949084862
14621	0.176567589299099
14622	0.0858715946413726
14623	0.090406394374259
14624	0.176567589299099
14625	0.117615192771577
14626	0.113080393038691
14627	0.12668479223735
14628	0.144823991168895
14629	0.117615192771577
14630	0.0722671954427137
14631	0.16296319010044
14632	0.122149992504463
14633	0.12668479223735
14634	0.0949411941071452
14635	0.0994759938400316
14636	0.190171988497758
14637	0.131219591970236
14638	0.153893590634667
14639	0.0677323957098273
14640	0.122149992504463
14641	0.158428390367554
14642	0.153893590634667
14643	0.12668479223735
14644	0.167497989833326
14645	0.108545593305804
14646	0.104010793572918
14647	0.113080393038691
14648	0.140289191436008
14649	0.0858715946413726
14650	0.113080393038691
14651	0.149358790901781
14652	0.117615192771577
14653	0.0631975959769411
14654	0.135754391703122
14655	0.090406394374259
14656	0.0994759938400316
14657	0.104010793572918
14658	0.144823991168895
14659	0.149358790901781
14660	0.0994759938400316
14661	0.153893590634667
14662	0.149358790901781
14663	0.113080393038691
14664	0.0949411941071452
14665	0.0405235973125093
14666	0.113080393038691
14667	0.226450386360849
14668	0.117615192771577
14669	0.135754391703122
14670	0.176567589299099
14671	0.16296319010044
14672	0.0994759938400316
14673	0.149358790901781
14674	0.113080393038691
14675	0.0677323957098273
14676	0.117615192771577
14677	0.149358790901781
14678	0.104010793572918
14679	0.12668479223735
14680	0.153893590634667
14681	0.0541279965111683
14682	0.0994759938400316
14683	0.12668479223735
14684	0.117615192771577
14685	0.144823991168895
14686	0.12668479223735
14687	0.144823991168895
14688	0.131219591970236
14689	0.104010793572918
14690	0.0949411941071452
14691	0.108545593305804
14692	0.104010793572918
14693	0.117615192771577
14694	0.117615192771577
14695	0.149358790901781
14696	0.144823991168895
14697	0.108545593305804
14698	0.122149992504463
14699	0.149358790901781
14700	0.117615192771577
14701	0.140289191436008
14702	0.117615192771577
14703	0.0858715946413726
14704	0.172032789566213
14705	0.158428390367554
14706	0.0631975959769411
14707	0.113080393038691
14708	0.131219591970236
14709	0.131219591970236
14710	0.0994759938400316
14711	0.0994759938400316
14712	0.0677323957098273
14713	0.0994759938400316
14714	0.158428390367554
14715	0.113080393038691
14716	0.153893590634667
14717	0.135754391703122
14718	0.131219591970236
14719	0.090406394374259
14720	0.158428390367554
14721	0.140289191436008
14722	0.203776387696417
14723	0.12668479223735
14724	0.0722671954427137
14725	0.149358790901781
14726	0.0541279965111683
14727	0.16296319010044
14728	0.104010793572918
14729	0.117615192771577
14730	0.158428390367554
14731	0.16296319010044
14732	0.0722671954427137
14733	0.12668479223735
14734	0.131219591970236
14735	0.113080393038691
14736	0.0994759938400316
14737	0.131219591970236
14738	0.0586627962440547
14739	0.131219591970236
14740	0.122149992504463
14741	0.185637188764872
14742	0.108545593305804
14743	0.131219591970236
14744	0.172032789566213
14745	0.0768019951756001
14746	0.113080393038691
14747	0.117615192771577
14748	0.0858715946413726
14749	0.153893590634667
14750	0.172032789566213
14751	0.158428390367554
14752	0.0677323957098273
14753	0.140289191436008
14754	0.090406394374259
14755	0.158428390367554
14756	0.108545593305804
14757	0.122149992504463
14758	0.158428390367554
14759	0.108545593305804
14760	0.153893590634667
14761	0.131219591970236
14762	0.122149992504463
14763	0.153893590634667
14764	0.12668479223735
14765	0.153893590634667
14766	0.135754391703122
14767	0.158428390367554
14768	0.113080393038691
14769	0.135754391703122
14770	0.104010793572918
14771	0.113080393038691
14772	0.0722671954427137
14773	0.12668479223735
14774	0.153893590634667
14775	0.108545593305804
14776	0.131219591970236
14777	0.131219591970236
14778	0.140289191436008
14779	0.113080393038691
14780	0.144823991168895
14781	0.167497989833326
14782	0.12668479223735
14783	0.153893590634667
14784	0.144823991168895
14785	0.122149992504463
14786	0.172032789566213
14787	0.149358790901781
14788	0.16296319010044
14789	0.104010793572918
14790	0.122149992504463
14791	0.0677323957098273
14792	0.122149992504463
14793	0.135754391703122
14794	0.149358790901781
14795	0.122149992504463
14796	0.117615192771577
14797	0.16296319010044
14798	0.104010793572918
14799	0.113080393038691
14800	0.149358790901781
14801	0.140289191436008
14802	0.090406394374259
14803	0.135754391703122
14804	0.122149992504463
14805	0.104010793572918
14806	0.113080393038691
14807	0.12668479223735
14808	0.149358790901781
14809	0.0768019951756001
14810	0.158428390367554
14811	0.203776387696417
14812	0.135754391703122
14813	0.113080393038691
14814	0.0994759938400316
14815	0.12668479223735
14816	0.144823991168895
14817	0.0949411941071452
14818	0.149358790901781
14819	0.0813367949084862
14820	0.117615192771577
14821	0.122149992504463
14822	0.090406394374259
14823	0.104010793572918
14824	0.144823991168895
14825	0.176567589299099
14826	0.140289191436008
14827	0.104010793572918
14828	0.158428390367554
14829	0.149358790901781
14830	0.0586627962440547
14831	0.117615192771577
14832	0.104010793572918
14833	0.0768019951756001
14834	0.0768019951756001
14835	0.16296319010044
14836	0.117615192771577
14837	0.0994759938400316
14838	0.158428390367554
14839	0.113080393038691
14840	0.153893590634667
14841	0.153893590634667
14842	0.0677323957098273
14843	0.0722671954427137
14844	0.113080393038691
14845	0.0949411941071452
14846	0.0495931967782821
14847	0.0631975959769411
14848	0.131219591970236
14849	0.117615192771577
14850	0.0586627962440547
14851	0.12668479223735
14852	0.104010793572918
14853	0.0631975959769411
14854	0.153893590634667
14855	0.090406394374259
14856	0.0949411941071452
14857	0.0722671954427137
14858	0.0768019951756001
14859	0.140289191436008
14860	0.0949411941071452
14861	0.117615192771577
14862	0.0813367949084862
14863	0.208311187429303
14864	0.131219591970236
14865	0.122149992504463
14866	0.122149992504463
14867	0.144823991168895
14868	0.12668479223735
14869	0.140289191436008
14870	0.144823991168895
14871	0.108545593305804
14872	0.140289191436008
14873	0.135754391703122
14874	0.12668479223735
14875	0.0677323957098273
14876	0.144823991168895
14877	0.153893590634667
14878	0.0813367949084862
14879	0.0858715946413726
14880	0.104010793572918
14881	0.122149992504463
14882	0.12668479223735
14883	0.153893590634667
14884	0.104010793572918
14885	0.135754391703122
14886	0.153893590634667
14887	0.181102389031985
14888	0.113080393038691
14889	0.153893590634667
14890	0.149358790901781
14891	0.0541279965111683
14892	0.194706788230644
14893	0.140289191436008
14894	0.185637188764872
14895	0.113080393038691
14896	0.158428390367554
14897	0.140289191436008
14898	0.167497989833326
14899	0.090406394374259
14900	0.117615192771577
14901	0.0949411941071452
14902	0.149358790901781
14903	0.0949411941071452
14904	0.090406394374259
14905	0.090406394374259
14906	0.122149992504463
14907	0.140289191436008
14908	0.185637188764872
14909	0.0722671954427137
14910	0.108545593305804
14911	0.117615192771577
14912	0.0768019951756001
14913	0.140289191436008
14914	0.131219591970236
14915	0.135754391703122
14916	0.135754391703122
14917	0.131219591970236
14918	0.12668479223735
14919	0.113080393038691
14920	0.16296319010044
14921	0.167497989833326
14922	0.0768019951756001
14923	0.12668479223735
14924	0.104010793572918
14925	0.117615192771577
14926	0.140289191436008
14927	0.108545593305804
14928	0.090406394374259
14929	0.108545593305804
14930	0.185637188764872
14931	0.176567589299099
14932	0.0994759938400316
14933	0.122149992504463
14934	0.0813367949084862
14935	0.149358790901781
14936	0.0994759938400316
14937	0.140289191436008
14938	0.0722671954427137
14939	0.153893590634667
14940	0.135754391703122
14941	0.0677323957098273
14942	0.113080393038691
14943	0.0994759938400316
14944	0.0677323957098273
14945	0.090406394374259
14946	0.104010793572918
14947	0.117615192771577
14948	0.117615192771577
14949	0.0994759938400316
14950	0.0677323957098273
14951	0.113080393038691
14952	0.0586627962440547
14953	0.185637188764872
14954	0.108545593305804
14955	0.0768019951756001
14956	0.144823991168895
14957	0.104010793572918
14958	0.140289191436008
14959	0.153893590634667
14960	0.131219591970236
14961	0.0994759938400316
14962	0.153893590634667
14963	0.122149992504463
14964	0.158428390367554
14965	0.0858715946413726
14966	0.0631975959769411
14967	0.113080393038691
14968	0.0994759938400316
14969	0.104010793572918
14970	0.117615192771577
14971	0.117615192771577
14972	0.131219591970236
14973	0.172032789566213
14974	0.0405235973125093
14975	0.0994759938400316
14976	0.158428390367554
14977	0.135754391703122
14978	0.167497989833326
14979	0.149358790901781
14980	0.113080393038691
14981	0.135754391703122
14982	0.113080393038691
14983	0.0631975959769411
14984	0.167497989833326
14985	0.153893590634667
14986	0.12668479223735
14987	0.117615192771577
14988	0.140289191436008
14989	0.140289191436008
14990	0.144823991168895
14991	0.190171988497758
14992	0.108545593305804
14993	0.113080393038691
14994	0.108545593305804
14995	0.104010793572918
14996	0.185637188764872
14997	0.135754391703122
14998	0.117615192771577
14999	0.122149992504463
15000	0.135754391703122
15001	0.108545593305804
15002	0.140289191436008
15003	0.140289191436008
15004	0.149358790901781
15005	0.122149992504463
15006	0.199241587963531
15007	0.113080393038691
15008	0.0768019951756001
15009	0.0631975959769411
15010	0.113080393038691
15011	0.0768019951756001
15012	0.117615192771577
15013	0.0768019951756001
15014	0.0768019951756001
15015	0.140289191436008
15016	0.16296319010044
15017	0.199241587963531
15018	0.158428390367554
15019	0.0994759938400316
15020	0.149358790901781
15021	0.0722671954427137
15022	0.12668479223735
15023	0.12668479223735
15024	0.117615192771577
15025	0.122149992504463
15026	0.12668479223735
15027	0.113080393038691
15028	0.153893590634667
15029	0.117615192771577
15030	0.0949411941071452
15031	0.140289191436008
15032	0.090406394374259
15033	0.0994759938400316
15034	0.090406394374259
15035	0.113080393038691
15036	0.12668479223735
15037	0.122149992504463
15038	0.0949411941071452
15039	0.0722671954427137
15040	0.0677323957098273
15041	0.16296319010044
15042	0.12668479223735
15043	0.12668479223735
15044	0.108545593305804
15045	0.172032789566213
15046	0.12668479223735
15047	0.149358790901781
15048	0.0858715946413726
15049	0.172032789566213
15050	0.117615192771577
15051	0.158428390367554
15052	0.0813367949084862
15053	0.117615192771577
15054	0.135754391703122
15055	0.0813367949084862
15056	0.104010793572918
15057	0.158428390367554
15058	0.12668479223735
15059	0.140289191436008
15060	0.104010793572918
15061	0.117615192771577
15062	0.131219591970236
15063	0.108545593305804
15064	0.113080393038691
15065	0.0631975959769411
15066	0.104010793572918
15067	0.0949411941071452
15068	0.0858715946413726
15069	0.144823991168895
15070	0.12668479223735
15071	0.122149992504463
15072	0.0994759938400316
15073	0.12668479223735
15074	0.176567589299099
15075	0.194706788230644
15076	0.0949411941071452
15077	0.0631975959769411
15078	0.0949411941071452
15079	0.117615192771577
15080	0.0949411941071452
15081	0.172032789566213
15082	0.131219591970236
15083	0.0994759938400316
15084	0.16296319010044
15085	0.12668479223735
15086	0.12668479223735
15087	0.190171988497758
15088	0.0994759938400316
15089	0.144823991168895
15090	0.0813367949084862
15091	0.12668479223735
15092	0.172032789566213
15093	0.12668479223735
15094	0.12668479223735
15095	0.16296319010044
15096	0.0858715946413726
15097	0.131219591970236
15098	0.113080393038691
15099	0.113080393038691
15100	0.0768019951756001
15101	0.0994759938400316
15102	0.0813367949084862
15103	0.12668479223735
15104	0.104010793572918
15105	0.104010793572918
15106	0.113080393038691
15107	0.144823991168895
15108	0.140289191436008
15109	0.0949411941071452
15110	0.0813367949084862
15111	0.172032789566213
15112	0.12668479223735
15113	0.131219591970236
15114	0.0722671954427137
15115	0.144823991168895
15116	0.0858715946413726
15117	0.167497989833326
15118	0.113080393038691
15119	0.0677323957098273
15120	0.144823991168895
15121	0.135754391703122
15122	0.0768019951756001
15123	0.144823991168895
15124	0.0858715946413726
15125	0.149358790901781
15126	0.131219591970236
15127	0.135754391703122
15128	0.12668479223735
15129	0.104010793572918
15130	0.135754391703122
15131	0.117615192771577
15132	0.104010793572918
15133	0.144823991168895
15134	0.190171988497758
15135	0.144823991168895
15136	0.0858715946413726
15137	0.172032789566213
15138	0.140289191436008
15139	0.0994759938400316
15140	0.12668479223735
15141	0.0541279965111683
15142	0.0768019951756001
15143	0.0858715946413726
15144	0.140289191436008
15145	0.090406394374259
15146	0.172032789566213
15147	0.144823991168895
15148	0.12668479223735
15149	0.158428390367554
15150	0.16296319010044
15151	0.0994759938400316
15152	0.12668479223735
15153	0.176567589299099
15154	0.108545593305804
15155	0.0994759938400316
15156	0.117615192771577
15157	0.0994759938400316
15158	0.0677323957098273
15159	0.153893590634667
15160	0.090406394374259
15161	0.203776387696417
15162	0.0359887975796231
15163	0.144823991168895
15164	0.181102389031985
15165	0.113080393038691
15166	0.090406394374259
15167	0.0949411941071452
15168	0.0631975959769411
15169	0.0858715946413726
15170	0.140289191436008
15171	0.104010793572918
15172	0.158428390367554
15173	0.131219591970236
15174	0.140289191436008
15175	0.135754391703122
15176	0.090406394374259
15177	0.176567589299099
15178	0.181102389031985
15179	0.149358790901781
15180	0.12668479223735
15181	0.144823991168895
15182	0.108545593305804
15183	0.172032789566213
15184	0.12668479223735
15185	0.0994759938400316
15186	0.122149992504463
15187	0.0631975959769411
15188	0.140289191436008
15189	0.140289191436008
15190	0.12668479223735
15191	0.0813367949084862
15192	0.12668479223735
15193	0.117615192771577
15194	0.149358790901781
15195	0.0994759938400316
15196	0.090406394374259
15197	0.149358790901781
15198	0.135754391703122
15199	0.181102389031985
15200	0.117615192771577
15201	0.0631975959769411
15202	0.135754391703122
15203	0.090406394374259
15204	0.131219591970236
15205	0.0858715946413726
15206	0.167497989833326
15207	0.117615192771577
15208	0.0813367949084862
15209	0.0994759938400316
15210	0.176567589299099
15211	0.140289191436008
15212	0.131219591970236
15213	0.135754391703122
15214	0.104010793572918
15215	0.0677323957098273
15216	0.167497989833326
15217	0.117615192771577
15218	0.140289191436008
15219	0.0949411941071452
15220	0.117615192771577
15221	0.108545593305804
15222	0.158428390367554
15223	0.135754391703122
15224	0.0813367949084862
15225	0.090406394374259
15226	0.0949411941071452
15227	0.16296319010044
15228	0.0768019951756001
15229	0.0722671954427137
15230	0.108545593305804
15231	0.153893590634667
15232	0.0949411941071452
15233	0.0949411941071452
15234	0.131219591970236
15235	0.12668479223735
15236	0.0994759938400316
15237	0.108545593305804
15238	0.135754391703122
15239	0.104010793572918
15240	0.113080393038691
15241	0.190171988497758
15242	0.172032789566213
15243	0.117615192771577
15244	0.194706788230644
15245	0.0858715946413726
15246	0.113080393038691
15247	0.144823991168895
15248	0.167497989833326
15249	0.0768019951756001
15250	0.0813367949084862
15251	0.131219591970236
15252	0.117615192771577
15253	0.0813367949084862
15254	0.149358790901781
15255	0.117615192771577
15256	0.0359887975796231
15257	0.12668479223735
15258	0.113080393038691
15259	0.108545593305804
15260	0.12668479223735
15261	0.104010793572918
15262	0.113080393038691
15263	0.0994759938400316
15264	0.135754391703122
15265	0.131219591970236
15266	0.0994759938400316
15267	0.153893590634667
15268	0.185637188764872
15269	0.12668479223735
15270	0.0813367949084862
15271	0.117615192771577
15272	0.12668479223735
15273	0.0994759938400316
15274	0.104010793572918
15275	0.108545593305804
15276	0.158428390367554
15277	0.16296319010044
15278	0.203776387696417
15279	0.0949411941071452
15280	0.113080393038691
15281	0.140289191436008
15282	0.122149992504463
15283	0.113080393038691
15284	0.158428390367554
15285	0.140289191436008
15286	0.16296319010044
15287	0.104010793572918
15288	0.12668479223735
15289	0.181102389031985
15290	0.0813367949084862
15291	0.194706788230644
15292	0.12668479223735
15293	0.135754391703122
15294	0.0813367949084862
15295	0.0314539978467368
15296	0.104010793572918
15297	0.172032789566213
15298	0.12668479223735
15299	0.0858715946413726
15300	0.16296319010044
15301	0.140289191436008
15302	0.104010793572918
15303	0.0858715946413726
15304	0.090406394374259
15305	0.144823991168895
15306	0.122149992504463
15307	0.153893590634667
15308	0.117615192771577
15309	0.0994759938400316
15310	0.108545593305804
15311	0.0994759938400316
15312	0.131219591970236
15313	0.12668479223735
15314	0.104010793572918
15315	0.144823991168895
15316	0.0994759938400316
15317	0.190171988497758
15318	0.144823991168895
15319	0.0858715946413726
15320	0.090406394374259
15321	0.172032789566213
15322	0.0949411941071452
15323	0.131219591970236
15324	0.0949411941071452
15325	0.0858715946413726
15326	0.0631975959769411
15327	0.131219591970236
15328	0.167497989833326
15329	0.176567589299099
15330	0.104010793572918
15331	0.113080393038691
15332	0.12668479223735
15333	0.117615192771577
15334	0.149358790901781
15335	0.0994759938400316
15336	0.158428390367554
15337	0.12668479223735
15338	0.108545593305804
15339	0.122149992504463
15340	0.122149992504463
15341	0.144823991168895
15342	0.12668479223735
15343	0.12668479223735
15344	0.135754391703122
15345	0.135754391703122
15346	0.131219591970236
15347	0.0994759938400316
15348	0.117615192771577
15349	0.144823991168895
15350	0.158428390367554
15351	0.113080393038691
15352	0.117615192771577
15353	0.117615192771577
15354	0.12668479223735
15355	0.0949411941071452
15356	0.176567589299099
15357	0.135754391703122
15358	0.12668479223735
15359	0.140289191436008
15360	0.0949411941071452
15361	0.0994759938400316
15362	0.0949411941071452
15363	0.140289191436008
15364	0.140289191436008
15365	0.181102389031985
15366	0.122149992504463
15367	0.0677323957098273
15368	0.108545593305804
15369	0.144823991168895
15370	0.0949411941071452
15371	0.0949411941071452
15372	0.135754391703122
15373	0.135754391703122
15374	0.0994759938400316
15375	0.117615192771577
15376	0.117615192771577
15377	0.0858715946413726
15378	0.0541279965111683
15379	0.140289191436008
15380	0.16296319010044
15381	0.108545593305804
15382	0.131219591970236
15383	0.167497989833326
15384	0.153893590634667
15385	0.181102389031985
15386	0.104010793572918
15387	0.0994759938400316
15388	0.140289191436008
15389	0.135754391703122
15390	0.149358790901781
15391	0.16296319010044
15392	0.104010793572918
15393	0.108545593305804
15394	0.090406394374259
15395	0.108545593305804
15396	0.090406394374259
15397	0.12668479223735
15398	0.090406394374259
15399	0.0813367949084862
15400	0.12668479223735
15401	0.185637188764872
15402	0.117615192771577
15403	0.117615192771577
15404	0.0813367949084862
15405	0.131219591970236
15406	0.0994759938400316
15407	0.0722671954427137
15408	0.135754391703122
15409	0.0858715946413726
15410	0.135754391703122
15411	0.0813367949084862
15412	0.0768019951756001
15413	0.167497989833326
15414	0.144823991168895
15415	0.0541279965111683
15416	0.0994759938400316
15417	0.0631975959769411
15418	0.172032789566213
15419	0.135754391703122
15420	0.0858715946413726
15421	0.149358790901781
15422	0.131219591970236
15423	0.0768019951756001
15424	0.135754391703122
15425	0.181102389031985
15426	0.108545593305804
15427	0.117615192771577
15428	0.0813367949084862
15429	0.0858715946413726
15430	0.181102389031985
15431	0.144823991168895
15432	0.122149992504463
15433	0.153893590634667
15434	0.153893590634667
15435	0.149358790901781
15436	0.0994759938400316
15437	0.135754391703122
15438	0.167497989833326
15439	0.167497989833326
15440	0.117615192771577
15441	0.113080393038691
15442	0.149358790901781
15443	0.12668479223735
15444	0.0994759938400316
15445	0.108545593305804
15446	0.167497989833326
15447	0.12668479223735
15448	0.181102389031985
15449	0.0813367949084862
15450	0.153893590634667
15451	0.135754391703122
15452	0.12668479223735
15453	0.153893590634667
15454	0.113080393038691
15455	0.0768019951756001
15456	0.12668479223735
15457	0.176567589299099
15458	0.0994759938400316
15459	0.140289191436008
15460	0.104010793572918
15461	0.0722671954427137
15462	0.149358790901781
15463	0.0359887975796231
15464	0.122149992504463
15465	0.0813367949084862
15466	0.144823991168895
15467	0.181102389031985
15468	0.153893590634667
15469	0.108545593305804
15470	0.176567589299099
15471	0.104010793572918
15472	0.0858715946413726
15473	0.122149992504463
15474	0.149358790901781
15475	0.0994759938400316
15476	0.0586627962440547
15477	0.140289191436008
15478	0.144823991168895
15479	0.090406394374259
15480	0.16296319010044
15481	0.0450583970453957
15482	0.090406394374259
15483	0.153893590634667
15484	0.108545593305804
15485	0.117615192771577
15486	0.144823991168895
15487	0.0949411941071452
15488	0.117615192771577
15489	0.122149992504463
15490	0.0994759938400316
15491	0.113080393038691
15492	0.117615192771577
15493	0.122149992504463
15494	0.0994759938400316
15495	0.16296319010044
15496	0.090406394374259
15497	0.167497989833326
15498	0.149358790901781
15499	0.12668479223735
15500	0.140289191436008
15501	0.0994759938400316
15502	0.158428390367554
15503	0.221915586627962
15504	0.181102389031985
15505	0.158428390367554
15506	0.131219591970236
15507	0.104010793572918
15508	0.190171988497758
15509	0.0949411941071452
15510	0.122149992504463
15511	0.108545593305804
15512	0.104010793572918
15513	0.190171988497758
15514	0.0586627962440547
15515	0.0677323957098273
15516	0.153893590634667
15517	0.135754391703122
15518	0.122149992504463
15519	0.172032789566213
15520	0.117615192771577
15521	0.194706788230644
15522	0.104010793572918
15523	0.12668479223735
15524	0.117615192771577
15525	0.122149992504463
15526	0.12668479223735
15527	0.104010793572918
15528	0.153893590634667
15529	0.140289191436008
15530	0.149358790901781
15531	0.167497989833326
15532	0.113080393038691
15533	0.0677323957098273
15534	0.135754391703122
15535	0.131219591970236
15536	0.0994759938400316
15537	0.135754391703122
15538	0.16296319010044
15539	0.113080393038691
15540	0.16296319010044
15541	0.0949411941071452
15542	0.153893590634667
15543	0.117615192771577
15544	0.149358790901781
15545	0.131219591970236
15546	0.0768019951756001
15547	0.117615192771577
15548	0.167497989833326
15549	0.090406394374259
15550	0.122149992504463
15551	0.131219591970236
15552	0.12668479223735
15553	0.172032789566213
15554	0.140289191436008
15555	0.0495931967782821
15556	0.0949411941071452
15557	0.144823991168895
15558	0.135754391703122
15559	0.113080393038691
15560	0.0813367949084862
15561	0.090406394374259
15562	0.0813367949084862
15563	0.16296319010044
15564	0.108545593305804
15565	0.0949411941071452
15566	0.135754391703122
15567	0.113080393038691
15568	0.131219591970236
15569	0.0541279965111683
15570	0.0994759938400316
15571	0.122149992504463
15572	0.144823991168895
15573	0.176567589299099
15574	0.149358790901781
15575	0.149358790901781
15576	0.0495931967782821
15577	0.104010793572918
15578	0.153893590634667
15579	0.131219591970236
15580	0.140289191436008
15581	0.12668479223735
15582	0.113080393038691
15583	0.090406394374259
15584	0.140289191436008
15585	0.122149992504463
15586	0.0994759938400316
15587	0.167497989833326
15588	0.104010793572918
15589	0.108545593305804
15590	0.172032789566213
15591	0.12668479223735
15592	0.135754391703122
15593	0.117615192771577
15594	0.158428390367554
15595	0.131219591970236
15596	0.135754391703122
15597	0.090406394374259
15598	0.158428390367554
15599	0.117615192771577
15600	0.131219591970236
15601	0.0586627962440547
15602	0.185637188764872
15603	0.176567589299099
15604	0.122149992504463
15605	0.135754391703122
15606	0.0949411941071452
15607	0.149358790901781
15608	0.167497989833326
15609	0.0994759938400316
15610	0.0994759938400316
15611	0.090406394374259
15612	0.0949411941071452
15613	0.0858715946413726
15614	0.153893590634667
15615	0.122149992504463
15616	0.090406394374259
15617	0.158428390367554
15618	0.108545593305804
15619	0.131219591970236
15620	0.122149992504463
15621	0.135754391703122
15622	0.153893590634667
15623	0.0994759938400316
15624	0.135754391703122
15625	0.140289191436008
15626	0.135754391703122
15627	0.16296319010044
15628	0.122149992504463
15629	0.0994759938400316
15630	0.122149992504463
15631	0.108545593305804
15632	0.172032789566213
15633	0.090406394374259
15634	0.0994759938400316
15635	0.167497989833326
15636	0.16296319010044
15637	0.172032789566213
15638	0.176567589299099
15639	0.113080393038691
15640	0.090406394374259
15641	0.122149992504463
15642	0.0858715946413726
15643	0.131219591970236
15644	0.12668479223735
15645	0.108545593305804
15646	0.135754391703122
15647	0.0541279965111683
15648	0.113080393038691
15649	0.185637188764872
15650	0.16296319010044
15651	0.176567589299099
15652	0.0768019951756001
15653	0.122149992504463
15654	0.104010793572918
15655	0.12668479223735
15656	0.0677323957098273
15657	0.158428390367554
15658	0.12668479223735
15659	0.176567589299099
15660	0.158428390367554
15661	0.181102389031985
15662	0.144823991168895
15663	0.0813367949084862
15664	0.117615192771577
15665	0.153893590634667
15666	0.122149992504463
15667	0.0949411941071452
15668	0.113080393038691
15669	0.104010793572918
15670	0.104010793572918
15671	0.0269191981138504
15672	0.113080393038691
15673	0.0994759938400316
15674	0.16296319010044
15675	0.113080393038691
15676	0.108545593305804
15677	0.135754391703122
15678	0.117615192771577
15679	0.117615192771577
15680	0.122149992504463
15681	0.090406394374259
15682	0.149358790901781
15683	0.181102389031985
15684	0.135754391703122
15685	0.158428390367554
15686	0.144823991168895
15687	0.12668479223735
15688	0.16296319010044
15689	0.113080393038691
15690	0.0768019951756001
15691	0.0858715946413726
15692	0.122149992504463
15693	0.144823991168895
15694	0.176567589299099
15695	0.104010793572918
15696	0.113080393038691
15697	0.144823991168895
15698	0.144823991168895
15699	0.149358790901781
15700	0.090406394374259
15701	0.181102389031985
15702	0.122149992504463
15703	0.131219591970236
15704	0.172032789566213
15705	0.140289191436008
15706	0.104010793572918
15707	0.131219591970236
15708	0.0949411941071452
15709	0.140289191436008
15710	0.226450386360849
15711	0.0994759938400316
15712	0.104010793572918
15713	0.113080393038691
15714	0.122149992504463
15715	0.0949411941071452
15716	0.090406394374259
15717	0.108545593305804
15718	0.144823991168895
15719	0.122149992504463
15720	0.0677323957098273
15721	0.158428390367554
15722	0.0813367949084862
15723	0.113080393038691
15724	0.104010793572918
15725	0.117615192771577
15726	0.0994759938400316
15727	0.0994759938400316
15728	0.122149992504463
15729	0.144823991168895
15730	0.0314539978467368
15731	0.140289191436008
15732	0.158428390367554
15733	0.108545593305804
15734	0.0949411941071452
15735	0.167497989833326
15736	0.113080393038691
15737	0.140289191436008
15738	0.117615192771577
15739	0.117615192771577
15740	0.140289191436008
15741	0.167497989833326
15742	0.153893590634667
15743	0.153893590634667
15744	0.108545593305804
15745	0.240054785559508
15746	0.149358790901781
15747	0.181102389031985
15748	0.104010793572918
15749	0.122149992504463
15750	0.0994759938400316
15751	0.172032789566213
15752	0.104010793572918
15753	0.0677323957098273
15754	0.122149992504463
15755	0.122149992504463
15756	0.140289191436008
15757	0.131219591970236
15758	0.122149992504463
15759	0.135754391703122
15760	0.0994759938400316
15761	0.158428390367554
15762	0.113080393038691
15763	0.0631975959769411
15764	0.131219591970236
15765	0.131219591970236
15766	0.199241587963531
15767	0.090406394374259
15768	0.135754391703122
15769	0.153893590634667
15770	0.176567589299099
15771	0.0994759938400316
15772	0.104010793572918
15773	0.149358790901781
15774	0.12668479223735
15775	0.144823991168895
15776	0.16296319010044
15777	0.0722671954427137
15778	0.190171988497758
15779	0.117615192771577
15780	0.140289191436008
15781	0.176567589299099
15782	0.0994759938400316
15783	0.149358790901781
15784	0.0768019951756001
15785	0.135754391703122
15786	0.0994759938400316
15787	0.167497989833326
15788	0.108545593305804
15789	0.149358790901781
15790	0.0858715946413726
15791	0.167497989833326
15792	0.122149992504463
15793	0.194706788230644
15794	0.0813367949084862
15795	0.203776387696417
15796	0.0949411941071452
15797	0.0586627962440547
15798	0.0768019951756001
15799	0.117615192771577
15800	0.122149992504463
15801	0.135754391703122
15802	0.0359887975796231
15803	0.090406394374259
15804	0.104010793572918
15805	0.0949411941071452
15806	0.104010793572918
15807	0.090406394374259
15808	0.167497989833326
15809	0.158428390367554
15810	0.140289191436008
15811	0.153893590634667
15812	0.0994759938400316
15813	0.113080393038691
15814	0.113080393038691
15815	0.131219591970236
15816	0.190171988497758
15817	0.122149992504463
15818	0.108545593305804
15819	0.0722671954427137
15820	0.0768019951756001
15821	0.135754391703122
15822	0.0586627962440547
15823	0.090406394374259
15824	0.12668479223735
15825	0.090406394374259
15826	0.140289191436008
15827	0.16296319010044
15828	0.153893590634667
15829	0.144823991168895
15830	0.167497989833326
15831	0.104010793572918
15832	0.104010793572918
15833	0.135754391703122
15834	0.113080393038691
15835	0.0631975959769411
15836	0.0722671954427137
15837	0.0858715946413726
15838	0.140289191436008
15839	0.108545593305804
15840	0.0768019951756001
15841	0.194706788230644
15842	0.122149992504463
15843	0.0677323957098273
15844	0.0813367949084862
15845	0.135754391703122
15846	0.0949411941071452
15847	0.12668479223735
15848	0.226450386360849
15849	0.0722671954427137
15850	0.104010793572918
15851	0.176567589299099
15852	0.117615192771577
15853	0.0768019951756001
15854	0.0768019951756001
15855	0.0813367949084862
15856	0.108545593305804
15857	0.113080393038691
15858	0.0994759938400316
15859	0.122149992504463
15860	0.104010793572918
15861	0.090406394374259
15862	0.122149992504463
15863	0.104010793572918
15864	0.0541279965111683
15865	0.0722671954427137
15866	0.108545593305804
15867	0.149358790901781
15868	0.0586627962440547
15869	0.16296319010044
15870	0.185637188764872
15871	0.0994759938400316
15872	0.0994759938400316
15873	0.140289191436008
15874	0.135754391703122
15875	0.203776387696417
15876	0.131219591970236
15877	0.090406394374259
15878	0.113080393038691
15879	0.0994759938400316
15880	0.113080393038691
15881	0.135754391703122
15882	0.190171988497758
15883	0.0858715946413726
15884	0.144823991168895
15885	0.172032789566213
15886	0.113080393038691
15887	0.104010793572918
15888	0.0541279965111683
15889	0.108545593305804
15890	0.0541279965111683
15891	0.12668479223735
15892	0.090406394374259
15893	0.090406394374259
15894	0.0768019951756001
15895	0.16296319010044
15896	0.0813367949084862
15897	0.153893590634667
15898	0.113080393038691
15899	0.0495931967782821
15900	0.0768019951756001
15901	0.0858715946413726
15902	0.0949411941071452
15903	0.144823991168895
15904	0.149358790901781
15905	0.0768019951756001
15906	0.140289191436008
15907	0.135754391703122
15908	0.153893590634667
15909	0.135754391703122
15910	0.108545593305804
15911	0.0858715946413726
15912	0.0949411941071452
15913	0.172032789566213
15914	0.217380786895076
15915	0.185637188764872
15916	0.0858715946413726
15917	0.199241587963531
15918	0.149358790901781
15919	0.0631975959769411
15920	0.149358790901781
15921	0.12668479223735
15922	0.149358790901781
15923	0.0858715946413726
15924	0.0858715946413726
15925	0.122149992504463
15926	0.113080393038691
15927	0.16296319010044
15928	0.122149992504463
15929	0.135754391703122
15930	0.131219591970236
15931	0.131219591970236
15932	0.12668479223735
15933	0.108545593305804
15934	0.090406394374259
15935	0.090406394374259
15936	0.149358790901781
15937	0.12668479223735
15938	0.117615192771577
15939	0.149358790901781
15940	0.16296319010044
15941	0.158428390367554
15942	0.153893590634667
15943	0.16296319010044
15944	0.0722671954427137
15945	0.122149992504463
15946	0.158428390367554
15947	0.117615192771577
15948	0.135754391703122
15949	0.144823991168895
15950	0.0949411941071452
15951	0.167497989833326
15952	0.144823991168895
15953	0.12668479223735
15954	0.135754391703122
15955	0.104010793572918
15956	0.108545593305804
15957	0.149358790901781
15958	0.122149992504463
15959	0.122149992504463
15960	0.135754391703122
15961	0.131219591970236
15962	0.135754391703122
15963	0.190171988497758
15964	0.104010793572918
15965	0.153893590634667
15966	0.135754391703122
15967	0.0813367949084862
15968	0.0858715946413726
15969	0.149358790901781
15970	0.149358790901781
15971	0.131219591970236
15972	0.140289191436008
15973	0.12668479223735
15974	0.0768019951756001
15975	0.149358790901781
15976	0.117615192771577
15977	0.117615192771577
15978	0.135754391703122
15979	0.144823991168895
15980	0.158428390367554
15981	0.0858715946413726
15982	0.190171988497758
15983	0.104010793572918
15984	0.117615192771577
15985	0.144823991168895
15986	0.149358790901781
15987	0.113080393038691
15988	0.0722671954427137
15989	0.153893590634667
15990	0.104010793572918
15991	0.0722671954427137
15992	0.144823991168895
15993	0.0631975959769411
15994	0.167497989833326
15995	0.16296319010044
15996	0.149358790901781
15997	0.144823991168895
15998	0.0949411941071452
15999	0.16296319010044
16000	0.0949411941071452
16001	0.140289191436008
16002	0.0631975959769411
16003	0.0722671954427137
16004	0.135754391703122
16005	0.135754391703122
16006	0.104010793572918
16007	0.12668479223735
16008	0.0949411941071452
16009	0.12668479223735
16010	0.0858715946413726
16011	0.113080393038691
16012	0.104010793572918
16013	0.0994759938400316
16014	0.0631975959769411
16015	0.090406394374259
16016	0.0994759938400316
16017	0.185637188764872
16018	0.0858715946413726
16019	0.0949411941071452
16020	0.158428390367554
16021	0.0994759938400316
16022	0.144823991168895
16023	0.0949411941071452
16024	0.122149992504463
16025	0.153893590634667
16026	0.117615192771577
16027	0.117615192771577
16028	0.172032789566213
16029	0.172032789566213
16030	0.158428390367554
16031	0.144823991168895
16032	0.158428390367554
16033	0.12668479223735
16034	0.117615192771577
16035	0.153893590634667
16036	0.153893590634667
16037	0.0586627962440547
16038	0.158428390367554
16039	0.0722671954427137
16040	0.117615192771577
16041	0.122149992504463
16042	0.108545593305804
16043	0.12668479223735
16044	0.140289191436008
16045	0.140289191436008
16046	0.0994759938400316
16047	0.158428390367554
16048	0.122149992504463
16049	0.090406394374259
16050	0.0813367949084862
16051	0.153893590634667
16052	0.181102389031985
16053	0.176567589299099
16054	0.104010793572918
16055	0.0768019951756001
16056	0.140289191436008
16057	0.153893590634667
16058	0.0994759938400316
16059	0.117615192771577
16060	0.0949411941071452
16061	0.181102389031985
16062	0.16296319010044
16063	0.104010793572918
16064	0.176567589299099
16065	0.0677323957098273
16066	0.104010793572918
16067	0.090406394374259
16068	0.172032789566213
16069	0.117615192771577
16070	0.108545593305804
16071	0.0994759938400316
16072	0.113080393038691
16073	0.090406394374259
16074	0.172032789566213
16075	0.113080393038691
16076	0.131219591970236
16077	0.131219591970236
16078	0.16296319010044
16079	0.122149992504463
16080	0.135754391703122
16081	0.0994759938400316
16082	0.12668479223735
16083	0.12668479223735
16084	0.144823991168895
16085	0.140289191436008
16086	0.0994759938400316
16087	0.135754391703122
16088	0.16296319010044
16089	0.144823991168895
16090	0.090406394374259
16091	0.12668479223735
16092	0.181102389031985
16093	0.0586627962440547
16094	0.131219591970236
16095	0.172032789566213
16096	0.153893590634667
16097	0.153893590634667
16098	0.16296319010044
16099	0.135754391703122
16100	0.12668479223735
16101	0.090406394374259
16102	0.167497989833326
16103	0.140289191436008
16104	0.153893590634667
16105	0.144823991168895
16106	0.0631975959769411
16107	0.12668479223735
16108	0.158428390367554
16109	0.140289191436008
16110	0.122149992504463
16111	0.12668479223735
16112	0.104010793572918
16113	0.0768019951756001
16114	0.135754391703122
16115	0.12668479223735
16116	0.122149992504463
16117	0.104010793572918
16118	0.153893590634667
16119	0.149358790901781
16120	0.190171988497758
16121	0.0541279965111683
16122	0.172032789566213
16123	0.16296319010044
16124	0.167497989833326
16125	0.113080393038691
16126	0.140289191436008
16127	0.113080393038691
16128	0.0949411941071452
16129	0.0813367949084862
16130	0.104010793572918
16131	0.0631975959769411
16132	0.117615192771577
16133	0.122149992504463
16134	0.117615192771577
16135	0.172032789566213
16136	0.167497989833326
16137	0.117615192771577
16138	0.108545593305804
16139	0.12668479223735
16140	0.108545593305804
16141	0.0949411941071452
16142	0.113080393038691
16143	0.122149992504463
16144	0.0858715946413726
16145	0.12668479223735
16146	0.153893590634667
16147	0.108545593305804
16148	0.0949411941071452
16149	0.135754391703122
16150	0.131219591970236
16151	0.181102389031985
16152	0.0994759938400316
16153	0.0949411941071452
16154	0.0858715946413726
16155	0.140289191436008
16156	0.108545593305804
16157	0.117615192771577
16158	0.12668479223735
16159	0.0949411941071452
16160	0.194706788230644
16161	0.108545593305804
16162	0.131219591970236
16163	0.144823991168895
16164	0.131219591970236
16165	0.108545593305804
16166	0.131219591970236
16167	0.149358790901781
16168	0.135754391703122
16169	0.0495931967782821
16170	0.117615192771577
16171	0.104010793572918
16172	0.122149992504463
16173	0.0949411941071452
16174	0.149358790901781
16175	0.167497989833326
16176	0.144823991168895
16177	0.0994759938400316
16178	0.135754391703122
16179	0.135754391703122
16180	0.172032789566213
16181	0.149358790901781
16182	0.144823991168895
16183	0.104010793572918
16184	0.203776387696417
16185	0.140289191436008
16186	0.135754391703122
16187	0.158428390367554
16188	0.0858715946413726
16189	0.117615192771577
16190	0.135754391703122
16191	0.12668479223735
16192	0.140289191436008
16193	0.12668479223735
16194	0.104010793572918
16195	0.0994759938400316
16196	0.144823991168895
16197	0.131219591970236
16198	0.090406394374259
16199	0.0586627962440547
16200	0.176567589299099
16201	0.104010793572918
16202	0.0722671954427137
16203	0.122149992504463
16204	0.12668479223735
16205	0.0813367949084862
16206	0.172032789566213
16207	0.144823991168895
16208	0.104010793572918
16209	0.104010793572918
16210	0.144823991168895
16211	0.131219591970236
16212	0.135754391703122
16213	0.149358790901781
16214	0.221915586627962
16215	0.104010793572918
16216	0.140289191436008
16217	0.104010793572918
16218	0.190171988497758
16219	0.167497989833326
16220	0.12668479223735
16221	0.108545593305804
16222	0.144823991168895
16223	0.0949411941071452
16224	0.108545593305804
16225	0.117615192771577
16226	0.0858715946413726
16227	0.153893590634667
16228	0.135754391703122
16229	0.122149992504463
16230	0.135754391703122
16231	0.172032789566213
16232	0.104010793572918
16233	0.149358790901781
16234	0.158428390367554
16235	0.113080393038691
16236	0.113080393038691
16237	0.108545593305804
16238	0.113080393038691
16239	0.0586627962440547
16240	0.0949411941071452
16241	0.149358790901781
16242	0.172032789566213
16243	0.0994759938400316
16244	0.122149992504463
16245	0.153893590634667
16246	0.104010793572918
16247	0.0858715946413726
16248	0.203776387696417
16249	0.144823991168895
16250	0.0949411941071452
16251	0.0994759938400316
16252	0.090406394374259
16253	0.140289191436008
16254	0.131219591970236
16255	0.122149992504463
16256	0.0405235973125093
16257	0.149358790901781
16258	0.149358790901781
16259	0.131219591970236
16260	0.140289191436008
16261	0.12668479223735
16262	0.144823991168895
16263	0.113080393038691
16264	0.090406394374259
16265	0.158428390367554
16266	0.113080393038691
16267	0.149358790901781
16268	0.122149992504463
16269	0.158428390367554
16270	0.16296319010044
16271	0.181102389031985
16272	0.176567589299099
16273	0.104010793572918
16274	0.108545593305804
16275	0.135754391703122
16276	0.135754391703122
16277	0.140289191436008
16278	0.153893590634667
16279	0.135754391703122
16280	0.149358790901781
16281	0.122149992504463
16282	0.153893590634667
16283	0.131219591970236
16284	0.0949411941071452
16285	0.144823991168895
16286	0.12668479223735
16287	0.12668479223735
16288	0.0813367949084862
16289	0.104010793572918
16290	0.140289191436008
16291	0.176567589299099
16292	0.104010793572918
16293	0.108545593305804
16294	0.149358790901781
16295	0.199241587963531
16296	0.117615192771577
16297	0.104010793572918
16298	0.108545593305804
16299	0.158428390367554
16300	0.0813367949084862
16301	0.140289191436008
16302	0.0949411941071452
16303	0.104010793572918
16304	0.16296319010044
16305	0.16296319010044
16306	0.131219591970236
16307	0.185637188764872
16308	0.135754391703122
16309	0.12668479223735
16310	0.140289191436008
16311	0.122149992504463
16312	0.167497989833326
16313	0.135754391703122
16314	0.0994759938400316
16315	0.12668479223735
16316	0.0677323957098273
16317	0.122149992504463
16318	0.117615192771577
16319	0.149358790901781
16320	0.135754391703122
16321	0.12668479223735
16322	0.158428390367554
16323	0.117615192771577
16324	0.21284598716219
16325	0.090406394374259
16326	0.167497989833326
16327	0.12668479223735
16328	0.0994759938400316
16329	0.0949411941071452
16330	0.135754391703122
16331	0.140289191436008
16332	0.0858715946413726
16333	0.153893590634667
16334	0.140289191436008
16335	0.135754391703122
16336	0.149358790901781
16337	0.135754391703122
16338	0.135754391703122
16339	0.140289191436008
16340	0.0677323957098273
16341	0.104010793572918
16342	0.122149992504463
16343	0.135754391703122
16344	0.113080393038691
16345	0.122149992504463
16346	0.149358790901781
16347	0.12668479223735
16348	0.0858715946413726
16349	0.108545593305804
16350	0.122149992504463
16351	0.090406394374259
16352	0.0994759938400316
16353	0.144823991168895
16354	0.149358790901781
16355	0.12668479223735
16356	0.090406394374259
16357	0.117615192771577
16358	0.149358790901781
16359	0.135754391703122
16360	0.12668479223735
16361	0.149358790901781
16362	0.12668479223735
16363	0.122149992504463
16364	0.144823991168895
16365	0.0813367949084862
16366	0.0994759938400316
16367	0.0677323957098273
16368	0.140289191436008
16369	0.090406394374259
16370	0.167497989833326
16371	0.158428390367554
16372	0.12668479223735
16373	0.104010793572918
16374	0.0858715946413726
16375	0.117615192771577
16376	0.181102389031985
16377	0.113080393038691
16378	0.135754391703122
16379	0.0949411941071452
16380	0.104010793572918
16381	0.113080393038691
16382	0.149358790901781
16383	0.16296319010044
16384	0.153893590634667
16385	0.149358790901781
16386	0.108545593305804
16387	0.104010793572918
16388	0.12668479223735
16389	0.153893590634667
16390	0.153893590634667
16391	0.144823991168895
16392	0.113080393038691
16393	0.131219591970236
16394	0.140289191436008
16395	0.140289191436008
16396	0.117615192771577
16397	0.135754391703122
16398	0.117615192771577
16399	0.16296319010044
16400	0.104010793572918
16401	0.172032789566213
16402	0.12668479223735
16403	0.113080393038691
16404	0.113080393038691
16405	0.190171988497758
16406	0.104010793572918
16407	0.113080393038691
16408	0.181102389031985
16409	0.117615192771577
16410	0.135754391703122
16411	0.0994759938400316
16412	0.176567589299099
16413	0.0631975959769411
16414	0.16296319010044
16415	0.135754391703122
16416	0.0813367949084862
16417	0.135754391703122
16418	0.0541279965111683
16419	0.12668479223735
16420	0.185637188764872
16421	0.0677323957098273
16422	0.104010793572918
16423	0.0858715946413726
16424	0.158428390367554
16425	0.104010793572918
16426	0.144823991168895
16427	0.12668479223735
16428	0.117615192771577
16429	0.108545593305804
16430	0.12668479223735
16431	0.122149992504463
16432	0.167497989833326
16433	0.113080393038691
16434	0.185637188764872
16435	0.0768019951756001
16436	0.0722671954427137
16437	0.117615192771577
16438	0.153893590634667
16439	0.113080393038691
16440	0.181102389031985
16441	0.117615192771577
16442	0.158428390367554
16443	0.108545593305804
16444	0.104010793572918
16445	0.0768019951756001
16446	0.149358790901781
16447	0.149358790901781
16448	0.0858715946413726
16449	0.153893590634667
16450	0.172032789566213
16451	0.135754391703122
16452	0.16296319010044
16453	0.090406394374259
16454	0.113080393038691
16455	0.090406394374259
16456	0.12668479223735
16457	0.090406394374259
16458	0.108545593305804
16459	0.140289191436008
16460	0.113080393038691
16461	0.131219591970236
16462	0.131219591970236
16463	0.190171988497758
16464	0.16296319010044
16465	0.158428390367554
16466	0.135754391703122
16467	0.117615192771577
16468	0.167497989833326
16469	0.0768019951756001
16470	0.140289191436008
16471	0.153893590634667
16472	0.117615192771577
16473	0.194706788230644
16474	0.149358790901781
16475	0.12668479223735
16476	0.0858715946413726
16477	0.12668479223735
16478	0.172032789566213
16479	0.12668479223735
16480	0.0813367949084862
16481	0.108545593305804
16482	0.0586627962440547
16483	0.199241587963531
16484	0.122149992504463
16485	0.117615192771577
16486	0.0858715946413726
16487	0.104010793572918
16488	0.149358790901781
16489	0.104010793572918
16490	0.140289191436008
16491	0.090406394374259
16492	0.149358790901781
16493	0.0722671954427137
16494	0.12668479223735
16495	0.149358790901781
16496	0.167497989833326
16497	0.0631975959769411
16498	0.167497989833326
16499	0.090406394374259
16500	0.0858715946413726
16501	0.117615192771577
16502	0.16296319010044
16503	0.104010793572918
16504	0.149358790901781
16505	0.0813367949084862
16506	0.122149992504463
16507	0.122149992504463
16508	0.21284598716219
16509	0.0541279965111683
16510	0.167497989833326
16511	0.0768019951756001
16512	0.135754391703122
16513	0.113080393038691
16514	0.16296319010044
16515	0.140289191436008
16516	0.190171988497758
16517	0.0994759938400316
16518	0.135754391703122
16519	0.12668479223735
16520	0.113080393038691
16521	0.135754391703122
16522	0.108545593305804
16523	0.131219591970236
16524	0.0631975959769411
16525	0.144823991168895
16526	0.153893590634667
16527	0.176567589299099
16528	0.090406394374259
16529	0.135754391703122
16530	0.153893590634667
16531	0.117615192771577
16532	0.140289191436008
16533	0.113080393038691
16534	0.113080393038691
16535	0.108545593305804
16536	0.090406394374259
16537	0.149358790901781
16538	0.0949411941071452
16539	0.16296319010044
16540	0.122149992504463
16541	0.12668479223735
16542	0.0949411941071452
16543	0.181102389031985
16544	0.16296319010044
16545	0.153893590634667
16546	0.153893590634667
16547	0.149358790901781
16548	0.190171988497758
16549	0.108545593305804
16550	0.153893590634667
16551	0.16296319010044
16552	0.0994759938400316
16553	0.149358790901781
16554	0.0813367949084862
16555	0.12668479223735
16556	0.153893590634667
16557	0.113080393038691
16558	0.144823991168895
16559	0.090406394374259
16560	0.153893590634667
16561	0.172032789566213
16562	0.131219591970236
16563	0.0858715946413726
16564	0.158428390367554
16565	0.0994759938400316
16566	0.140289191436008
16567	0.122149992504463
16568	0.104010793572918
16569	0.0541279965111683
16570	0.117615192771577
16571	0.0994759938400316
16572	0.172032789566213
16573	0.0768019951756001
16574	0.12668479223735
16575	0.135754391703122
16576	0.122149992504463
16577	0.0359887975796231
16578	0.0813367949084862
16579	0.140289191436008
16580	0.122149992504463
16581	0.104010793572918
16582	0.131219591970236
16583	0.135754391703122
16584	0.104010793572918
16585	0.135754391703122
16586	0.104010793572918
16587	0.113080393038691
16588	0.167497989833326
16589	0.140289191436008
16590	0.190171988497758
16591	0.0994759938400316
16592	0.0949411941071452
16593	0.117615192771577
16594	0.135754391703122
16595	0.181102389031985
16596	0.122149992504463
16597	0.12668479223735
16598	0.149358790901781
16599	0.0677323957098273
16600	0.208311187429303
16601	0.0677323957098273
16602	0.090406394374259
16603	0.113080393038691
16604	0.158428390367554
16605	0.0949411941071452
16606	0.172032789566213
16607	0.158428390367554
16608	0.0994759938400316
16609	0.149358790901781
16610	0.117615192771577
16611	0.144823991168895
16612	0.122149992504463
16613	0.090406394374259
16614	0.0994759938400316
16615	0.113080393038691
16616	0.108545593305804
16617	0.149358790901781
16618	0.122149992504463
16619	0.131219591970236
16620	0.104010793572918
16621	0.176567589299099
16622	0.108545593305804
16623	0.144823991168895
16624	0.153893590634667
16625	0.12668479223735
16626	0.135754391703122
16627	0.167497989833326
16628	0.135754391703122
16629	0.122149992504463
16630	0.122149992504463
16631	0.144823991168895
16632	0.131219591970236
16633	0.122149992504463
16634	0.0994759938400316
16635	0.122149992504463
16636	0.140289191436008
16637	0.12668479223735
16638	0.0858715946413726
16639	0.12668479223735
16640	0.12668479223735
16641	0.122149992504463
16642	0.0586627962440547
16643	0.117615192771577
16644	0.153893590634667
16645	0.122149992504463
16646	0.122149992504463
16647	0.203776387696417
16648	0.167497989833326
16649	0.117615192771577
16650	0.0631975959769411
16651	0.153893590634667
16652	0.0768019951756001
16653	0.104010793572918
16654	0.167497989833326
16655	0.16296319010044
16656	0.104010793572918
16657	0.0994759938400316
16658	0.12668479223735
16659	0.144823991168895
16660	0.140289191436008
16661	0.135754391703122
16662	0.0994759938400316
16663	0.190171988497758
16664	0.172032789566213
16665	0.16296319010044
16666	0.0994759938400316
16667	0.135754391703122
16668	0.090406394374259
16669	0.153893590634667
16670	0.135754391703122
16671	0.131219591970236
16672	0.104010793572918
16673	0.122149992504463
16674	0.144823991168895
16675	0.104010793572918
16676	0.0858715946413726
16677	0.158428390367554
16678	0.00424519944941881
16679	0.153893590634667
16680	0.0405235973125093
16681	0.104010793572918
16682	0.135754391703122
16683	0.113080393038691
16684	0.135754391703122
16685	0.0813367949084862
16686	0.16296319010044
16687	0.16296319010044
16688	0.16296319010044
16689	0.140289191436008
16690	0.090406394374259
16691	0.108545593305804
16692	0.153893590634667
16693	0.0722671954427137
16694	0.090406394374259
16695	0.144823991168895
16696	0.144823991168895
16697	0.0949411941071452
16698	0.149358790901781
16699	0.172032789566213
16700	0.0994759938400316
16701	0.153893590634667
16702	0.0722671954427137
16703	0.176567589299099
16704	0.140289191436008
16705	0.12668479223735
16706	0.0949411941071452
16707	0.104010793572918
16708	0.158428390367554
16709	0.104010793572918
16710	0.172032789566213
16711	0.158428390367554
16712	0.12668479223735
16713	0.131219591970236
16714	0.113080393038691
16715	0.167497989833326
16716	0.12668479223735
16717	0.0858715946413726
16718	0.172032789566213
16719	0.153893590634667
16720	0.12668479223735
16721	0.0994759938400316
16722	0.0813367949084862
16723	0.131219591970236
16724	0.104010793572918
16725	0.0586627962440547
16726	0.153893590634667
16727	0.104010793572918
16728	0.108545593305804
16729	0.12668479223735
16730	0.104010793572918
16731	0.185637188764872
16732	0.131219591970236
16733	0.144823991168895
16734	0.135754391703122
16735	0.131219591970236
16736	0.117615192771577
16737	0.113080393038691
16738	0.122149992504463
16739	0.194706788230644
16740	0.0768019951756001
16741	0.108545593305804
16742	0.0949411941071452
16743	0.0994759938400316
16744	0.108545593305804
16745	0.131219591970236
16746	0.108545593305804
16747	0.0586627962440547
16748	0.0994759938400316
16749	0.172032789566213
16750	0.117615192771577
16751	0.0586627962440547
16752	0.135754391703122
16753	0.0949411941071452
16754	0.0858715946413726
16755	0.144823991168895
16756	0.149358790901781
16757	0.0949411941071452
16758	0.117615192771577
16759	0.0813367949084862
16760	0.135754391703122
16761	0.131219591970236
16762	0.149358790901781
16763	0.117615192771577
16764	0.122149992504463
16765	0.16296319010044
16766	0.104010793572918
16767	0.117615192771577
16768	0.226450386360849
16769	0.167497989833326
16770	0.0994759938400316
16771	0.090406394374259
16772	0.0949411941071452
16773	0.140289191436008
16774	0.090406394374259
16775	0.0768019951756001
16776	0.0677323957098273
16777	0.0541279965111683
16778	0.0813367949084862
16779	0.181102389031985
16780	0.117615192771577
16781	0.131219591970236
16782	0.153893590634667
16783	0.153893590634667
16784	0.104010793572918
16785	0.117615192771577
16786	0.131219591970236
16787	0.172032789566213
16788	0.131219591970236
16789	0.117615192771577
16790	0.12668479223735
16791	0.113080393038691
16792	0.135754391703122
16793	0.158428390367554
16794	0.0768019951756001
16795	0.135754391703122
16796	0.149358790901781
16797	0.122149992504463
16798	0.0495931967782821
16799	0.122149992504463
16800	0.0949411941071452
16801	0.0994759938400316
16802	0.12668479223735
16803	0.12668479223735
16804	0.117615192771577
16805	0.172032789566213
16806	0.12668479223735
16807	0.153893590634667
16808	0.167497989833326
16809	0.140289191436008
16810	0.122149992504463
16811	0.122149992504463
16812	0.158428390367554
16813	0.172032789566213
16814	0.104010793572918
16815	0.0994759938400316
16816	0.117615192771577
16817	0.12668479223735
16818	0.12668479223735
16819	0.104010793572918
16820	0.0768019951756001
16821	0.0586627962440547
16822	0.0541279965111683
16823	0.0677323957098273
16824	0.113080393038691
16825	0.113080393038691
16826	0.113080393038691
16827	0.144823991168895
16828	0.0949411941071452
16829	0.185637188764872
16830	0.12668479223735
16831	0.167497989833326
16832	0.153893590634667
16833	0.140289191436008
16834	0.176567589299099
16835	0.203776387696417
16836	0.149358790901781
16837	0.135754391703122
16838	0.0586627962440547
16839	0.12668479223735
16840	0.12668479223735
16841	0.113080393038691
16842	0.12668479223735
16843	0.104010793572918
16844	0.104010793572918
16845	0.135754391703122
16846	0.0949411941071452
16847	0.090406394374259
16848	0.0994759938400316
16849	0.0858715946413726
16850	0.140289191436008
16851	0.0768019951756001
16852	0.16296319010044
16853	0.0813367949084862
16854	0.153893590634667
16855	0.12668479223735
16856	0.131219591970236
16857	0.0994759938400316
16858	0.117615192771577
16859	0.104010793572918
16860	0.122149992504463
16861	0.158428390367554
16862	0.113080393038691
16863	0.16296319010044
16864	0.090406394374259
16865	0.113080393038691
16866	0.104010793572918
16867	0.140289191436008
16868	0.12668479223735
16869	0.0768019951756001
16870	0.0722671954427137
16871	0.122149992504463
16872	0.0813367949084862
16873	0.172032789566213
16874	0.185637188764872
16875	0.135754391703122
16876	0.153893590634667
16877	0.158428390367554
16878	0.113080393038691
16879	0.16296319010044
16880	0.172032789566213
16881	0.12668479223735
16882	0.104010793572918
16883	0.149358790901781
16884	0.0631975959769411
16885	0.0722671954427137
16886	0.113080393038691
16887	0.16296319010044
16888	0.208311187429303
16889	0.0677323957098273
16890	0.131219591970236
16891	0.16296319010044
16892	0.0541279965111683
16893	0.0949411941071452
16894	0.190171988497758
16895	0.149358790901781
16896	0.135754391703122
16897	0.104010793572918
16898	0.131219591970236
16899	0.0858715946413726
16900	0.16296319010044
16901	0.0949411941071452
16902	0.104010793572918
16903	0.0677323957098273
16904	0.144823991168895
16905	0.199241587963531
16906	0.135754391703122
16907	0.0813367949084862
16908	0.158428390367554
16909	0.113080393038691
16910	0.0994759938400316
16911	0.117615192771577
16912	0.149358790901781
16913	0.117615192771577
16914	0.104010793572918
16915	0.144823991168895
16916	0.12668479223735
16917	0.153893590634667
16918	0.12668479223735
16919	0.0949411941071452
16920	0.117615192771577
16921	0.0994759938400316
16922	0.0858715946413726
16923	0.113080393038691
16924	0.0813367949084862
16925	0.108545593305804
16926	0.113080393038691
16927	0.153893590634667
16928	0.122149992504463
16929	0.12668479223735
16930	0.122149992504463
16931	0.0994759938400316
16932	0.122149992504463
16933	0.16296319010044
16934	0.131219591970236
16935	0.113080393038691
16936	0.108545593305804
16937	0.135754391703122
16938	0.144823991168895
16939	0.0949411941071452
16940	0.0359887975796231
16941	0.108545593305804
16942	0.153893590634667
16943	0.0768019951756001
16944	0.144823991168895
16945	0.0631975959769411
16946	0.144823991168895
16947	0.122149992504463
16948	0.0994759938400316
16949	0.117615192771577
16950	0.113080393038691
16951	0.131219591970236
16952	0.131219591970236
16953	0.158428390367554
16954	0.117615192771577
16955	0.0768019951756001
16956	0.131219591970236
16957	0.0813367949084862
16958	0.185637188764872
16959	0.117615192771577
16960	0.140289191436008
16961	0.135754391703122
16962	0.0858715946413726
16963	0.0994759938400316
16964	0.153893590634667
16965	0.131219591970236
16966	0.176567589299099
16967	0.122149992504463
16968	0.108545593305804
16969	0.0768019951756001
16970	0.108545593305804
16971	0.113080393038691
16972	0.0813367949084862
16973	0.149358790901781
16974	0.140289191436008
16975	0.135754391703122
16976	0.144823991168895
16977	0.0994759938400316
16978	0.153893590634667
16979	0.122149992504463
16980	0.0949411941071452
16981	0.0949411941071452
16982	0.181102389031985
16983	0.090406394374259
16984	0.0994759938400316
16985	0.0949411941071452
16986	0.140289191436008
16987	0.153893590634667
16988	0.185637188764872
16989	0.104010793572918
16990	0.104010793572918
16991	0.104010793572918
16992	0.0858715946413726
16993	0.113080393038691
16994	0.140289191436008
16995	0.153893590634667
16996	0.153893590634667
16997	0.158428390367554
16998	0.144823991168895
16999	0.158428390367554
17000	0.12668479223735
17001	0.113080393038691
17002	0.0813367949084862
17003	0.108545593305804
17004	0.167497989833326
17005	0.0813367949084862
17006	0.176567589299099
17007	0.122149992504463
17008	0.149358790901781
17009	0.131219591970236
17010	0.12668479223735
17011	0.0722671954427137
17012	0.117615192771577
17013	0.172032789566213
17014	0.117615192771577
17015	0.108545593305804
17016	0.144823991168895
17017	0.140289191436008
17018	0.117615192771577
17019	0.0949411941071452
17020	0.16296319010044
17021	0.12668479223735
17022	0.149358790901781
17023	0.117615192771577
17024	0.0949411941071452
17025	0.153893590634667
17026	0.16296319010044
17027	0.0994759938400316
17028	0.0813367949084862
17029	0.181102389031985
17030	0.0813367949084862
17031	0.131219591970236
17032	0.117615192771577
17033	0.0949411941071452
17034	0.0677323957098273
17035	0.158428390367554
17036	0.16296319010044
17037	0.185637188764872
17038	0.158428390367554
17039	0.131219591970236
17040	0.158428390367554
17041	0.12668479223735
17042	0.108545593305804
17043	0.131219591970236
17044	0.113080393038691
17045	0.167497989833326
17046	0.113080393038691
17047	0.0994759938400316
17048	0.16296319010044
17049	0.153893590634667
17050	0.149358790901781
17051	0.113080393038691
17052	0.131219591970236
17053	0.153893590634667
17054	0.0677323957098273
17055	0.113080393038691
17056	0.113080393038691
17057	0.158428390367554
17058	0.176567589299099
17059	0.167497989833326
17060	0.158428390367554
17061	0.140289191436008
17062	0.113080393038691
17063	0.144823991168895
17064	0.113080393038691
17065	0.190171988497758
17066	0.117615192771577
17067	0.16296319010044
17068	0.135754391703122
17069	0.140289191436008
17070	0.140289191436008
17071	0.144823991168895
17072	0.181102389031985
17073	0.090406394374259
17074	0.0813367949084862
17075	0.104010793572918
17076	0.140289191436008
17077	0.0858715946413726
17078	0.149358790901781
17079	0.0768019951756001
17080	0.158428390367554
17081	0.117615192771577
17082	0.185637188764872
17083	0.117615192771577
17084	0.108545593305804
17085	0.172032789566213
17086	0.12668479223735
17087	0.117615192771577
17088	0.0858715946413726
17089	0.144823991168895
17090	0.153893590634667
17091	0.131219591970236
17092	0.113080393038691
17093	0.16296319010044
17094	0.117615192771577
17095	0.117615192771577
17096	0.149358790901781
17097	0.135754391703122
17098	0.140289191436008
17099	0.0858715946413726
17100	0.140289191436008
17101	0.140289191436008
17102	0.0631975959769411
17103	0.12668479223735
17104	0.0722671954427137
17105	0.131219591970236
17106	0.140289191436008
17107	0.153893590634667
17108	0.113080393038691
17109	0.104010793572918
17110	0.185637188764872
17111	0.140289191436008
17112	0.144823991168895
17113	0.153893590634667
17114	0.144823991168895
17115	0.090406394374259
17116	0.0994759938400316
17117	0.140289191436008
17118	0.0450583970453957
17119	0.117615192771577
17120	0.149358790901781
17121	0.135754391703122
17122	0.0631975959769411
17123	0.131219591970236
17124	0.135754391703122
17125	0.131219591970236
17126	0.172032789566213
17127	0.158428390367554
17128	0.0949411941071452
17129	0.176567589299099
17130	0.12668479223735
17131	0.0813367949084862
17132	0.149358790901781
17133	0.131219591970236
17134	0.135754391703122
17135	0.113080393038691
17136	0.0768019951756001
17137	0.176567589299099
17138	0.140289191436008
17139	0.12668479223735
17140	0.117615192771577
17141	0.12668479223735
17142	0.0949411941071452
17143	0.181102389031985
17144	0.0813367949084862
17145	0.0813367949084862
17146	0.113080393038691
17147	0.12668479223735
17148	0.149358790901781
17149	0.0813367949084862
17150	0.0495931967782821
17151	0.090406394374259
17152	0.108545593305804
17153	0.153893590634667
17154	0.117615192771577
17155	0.149358790901781
17156	0.090406394374259
17157	0.0994759938400316
17158	0.194706788230644
17159	0.172032789566213
17160	0.144823991168895
17161	0.0994759938400316
17162	0.181102389031985
17163	0.113080393038691
17164	0.12668479223735
17165	0.144823991168895
17166	0.0813367949084862
17167	0.181102389031985
17168	0.131219591970236
17169	0.122149992504463
17170	0.122149992504463
17171	0.104010793572918
17172	0.117615192771577
17173	0.158428390367554
17174	0.117615192771577
17175	0.0994759938400316
17176	0.140289191436008
17177	0.144823991168895
17178	0.108545593305804
17179	0.12668479223735
17180	0.117615192771577
17181	0.144823991168895
17182	0.167497989833326
17183	0.131219591970236
17184	0.158428390367554
17185	0.108545593305804
17186	0.122149992504463
17187	0.090406394374259
17188	0.0541279965111683
17189	0.140289191436008
17190	0.0677323957098273
17191	0.131219591970236
17192	0.0495931967782821
17193	0.113080393038691
17194	0.0994759938400316
17195	0.149358790901781
17196	0.0631975959769411
17197	0.0949411941071452
17198	0.090406394374259
17199	0.131219591970236
17200	0.172032789566213
17201	0.131219591970236
17202	0.176567589299099
17203	0.131219591970236
17204	0.108545593305804
17205	0.158428390367554
17206	0.16296319010044
17207	0.117615192771577
17208	0.158428390367554
17209	0.172032789566213
17210	0.0541279965111683
17211	0.117615192771577
17212	0.108545593305804
17213	0.131219591970236
17214	0.104010793572918
17215	0.117615192771577
17216	0.104010793572918
17217	0.167497989833326
17218	0.221915586627962
17219	0.0858715946413726
17220	0.122149992504463
17221	0.144823991168895
17222	0.131219591970236
17223	0.176567589299099
17224	0.113080393038691
17225	0.108545593305804
17226	0.135754391703122
17227	0.090406394374259
17228	0.140289191436008
17229	0.0631975959769411
17230	0.158428390367554
17231	0.181102389031985
17232	0.104010793572918
17233	0.176567589299099
17234	0.122149992504463
17235	0.131219591970236
17236	0.0813367949084862
17237	0.0722671954427137
17238	0.153893590634667
17239	0.135754391703122
17240	0.203776387696417
17241	0.172032789566213
17242	0.140289191436008
17243	0.153893590634667
17244	0.153893590634667
17245	0.131219591970236
17246	0.149358790901781
17247	0.140289191436008
17248	0.108545593305804
17249	0.135754391703122
17250	0.158428390367554
17251	0.122149992504463
17252	0.104010793572918
17253	0.090406394374259
17254	0.176567589299099
17255	0.140289191436008
17256	0.122149992504463
17257	0.0359887975796231
17258	0.0949411941071452
17259	0.12668479223735
17260	0.108545593305804
17261	0.0994759938400316
17262	0.12668479223735
17263	0.117615192771577
17264	0.0813367949084862
17265	0.108545593305804
17266	0.158428390367554
17267	0.108545593305804
17268	0.090406394374259
17269	0.131219591970236
17270	0.0949411941071452
17271	0.12668479223735
17272	0.0586627962440547
17273	0.117615192771577
17274	0.181102389031985
17275	0.12668479223735
17276	0.104010793572918
17277	0.117615192771577
17278	0.117615192771577
17279	0.0450583970453957
17280	0.090406394374259
17281	0.140289191436008
17282	0.185637188764872
17283	0.0994759938400316
17284	0.0813367949084862
17285	0.108545593305804
17286	0.108545593305804
17287	0.208311187429303
17288	0.135754391703122
17289	0.144823991168895
17290	0.104010793572918
17291	0.131219591970236
17292	0.12668479223735
17293	0.135754391703122
17294	0.153893590634667
17295	0.144823991168895
17296	0.12668479223735
17297	0.113080393038691
17298	0.149358790901781
17299	0.140289191436008
17300	0.104010793572918
17301	0.0722671954427137
17302	0.158428390367554
17303	0.0858715946413726
17304	0.158428390367554
17305	0.113080393038691
17306	0.104010793572918
17307	0.117615192771577
17308	0.0858715946413726
17309	0.122149992504463
17310	0.12668479223735
17311	0.131219591970236
17312	0.108545593305804
17313	0.0631975959769411
17314	0.108545593305804
17315	0.117615192771577
17316	0.113080393038691
17317	0.140289191436008
17318	0.135754391703122
17319	0.090406394374259
17320	0.0541279965111683
17321	0.158428390367554
17322	0.0813367949084862
17323	0.140289191436008
17324	0.203776387696417
17325	0.135754391703122
17326	0.0813367949084862
17327	0.135754391703122
17328	0.12668479223735
17329	0.122149992504463
17330	0.108545593305804
17331	0.117615192771577
17332	0.194706788230644
17333	0.0858715946413726
17334	0.0813367949084862
17335	0.0858715946413726
17336	0.21284598716219
17337	0.12668479223735
17338	0.12668479223735
17339	0.135754391703122
17340	0.12668479223735
17341	0.144823991168895
17342	0.144823991168895
17343	0.0994759938400316
17344	0.0813367949084862
17345	0.090406394374259
17346	0.131219591970236
17347	0.113080393038691
17348	0.144823991168895
17349	0.090406394374259
17350	0.190171988497758
17351	0.158428390367554
17352	0.104010793572918
17353	0.108545593305804
17354	0.122149992504463
17355	0.167497989833326
17356	0.0722671954427137
17357	0.135754391703122
17358	0.0858715946413726
17359	0.172032789566213
17360	0.131219591970236
17361	0.0495931967782821
17362	0.117615192771577
17363	0.167497989833326
17364	0.140289191436008
17365	0.167497989833326
17366	0.12668479223735
17367	0.108545593305804
17368	0.131219591970236
17369	0.108545593305804
17370	0.117615192771577
17371	0.131219591970236
17372	0.135754391703122
17373	0.0768019951756001
17374	0.167497989833326
17375	0.140289191436008
17376	0.0722671954427137
17377	0.104010793572918
17378	0.158428390367554
17379	0.167497989833326
17380	0.149358790901781
17381	0.113080393038691
17382	0.158428390367554
17383	0.140289191436008
17384	0.176567589299099
17385	0.117615192771577
17386	0.0949411941071452
17387	0.0994759938400316
17388	0.167497989833326
17389	0.0631975959769411
17390	0.149358790901781
17391	0.149358790901781
17392	0.0858715946413726
17393	0.135754391703122
17394	0.153893590634667
17395	0.0813367949084862
17396	0.172032789566213
17397	0.12668479223735
17398	0.090406394374259
17399	0.153893590634667
17400	0.0994759938400316
17401	0.149358790901781
17402	0.144823991168895
17403	0.090406394374259
17404	0.0858715946413726
17405	0.153893590634667
17406	0.108545593305804
17407	0.0949411941071452
17408	0.149358790901781
17409	0.135754391703122
17410	0.149358790901781
17411	0.153893590634667
17412	0.153893590634667
17413	0.104010793572918
17414	0.122149992504463
17415	0.149358790901781
17416	0.117615192771577
17417	0.185637188764872
17418	0.0677323957098273
17419	0.0994759938400316
17420	0.113080393038691
17421	0.122149992504463
17422	0.158428390367554
17423	0.0949411941071452
17424	0.0677323957098273
17425	0.0813367949084862
17426	0.113080393038691
17427	0.12668479223735
17428	0.149358790901781
17429	0.144823991168895
17430	0.16296319010044
17431	0.0994759938400316
17432	0.0813367949084862
17433	0.153893590634667
17434	0.167497989833326
17435	0.135754391703122
17436	0.185637188764872
17437	0.117615192771577
17438	0.104010793572918
17439	0.122149992504463
17440	0.0994759938400316
17441	0.16296319010044
17442	0.135754391703122
17443	0.113080393038691
17444	0.135754391703122
17445	0.144823991168895
17446	0.131219591970236
17447	0.144823991168895
17448	0.122149992504463
17449	0.144823991168895
17450	0.0949411941071452
17451	0.122149992504463
17452	0.144823991168895
17453	0.104010793572918
17454	0.117615192771577
17455	0.108545593305804
17456	0.185637188764872
17457	0.090406394374259
17458	0.0858715946413726
17459	0.0949411941071452
17460	0.090406394374259
17461	0.172032789566213
17462	0.144823991168895
17463	0.172032789566213
17464	0.117615192771577
17465	0.113080393038691
17466	0.0994759938400316
17467	0.104010793572918
17468	0.0994759938400316
17469	0.0994759938400316
17470	0.0677323957098273
17471	0.135754391703122
17472	0.113080393038691
17473	0.176567589299099
17474	0.158428390367554
17475	0.090406394374259
17476	0.149358790901781
17477	0.144823991168895
17478	0.113080393038691
17479	0.104010793572918
17480	0.108545593305804
17481	0.144823991168895
17482	0.131219591970236
17483	0.0994759938400316
17484	0.0541279965111683
17485	0.117615192771577
17486	0.12668479223735
17487	0.135754391703122
17488	0.0813367949084862
17489	0.203776387696417
17490	0.167497989833326
17491	0.117615192771577
17492	0.149358790901781
17493	0.104010793572918
17494	0.0813367949084862
17495	0.0722671954427137
17496	0.140289191436008
17497	0.113080393038691
17498	0.144823991168895
17499	0.108545593305804
17500	0.122149992504463
17501	0.113080393038691
17502	0.0813367949084862
17503	0.0994759938400316
17504	0.131219591970236
17505	0.199241587963531
17506	0.0677323957098273
17507	0.122149992504463
17508	0.108545593305804
17509	0.108545593305804
17510	0.181102389031985
17511	0.0858715946413726
17512	0.12668479223735
17513	0.131219591970236
17514	0.0813367949084862
17515	0.0768019951756001
17516	0.140289191436008
17517	0.0858715946413726
17518	0.0813367949084862
17519	0.153893590634667
17520	0.153893590634667
17521	0.0541279965111683
17522	0.149358790901781
17523	0.153893590634667
17524	0.131219591970236
17525	0.0994759938400316
17526	0.167497989833326
17527	0.153893590634667
17528	0.108545593305804
17529	0.172032789566213
17530	0.108545593305804
17531	0.090406394374259
17532	0.113080393038691
17533	0.172032789566213
17534	0.12668479223735
17535	0.176567589299099
17536	0.0994759938400316
17537	0.0994759938400316
17538	0.16296319010044
17539	0.113080393038691
17540	0.122149992504463
17541	0.144823991168895
17542	0.140289191436008
17543	0.172032789566213
17544	0.131219591970236
17545	0.12668479223735
17546	0.117615192771577
17547	0.117615192771577
17548	0.194706788230644
17549	0.122149992504463
17550	0.149358790901781
17551	0.12668479223735
17552	0.0994759938400316
17553	0.0677323957098273
17554	0.122149992504463
17555	0.104010793572918
17556	0.12668479223735
17557	0.149358790901781
17558	0.122149992504463
17559	0.113080393038691
17560	0.104010793572918
17561	0.12668479223735
17562	0.117615192771577
17563	0.113080393038691
17564	0.0677323957098273
17565	0.104010793572918
17566	0.122149992504463
17567	0.090406394374259
17568	0.108545593305804
17569	0.140289191436008
17570	0.113080393038691
17571	0.113080393038691
17572	0.158428390367554
17573	0.122149992504463
17574	0.0858715946413726
17575	0.140289191436008
17576	0.0722671954427137
17577	0.131219591970236
17578	0.131219591970236
17579	0.12668479223735
17580	0.108545593305804
17581	0.144823991168895
17582	0.12668479223735
17583	0.113080393038691
17584	0.113080393038691
17585	0.122149992504463
17586	0.149358790901781
17587	0.135754391703122
17588	0.167497989833326
17589	0.122149992504463
17590	0.104010793572918
17591	0.113080393038691
17592	0.16296319010044
17593	0.140289191436008
17594	0.090406394374259
17595	0.108545593305804
17596	0.131219591970236
17597	0.172032789566213
17598	0.117615192771577
17599	0.104010793572918
17600	0.172032789566213
17601	0.0858715946413726
17602	0.122149992504463
17603	0.158428390367554
17604	0.090406394374259
17605	0.153893590634667
17606	0.0631975959769411
17607	0.113080393038691
17608	0.108545593305804
17609	0.0949411941071452
17610	0.0450583970453957
17611	0.12668479223735
17612	0.0994759938400316
17613	0.0677323957098273
17614	0.135754391703122
17615	0.185637188764872
17616	0.176567589299099
17617	0.0949411941071452
17618	0.117615192771577
17619	0.131219591970236
17620	0.0994759938400316
17621	0.104010793572918
17622	0.131219591970236
17623	0.167497989833326
17624	0.140289191436008
17625	0.135754391703122
17626	0.140289191436008
17627	0.149358790901781
17628	0.0994759938400316
17629	0.0949411941071452
17630	0.181102389031985
17631	0.135754391703122
17632	0.131219591970236
17633	0.135754391703122
17634	0.117615192771577
17635	0.131219591970236
17636	0.12668479223735
17637	0.144823991168895
17638	0.144823991168895
17639	0.181102389031985
17640	0.0631975959769411
17641	0.122149992504463
17642	0.144823991168895
17643	0.172032789566213
17644	0.113080393038691
17645	0.149358790901781
17646	0.144823991168895
17647	0.104010793572918
17648	0.0949411941071452
17649	0.12668479223735
17650	0.153893590634667
17651	0.0858715946413726
17652	0.0994759938400316
17653	0.0768019951756001
17654	0.149358790901781
17655	0.0541279965111683
17656	0.135754391703122
17657	0.0949411941071452
17658	0.12668479223735
17659	0.108545593305804
17660	0.0949411941071452
17661	0.104010793572918
17662	0.104010793572918
17663	0.190171988497758
17664	0.140289191436008
17665	0.117615192771577
17666	0.0677323957098273
17667	0.12668479223735
17668	0.140289191436008
17669	0.144823991168895
17670	0.104010793572918
17671	0.0631975959769411
17672	0.117615192771577
17673	0.131219591970236
17674	0.153893590634667
17675	0.131219591970236
17676	0.122149992504463
17677	0.140289191436008
17678	0.153893590634667
17679	0.113080393038691
17680	0.0722671954427137
17681	0.117615192771577
17682	0.117615192771577
17683	0.090406394374259
17684	0.122149992504463
17685	0.117615192771577
17686	0.140289191436008
17687	0.108545593305804
17688	0.117615192771577
17689	0.108545593305804
17690	0.122149992504463
17691	0.167497989833326
17692	0.158428390367554
17693	0.0223843983809642
17694	0.108545593305804
17695	0.167497989833326
17696	0.153893590634667
17697	0.12668479223735
17698	0.140289191436008
17699	0.122149992504463
17700	0.149358790901781
17701	0.176567589299099
17702	0.131219591970236
17703	0.0994759938400316
17704	0.122149992504463
17705	0.0994759938400316
17706	0.167497989833326
17707	0.108545593305804
17708	0.117615192771577
17709	0.0994759938400316
17710	0.153893590634667
17711	0.122149992504463
17712	0.190171988497758
17713	0.144823991168895
17714	0.149358790901781
17715	0.113080393038691
17716	0.158428390367554
17717	0.149358790901781
17718	0.153893590634667
17719	0.104010793572918
17720	0.0813367949084862
17721	0.172032789566213
17722	0.0949411941071452
17723	0.140289191436008
17724	0.0450583970453957
17725	0.153893590634667
17726	0.181102389031985
17727	0.0722671954427137
17728	0.153893590634667
17729	0.108545593305804
17730	0.149358790901781
17731	0.122149992504463
17732	0.104010793572918
17733	0.090406394374259
17734	0.158428390367554
17735	0.0949411941071452
17736	0.172032789566213
17737	0.12668479223735
17738	0.0677323957098273
17739	0.12668479223735
17740	0.104010793572918
17741	0.16296319010044
17742	0.140289191436008
17743	0.172032789566213
17744	0.104010793572918
17745	0.172032789566213
17746	0.12668479223735
17747	0.122149992504463
17748	0.0768019951756001
17749	0.104010793572918
17750	0.167497989833326
17751	0.131219591970236
17752	0.104010793572918
17753	0.12668479223735
17754	0.172032789566213
17755	0.12668479223735
17756	0.131219591970236
17757	0.0768019951756001
17758	0.0677323957098273
17759	0.0450583970453957
17760	0.113080393038691
17761	0.122149992504463
17762	0.167497989833326
17763	0.140289191436008
17764	0.104010793572918
17765	0.12668479223735
17766	0.113080393038691
17767	0.108545593305804
17768	0.135754391703122
17769	0.104010793572918
17770	0.108545593305804
17771	0.104010793572918
17772	0.122149992504463
17773	0.16296319010044
17774	0.0858715946413726
17775	0.117615192771577
17776	0.0949411941071452
17777	0.153893590634667
17778	0.0949411941071452
17779	0.16296319010044
17780	0.0994759938400316
17781	0.140289191436008
17782	0.16296319010044
17783	0.153893590634667
17784	0.122149992504463
17785	0.090406394374259
17786	0.0949411941071452
17787	0.0813367949084862
17788	0.149358790901781
17789	0.113080393038691
17790	0.140289191436008
17791	0.140289191436008
17792	0.0813367949084862
17793	0.217380786895076
17794	0.149358790901781
17795	0.090406394374259
17796	0.158428390367554
17797	0.12668479223735
17798	0.0949411941071452
17799	0.149358790901781
17800	0.090406394374259
17801	0.12668479223735
17802	0.131219591970236
17803	0.144823991168895
17804	0.12668479223735
17805	0.12668479223735
17806	0.0994759938400316
17807	0.144823991168895
17808	0.117615192771577
17809	0.117615192771577
17810	0.144823991168895
17811	0.108545593305804
17812	0.140289191436008
17813	0.122149992504463
17814	0.113080393038691
17815	0.144823991168895
17816	0.0949411941071452
17817	0.113080393038691
17818	0.12668479223735
17819	0.113080393038691
17820	0.140289191436008
17821	0.135754391703122
17822	0.131219591970236
17823	0.153893590634667
17824	0.117615192771577
17825	0.0768019951756001
17826	0.0994759938400316
17827	0.117615192771577
17828	0.113080393038691
17829	0.0994759938400316
17830	0.135754391703122
17831	0.0677323957098273
17832	0.122149992504463
17833	0.0994759938400316
17834	0.108545593305804
17835	0.113080393038691
17836	0.153893590634667
17837	0.140289191436008
17838	0.131219591970236
17839	0.104010793572918
17840	0.117615192771577
17841	0.12668479223735
17842	0.131219591970236
17843	0.135754391703122
17844	0.149358790901781
17845	0.16296319010044
17846	0.0994759938400316
17847	0.0541279965111683
17848	0.190171988497758
17849	0.144823991168895
17850	0.181102389031985
17851	0.149358790901781
17852	0.172032789566213
17853	0.140289191436008
17854	0.117615192771577
17855	0.158428390367554
17856	0.158428390367554
17857	0.12668479223735
17858	0.090406394374259
17859	0.0586627962440547
17860	0.108545593305804
17861	0.0949411941071452
17862	0.167497989833326
17863	0.190171988497758
17864	0.0949411941071452
17865	0.144823991168895
17866	0.0949411941071452
17867	0.0949411941071452
17868	0.0768019951756001
17869	0.12668479223735
17870	0.0450583970453957
17871	0.122149992504463
17872	0.153893590634667
17873	0.0858715946413726
17874	0.167497989833326
17875	0.117615192771577
17876	0.117615192771577
17877	0.0949411941071452
17878	0.104010793572918
17879	0.131219591970236
17880	0.0949411941071452
17881	0.0586627962440547
17882	0.113080393038691
17883	0.0949411941071452
17884	0.153893590634667
17885	0.158428390367554
17886	0.140289191436008
17887	0.0858715946413726
17888	0.144823991168895
17889	0.122149992504463
17890	0.108545593305804
17891	0.12668479223735
17892	0.135754391703122
17893	0.108545593305804
17894	0.122149992504463
17895	0.140289191436008
17896	0.135754391703122
17897	0.0858715946413726
17898	0.0949411941071452
17899	0.0813367949084862
17900	0.0949411941071452
17901	0.108545593305804
17902	0.113080393038691
17903	0.122149992504463
17904	0.0949411941071452
17905	0.172032789566213
17906	0.144823991168895
17907	0.12668479223735
17908	0.176567589299099
17909	0.0994759938400316
17910	0.176567589299099
17911	0.149358790901781
17912	0.113080393038691
17913	0.0495931967782821
17914	0.0994759938400316
17915	0.172032789566213
17916	0.0994759938400316
17917	0.108545593305804
17918	0.140289191436008
17919	0.0768019951756001
17920	0.0677323957098273
17921	0.16296319010044
17922	0.158428390367554
17923	0.090406394374259
17924	0.167497989833326
17925	0.131219591970236
17926	0.131219591970236
17927	0.140289191436008
17928	0.122149992504463
17929	0.117615192771577
17930	0.104010793572918
17931	0.0677323957098273
17932	0.135754391703122
17933	0.113080393038691
17934	0.135754391703122
17935	0.0768019951756001
17936	0.153893590634667
17937	0.104010793572918
17938	0.0858715946413726
17939	0.158428390367554
17940	0.158428390367554
17941	0.113080393038691
17942	0.203776387696417
17943	0.149358790901781
17944	0.16296319010044
17945	0.172032789566213
17946	0.153893590634667
17947	0.0994759938400316
17948	0.12668479223735
17949	0.090406394374259
17950	0.108545593305804
17951	0.113080393038691
17952	0.131219591970236
17953	0.144823991168895
17954	0.144823991168895
17955	0.0949411941071452
17956	0.144823991168895
17957	0.149358790901781
17958	0.135754391703122
17959	0.117615192771577
17960	0.0813367949084862
17961	0.135754391703122
17962	0.172032789566213
17963	0.117615192771577
17964	0.131219591970236
17965	0.140289191436008
17966	0.149358790901781
17967	0.104010793572918
17968	0.158428390367554
17969	0.0858715946413726
17970	0.108545593305804
17971	0.0994759938400316
17972	0.0994759938400316
17973	0.113080393038691
17974	0.131219591970236
17975	0.153893590634667
17976	0.153893590634667
17977	0.0586627962440547
17978	0.117615192771577
17979	0.104010793572918
17980	0.117615192771577
17981	0.158428390367554
17982	0.108545593305804
17983	0.16296319010044
17984	0.158428390367554
17985	0.140289191436008
17986	0.104010793572918
17987	0.12668479223735
17988	0.113080393038691
17989	0.140289191436008
17990	0.104010793572918
17991	0.131219591970236
17992	0.117615192771577
17993	0.0631975959769411
17994	0.0949411941071452
17995	0.122149992504463
17996	0.158428390367554
17997	0.181102389031985
17998	0.0813367949084862
17999	0.149358790901781
18000	0.153893590634667
18001	0.140289191436008
18002	0.108545593305804
18003	0.0450583970453957
18004	0.176567589299099
18005	0.140289191436008
18006	0.0994759938400316
18007	0.122149992504463
18008	0.144823991168895
18009	0.135754391703122
18010	0.149358790901781
18011	0.135754391703122
18012	0.185637188764872
18013	0.135754391703122
18014	0.12668479223735
18015	0.0677323957098273
18016	0.104010793572918
18017	0.12668479223735
18018	0.131219591970236
18019	0.122149992504463
18020	0.0768019951756001
18021	0.172032789566213
18022	0.090406394374259
18023	0.090406394374259
18024	0.0994759938400316
18025	0.090406394374259
18026	0.131219591970236
18027	0.131219591970236
18028	0.113080393038691
18029	0.135754391703122
18030	0.140289191436008
18031	0.090406394374259
18032	0.203776387696417
18033	0.158428390367554
18034	0.135754391703122
18035	0.12668479223735
18036	0.12668479223735
18037	0.104010793572918
18038	0.140289191436008
18039	0.140289191436008
18040	0.144823991168895
18041	0.140289191436008
18042	0.167497989833326
18043	0.117615192771577
18044	0.113080393038691
18045	0.0541279965111683
18046	0.158428390367554
18047	0.113080393038691
18048	0.12668479223735
18049	0.090406394374259
18050	0.181102389031985
18051	0.135754391703122
18052	0.122149992504463
18053	0.108545593305804
18054	0.12668479223735
18055	0.140289191436008
18056	0.117615192771577
18057	0.135754391703122
18058	0.0677323957098273
18059	0.149358790901781
18060	0.135754391703122
18061	0.149358790901781
18062	0.104010793572918
18063	0.108545593305804
18064	0.0994759938400316
18065	0.108545593305804
18066	0.140289191436008
18067	0.0994759938400316
18068	0.131219591970236
18069	0.131219591970236
18070	0.153893590634667
18071	0.140289191436008
18072	0.0949411941071452
18073	0.149358790901781
18074	0.144823991168895
18075	0.185637188764872
18076	0.0994759938400316
18077	0.144823991168895
18078	0.108545593305804
18079	0.117615192771577
18080	0.0495931967782821
18081	0.0722671954427137
18082	0.113080393038691
18083	0.153893590634667
18084	0.113080393038691
18085	0.0994759938400316
18086	0.140289191436008
18087	0.113080393038691
18088	0.117615192771577
18089	0.140289191436008
18090	0.12668479223735
18091	0.117615192771577
18092	0.12668479223735
18093	0.135754391703122
18094	0.0949411941071452
18095	0.117615192771577
18096	0.140289191436008
18097	0.108545593305804
18098	0.16296319010044
18099	0.113080393038691
18100	0.144823991168895
18101	0.185637188764872
18102	0.117615192771577
18103	0.113080393038691
18104	0.135754391703122
18105	0.0858715946413726
18106	0.12668479223735
18107	0.090406394374259
18108	0.140289191436008
18109	0.131219591970236
18110	0.172032789566213
18111	0.090406394374259
18112	0.104010793572918
18113	0.158428390367554
18114	0.122149992504463
18115	0.144823991168895
18116	0.140289191436008
18117	0.0631975959769411
18118	0.108545593305804
18119	0.153893590634667
18120	0.194706788230644
18121	0.0858715946413726
18122	0.12668479223735
18123	0.176567589299099
18124	0.108545593305804
18125	0.135754391703122
18126	0.122149992504463
18127	0.104010793572918
18128	0.16296319010044
18129	0.0858715946413726
18130	0.0994759938400316
18131	0.131219591970236
18132	0.167497989833326
18133	0.0813367949084862
18134	0.122149992504463
18135	0.167497989833326
18136	0.113080393038691
18137	0.122149992504463
18138	0.117615192771577
18139	0.0677323957098273
18140	0.0631975959769411
18141	0.135754391703122
18142	0.12668479223735
18143	0.0858715946413726
18144	0.12668479223735
18145	0.122149992504463
18146	0.122149992504463
18147	0.131219591970236
18148	0.12668479223735
18149	0.16296319010044
18150	0.181102389031985
18151	0.0994759938400316
18152	0.153893590634667
18153	0.131219591970236
18154	0.113080393038691
18155	0.0994759938400316
18156	0.108545593305804
18157	0.104010793572918
18158	0.113080393038691
18159	0.117615192771577
18160	0.199241587963531
18161	0.0631975959769411
18162	0.199241587963531
18163	0.144823991168895
18164	0.0586627962440547
18165	0.0768019951756001
18166	0.135754391703122
18167	0.153893590634667
18168	0.0677323957098273
18169	0.122149992504463
18170	0.0994759938400316
18171	0.144823991168895
18172	0.0677323957098273
18173	0.16296319010044
18174	0.158428390367554
18175	0.104010793572918
18176	0.131219591970236
18177	0.104010793572918
18178	0.149358790901781
18179	0.117615192771577
18180	0.135754391703122
18181	0.135754391703122
18182	0.113080393038691
18183	0.113080393038691
18184	0.108545593305804
18185	0.131219591970236
18186	0.113080393038691
18187	0.122149992504463
18188	0.149358790901781
18189	0.113080393038691
18190	0.16296319010044
18191	0.140289191436008
18192	0.117615192771577
18193	0.149358790901781
18194	0.090406394374259
18195	0.0858715946413726
18196	0.117615192771577
18197	0.108545593305804
18198	0.108545593305804
18199	0.0722671954427137
18200	0.149358790901781
18201	0.108545593305804
18202	0.0858715946413726
18203	0.113080393038691
18204	0.0813367949084862
18205	0.167497989833326
18206	0.135754391703122
18207	0.104010793572918
18208	0.113080393038691
18209	0.140289191436008
18210	0.0813367949084862
18211	0.0722671954427137
18212	0.117615192771577
18213	0.0949411941071452
18214	0.167497989833326
18215	0.12668479223735
18216	0.117615192771577
18217	0.16296319010044
18218	0.0813367949084862
18219	0.090406394374259
18220	0.117615192771577
18221	0.144823991168895
18222	0.153893590634667
18223	0.0495931967782821
18224	0.108545593305804
18225	0.113080393038691
18226	0.117615192771577
18227	0.153893590634667
18228	0.0722671954427137
18229	0.0858715946413726
18230	0.122149992504463
18231	0.122149992504463
18232	0.104010793572918
18233	0.131219591970236
18234	0.104010793572918
18235	0.090406394374259
18236	0.122149992504463
18237	0.090406394374259
18238	0.135754391703122
18239	0.158428390367554
18240	0.122149992504463
18241	0.0994759938400316
18242	0.113080393038691
18243	0.0994759938400316
18244	0.21284598716219
18245	0.090406394374259
18246	0.0858715946413726
18247	0.117615192771577
18248	0.131219591970236
18249	0.122149992504463
18250	0.135754391703122
18251	0.190171988497758
18252	0.0994759938400316
18253	0.140289191436008
18254	0.117615192771577
18255	0.104010793572918
18256	0.167497989833326
18257	0.16296319010044
18258	0.113080393038691
18259	0.122149992504463
18260	0.108545593305804
18261	0.149358790901781
18262	0.176567589299099
18263	0.12668479223735
18264	0.16296319010044
18265	0.0813367949084862
18266	0.158428390367554
18267	0.122149992504463
18268	0.158428390367554
18269	0.0631975959769411
18270	0.113080393038691
18271	0.122149992504463
18272	0.104010793572918
18273	0.144823991168895
18274	0.0858715946413726
18275	0.0813367949084862
18276	0.0768019951756001
18277	0.176567589299099
18278	0.0541279965111683
18279	0.0722671954427137
18280	0.117615192771577
18281	0.144823991168895
18282	0.0359887975796231
18283	0.122149992504463
18284	0.131219591970236
18285	0.122149992504463
18286	0.149358790901781
18287	0.0994759938400316
18288	0.090406394374259
18289	0.135754391703122
18290	0.135754391703122
18291	0.122149992504463
18292	0.0858715946413726
18293	0.158428390367554
18294	0.149358790901781
18295	0.0994759938400316
18296	0.108545593305804
18297	0.135754391703122
18298	0.131219591970236
18299	0.122149992504463
18300	0.090406394374259
18301	0.117615192771577
18302	0.149358790901781
18303	0.104010793572918
18304	0.158428390367554
18305	0.0858715946413726
18306	0.131219591970236
18307	0.153893590634667
18308	0.0813367949084862
18309	0.0813367949084862
18310	0.149358790901781
18311	0.0586627962440547
18312	0.0949411941071452
18313	0.113080393038691
18314	0.140289191436008
18315	0.167497989833326
18316	0.113080393038691
18317	0.0631975959769411
18318	0.144823991168895
18319	0.181102389031985
18320	0.108545593305804
18321	0.117615192771577
18322	0.144823991168895
18323	0.12668479223735
18324	0.149358790901781
18325	0.0994759938400316
18326	0.113080393038691
18327	0.153893590634667
18328	0.140289191436008
18329	0.0994759938400316
18330	0.108545593305804
18331	0.158428390367554
18332	0.117615192771577
18333	0.117615192771577
18334	0.113080393038691
18335	0.104010793572918
18336	0.167497989833326
18337	0.108545593305804
18338	0.194706788230644
18339	0.108545593305804
18340	0.0858715946413726
18341	0.090406394374259
18342	0.144823991168895
18343	0.144823991168895
18344	0.108545593305804
18345	0.104010793572918
18346	0.16296319010044
18347	0.0994759938400316
18348	0.117615192771577
18349	0.090406394374259
18350	0.172032789566213
18351	0.117615192771577
18352	0.131219591970236
18353	0.0949411941071452
18354	0.0858715946413726
18355	0.090406394374259
18356	0.113080393038691
18357	0.16296319010044
18358	0.090406394374259
18359	0.117615192771577
18360	0.108545593305804
18361	0.140289191436008
18362	0.12668479223735
18363	0.12668479223735
18364	0.176567589299099
18365	0.0858715946413726
18366	0.16296319010044
18367	0.12668479223735
18368	0.144823991168895
18369	0.122149992504463
18370	0.0949411941071452
18371	0.0722671954427137
18372	0.0949411941071452
18373	0.158428390367554
18374	0.135754391703122
18375	0.113080393038691
18376	0.16296319010044
18377	0.12668479223735
18378	0.140289191436008
18379	0.0768019951756001
18380	0.140289191436008
18381	0.0994759938400316
18382	0.149358790901781
18383	0.0858715946413726
18384	0.0813367949084862
18385	0.0994759938400316
18386	0.104010793572918
18387	0.0813367949084862
18388	0.131219591970236
18389	0.0994759938400316
18390	0.0994759938400316
18391	0.108545593305804
18392	0.144823991168895
18393	0.090406394374259
18394	0.117615192771577
18395	0.135754391703122
18396	0.131219591970236
18397	0.0450583970453957
18398	0.144823991168895
18399	0.122149992504463
18400	0.0541279965111683
18401	0.140289191436008
18402	0.144823991168895
18403	0.194706788230644
18404	0.135754391703122
18405	0.090406394374259
18406	0.122149992504463
18407	0.172032789566213
18408	0.090406394374259
18409	0.190171988497758
18410	0.16296319010044
18411	0.122149992504463
18412	0.113080393038691
18413	0.0813367949084862
18414	0.140289191436008
18415	0.190171988497758
18416	0.0949411941071452
18417	0.104010793572918
18418	0.0813367949084862
18419	0.153893590634667
18420	0.090406394374259
18421	0.0994759938400316
18422	0.122149992504463
18423	0.122149992504463
18424	0.0768019951756001
18425	0.135754391703122
18426	0.0768019951756001
18427	0.122149992504463
18428	0.185637188764872
18429	0.135754391703122
18430	0.153893590634667
18431	0.0223843983809642
18432	0.144823991168895
18433	0.0768019951756001
18434	0.108545593305804
18435	0.113080393038691
18436	0.0586627962440547
18437	0.108545593305804
18438	0.176567589299099
18439	0.16296319010044
18440	0.108545593305804
18441	0.0677323957098273
18442	0.135754391703122
18443	0.158428390367554
18444	0.0858715946413726
18445	0.144823991168895
18446	0.176567589299099
18447	0.104010793572918
18448	0.113080393038691
18449	0.122149992504463
18450	0.158428390367554
18451	0.167497989833326
18452	0.113080393038691
18453	0.12668479223735
18454	0.16296319010044
18455	0.122149992504463
18456	0.117615192771577
18457	0.158428390367554
18458	0.167497989833326
18459	0.149358790901781
18460	0.135754391703122
18461	0.0631975959769411
18462	0.113080393038691
18463	0.104010793572918
18464	0.149358790901781
18465	0.144823991168895
18466	0.113080393038691
18467	0.108545593305804
18468	0.108545593305804
18469	0.12668479223735
18470	0.117615192771577
18471	0.181102389031985
18472	0.144823991168895
18473	0.113080393038691
18474	0.0949411941071452
18475	0.12668479223735
18476	0.172032789566213
18477	0.181102389031985
18478	0.0586627962440547
18479	0.113080393038691
18480	0.194706788230644
18481	0.117615192771577
18482	0.108545593305804
18483	0.135754391703122
18484	0.140289191436008
18485	0.12668479223735
18486	0.113080393038691
18487	0.104010793572918
18488	0.203776387696417
18489	0.185637188764872
18490	0.0949411941071452
18491	0.12668479223735
18492	0.122149992504463
18493	0.131219591970236
18494	0.144823991168895
18495	0.140289191436008
18496	0.12668479223735
18497	0.131219591970236
18498	0.122149992504463
18499	0.108545593305804
18500	0.104010793572918
18501	0.181102389031985
18502	0.0994759938400316
18503	0.144823991168895
18504	0.0858715946413726
18505	0.135754391703122
18506	0.12668479223735
18507	0.0677323957098273
18508	0.108545593305804
18509	0.153893590634667
18510	0.181102389031985
18511	0.135754391703122
18512	0.0994759938400316
18513	0.0949411941071452
18514	0.131219591970236
18515	0.158428390367554
18516	0.0994759938400316
18517	0.122149992504463
18518	0.131219591970236
18519	0.158428390367554
18520	0.149358790901781
18521	0.0994759938400316
18522	0.158428390367554
18523	0.131219591970236
18524	0.190171988497758
18525	0.0949411941071452
18526	0.0949411941071452
18527	0.0949411941071452
18528	0.104010793572918
18529	0.113080393038691
18530	0.0994759938400316
18531	0.149358790901781
18532	0.135754391703122
18533	0.140289191436008
18534	0.131219591970236
18535	0.113080393038691
18536	0.090406394374259
18537	0.140289191436008
18538	0.144823991168895
18539	0.144823991168895
18540	0.181102389031985
18541	0.190171988497758
18542	0.090406394374259
18543	0.135754391703122
18544	0.113080393038691
18545	0.190171988497758
18546	0.113080393038691
18547	0.131219591970236
18548	0.131219591970236
18549	0.122149992504463
18550	0.131219591970236
18551	0.122149992504463
18552	0.131219591970236
18553	0.144823991168895
18554	0.117615192771577
18555	0.113080393038691
18556	0.113080393038691
18557	0.158428390367554
18558	0.122149992504463
18559	0.117615192771577
18560	0.108545593305804
18561	0.090406394374259
18562	0.0813367949084862
18563	0.108545593305804
18564	0.21284598716219
18565	0.144823991168895
18566	0.113080393038691
18567	0.153893590634667
18568	0.149358790901781
18569	0.131219591970236
18570	0.12668479223735
18571	0.12668479223735
18572	0.144823991168895
18573	0.16296319010044
18574	0.144823991168895
18575	0.172032789566213
18576	0.108545593305804
18577	0.167497989833326
18578	0.090406394374259
18579	0.149358790901781
18580	0.167497989833326
18581	0.108545593305804
18582	0.0994759938400316
18583	0.0994759938400316
18584	0.153893590634667
18585	0.140289191436008
18586	0.108545593305804
18587	0.0541279965111683
18588	0.135754391703122
18589	0.113080393038691
18590	0.108545593305804
18591	0.113080393038691
18592	0.0768019951756001
18593	0.16296319010044
18594	0.144823991168895
18595	0.0586627962440547
18596	0.0541279965111683
18597	0.0858715946413726
18598	0.0994759938400316
18599	0.104010793572918
18600	0.117615192771577
18601	0.153893590634667
18602	0.131219591970236
18603	0.0994759938400316
18604	0.117615192771577
18605	0.12668479223735
18606	0.16296319010044
18607	0.12668479223735
18608	0.135754391703122
18609	0.16296319010044
18610	0.108545593305804
18611	0.144823991168895
18612	0.149358790901781
18613	0.199241587963531
18614	0.0677323957098273
18615	0.113080393038691
18616	0.158428390367554
18617	0.153893590634667
18618	0.108545593305804
18619	0.149358790901781
18620	0.131219591970236
18621	0.12668479223735
18622	0.172032789566213
18623	0.131219591970236
18624	0.0677323957098273
18625	0.158428390367554
18626	0.117615192771577
18627	0.122149992504463
18628	0.144823991168895
18629	0.135754391703122
18630	0.140289191436008
18631	0.117615192771577
18632	0.117615192771577
18633	0.108545593305804
18634	0.176567589299099
18635	0.181102389031985
18636	0.117615192771577
18637	0.108545593305804
18638	0.113080393038691
18639	0.135754391703122
18640	0.131219591970236
18641	0.144823991168895
18642	0.108545593305804
18643	0.131219591970236
18644	0.12668479223735
18645	0.122149992504463
18646	0.0949411941071452
18647	0.104010793572918
18648	0.117615192771577
18649	0.108545593305804
18650	0.172032789566213
18651	0.090406394374259
18652	0.104010793572918
18653	0.108545593305804
18654	0.149358790901781
18655	0.0677323957098273
18656	0.153893590634667
18657	0.108545593305804
18658	0.0768019951756001
18659	0.104010793572918
18660	0.12668479223735
18661	0.12668479223735
18662	0.117615192771577
18663	0.153893590634667
18664	0.16296319010044
18665	0.122149992504463
18666	0.131219591970236
18667	0.140289191436008
18668	0.122149992504463
18669	0.140289191436008
18670	0.144823991168895
18671	0.194706788230644
18672	0.0994759938400316
18673	0.117615192771577
18674	0.135754391703122
18675	0.16296319010044
18676	0.149358790901781
18677	0.090406394374259
18678	0.0813367949084862
18679	0.0949411941071452
18680	0.104010793572918
18681	0.167497989833326
18682	0.153893590634667
18683	0.12668479223735
18684	0.0949411941071452
18685	0.144823991168895
18686	0.153893590634667
18687	0.131219591970236
18688	0.140289191436008
18689	0.0994759938400316
18690	0.122149992504463
18691	0.0949411941071452
18692	0.0631975959769411
18693	0.149358790901781
18694	0.0858715946413726
18695	0.176567589299099
18696	0.104010793572918
18697	0.12668479223735
18698	0.153893590634667
18699	0.144823991168895
18700	0.135754391703122
18701	0.135754391703122
18702	0.090406394374259
18703	0.153893590634667
18704	0.0858715946413726
18705	0.0858715946413726
18706	0.144823991168895
18707	0.131219591970236
18708	0.140289191436008
18709	0.117615192771577
18710	0.122149992504463
18711	0.122149992504463
18712	0.104010793572918
18713	0.104010793572918
18714	0.176567589299099
18715	0.0813367949084862
18716	0.104010793572918
18717	0.181102389031985
18718	0.090406394374259
18719	0.0722671954427137
18720	0.135754391703122
18721	0.131219591970236
18722	0.167497989833326
18723	0.181102389031985
18724	0.0949411941071452
18725	0.122149992504463
18726	0.0768019951756001
18727	0.104010793572918
18728	0.158428390367554
18729	0.167497989833326
18730	0.149358790901781
18731	0.12668479223735
18732	0.0994759938400316
18733	0.135754391703122
18734	0.0994759938400316
18735	0.113080393038691
18736	0.181102389031985
18737	0.190171988497758
18738	0.108545593305804
18739	0.113080393038691
18740	0.108545593305804
18741	0.122149992504463
18742	0.0631975959769411
18743	0.149358790901781
18744	0.135754391703122
18745	0.172032789566213
18746	0.131219591970236
18747	0.0949411941071452
18748	0.117615192771577
18749	0.0631975959769411
18750	0.108545593305804
18751	0.104010793572918
18752	0.185637188764872
18753	0.0405235973125093
18754	0.113080393038691
18755	0.090406394374259
18756	0.16296319010044
18757	0.172032789566213
18758	0.149358790901781
18759	0.117615192771577
18760	0.113080393038691
18761	0.113080393038691
18762	0.0631975959769411
18763	0.104010793572918
18764	0.104010793572918
18765	0.122149992504463
18766	0.122149992504463
18767	0.158428390367554
18768	0.144823991168895
18769	0.131219591970236
18770	0.181102389031985
18771	0.12668479223735
18772	0.104010793572918
18773	0.122149992504463
18774	0.108545593305804
18775	0.217380786895076
18776	0.104010793572918
18777	0.0949411941071452
18778	0.108545593305804
18779	0.16296319010044
18780	0.140289191436008
18781	0.0631975959769411
18782	0.0768019951756001
18783	0.135754391703122
18784	0.113080393038691
18785	0.185637188764872
18786	0.172032789566213
18787	0.0949411941071452
18788	0.108545593305804
18789	0.131219591970236
18790	0.131219591970236
18791	0.104010793572918
18792	0.190171988497758
18793	0.0768019951756001
18794	0.0813367949084862
18795	0.185637188764872
18796	0.176567589299099
18797	0.113080393038691
18798	0.144823991168895
18799	0.153893590634667
18800	0.0949411941071452
18801	0.090406394374259
18802	0.12668479223735
18803	0.158428390367554
18804	0.131219591970236
18805	0.108545593305804
18806	0.131219591970236
18807	0.153893590634667
18808	0.144823991168895
18809	0.12668479223735
18810	0.185637188764872
18811	0.190171988497758
18812	0.0631975959769411
18813	0.104010793572918
18814	0.199241587963531
18815	0.0813367949084862
18816	0.140289191436008
18817	0.122149992504463
18818	0.113080393038691
18819	0.16296319010044
18820	0.149358790901781
18821	0.158428390367554
18822	0.153893590634667
18823	0.0858715946413726
18824	0.135754391703122
18825	0.0768019951756001
18826	0.153893590634667
18827	0.181102389031985
18828	0.0768019951756001
18829	0.12668479223735
18830	0.122149992504463
18831	0.108545593305804
18832	0.0586627962440547
18833	0.0858715946413726
18834	0.113080393038691
18835	0.122149992504463
18836	0.131219591970236
18837	0.0722671954427137
18838	0.104010793572918
18839	0.117615192771577
18840	0.0994759938400316
18841	0.113080393038691
18842	0.140289191436008
18843	0.131219591970236
18844	0.104010793572918
18845	0.176567589299099
18846	0.12668479223735
18847	0.140289191436008
18848	0.104010793572918
18849	0.113080393038691
18850	0.0813367949084862
18851	0.122149992504463
18852	0.135754391703122
18853	0.140289191436008
18854	0.131219591970236
18855	0.144823991168895
18856	0.0858715946413726
18857	0.0722671954427137
18858	0.0677323957098273
18859	0.144823991168895
18860	0.135754391703122
18861	0.122149992504463
18862	0.16296319010044
18863	0.0677323957098273
18864	0.0813367949084862
18865	0.158428390367554
18866	0.12668479223735
18867	0.140289191436008
18868	0.135754391703122
18869	0.176567589299099
18870	0.0994759938400316
18871	0.0994759938400316
18872	0.144823991168895
18873	0.090406394374259
18874	0.167497989833326
18875	0.0858715946413726
18876	0.172032789566213
18877	0.203776387696417
18878	0.140289191436008
18879	0.0768019951756001
18880	0.0994759938400316
18881	0.135754391703122
18882	0.117615192771577
18883	0.12668479223735
18884	0.122149992504463
18885	0.104010793572918
18886	0.131219591970236
18887	0.185637188764872
18888	0.158428390367554
18889	0.153893590634667
18890	0.190171988497758
18891	0.104010793572918
18892	0.090406394374259
18893	0.16296319010044
18894	0.0858715946413726
18895	0.108545593305804
18896	0.12668479223735
18897	0.0949411941071452
18898	0.0813367949084862
18899	0.158428390367554
18900	0.0768019951756001
18901	0.090406394374259
18902	0.0858715946413726
18903	0.153893590634667
18904	0.122149992504463
18905	0.144823991168895
18906	0.135754391703122
18907	0.0722671954427137
18908	0.104010793572918
18909	0.131219591970236
18910	0.122149992504463
18911	0.140289191436008
18912	0.108545593305804
18913	0.144823991168895
18914	0.0450583970453957
18915	0.090406394374259
18916	0.113080393038691
18917	0.144823991168895
18918	0.131219591970236
18919	0.108545593305804
18920	0.090406394374259
18921	0.153893590634667
18922	0.131219591970236
18923	0.0949411941071452
18924	0.158428390367554
18925	0.140289191436008
18926	0.090406394374259
18927	0.140289191436008
18928	0.190171988497758
18929	0.104010793572918
18930	0.167497989833326
18931	0.117615192771577
18932	0.122149992504463
18933	0.144823991168895
18934	0.0949411941071452
18935	0.194706788230644
18936	0.0722671954427137
18937	0.144823991168895
18938	0.0949411941071452
18939	0.0631975959769411
18940	0.167497989833326
18941	0.122149992504463
18942	0.135754391703122
18943	0.167497989833326
18944	0.108545593305804
18945	0.140289191436008
18946	0.122149992504463
18947	0.185637188764872
18948	0.122149992504463
18949	0.122149992504463
18950	0.0677323957098273
18951	0.172032789566213
18952	0.108545593305804
18953	0.090406394374259
18954	0.144823991168895
18955	0.176567589299099
18956	0.117615192771577
18957	0.12668479223735
18958	0.149358790901781
18959	0.12668479223735
18960	0.0768019951756001
18961	0.090406394374259
18962	0.104010793572918
18963	0.0768019951756001
18964	0.185637188764872
18965	0.090406394374259
18966	0.185637188764872
18967	0.122149992504463
18968	0.144823991168895
18969	0.172032789566213
18970	0.140289191436008
18971	0.0631975959769411
18972	0.153893590634667
18973	0.149358790901781
18974	0.230985186093735
18975	0.144823991168895
18976	0.117615192771577
18977	0.113080393038691
18978	0.131219591970236
18979	0.16296319010044
18980	0.090406394374259
18981	0.140289191436008
18982	0.144823991168895
18983	0.172032789566213
18984	0.149358790901781
18985	0.104010793572918
18986	0.113080393038691
18987	0.113080393038691
18988	0.104010793572918
18989	0.117615192771577
18990	0.0994759938400316
18991	0.167497989833326
18992	0.122149992504463
18993	0.0858715946413726
18994	0.0586627962440547
18995	0.12668479223735
18996	0.153893590634667
18997	0.149358790901781
18998	0.113080393038691
18999	0.185637188764872
19000	0.113080393038691
19001	0.104010793572918
19002	0.12668479223735
19003	0.140289191436008
19004	0.153893590634667
19005	0.131219591970236
19006	0.12668479223735
19007	0.12668479223735
19008	0.181102389031985
19009	0.104010793572918
19010	0.0949411941071452
19011	0.135754391703122
19012	0.0994759938400316
19013	0.149358790901781
19014	0.12668479223735
19015	0.108545593305804
19016	0.172032789566213
19017	0.113080393038691
19018	0.167497989833326
19019	0.172032789566213
19020	0.131219591970236
19021	0.108545593305804
19022	0.113080393038691
19023	0.131219591970236
19024	0.176567589299099
19025	0.208311187429303
19026	0.176567589299099
19027	0.117615192771577
19028	0.0994759938400316
19029	0.181102389031985
19030	0.16296319010044
19031	0.0994759938400316
19032	0.117615192771577
19033	0.0858715946413726
19034	0.203776387696417
19035	0.153893590634667
19036	0.117615192771577
19037	0.113080393038691
19038	0.149358790901781
19039	0.0949411941071452
19040	0.135754391703122
19041	0.149358790901781
19042	0.140289191436008
19043	0.0768019951756001
19044	0.104010793572918
19045	0.135754391703122
19046	0.0677323957098273
19047	0.135754391703122
19048	0.153893590634667
19049	0.0813367949084862
19050	0.0768019951756001
19051	0.153893590634667
19052	0.104010793572918
19053	0.140289191436008
19054	0.0677323957098273
19055	0.0813367949084862
19056	0.172032789566213
19057	0.108545593305804
19058	0.144823991168895
19059	0.122149992504463
19060	0.0949411941071452
19061	0.0722671954427137
19062	0.0949411941071452
19063	0.158428390367554
19064	0.140289191436008
19065	0.117615192771577
19066	0.0631975959769411
19067	0.0631975959769411
19068	0.090406394374259
19069	0.108545593305804
19070	0.131219591970236
19071	0.113080393038691
19072	0.140289191436008
19073	0.122149992504463
19074	0.0994759938400316
19075	0.12668479223735
19076	0.12668479223735
19077	0.113080393038691
19078	0.108545593305804
19079	0.131219591970236
19080	0.122149992504463
19081	0.131219591970236
19082	0.185637188764872
19083	0.0768019951756001
19084	0.12668479223735
19085	0.12668479223735
19086	0.190171988497758
19087	0.149358790901781
19088	0.172032789566213
19089	0.0949411941071452
19090	0.199241587963531
19091	0.117615192771577
19092	0.153893590634667
19093	0.12668479223735
19094	0.131219591970236
19095	0.153893590634667
19096	0.0223843983809642
19097	0.131219591970236
19098	0.135754391703122
19099	0.0722671954427137
19100	0.131219591970236
19101	0.113080393038691
19102	0.0858715946413726
19103	0.0949411941071452
19104	0.149358790901781
19105	0.131219591970236
19106	0.0631975959769411
19107	0.122149992504463
19108	0.0994759938400316
19109	0.158428390367554
19110	0.131219591970236
19111	0.172032789566213
19112	0.153893590634667
19113	0.131219591970236
19114	0.122149992504463
19115	0.0994759938400316
19116	0.122149992504463
19117	0.0768019951756001
19118	0.185637188764872
19119	0.172032789566213
19120	0.0813367949084862
19121	0.149358790901781
19122	0.0994759938400316
19123	0.140289191436008
19124	0.0768019951756001
19125	0.104010793572918
19126	0.0949411941071452
19127	0.144823991168895
19128	0.117615192771577
19129	0.131219591970236
19130	0.144823991168895
19131	0.104010793572918
19132	0.135754391703122
19133	0.140289191436008
19134	0.167497989833326
19135	0.135754391703122
19136	0.0949411941071452
19137	0.144823991168895
19138	0.0677323957098273
19139	0.158428390367554
19140	0.149358790901781
19141	0.0768019951756001
19142	0.117615192771577
19143	0.135754391703122
19144	0.140289191436008
19145	0.135754391703122
19146	0.0586627962440547
19147	0.131219591970236
19148	0.149358790901781
19149	0.167497989833326
19150	0.203776387696417
19151	0.0495931967782821
19152	0.135754391703122
19153	0.0949411941071452
19154	0.181102389031985
19155	0.16296319010044
19156	0.135754391703122
19157	0.185637188764872
19158	0.140289191436008
19159	0.0677323957098273
19160	0.117615192771577
19161	0.090406394374259
19162	0.158428390367554
19163	0.0858715946413726
19164	0.122149992504463
19165	0.104010793572918
19166	0.090406394374259
19167	0.117615192771577
19168	0.203776387696417
19169	0.113080393038691
19170	0.135754391703122
19171	0.104010793572918
19172	0.0631975959769411
19173	0.167497989833326
19174	0.131219591970236
19175	0.104010793572918
19176	0.144823991168895
19177	0.140289191436008
19178	0.12668479223735
19179	0.122149992504463
19180	0.0858715946413726
19181	0.0994759938400316
19182	0.0813367949084862
19183	0.149358790901781
19184	0.131219591970236
19185	0.122149992504463
19186	0.131219591970236
19187	0.0722671954427137
19188	0.131219591970236
19189	0.140289191436008
19190	0.140289191436008
19191	0.140289191436008
19192	0.0994759938400316
19193	0.113080393038691
19194	0.104010793572918
19195	0.0949411941071452
19196	0.12668479223735
19197	0.090406394374259
19198	0.122149992504463
19199	0.0813367949084862
19200	0.0768019951756001
19201	0.144823991168895
19202	0.117615192771577
19203	0.21284598716219
19204	0.16296319010044
19205	0.135754391703122
19206	0.153893590634667
19207	0.135754391703122
19208	0.131219591970236
19209	0.113080393038691
19210	0.149358790901781
19211	0.090406394374259
19212	0.158428390367554
19213	0.113080393038691
19214	0.0949411941071452
19215	0.135754391703122
19216	0.113080393038691
19217	0.131219591970236
19218	0.181102389031985
19219	0.158428390367554
19220	0.0858715946413726
19221	0.108545593305804
19222	0.12668479223735
19223	0.108545593305804
19224	0.0858715946413726
19225	0.090406394374259
19226	0.090406394374259
19227	0.108545593305804
19228	0.108545593305804
19229	0.104010793572918
19230	0.181102389031985
19231	0.113080393038691
19232	0.090406394374259
19233	0.12668479223735
19234	0.0722671954427137
19235	0.113080393038691
19236	0.117615192771577
19237	0.199241587963531
19238	0.117615192771577
19239	0.122149992504463
19240	0.12668479223735
19241	0.144823991168895
19242	0.140289191436008
19243	0.0586627962440547
19244	0.0631975959769411
19245	0.0677323957098273
19246	0.149358790901781
19247	0.0994759938400316
19248	0.12668479223735
19249	0.0994759938400316
19250	0.144823991168895
19251	0.131219591970236
19252	0.113080393038691
19253	0.0994759938400316
19254	0.149358790901781
19255	0.0949411941071452
19256	0.090406394374259
19257	0.135754391703122
19258	0.0722671954427137
19259	0.217380786895076
19260	0.144823991168895
19261	0.167497989833326
19262	0.135754391703122
19263	0.135754391703122
19264	0.108545593305804
19265	0.108545593305804
19266	0.140289191436008
19267	0.117615192771577
19268	0.104010793572918
19269	0.131219591970236
19270	0.108545593305804
19271	0.194706788230644
19272	0.122149992504463
19273	0.140289191436008
19274	0.153893590634667
19275	0.158428390367554
19276	0.104010793572918
19277	0.144823991168895
19278	0.172032789566213
19279	0.167497989833326
19280	0.122149992504463
19281	0.122149992504463
19282	0.113080393038691
19283	0.149358790901781
19284	0.144823991168895
19285	0.113080393038691
19286	0.122149992504463
19287	0.0994759938400316
19288	0.0722671954427137
19289	0.135754391703122
19290	0.149358790901781
19291	0.0858715946413726
19292	0.0994759938400316
19293	0.149358790901781
19294	0.0949411941071452
19295	0.090406394374259
19296	0.0994759938400316
19297	0.131219591970236
19298	0.158428390367554
19299	0.135754391703122
19300	0.090406394374259
19301	0.158428390367554
19302	0.0405235973125093
19303	0.158428390367554
19304	0.194706788230644
19305	0.113080393038691
19306	0.181102389031985
19307	0.122149992504463
19308	0.135754391703122
19309	0.0858715946413726
19310	0.167497989833326
19311	0.0858715946413726
19312	0.0994759938400316
19313	0.144823991168895
19314	0.131219591970236
19315	0.0450583970453957
19316	0.158428390367554
19317	0.0631975959769411
19318	0.135754391703122
19319	0.104010793572918
19320	0.0949411941071452
19321	0.113080393038691
19322	0.104010793572918
19323	0.172032789566213
19324	0.090406394374259
19325	0.181102389031985
19326	0.122149992504463
19327	0.135754391703122
19328	0.108545593305804
19329	0.185637188764872
19330	0.12668479223735
19331	0.122149992504463
19332	0.135754391703122
19333	0.167497989833326
19334	0.108545593305804
19335	0.16296319010044
19336	0.090406394374259
19337	0.149358790901781
19338	0.149358790901781
19339	0.108545593305804
19340	0.131219591970236
19341	0.0994759938400316
19342	0.104010793572918
19343	0.108545593305804
19344	0.0223843983809642
19345	0.12668479223735
19346	0.113080393038691
19347	0.144823991168895
19348	0.122149992504463
19349	0.140289191436008
19350	0.122149992504463
19351	0.153893590634667
19352	0.144823991168895
19353	0.153893590634667
19354	0.122149992504463
19355	0.153893590634667
19356	0.135754391703122
19357	0.0677323957098273
19358	0.122149992504463
19359	0.117615192771577
19360	0.131219591970236
19361	0.153893590634667
19362	0.131219591970236
19363	0.108545593305804
19364	0.0858715946413726
19365	0.113080393038691
19366	0.144823991168895
19367	0.122149992504463
19368	0.108545593305804
19369	0.167497989833326
19370	0.113080393038691
19371	0.0994759938400316
19372	0.108545593305804
19373	0.0768019951756001
19374	0.12668479223735
19375	0.117615192771577
19376	0.0722671954427137
19377	0.158428390367554
19378	0.108545593305804
19379	0.117615192771577
19380	0.0813367949084862
19381	0.104010793572918
19382	0.090406394374259
19383	0.113080393038691
19384	0.122149992504463
19385	0.0858715946413726
19386	0.167497989833326
19387	0.144823991168895
19388	0.108545593305804
19389	0.0677323957098273
19390	0.16296319010044
19391	0.090406394374259
19392	0.149358790901781
19393	0.149358790901781
19394	0.12668479223735
19395	0.0949411941071452
19396	0.0631975959769411
19397	0.113080393038691
19398	0.108545593305804
19399	0.104010793572918
19400	0.0586627962440547
19401	0.117615192771577
19402	0.158428390367554
19403	0.144823991168895
19404	0.117615192771577
19405	0.108545593305804
19406	0.104010793572918
19407	0.117615192771577
19408	0.090406394374259
19409	0.117615192771577
19410	0.181102389031985
19411	0.122149992504463
19412	0.0541279965111683
19413	0.131219591970236
19414	0.113080393038691
19415	0.153893590634667
19416	0.158428390367554
19417	0.190171988497758
19418	0.131219591970236
19419	0.167497989833326
19420	0.113080393038691
19421	0.135754391703122
19422	0.0858715946413726
19423	0.0949411941071452
19424	0.104010793572918
19425	0.153893590634667
19426	0.113080393038691
19427	0.0858715946413726
19428	0.090406394374259
19429	0.140289191436008
19430	0.108545593305804
19431	0.0722671954427137
19432	0.0858715946413726
19433	0.0813367949084862
19434	0.194706788230644
19435	0.12668479223735
19436	0.113080393038691
19437	0.0858715946413726
19438	0.0994759938400316
19439	0.0994759938400316
19440	0.190171988497758
19441	0.113080393038691
19442	0.172032789566213
19443	0.158428390367554
19444	0.140289191436008
19445	0.117615192771577
19446	0.0813367949084862
19447	0.108545593305804
19448	0.122149992504463
19449	0.108545593305804
19450	0.0405235973125093
19451	0.12668479223735
19452	0.090406394374259
19453	0.104010793572918
19454	0.0586627962440547
19455	0.131219591970236
19456	0.0677323957098273
19457	0.140289191436008
19458	0.090406394374259
19459	0.144823991168895
19460	0.12668479223735
19461	0.181102389031985
19462	0.122149992504463
19463	0.0722671954427137
19464	0.0994759938400316
19465	0.140289191436008
19466	0.113080393038691
19467	0.0858715946413726
19468	0.185637188764872
19469	0.0949411941071452
19470	0.131219591970236
19471	0.135754391703122
19472	0.172032789566213
19473	0.131219591970236
19474	0.140289191436008
19475	0.185637188764872
19476	0.140289191436008
19477	0.181102389031985
19478	0.158428390367554
19479	0.149358790901781
19480	0.185637188764872
19481	0.158428390367554
19482	0.16296319010044
19483	0.131219591970236
19484	0.16296319010044
19485	0.0768019951756001
19486	0.199241587963531
19487	0.117615192771577
19488	0.167497989833326
19489	0.090406394374259
19490	0.0722671954427137
19491	0.0858715946413726
19492	0.0858715946413726
19493	0.12668479223735
19494	0.131219591970236
19495	0.0949411941071452
19496	0.0677323957098273
19497	0.0994759938400316
19498	0.122149992504463
19499	0.149358790901781
19500	0.149358790901781
19501	0.185637188764872
19502	0.0949411941071452
19503	0.0858715946413726
19504	0.153893590634667
19505	0.0858715946413726
19506	0.0949411941071452
19507	0.140289191436008
19508	0.12668479223735
19509	0.16296319010044
19510	0.149358790901781
19511	0.131219591970236
19512	0.0994759938400316
19513	0.122149992504463
19514	0.0994759938400316
19515	0.0813367949084862
19516	0.104010793572918
19517	0.149358790901781
19518	0.122149992504463
19519	0.135754391703122
19520	0.158428390367554
19521	0.122149992504463
19522	0.194706788230644
19523	0.104010793572918
19524	0.16296319010044
19525	0.172032789566213
19526	0.0858715946413726
19527	0.12668479223735
19528	0.113080393038691
19529	0.12668479223735
19530	0.158428390367554
19531	0.140289191436008
19532	0.167497989833326
19533	0.0949411941071452
19534	0.0495931967782821
19535	0.140289191436008
19536	0.0949411941071452
19537	0.140289191436008
19538	0.113080393038691
19539	0.0768019951756001
19540	0.0495931967782821
19541	0.0768019951756001
19542	0.117615192771577
19543	0.194706788230644
19544	0.108545593305804
19545	0.117615192771577
19546	0.135754391703122
19547	0.0994759938400316
19548	0.12668479223735
19549	0.0858715946413726
19550	0.122149992504463
19551	0.117615192771577
19552	0.104010793572918
19553	0.0722671954427137
19554	0.122149992504463
19555	0.090406394374259
19556	0.181102389031985
19557	0.090406394374259
19558	0.113080393038691
19559	0.108545593305804
19560	0.0631975959769411
19561	0.131219591970236
19562	0.108545593305804
19563	0.0631975959769411
19564	0.131219591970236
19565	0.135754391703122
19566	0.131219591970236
19567	0.190171988497758
19568	0.135754391703122
19569	0.113080393038691
19570	0.158428390367554
19571	0.181102389031985
19572	0.158428390367554
19573	0.0768019951756001
19574	0.176567589299099
19575	0.0405235973125093
19576	0.104010793572918
19577	0.153893590634667
19578	0.0768019951756001
19579	0.176567589299099
19580	0.0949411941071452
19581	0.144823991168895
19582	0.131219591970236
19583	0.131219591970236
19584	0.122149992504463
19585	0.140289191436008
19586	0.144823991168895
19587	0.12668479223735
19588	0.176567589299099
19589	0.144823991168895
19590	0.153893590634667
19591	0.12668479223735
19592	0.140289191436008
19593	0.149358790901781
19594	0.16296319010044
19595	0.0813367949084862
19596	0.0677323957098273
19597	0.131219591970236
19598	0.122149992504463
19599	0.158428390367554
19600	0.113080393038691
19601	0.140289191436008
19602	0.149358790901781
19603	0.108545593305804
19604	0.117615192771577
19605	0.113080393038691
19606	0.0813367949084862
19607	0.0677323957098273
19608	0.131219591970236
19609	0.149358790901781
19610	0.122149992504463
19611	0.122149992504463
19612	0.135754391703122
19613	0.16296319010044
19614	0.158428390367554
19615	0.113080393038691
19616	0.176567589299099
19617	0.090406394374259
19618	0.190171988497758
19619	0.12668479223735
19620	0.117615192771577
19621	0.131219591970236
19622	0.122149992504463
19623	0.135754391703122
19624	0.104010793572918
19625	0.0858715946413726
19626	0.149358790901781
19627	0.167497989833326
19628	0.172032789566213
19629	0.153893590634667
19630	0.153893590634667
19631	0.153893590634667
19632	0.194706788230644
19633	0.0858715946413726
19634	0.131219591970236
19635	0.0994759938400316
19636	0.135754391703122
19637	0.117615192771577
19638	0.12668479223735
19639	0.090406394374259
19640	0.167497989833326
19641	0.153893590634667
19642	0.0813367949084862
19643	0.12668479223735
19644	0.144823991168895
19645	0.149358790901781
19646	0.153893590634667
19647	0.108545593305804
19648	0.16296319010044
19649	0.113080393038691
19650	0.158428390367554
19651	0.090406394374259
19652	0.158428390367554
19653	0.12668479223735
19654	0.140289191436008
19655	0.0450583970453957
19656	0.122149992504463
19657	0.104010793572918
19658	0.135754391703122
19659	0.0813367949084862
19660	0.149358790901781
19661	0.181102389031985
19662	0.0949411941071452
19663	0.0994759938400316
19664	0.135754391703122
19665	0.117615192771577
19666	0.122149992504463
19667	0.140289191436008
19668	0.104010793572918
19669	0.117615192771577
19670	0.176567589299099
19671	0.221915586627962
19672	0.194706788230644
19673	0.176567589299099
19674	0.108545593305804
19675	0.131219591970236
19676	0.122149992504463
19677	0.140289191436008
19678	0.158428390367554
19679	0.181102389031985
19680	0.217380786895076
19681	0.12668479223735
19682	0.0994759938400316
19683	0.149358790901781
19684	0.131219591970236
19685	0.144823991168895
19686	0.167497989833326
19687	0.12668479223735
19688	0.12668479223735
19689	0.131219591970236
19690	0.113080393038691
19691	0.135754391703122
19692	0.113080393038691
19693	0.140289191436008
19694	0.144823991168895
19695	0.149358790901781
19696	0.090406394374259
19697	0.167497989833326
19698	0.153893590634667
19699	0.190171988497758
19700	0.0858715946413726
19701	0.135754391703122
19702	0.12668479223735
19703	0.16296319010044
19704	0.117615192771577
19705	0.117615192771577
19706	0.167497989833326
19707	0.16296319010044
19708	0.16296319010044
19709	0.16296319010044
19710	0.140289191436008
19711	0.113080393038691
19712	0.16296319010044
19713	0.16296319010044
19714	0.140289191436008
19715	0.113080393038691
19716	0.104010793572918
19717	0.181102389031985
19718	0.104010793572918
19719	0.172032789566213
19720	0.131219591970236
19721	0.144823991168895
19722	0.104010793572918
19723	0.149358790901781
19724	0.158428390367554
19725	0.104010793572918
19726	0.172032789566213
19727	0.117615192771577
19728	0.122149992504463
19729	0.149358790901781
19730	0.131219591970236
19731	0.181102389031985
19732	0.122149992504463
19733	0.0768019951756001
19734	0.181102389031985
19735	0.21284598716219
19736	0.104010793572918
19737	0.108545593305804
19738	0.194706788230644
19739	0.190171988497758
19740	0.158428390367554
19741	0.149358790901781
19742	0.122149992504463
19743	0.0994759938400316
19744	0.0994759938400316
19745	0.12668479223735
19746	0.190171988497758
19747	0.199241587963531
19748	0.16296319010044
19749	0.0722671954427137
19750	0.122149992504463
19751	0.090406394374259
19752	0.16296319010044
19753	0.090406394374259
19754	0.172032789566213
19755	0.153893590634667
19756	0.167497989833326
19757	0.194706788230644
19758	0.090406394374259
19759	0.117615192771577
19760	0.153893590634667
19761	0.117615192771577
19762	0.0949411941071452
19763	0.158428390367554
19764	0.0858715946413726
19765	0.090406394374259
19766	0.122149992504463
19767	0.149358790901781
19768	0.0813367949084862
19769	0.0768019951756001
19770	0.12668479223735
19771	0.0949411941071452
19772	0.0631975959769411
19773	0.140289191436008
19774	0.185637188764872
19775	0.122149992504463
19776	0.149358790901781
19777	0.167497989833326
19778	0.0722671954427137
19779	0.0813367949084862
19780	0.140289191436008
19781	0.090406394374259
19782	0.122149992504463
19783	0.108545593305804
19784	0.131219591970236
19785	0.0722671954427137
19786	0.135754391703122
19787	0.12668479223735
19788	0.113080393038691
19789	0.144823991168895
19790	0.117615192771577
19791	0.12668479223735
19792	0.140289191436008
19793	0.12668479223735
19794	0.108545593305804
19795	0.140289191436008
19796	0.12668479223735
19797	0.135754391703122
19798	0.108545593305804
19799	0.158428390367554
19800	0.12668479223735
19801	0.122149992504463
19802	0.113080393038691
19803	0.113080393038691
19804	0.0994759938400316
19805	0.158428390367554
19806	0.108545593305804
19807	0.203776387696417
19808	0.12668479223735
19809	0.172032789566213
19810	0.104010793572918
19811	0.131219591970236
19812	0.108545593305804
19813	0.122149992504463
19814	0.135754391703122
19815	0.153893590634667
19816	0.090406394374259
19817	0.113080393038691
19818	0.140289191436008
19819	0.122149992504463
19820	0.12668479223735
19821	0.090406394374259
19822	0.122149992504463
19823	0.113080393038691
19824	0.199241587963531
19825	0.153893590634667
19826	0.176567589299099
19827	0.0495931967782821
19828	0.113080393038691
19829	0.0994759938400316
19830	0.135754391703122
19831	0.203776387696417
19832	0.0858715946413726
19833	0.140289191436008
19834	0.0768019951756001
19835	0.0722671954427137
19836	0.0314539978467368
19837	0.104010793572918
19838	0.153893590634667
19839	0.0813367949084862
19840	0.135754391703122
19841	0.144823991168895
19842	0.153893590634667
19843	0.104010793572918
19844	0.140289191436008
19845	0.0768019951756001
19846	0.117615192771577
19847	0.144823991168895
19848	0.0949411941071452
19849	0.135754391703122
19850	0.172032789566213
19851	0.108545593305804
19852	0.144823991168895
19853	0.0586627962440547
19854	0.144823991168895
19855	0.108545593305804
19856	0.0949411941071452
19857	0.176567589299099
19858	0.0994759938400316
19859	0.104010793572918
19860	0.167497989833326
19861	0.122149992504463
19862	0.113080393038691
19863	0.158428390367554
19864	0.153893590634667
19865	0.104010793572918
19866	0.149358790901781
19867	0.0813367949084862
19868	0.158428390367554
19869	0.0994759938400316
19870	0.12668479223735
19871	0.140289191436008
19872	0.172032789566213
19873	0.12668479223735
19874	0.12668479223735
19875	0.131219591970236
19876	0.0359887975796231
19877	0.0949411941071452
19878	0.153893590634667
19879	0.104010793572918
19880	0.135754391703122
19881	0.0586627962440547
19882	0.0858715946413726
19883	0.149358790901781
19884	0.158428390367554
19885	0.149358790901781
19886	0.117615192771577
19887	0.0813367949084862
19888	0.117615192771577
19889	0.203776387696417
19890	0.12668479223735
19891	0.176567589299099
19892	0.0994759938400316
19893	0.12668479223735
19894	0.113080393038691
19895	0.131219591970236
19896	0.113080393038691
19897	0.104010793572918
19898	0.0813367949084862
19899	0.0858715946413726
19900	0.117615192771577
19901	0.117615192771577
19902	0.190171988497758
19903	0.113080393038691
19904	0.135754391703122
19905	0.0722671954427137
19906	0.0768019951756001
19907	0.181102389031985
19908	0.0949411941071452
19909	0.0813367949084862
19910	0.0768019951756001
19911	0.113080393038691
19912	0.158428390367554
19913	0.108545593305804
19914	0.0495931967782821
19915	0.135754391703122
19916	0.122149992504463
19917	0.108545593305804
19918	0.158428390367554
19919	0.0722671954427137
19920	0.144823991168895
19921	0.0768019951756001
19922	0.0541279965111683
19923	0.135754391703122
19924	0.113080393038691
19925	0.140289191436008
19926	0.122149992504463
19927	0.158428390367554
19928	0.0994759938400316
19929	0.16296319010044
19930	0.140289191436008
19931	0.158428390367554
19932	0.140289191436008
19933	0.113080393038691
19934	0.0677323957098273
19935	0.0858715946413726
19936	0.113080393038691
19937	0.108545593305804
19938	0.0359887975796231
19939	0.104010793572918
19940	0.140289191436008
19941	0.149358790901781
19942	0.12668479223735
19943	0.172032789566213
19944	0.0631975959769411
19945	0.0541279965111683
19946	0.108545593305804
19947	0.149358790901781
19948	0.0949411941071452
19949	0.0994759938400316
19950	0.104010793572918
19951	0.181102389031985
19952	0.108545593305804
19953	0.108545593305804
19954	0.122149992504463
19955	0.0541279965111683
19956	0.0677323957098273
19957	0.140289191436008
19958	0.113080393038691
19959	0.16296319010044
19960	0.0541279965111683
19961	0.144823991168895
19962	0.158428390367554
19963	0.167497989833326
19964	0.122149992504463
19965	0.153893590634667
19966	0.090406394374259
19967	0.113080393038691
19968	0.117615192771577
19969	0.226450386360849
19970	0.176567589299099
19971	0.117615192771577
19972	0.153893590634667
19973	0.21284598716219
19974	0.113080393038691
19975	0.131219591970236
19976	0.090406394374259
19977	0.131219591970236
19978	0.194706788230644
19979	0.158428390367554
19980	0.153893590634667
19981	0.122149992504463
19982	0.0949411941071452
19983	0.0586627962440547
19984	0.131219591970236
19985	0.135754391703122
19986	0.199241587963531
19987	0.122149992504463
19988	0.135754391703122
19989	0.113080393038691
19990	0.140289191436008
19991	0.090406394374259
19992	0.135754391703122
19993	0.149358790901781
19994	0.149358790901781
19995	0.0994759938400316
19996	0.108545593305804
19997	0.104010793572918
19998	0.167497989833326
19999	0.122149992504463
20000	0.0949411941071452
